# Blender 5.2.0 LTS
# www.blender.org
o Cylinder
v 0.000000 0.000000 -54.026535
v 0.000000 29.106224 -54.026535
v 10.540055 0.000000 -52.988430
v 10.540055 29.106224 -52.988430
v 20.675062 0.000000 -49.914009
v 20.675062 29.106224 -49.914009
v 30.015537 0.000000 -44.921425
v 30.015537 29.106224 -44.921425
v 38.202530 0.000000 -38.202530
v 38.202530 29.106224 -38.202530
v 44.921425 0.000000 -30.015537
v 44.921425 29.106224 -30.015537
v 49.914009 0.000000 -20.675062
v 49.914009 29.106224 -20.675062
v 52.988430 0.000000 -10.540055
v 52.988430 29.106224 -10.540055
v 54.026535 0.000000 0.000000
v 54.026535 29.106224 0.000000
v 52.988430 0.000000 10.540055
v 52.988430 29.106224 10.540055
v 49.914009 0.000000 20.675062
v 49.914009 29.106224 20.675062
v 44.921425 0.000000 30.015537
v 44.921425 29.106224 30.015537
v 38.202530 0.000000 38.202530
v 38.202530 29.106224 38.202530
v 30.015537 0.000000 44.921425
v 30.015537 29.106224 44.921425
v 20.675062 0.000000 49.914009
v 20.675062 29.106224 49.914009
v 10.540055 0.000000 52.988430
v 10.540055 29.106224 52.988430
v 0.000000 0.000000 54.026535
v 0.000000 29.106224 54.026535
v -10.540055 0.000000 52.988430
v -10.540055 29.106224 52.988430
v -20.675062 0.000000 49.914009
v -20.675062 29.106224 49.914009
v -30.015537 0.000000 44.921425
v -30.015537 29.106224 44.921425
v -38.202530 0.000000 38.202530
v -38.202530 29.106224 38.202530
v -44.921425 0.000000 30.015537
v -44.921425 29.106224 30.015537
v -49.914009 0.000000 20.675062
v -49.914009 29.106224 20.675062
v -52.988430 0.000000 10.540055
v -52.988430 29.106224 10.540055
v -54.026535 0.000000 0.000000
v -54.026535 29.106224 0.000000
v -52.988430 0.000000 -10.540055
v -52.988430 29.106224 -10.540055
v -49.914009 0.000000 -20.675062
v -49.914009 29.106224 -20.675062
v -44.921425 0.000000 -30.015537
v -44.921425 29.106224 -30.015537
v -38.202530 0.000000 -38.202530
v -38.202530 29.106224 -38.202530
v -30.015537 0.000000 -44.921425
v -30.015537 29.106224 -44.921425
v -20.675062 0.000000 -49.914009
v -20.675062 29.106224 -49.914009
v -10.540055 0.000000 -52.988430
v -10.540055 29.106224 -52.988430
vn -0.0000 -0.0000 1.0000
vn -0.1951 -0.0000 0.9808
vn -0.3827 -0.0000 0.9239
vn -0.5556 -0.0000 0.8315
vn -0.7071 -0.0000 0.7071
vn -0.8315 -0.0000 0.5556
vn -0.9239 -0.0000 0.3827
vn -0.9808 -0.0000 0.1951
vn -1.0000 -0.0000 -0.0000
vn -0.9808 -0.0000 -0.1951
vn -0.9239 -0.0000 -0.3827
vn -0.8315 -0.0000 -0.5556
vn -0.7071 -0.0000 -0.7071
vn -0.5556 -0.0000 -0.8315
vn -0.3827 -0.0000 -0.9239
vn -0.1951 -0.0000 -0.9808
vn -0.0000 -0.0000 -1.0000
vn 0.1951 -0.0000 -0.9808
vn 0.3827 -0.0000 -0.9239
vn 0.5556 -0.0000 -0.8315
vn 0.7071 -0.0000 -0.7071
vn 0.8315 -0.0000 -0.5556
vn 0.9239 -0.0000 -0.3827
vn 0.9808 -0.0000 -0.1951
vn 1.0000 -0.0000 -0.0000
vn 0.9808 -0.0000 0.1951
vn 0.9239 -0.0000 0.3827
vn 0.8315 -0.0000 0.5556
vn 0.7071 -0.0000 0.7071
vn 0.5556 -0.0000 0.8315
vn 0.3827 -0.0000 0.9239
vn 0.1951 -0.0000 0.9808
vn -0.0000 1.0000 -0.0000
s 1
f 1//1 3//2 4//2 2//1
f 3//2 5//3 6//3 4//2
f 5//3 7//4 8//4 6//3
f 7//4 9//5 10//5 8//4
f 9//5 11//6 12//6 10//5
f 11//6 13//7 14//7 12//6
f 13//7 15//8 16//8 14//7
f 15//8 17//9 18//9 16//8
f 17//9 19//10 20//10 18//9
f 19//10 21//11 22//11 20//10
f 21//11 23//12 24//12 22//11
f 23//12 25//13 26//13 24//12
f 25//13 27//14 28//14 26//13
f 27//14 29//15 30//15 28//14
f 29//15 31//16 32//16 30//15
f 31//16 33//17 34//17 32//16
f 33//17 35//18 36//18 34//17
f 35//18 37//19 38//19 36//18
f 37//19 39//20 40//20 38//19
f 39//20 41//21 42//21 40//20
f 41//21 43//22 44//22 42//21
f 43//22 45//23 46//23 44//22
f 45//23 47//24 48//24 46//23
f 47//24 49//25 50//25 48//24
f 49//25 51//26 52//26 50//25
f 51//26 53//27 54//27 52//26
f 53//27 55//28 56//28 54//27
f 55//28 57//29 58//29 56//28
f 57//29 59//30 60//30 58//29
f 59//30 61//31 62//31 60//30
f 61//31 63//32 64//32 62//31
f 63//32 1//1 2//1 64//32
f 1//33 63//33 61//33 59//33 57//33 55//33 53//33 51//33 49//33 47//33 45//33 43//33 41//33 39//33 37//33 35//33 33//33 31//33 29//33 27//33 25//33 23//33 21//33 19//33 17//33 15//33 13//33 11//33 9//33 7//33 5//33 3//33
o Stairs
v 0.248929 0.001487 2.412878
v 0.248929 0.139780 2.412878
v -0.248928 0.001487 2.412878
v -0.248928 0.139780 2.412878
v 0.248929 0.001487 1.527800
v 0.248929 0.139780 1.527800
v -0.248928 0.001487 1.527800
v -0.248928 0.139780 1.527800
v 0.920056 0.151673 2.244425
v 0.920056 0.289967 2.244425
v 0.442455 0.151673 2.384990
v 0.442455 0.289967 2.384990
v 0.670162 0.151673 1.395357
v 0.670162 0.289967 1.395357
v 0.192561 0.151673 1.535922
v 0.192561 0.289967 1.535922
v 1.516316 0.301860 1.893339
v 1.516316 0.440154 1.893339
v 1.097834 0.301860 2.163032
v 1.097834 0.440154 2.163032
v 1.036862 0.301860 1.149372
v 1.036862 0.440154 1.149372
v 0.618380 0.301860 1.419064
v 0.618380 0.440154 1.419064
v 1.989190 0.452047 1.388188
v 1.989190 0.590340 1.388188
v 1.663880 0.452047 1.765063
v 1.663880 0.590340 1.765063
v 1.319191 0.452047 0.809859
v 1.319191 0.590340 0.809859
v 0.993881 0.452047 1.186734
v 0.993881 0.590340 1.186734
v 2.300201 0.602234 0.770078
v 2.300201 0.740527 0.770078
v 2.094533 0.602234 1.223468
v 2.094533 0.740527 1.223468
v 1.494175 0.602234 0.404448
v 1.494175 0.740527 0.404448
v 1.288508 0.602234 0.857837
v 1.288508 0.740527 0.857837
v 2.424040 0.752420 0.089306
v 2.424040 0.890714 0.089306
v 2.354751 0.752420 0.582317
v 2.354751 0.890714 0.582317
v 1.547576 0.752420 -0.033875
v 1.547576 0.890714 -0.033875
v 1.478287 0.752420 0.459136
v 1.478287 0.890714 0.459136
v 2.350630 0.902607 -0.598734
v 2.350630 1.040901 -0.598734
v 2.423358 0.902607 -0.106218
v 2.423358 1.040901 -0.106218
v 1.475047 0.902607 -0.469441
v 1.475047 1.040901 -0.469441
v 1.547774 0.902607 0.023075
v 1.547774 1.040901 0.023075
v 2.085945 1.052794 -1.238054
v 2.085945 1.191087 -1.238054
v 2.294771 1.052794 -0.786110
v 2.294771 1.191087 -0.786110
v 1.282490 1.052794 -0.866808
v 1.282490 1.191087 -0.866808
v 1.491316 1.052794 -0.414864
v 1.491316 1.191087 -0.414864
v 1.651523 1.202981 -1.776630
v 1.651523 1.341274 -1.776630
v 1.979455 1.202981 -1.402035
v 1.979455 1.341274 -1.402035
v 0.985576 1.202981 -1.193641
v 0.985576 1.341274 -1.193641
v 1.313508 1.202981 -0.819045
v 1.313508 1.341274 -0.819045
v 1.082714 1.353167 -2.170640
v 1.082714 1.491461 -2.170640
v 1.503067 1.353167 -1.903874
v 1.503067 1.491461 -1.903874
v 0.608463 1.353167 -1.423345
v 0.608463 1.491461 -1.423345
v 1.028816 1.353167 -1.156579
v 1.028816 1.491461 -1.156579
v 0.425802 1.503354 -2.388020
v 0.425802 1.641647 -2.388020
v 0.904372 1.503354 -2.250790
v 0.904372 1.641647 -2.250790
v 0.181838 1.503354 -1.537229
v 0.181838 1.641647 -1.537229
v 0.660408 1.503354 -1.399999
v 0.660408 1.641647 -1.399999
v -0.265759 1.653541 -2.411082
v -0.265759 1.791834 -2.411082
v 0.232086 1.653541 -2.414556
v 0.232086 1.791834 -2.414556
v -0.259583 1.653541 -1.526026
v -0.259583 1.791834 -1.526026
v 0.238261 1.653541 -1.529500
v 0.238261 1.791834 -1.529500
v -0.935694 1.803728 -2.237951
v -0.935694 1.942021 -2.237951
v -0.459085 1.803728 -2.381845
v -0.459085 1.942021 -2.381845
v -0.679882 1.803728 -1.390647
v -0.679882 1.942021 -1.390647
v -0.203273 1.803728 -1.534542
v -0.203273 1.942021 -1.534542
v -1.529490 1.953914 -1.882712
v -1.529490 2.092208 -1.882712
v -1.112900 1.953914 -2.155318
v -1.112900 2.092208 -2.155318
v -1.044857 1.953914 -1.142109
v -1.044857 2.092208 -1.142109
v -0.628267 1.953914 -1.414715
v -0.628267 2.092208 -1.414715
v -1.998828 2.104101 -1.374274
v -1.998828 2.242394 -1.374274
v -1.676155 2.104101 -1.753410
v -1.676155 2.242394 -1.753410
v -1.324810 2.104101 -0.800635
v -1.324810 2.242394 -0.800635
v -1.002137 2.104101 -1.179770
v -1.002137 2.242394 -1.179770
v -2.305518 2.254287 -0.754010
v -2.305518 2.392581 -0.754010
v -2.103019 2.254287 -1.208824
v -2.103019 2.392581 -1.208824
v -1.496961 2.254287 -0.394012
v -1.496961 2.392581 -0.394012
v -1.294462 2.254287 -0.848826
v -1.294462 2.392581 -0.848826
v -2.424604 2.404474 -0.072389
v -2.424604 2.542768 -0.072389
v -2.358757 2.404474 -0.565872
v -2.358757 2.542768 -0.565872
v -1.547302 2.404474 0.044673
v -1.547302 2.542768 0.044673
v -1.481454 2.404474 -0.448810
v -1.481454 2.542768 -0.448810
v -2.346395 2.554661 0.615122
v -2.346395 2.692955 0.615122
v -2.422558 2.554661 0.123126
v -2.422558 2.692955 0.123126
v -1.471735 2.554661 0.479722
v -1.471735 2.692955 0.479722
v -1.547897 2.554661 -0.012274
v -1.547897 2.692955 -0.012274
v -2.077256 2.704848 1.252578
v -2.077256 2.843141 1.252578
v -2.289230 2.704848 0.802103
v -2.289230 2.843141 0.802103
v -1.276411 2.704848 0.875735
v -1.276411 2.843141 0.875735
v -1.488385 2.704848 0.425260
v -1.488385 2.843141 0.425260
v -1.639087 2.855034 1.788110
v -1.639087 2.993328 1.788110
v -1.969624 2.855034 1.415812
v -1.969624 2.993328 1.415812
v -0.977223 2.855034 1.200488
v -0.977223 2.993328 1.200488
v -1.307761 2.855034 0.828190
v -1.307761 2.993328 0.828190
v -1.067542 3.005221 2.178142
v -1.067542 3.143515 2.178142
v -1.489746 3.005221 1.914315
v -1.489746 3.143515 1.914315
v -0.598517 3.005221 1.427556
v -0.598517 3.143515 1.427556
v -1.020721 3.005221 1.163729
v -1.020721 3.143515 1.163729
v -0.409128 3.155408 2.390933
v -0.409128 3.293701 2.390933
v -0.888644 3.155408 2.257046
v -0.888644 3.293701 2.257046
v -0.171107 3.155408 1.538460
v -0.171107 3.293701 1.538460
v -0.650623 3.155408 1.404574
v -0.650623 3.293701 1.404574
v 0.282576 3.305595 2.409169
v 0.282576 3.443888 2.409169
v -0.215232 3.305595 2.416116
v -0.215232 3.443888 2.416116
v 0.270225 3.305595 1.524177
v 0.270225 3.443888 1.524177
v -0.227583 3.305595 1.531125
v -0.227583 3.443888 1.531125
v 0.951286 3.455781 2.231367
v 0.951286 3.594075 2.231367
v 0.475693 3.455781 2.378584
v 0.475693 3.594075 2.378584
v 0.689568 3.455781 1.385869
v 0.689568 3.594075 1.385869
v 0.213975 3.455781 1.533086
v 0.213975 3.594075 1.533086
v 1.542589 3.605968 1.871995
v 1.542589 3.744262 1.871995
v 1.127912 3.605968 2.147501
v 1.127912 3.744262 2.147501
v 1.052800 3.605968 1.134790
v 1.052800 3.744262 1.134790
v 0.638123 3.605968 1.410297
v 0.638123 3.744262 1.410297
v 2.008369 3.756155 1.360294
v 2.008369 3.894448 1.360294
v 1.688350 3.756155 1.741671
v 1.688350 3.894448 1.741671
v 1.330364 3.756155 0.791371
v 1.330364 3.894448 0.791371
v 1.010345 3.756155 1.172749
v 1.010345 3.894448 1.172749
v 2.310723 3.906342 0.737904
v 2.310723 4.044635 0.737904
v 2.111403 3.906342 1.194120
v 2.111403 4.044635 1.194120
v 1.499674 3.906342 0.383557
v 1.499674 4.044635 0.383557
v 1.300354 3.906342 0.839773
v 1.300354 4.044635 0.839773
v 2.425050 4.056529 0.055470
v 2.425050 4.194822 0.055470
v 2.362648 4.056529 0.549401
v 2.362648 4.194822 0.549401
v 1.546952 4.056529 -0.055468
v 1.546952 4.194822 -0.055468
v 1.484550 4.056529 0.438463
v 1.484550 4.194822 0.438463
v 2.342046 4.206715 -0.631478
v 2.342046 4.345008 -0.631478
v 2.421639 4.206715 -0.140026
v 2.421639 4.345008 -0.140026
v 1.468352 4.206715 -0.489979
v 1.468352 4.345008 -0.489979
v 1.547945 4.206715 0.001474
v 1.547945 4.345008 0.001474
v 2.068465 4.356902 -1.267042
v 2.068465 4.495195 -1.267042
v 2.283577 4.356902 -0.818057
v 2.283577 4.495195 -0.818057
v 1.270269 4.356902 -0.884621
v 1.270269 4.495195 -0.884621
v 1.485382 4.356902 -0.435635
v 1.485382 4.495195 -0.435635
v 1.626571 4.507089 -1.799504
v 1.626571 4.645382 -1.799504
v 1.959698 4.507089 -1.429521
v 1.959698 4.645382 -1.429521
v 0.968823 4.507089 -1.207278
v 0.968823 4.645382 -1.207278
v 1.301951 4.507089 -0.837295
v 1.301951 4.645382 -0.837295
v 1.052318 4.657276 -2.185537
v 1.052318 4.795569 -2.185537
v 1.476353 4.657276 -1.924663
v 1.476353 4.795569 -1.924663
v 0.588541 4.657276 -1.431697
v 0.588541 4.795569 -1.431697
v 1.012576 4.657276 -1.170823
v 1.012576 4.795569 -1.170823
v 0.392436 4.807462 -2.393729
v 0.392436 4.945755 -2.393729
v 0.872874 4.807462 -2.263191
v 0.872874 4.945755 -2.263191
v 0.160369 4.807462 -1.539617
v 0.160369 4.945755 -1.539617
v 0.640807 4.807462 -1.409079
v 0.640807 4.945755 -1.409079
v -0.299380 4.957649 -2.407139
v -0.299380 5.095942 -2.407139
v 0.198368 4.957649 -2.417560
v 0.198368 5.095942 -2.417560
v -0.280854 4.957649 -1.522255
v -0.280854 5.095942 -1.522255
v 0.216894 4.957649 -1.532676
v 0.216894 5.095942 -1.532676
v -0.966834 5.107836 -2.224675
v -0.966834 5.246129 -2.224675
v -0.492280 5.107836 -2.375206
v -0.492280 5.246129 -2.375206
v -0.699222 5.107836 -1.381024
v -0.699222 5.246129 -1.381024
v -0.224668 5.107836 -1.531555
v -0.224668 5.246129 -1.531555
v -1.555613 5.258022 -1.861186
v -1.555613 5.396316 -1.861186
v -1.142868 5.258022 -2.139579
v -1.142868 5.396316 -2.139579
v -1.060693 5.258022 -1.127417
v -1.060693 5.396316 -1.127417
v -0.647948 5.258022 -1.405810
v -0.647948 5.396316 -1.405810
v -2.017811 5.408209 -1.346248
v -2.017811 5.546503 -1.346248
v -1.700461 5.408209 -1.729849
v -1.700461 5.546503 -1.729849
v -1.335854 5.408209 -0.782069
v -1.335854 5.546503 -0.782069
v -1.018504 5.408209 -1.165671
v -1.018504 5.546503 -1.165671
v -2.315816 5.558396 -0.721763
v -2.315816 5.696689 -0.721763
v -2.119684 5.558396 -1.179358
v -2.119684 5.696689 -1.179358
v -1.502314 5.558396 -0.373083
v -1.502314 5.696689 -0.373083
v -1.306182 5.558396 -0.830679
v -1.306182 5.696689 -0.830679
v -2.425378 5.708582 -0.038548
v -2.425378 5.846876 -0.038548
v -2.366423 5.708582 -0.532902
v -2.366423 5.846876 -0.532902
v -1.546528 5.708582 0.066260
v -1.546528 5.846876 0.066260
v -1.487573 5.708582 -0.428094
v -1.487573 5.846876 -0.428094
v -2.337583 5.858769 0.647804
v -2.337583 5.997063 0.647804
v -2.420603 5.858769 0.156919
v -2.420603 5.997063 0.156919
v -1.464898 5.858769 0.500213
v -1.464898 5.997063 0.500213
v -1.547918 5.858769 0.009327
v -1.547918 5.997063 0.009327
v -2.059574 6.008956 1.281444
v -2.059574 6.147249 1.281444
v -2.277814 6.008956 0.833971
v -2.277814 6.147249 0.833971
v -1.264066 6.008956 0.893462
v -1.264066 6.147249 0.893462
v -1.482306 6.008956 0.445989
v -1.482306 6.147249 0.445989
v -1.613974 6.159143 1.810810
v -1.613974 6.297436 1.810810
v -1.949674 6.159143 1.443161
v -1.949674 6.297436 1.443161
v -0.960375 6.159143 1.214009
v -0.960375 6.297436 1.214009
v -1.296076 6.159143 0.846360
v -1.296076 6.297436 0.846360
v -1.037041 6.309330 2.192827
v -1.037041 6.447623 2.192827
v -1.462886 6.309330 1.934918
v -1.462886 6.447623 1.934918
v -0.578536 6.309330 1.435769
v -0.578536 6.447623 1.435769
v -1.004382 6.309330 1.177860
v -1.004382 6.447623 1.177860
v -0.375724 6.459516 2.396409
v -0.375724 6.597809 2.396409
v -0.857062 6.459516 2.269227
v -0.857062 6.597809 2.269227
v -0.149622 6.459516 1.540698
v -0.149622 6.597809 1.540698
v -0.630960 6.459516 1.413516
v -0.630960 6.597809 1.413516
v 0.316168 6.609703 2.404991
v 0.316168 6.747996 2.404991
v -0.181495 6.609703 2.418885
v -0.181495 6.747996 2.418885
v 0.291468 6.609703 1.520258
v 0.291468 6.747996 1.520258
v -0.206195 6.609703 1.534152
v -0.206195 6.747996 1.534152
v 0.982333 6.759890 2.217874
v 0.982333 6.898183 2.217874
v 0.508841 6.759890 2.371713
v 0.508841 6.898183 2.371713
v 0.708841 6.759890 1.376111
v 0.708841 6.898183 1.376111
v 0.235349 6.759890 1.529950
v 0.235349 6.898183 1.529950
v 1.568562 6.910077 1.850286
v 1.568562 7.048370 1.850286
v 1.157769 6.910077 2.131552
v 1.157769 7.048370 2.131552
v 1.068533 6.910077 1.119989
v 1.068533 7.048370 1.119989
v 0.657741 6.910077 1.401255
v 0.657741 7.048370 1.401255
v 2.027155 7.060263 1.332136
v 2.027155 7.198556 1.332136
v 1.712489 7.060263 1.717942
v 1.712489 7.198556 1.717942
v 1.341278 7.060263 0.772730
v 1.341278 7.198556 0.772730
v 1.026612 7.060263 1.158536
v 1.026612 7.198556 1.158536
v 2.320796 7.210450 0.705587
v 2.320796 7.348743 0.705587
v 2.127861 7.210450 1.164539
v 2.127861 7.348743 1.164539
v 1.504880 7.210450 0.362592
v 1.504880 7.348743 0.362592
v 1.311946 7.210450 0.821545
v 1.311946 7.348743 0.821545
v 2.425588 7.360637 0.021623
v 2.425588 7.498930 0.021623
v 2.370084 7.360637 0.516376
v 2.370084 7.498930 0.516376
v 1.546027 7.360637 -0.077050
v 1.546027 7.498930 -0.077050
v 1.490524 7.360637 0.417703
v 1.490524 7.498930 0.417703
v 2.333006 7.510823 -0.664101
v 2.333006 7.649117 -0.664101
v 2.419450 7.510823 -0.173807
v 2.419450 7.649117 -0.173807
v 1.461371 7.510823 -0.510423
v 1.461371 7.649117 -0.510423
v 1.547815 7.510823 -0.020129
v 1.547815 7.649117 -0.020129
v 2.050583 7.661010 -1.295783
v 2.050583 7.799304 -1.295783
v 2.271940 7.661010 -0.849844
v 2.271940 7.799304 -0.849844
v 1.257801 7.661010 -0.902260
v 1.257801 7.799304 -0.902260
v 1.479158 7.661010 -0.456320
v 1.479158 7.799304 -0.456320
v 1.601300 7.811197 -1.822027
v 1.601300 7.949490 -1.822027
v 1.939558 7.811197 -1.456729
v 1.939558 7.949490 -1.456729
v 0.951881 7.811197 -1.220680
v 0.951881 7.949490 -1.220680
v 1.290139 7.811197 -0.855382
v 1.290139 7.949490 -0.855382
v 1.021715 7.961384 -2.200010
v 1.021715 8.099677 -2.200010
v 1.449350 7.961384 -1.945078
v 1.449350 8.099677 -1.945078
v 0.568504 7.961384 -1.439771
v 0.568504 8.099677 -1.439771
v 0.996139 7.961384 -1.184840
v 0.996139 8.099677 -1.184840
v 0.358995 8.111570 -2.398972
v 0.358995 8.249864 -2.398972
v 0.841208 8.111570 -2.275151
v 0.841208 8.249864 -2.275151
v 0.138869 8.111570 -1.541705
v 0.138869 8.249864 -1.541705
v 0.621082 8.111570 -1.417884
v 0.621082 8.249864 -1.417884
v -0.332941 8.261757 -2.402726
v -0.332941 8.400050 -2.402726
v 0.164613 8.261757 -2.420092
v 0.164613 8.400050 -2.420092
v -0.302068 8.261757 -1.518187
v -0.302068 8.400050 -1.518187
v 0.195485 8.261757 -1.535553
v 0.195485 8.400050 -1.535553
v -0.997784 8.411943 -2.210966
v -0.997784 8.550237 -2.210966
v -0.525377 8.411943 -2.368105
v -0.525377 8.550237 -2.368105
v -0.718425 8.411943 -1.371132
v -0.718425 8.550237 -1.371132
v -0.246018 8.411943 -1.528271
v -0.246018 8.550237 -1.528271
v -1.581435 8.562131 -1.839295
v -1.581435 8.700424 -1.839295
v -1.172615 8.562131 -2.123421
v -1.172615 8.700424 -2.123421
v -1.076323 8.562131 -1.112505
v -1.076323 8.700424 -1.112505
v -0.667503 8.562131 -1.396631
v -0.667503 8.700424 -1.396631
v -2.036402 8.712317 -1.317958
v -2.036402 8.850611 -1.317958
v -1.724436 8.712317 -1.705950
v -1.724436 8.850611 -1.705950
v -1.346638 8.712317 -0.763351
v -1.346638 8.850611 -0.763351
v -1.034672 8.712317 -1.151344
v -1.034672 8.850611 -1.151344
v -2.325663 8.862504 -0.689374
v -2.325663 9.000797 -0.689374
v -2.135936 8.862504 -1.149662
v -2.135936 9.000797 -1.149662
v -1.507374 8.862504 -0.352082
v -1.507374 9.000797 -0.352082
v -1.317647 8.862504 -0.812369
v -1.317647 9.000797 -0.812369
v -2.425680 9.012691 -0.004700
v -2.425680 9.150984 -0.004700
v -2.373629 9.012691 -0.499828
v -2.373629 9.150984 -0.499828
v -1.545452 9.012691 0.087834
v -1.545452 9.150984 0.087834
v -1.493402 9.012691 -0.407294
v -1.493402 9.150984 -0.407294
v -2.328316 9.162877 0.680361
v -2.328316 9.301170 0.680361
v -2.418178 9.162877 0.190681
v -2.418178 9.301170 0.190681
v -1.457775 9.162877 0.520606
v -1.457775 9.301170 0.520606
v -1.547637 9.162877 0.030926
v -1.547637 9.301170 0.030926
v -2.041492 9.313065 1.310059
v -2.041492 9.451358 1.310059
v -2.265955 9.313065 0.865675
v -2.265955 9.451358 0.865675
v -1.251475 9.313065 0.911014
v -1.251475 9.451358 0.911014
v -1.475938 9.313065 0.466630
v -1.475938 9.451358 0.466630
v -1.588548 9.463251 1.833156
v -1.588548 9.601544 1.833156
v -1.929346 9.463251 1.470227
v -1.929346 9.601544 1.470227
v -0.943341 9.463251 1.227292
v -0.943341 9.601544 1.227292
v -1.284139 9.463251 0.864363
v -1.284139 9.601544 0.864363
v -1.006340 9.613438 2.207085
v -1.006340 9.751731 2.207085
v -1.435743 9.613438 1.955144
v -1.435743 9.751731 1.955144
v -0.558445 9.613438 1.443703
v -0.558445 9.751731 1.443703
v -0.987847 9.613438 1.191761
v -0.987847 9.751731 1.191761
v -0.342245 9.763624 2.401419
v -0.342245 9.901917 2.401419
v -0.825311 9.763624 2.280966
v -0.825311 9.901917 2.280966
v -0.128107 9.763624 1.542636
v -0.128107 9.901917 1.542636
v -0.611172 9.763624 1.422184
v -0.611172 9.901917 1.422184
v 0.349699 9.913811 2.400345
v 0.349699 10.052104 2.400345
v -0.147721 9.913811 2.421182
v -0.147721 10.052104 2.421182
v 0.312655 9.913811 1.516042
v 0.312655 10.052104 1.516042
v -0.184765 9.913811 1.536880
v -0.184765 10.052104 1.536880
v 1.013188 10.063998 2.203950
v 1.013188 10.202291 2.203950
v 0.541889 10.063998 2.364382
v 0.541889 10.202291 2.364382
v 0.727976 10.063998 1.366085
v 0.727976 10.202291 1.366085
v 0.256677 10.063998 1.526517
v 0.256677 10.202291 1.526517
v 1.594232 10.214185 1.828215
v 1.594232 10.352478 1.828215
v 1.187405 10.214185 2.115187
v 1.187405 10.352478 2.115187
v 1.084060 10.214185 1.104967
v 1.084060 10.352478 1.104967
v 0.677233 10.214185 1.391939
v 0.677233 10.352478 1.391939
v 2.045547 10.364371 1.303718
v 2.045547 10.502665 1.303718
v 1.736295 10.364371 1.693878
v 1.736295 10.502665 1.693878
v 1.351930 10.364371 0.753938
v 1.351930 10.502665 0.753938
v 1.042679 10.364371 1.144097
v 1.042679 10.502665 1.144097
v 2.330415 10.514558 0.673133
v 2.330415 10.652851 0.673133
v 2.143904 10.514558 1.134733
v 2.143904 10.652851 1.134733
v 1.509794 10.514558 0.341557
v 1.509794 10.652851 0.341557
v 1.323282 10.514558 0.803157
v 1.323282 10.652851 0.803157
v 2.425654 10.664744 -0.012227
v 2.425654 10.803038 -0.012227
v 2.377060 10.664744 0.483252
v 2.377060 10.803038 0.483252
v 1.544802 10.664744 -0.098617
v 1.544802 10.803038 -0.098617
v 1.496208 10.664744 0.396863
v 1.496208 10.803038 0.396863
v 2.323511 10.814932 -0.696592
v 2.323511 10.953225 -0.696592
v 2.416789 10.814932 -0.207552
v 2.416789 10.953225 -0.207552
v 1.454106 10.814932 -0.530766
v 1.454106 10.953225 -0.530766
v 1.547384 10.814932 -0.041726
v 1.547384 10.953225 -0.041726
v 2.032300 10.965118 -1.324274
v 2.032300 11.103412 -1.324274
v 2.259859 10.965118 -0.881467
v 2.259859 11.103412 -0.881467
v 1.245088 10.965118 -0.919726
v 1.245088 11.103412 -0.919726
v 1.472646 10.965118 -0.476918
v 1.472646 11.103412 -0.476918
v 1.575717 11.115305 -1.844197
v 1.575717 11.253598 -1.844197
v 1.919040 11.115305 -1.483655
v 1.919040 11.253598 -1.483655
v 0.934753 11.115305 -1.233845
v 0.934753 11.253598 -1.233845
v 1.278076 11.115305 -0.873303
v 1.278076 11.253598 -0.873303
v 0.990914 11.265491 -2.214053
v 0.990914 11.403785 -2.214053
v 1.422064 11.265491 -1.965115
v 1.422064 11.403785 -1.965115
v 0.548356 11.265491 -1.447564
v 0.548356 11.403785 -1.447564
v 0.979507 11.265491 -1.198626
v 0.979507 11.403785 -1.198626
v 0.325483 11.415678 -2.403749
v 0.325483 11.553971 -2.403749
v 0.809378 11.415678 -2.286669
v 0.809378 11.553971 -2.286669
v 0.117342 11.415678 -1.543493
v 0.117342 11.553971 -1.543493
v 0.601236 11.415678 -1.426413
v 0.601236 11.553971 -1.426413
v -0.366437 11.565866 -2.397846
v -0.366437 11.704159 -2.397846
v 0.130826 11.565866 -2.422153
v 0.130826 11.704159 -2.422153
v -0.323224 11.565866 -1.513824
v -0.323224 11.704159 -1.513824
v 0.174039 11.565866 -1.538131
v 0.174039 11.704159 -1.538131
v -1.028539 11.716052 -2.196828
v -1.028539 11.854345 -2.196828
v -0.558371 11.716052 -2.360544
v -0.558371 11.854345 -2.360544
v -0.737489 11.716052 -1.360973
v -0.737489 11.854345 -1.360973
v -0.267321 11.716052 -1.524689
v -0.267321 11.854345 -1.524689
v -1.606947 11.866239 -1.817049
v -1.606947 12.004532 -1.817049
v -1.202132 11.866239 -2.106852
v -1.202132 12.004532 -2.106852
v -1.091742 11.866239 -1.097377
v -1.091742 12.004532 -1.097377
v -0.686927 11.866239 -1.387180
v -0.686927 12.004532 -1.387180
v -2.054595 12.016425 -1.289412
v -2.054595 12.154718 -1.289412
v -1.748074 12.016425 -1.681720
v -1.748074 12.154718 -1.681720
v -1.357159 12.016425 -0.744485
v -1.357159 12.154718 -0.744485
v -1.050637 12.016425 -1.136793
v -1.050637 12.154718 -1.136793
v -2.335056 12.166612 -0.656854
v -2.335056 12.304905 -0.656854
v -2.151771 12.166612 -1.119745
v -2.151771 12.304905 -1.119745
v -1.512140 12.166612 -0.331013
v -1.512140 12.304905 -0.331013
v -1.328855 12.166612 -0.793903
v -1.328855 12.304905 -0.793903
v -2.425509 12.316799 0.029154
v -2.425509 12.455092 0.029154
v -2.380374 12.316799 -0.466653
v -2.380374 12.455092 -0.466653
v -1.544076 12.316799 0.109394
v -1.544076 12.455092 0.109394
v -1.498941 12.316799 -0.386412
v -1.498941 12.455092 -0.386412
v -2.318594 12.466986 0.712789
v -2.318594 12.605279 0.712789
v -2.415281 12.466986 0.224412
v -2.415281 12.605279 0.224412
v -1.450367 12.466986 0.540900
v -1.450367 12.605279 0.540900
v -1.547055 12.466986 0.052522
v -1.547055 12.605279 0.052522
v -2.023009 12.617172 1.338423
v -2.023009 12.755466 1.338423
v -2.253652 12.617172 0.897215
v -2.253652 12.755466 0.897215
v -1.238639 12.617172 0.928392
v -1.238639 12.755466 0.928392
v -1.469282 12.617172 0.487183
v -1.469282 12.755466 0.487183
v -1.562813 12.767359 1.855145
v -1.562813 12.905652 1.855145
v -1.908642 12.767359 1.497007
v -1.908642 12.905652 1.497007
v -0.926123 12.767359 1.240336
v -0.926123 12.905652 1.240336
v -1.271953 12.767359 0.882198
v -1.271953 12.905652 0.882198
v -0.975444 12.917545 2.220913
v -0.975444 13.055839 2.220913
v -1.408320 12.917545 1.974988
v -1.408320 13.055839 1.974988
v -0.538244 12.917545 1.451355
v -0.538244 13.055839 1.451355
v -0.971121 12.917545 1.205430
v -0.971121 13.055839 1.205430
v -0.308701 13.067733 2.405961
v -0.308701 13.206026 2.405961
v -0.793401 13.067733 2.292261
v -0.793401 13.206026 2.292261
v -0.106568 13.067733 1.544274
v -0.106568 13.206026 1.544274
v -0.591267 13.067733 1.430573
v -0.591267 13.206026 1.430573
v 0.383161 13.217919 2.395231
v 0.383161 13.356213 2.395231
v -0.113920 13.217919 2.423008
v -0.113920 13.356213 2.423008
v 0.333780 13.217919 1.511532
v 0.333780 13.356213 1.511532
v -0.163301 13.217919 1.539308
v -0.163301 13.356213 1.539308
v 1.043844 13.368106 2.189597
v 1.043844 13.506399 2.189597
v 0.574830 13.368106 2.356590
v 0.574830 13.506399 2.356590
v 0.746968 13.368106 1.355794
v 0.746968 13.506399 1.355794
v 0.277954 13.368106 1.522787
v 0.277954 13.506399 1.522787
v 1.619588 13.518292 1.805790
v 1.619588 13.656586 1.805790
v 1.216805 13.518292 2.098411
v 1.216805 13.656586 2.098411
v 1.099374 13.518292 1.089732
v 1.099374 13.656586 1.089732
v 0.696591 13.518292 1.382353
v 0.696591 13.656586 1.382353
v 2.063543 13.668479 1.275043
v 2.063543 13.806772 1.275043
v 1.759767 13.668479 1.669481
v 1.759767 13.806772 1.669481
v 1.362321 13.668479 0.734996
v 1.362321 13.806772 0.734996
v 1.058545 13.668479 1.129434
v 1.058545 13.806772 1.129434
v 2.339582 13.818666 0.640548
v 2.339582 13.956960 0.640548
v 2.159530 13.818666 1.104706
v 2.159530 13.956960 1.104706
v 1.514413 13.818666 0.320456
v 1.514413 13.956960 0.320456
v 1.334361 13.818666 0.784614
v 1.334361 13.956960 0.784614
v 2.425247 13.968853 -0.046074
v 2.425247 14.107146 -0.046074
v 2.383571 13.968853 0.450035
v 2.383571 14.107146 0.450035
v 1.543275 13.968853 -0.120164
v 1.543275 14.107146 -0.120164
v 1.501600 13.968853 0.375946
v 1.501600 14.107146 0.375946
v 2.313565 14.119040 -0.728947
v 2.313565 14.257333 -0.728947
v 2.413657 14.119040 -0.241256
v 2.413657 14.257333 -0.241256
v 1.446558 14.119040 -0.551005
v 1.446558 14.257333 -0.551005
v 1.546651 14.119040 -0.063314
v 1.546651 14.257333 -0.063314
v 2.013623 14.269226 -1.352504
v 2.013623 14.407519 -1.352504
v 2.247339 14.269226 -0.912916
v 2.247339 14.407519 -0.912916
v 1.232132 14.269226 -0.937010
v 1.232132 14.407519 -0.937010
v 1.465848 14.269226 -0.497422
v 1.465848 14.407519 -0.497422
v 1.549829 14.419414 -1.866005
v 1.549829 14.557707 -1.866005
v 1.898149 14.419414 -1.510289
v 1.898149 14.557707 -1.510289
v 0.917445 14.419414 -1.246769
v 0.917445 14.557707 -1.246769
v 1.265765 14.419414 -0.891053
v 1.265765 14.557707 -0.891053
v 0.959922 14.569600 -2.227666
v 0.959922 14.707893 -2.227666
v 1.394504 14.569600 -1.984768
v 1.394504 14.707893 -1.984768
v 0.528103 14.569600 -1.455076
v 0.528103 14.707893 -1.455076
v 0.962685 14.569600 -1.212178
v 0.962685 14.707893 -1.212178
v 0.291904 14.719787 -2.408057
v 0.291904 14.858080 -2.408057
v 0.777385 14.719787 -2.297742
v 0.777385 14.858080 -2.297742
v 0.095789 14.719787 -1.544980
v 0.095789 14.858080 -1.544980
v 0.581270 14.719787 -1.434665
v 0.581270 14.858080 -1.434665
v -0.399866 14.869973 -2.392499
v -0.399866 15.008266 -2.392499
v 0.097009 14.869973 -2.423744
v 0.097009 15.008266 -2.423744
v -0.344320 14.869973 -1.509166
v -0.344320 15.008266 -1.509166
v 0.152555 14.869973 -1.540410
v 0.152555 15.008266 -1.540410
v -1.059099 15.020160 -2.182259
v -1.059099 15.158453 -2.182259
v -0.591261 15.020160 -2.352521
v -0.591261 15.158453 -2.352521
v -0.756411 15.020160 -1.350548
v -0.756411 15.158453 -1.350548
v -0.288573 15.020160 -1.520810
v -0.288573 15.158453 -1.520810
v -1.632147 15.170347 -1.794447
v -1.632147 15.308640 -1.794447
v -1.231415 15.170347 -2.089871
v -1.231415 15.308640 -2.089871
v -1.106949 15.170347 -1.082036
v -1.106949 15.308640 -1.082036
v -0.706217 15.170347 -1.377459
v -0.706217 15.308640 -1.377459
v -2.072388 15.320534 -1.260616
v -2.072388 15.458827 -1.260616
v -1.771371 15.320534 -1.657163
v -1.771371 15.458827 -1.657163
v -1.367415 15.320534 -0.725474
v -1.367415 15.458827 -0.725474
v -1.066398 15.320534 -1.122022
v -1.066398 15.458827 -1.122022
v -2.343995 15.470720 -0.624206
v -2.343995 15.609014 -0.624206
v -2.167186 15.470720 -1.089609
v -2.167186 15.609014 -1.089609
v -1.516612 15.470720 -0.309880
v -1.516612 15.609014 -0.309880
v -1.339804 15.470720 -0.775283
v -1.339804 15.609014 -0.775283
v -2.424866 15.620907 0.062997
v -2.424866 15.759200 0.062997
v -2.386654 15.620907 -0.433391
v -2.386654 15.759200 -0.433391
v -1.542399 15.620907 0.130930
v -1.542399 15.759200 0.130930
v -1.504187 15.620907 -0.365458
v -1.504187 15.759200 -0.365458
v -2.308421 15.771093 0.745074
v -2.308421 15.909387 0.745074
v -2.411915 15.771093 0.258093
v -2.411915 15.909387 0.258093
v -1.442678 15.771093 0.561086
v -1.442678 15.909387 0.561086
v -1.546171 15.771093 0.074106
v -1.546171 15.909387 0.074106
v -2.004136 15.921281 1.366523
v -2.004136 16.059574 1.366523
v -2.240913 15.921281 0.928576
v -2.240913 16.059574 0.928576
v -1.225563 15.921281 0.945586
v -1.225563 16.059574 0.945586
v -1.462341 15.921281 0.507639
v -1.462341 16.059574 0.507639
v -1.536769 16.071466 1.876775
v -1.536769 16.209761 1.876775
v -1.887564 16.071466 1.523498
v -1.887564 16.209761 1.523498
v -0.908722 16.071466 1.253141
v -0.908722 16.209761 1.253141
v -1.259516 16.071466 0.899864
v -1.259516 16.209761 0.899864
v -0.944358 16.221653 2.234308
v -0.944358 16.359947 2.234308
v -1.380624 16.221653 1.994448
v -1.380624 16.359947 1.994448
v -0.517939 16.221653 1.458724
v -0.517939 16.359947 1.458724
v -0.954205 16.221653 1.218864
v -0.954205 16.359947 1.218864
v -0.275098 16.371840 2.410034
v -0.275098 16.510134 2.410034
v -0.761336 16.371840 2.303109
v -0.761336 16.510134 2.303109
v -0.085008 16.371840 1.545610
v -0.085008 16.510134 1.545610
v -0.571247 16.371840 1.438685
v -0.571247 16.510134 1.438685
v 0.416547 16.522026 2.389651
v 0.416547 16.660320 2.389651
v -0.080098 16.522026 2.424362
v -0.080098 16.660320 2.424362
v 0.354840 16.522026 1.506727
v 0.354840 16.660320 1.506727
v -0.141805 16.522026 1.541437
v -0.141805 16.660320 1.541437
v 1.074297 16.672213 2.174817
v 1.074297 16.810507 2.174817
v 0.607659 16.672213 2.348339
v 0.607659 16.810507 2.348339
v 0.765815 16.672213 1.345238
v 0.765815 16.810507 1.345238
v 0.299176 16.672213 1.518760
v 0.299176 16.810507 1.518760
v 1.644629 16.822399 1.783014
v 1.644629 16.960693 1.783014
v 1.245969 16.822399 2.081227
v 1.245969 16.960693 2.081227
v 1.114473 16.822399 1.074285
v 1.114473 16.960693 1.074285
v 0.715813 16.822399 1.372498
v 0.715813 16.960693 1.372498
v 2.081132 16.972586 1.246128
v 2.081132 17.110880 1.246128
v 1.782889 16.972586 1.644765
v 1.782889 17.110880 1.644765
v 1.372443 16.972586 0.715917
v 1.372443 17.110880 0.715917
v 1.074200 16.972586 1.114555
v 1.074200 17.110880 1.114555
v 2.348294 17.122774 0.607834
v 2.348294 17.261068 0.607834
v 2.174737 17.122774 1.074459
v 2.174737 17.261068 1.074459
v 1.518738 17.122774 0.299289
v 1.518738 17.261068 0.299289
v 1.345181 17.122774 0.765914
v 1.345181 17.261068 0.765914
v 2.424368 17.272961 -0.079913
v 2.424368 17.411255 -0.079913
v 2.389619 17.272961 0.416730
v 2.389619 17.411255 0.416730
v 1.541448 17.272961 -0.141687
v 1.541448 17.411255 -0.141687
v 1.506700 17.272961 0.354955
v 1.506700 17.411255 0.354955
v 2.303166 17.423147 -0.761165
v 2.303166 17.561441 -0.761165
v 2.410055 17.423147 -0.274918
v 2.410055 17.561441 -0.274918
v 1.438727 17.423147 -0.571140
v 1.438727 17.561441 -0.571140
v 1.545617 17.423147 -0.084893
v 1.545617 17.561441 -0.084893
v 1.994553 17.573334 -1.380471
v 1.994553 17.711628 -1.380471
v 2.234380 17.573334 -0.944187
v 2.234380 17.711628 -0.944187
v 1.218937 17.573334 -0.954113
v 1.218937 17.711628 -0.954113
v 1.458764 17.573334 -0.517828
v 1.458764 17.711628 -0.517828
v 1.523635 17.723520 -1.887453
v 1.523635 17.861814 -1.887453
v 1.876886 17.723520 -1.536633
v 1.876886 17.861814 -1.536633
v 0.899955 17.723520 -1.259452
v 0.899955 17.861814 -1.259452
v 1.253206 17.723520 -0.908631
v 1.253206 17.861814 -0.908631
v 0.928743 17.873707 -2.240844
v 0.928743 18.012001 -2.240844
v 1.366672 17.873707 -2.004034
v 1.366672 18.012001 -2.004034
v 0.507747 17.873707 -1.462303
v 0.507747 18.012001 -1.462303
v 0.945677 17.873707 -1.225493
v 0.945677 18.012001 -1.225493
v 0.258278 18.023893 -2.411895
v 0.258278 18.162188 -2.411895
v 0.745251 18.023893 -2.308364
v 0.745251 18.162188 -2.308364
v 0.074223 18.023893 -1.546166
v 0.074223 18.162188 -1.546166
v 0.561196 18.023893 -1.442635
v 0.561196 18.162188 -1.442635
v -0.433213 18.174080 -2.386687
v -0.433213 18.312374 -2.386687
v 0.063178 18.174080 -2.424862
v 0.063178 18.312374 -2.424862
v -0.365346 18.174080 -1.504214
v -0.365346 18.312374 -1.504214
v 0.131045 18.174080 -1.542389
v 0.131045 18.312374 -1.542389
v -1.089443 18.324266 -2.167270
v -1.089443 18.462561 -2.167270
v -0.624027 18.324266 -2.344043
v -0.624027 18.462561 -2.344043
v -0.775181 18.324266 -1.339863
v -0.775181 18.462561 -1.339863
v -0.309764 18.324266 -1.516636
v -0.309764 18.462561 -1.516636
v -1.657032 18.474453 -1.771494
v -1.657032 18.612747 -1.771494
v -1.260462 18.474453 -2.072482
v -1.260462 18.612747 -2.072482
v -1.121943 18.474453 -1.066481
v -1.121943 18.612747 -1.066481
v -0.725373 18.474453 -1.367469
v -0.725373 18.612747 -1.367469
v -2.089777 18.624641 -1.231574
v -2.089777 18.762936 -1.231574
v -1.794323 18.624641 -1.632284
v -1.794323 18.762936 -1.632284
v -1.377406 18.624641 -0.706322
v -1.377406 18.762936 -0.706322
v -1.081951 18.624641 -1.107031
v -1.081951 18.762936 -1.107031
v -2.352478 18.774828 -0.591432
v -2.352478 18.913122 -0.591432
v -2.182182 18.774828 -1.059257
v -2.182182 18.913122 -1.059257
v -1.520789 18.774828 -0.288684
v -1.520789 18.913122 -0.288684
v -1.350493 18.774828 -0.756509
v -1.350493 18.913122 -0.756509
v -2.423751 18.925014 0.096829
v -2.423751 19.063309 0.096829
v -2.392469 18.925014 -0.400044
v -2.392469 19.063309 -0.400044
v -1.540422 18.925014 0.152441
v -1.540422 19.063309 0.152441
v -1.509140 18.925014 -0.344432
v -1.509140 19.063309 -0.344432
v -2.297798 19.075201 0.777218
v -2.297798 19.213495 0.777218
v -2.408078 19.075201 0.291729
v -2.408078 19.213495 0.291729
v -1.434707 19.075201 0.581166
v -1.434707 19.213495 0.581166
v -1.544987 19.075201 0.095677
v -1.544987 19.213495 0.095677
v -1.984872 19.225388 1.394356
v -1.984872 19.363682 1.394356
v -2.227737 19.225388 0.959756
v -2.227737 19.363682 0.959756
v -1.212249 19.225388 0.962596
v -1.212249 19.363682 0.962596
v -1.455115 19.225388 0.527995
v -1.455115 19.363682 0.527995
v -1.510434 19.375574 1.898034
v -1.510434 19.513868 1.898034
v -1.866124 19.375574 1.549686
v -1.866124 19.513868 1.549686
v -0.891149 19.375574 1.265698
v -0.891149 19.513868 1.265698
v -1.246839 19.375574 0.917350
v -1.246839 19.513868 0.917350
v -0.913083 19.525761 2.247270
v -0.913083 19.664055 2.247270
v -1.352654 19.525761 2.013522
v -1.352654 19.664055 2.013522
v -0.497530 19.525761 1.465811
v -0.497530 19.664055 1.465811
v -0.937102 19.525761 1.232062
v -0.937102 19.664055 1.232062
v -0.241440 19.675947 2.413639
v -0.241440 19.814241 2.413639
v -0.729124 19.675947 2.313509
v -0.729124 19.814241 2.313509
v -0.063432 19.675947 1.546646
v -0.063432 19.814241 1.546646
v -0.551115 19.675947 1.446516
v -0.551115 19.814241 1.446516
v 0.449857 19.826134 2.383605
v 0.449857 19.964428 2.383605
v -0.046255 19.826134 2.425243
v -0.046255 19.964428 2.425243
v 0.375834 19.826134 1.501628
v 0.375834 19.964428 1.501628
v -0.120278 19.826134 1.543266
v -0.120278 19.964428 1.543266
v 1.104541 19.976322 2.159615
v 1.104541 20.114616 2.159615
v 0.640369 19.976322 2.339631
v 0.640369 20.114616 2.339631
v 0.784512 19.976322 1.334421
v 0.784512 20.114616 1.334421
v 0.320340 19.976322 1.514437
v 0.320340 20.114616 1.514437
v 1.669353 20.126509 1.759888
v 1.669353 20.264803 1.759888
v 1.274894 20.126509 2.063635
v 1.274894 20.264803 2.063635
v 1.129358 20.126509 1.058626
v 1.129358 20.264803 1.058626
v 0.734898 20.126509 1.362374
v 0.734898 20.264803 1.362374
v 2.098321 20.276695 1.216962
v 2.098321 20.414989 1.216962
v 1.805670 20.276695 1.619723
v 1.805670 20.414989 1.619723
v 1.382301 20.276695 0.696693
v 1.382301 20.414989 0.696693
v 1.089650 20.276695 1.099454
v 1.089650 20.414989 1.099454
v 2.356548 20.426882 0.575001
v 2.356548 20.565176 0.575001
v 2.189521 20.426882 1.044003
v 2.189521 20.565176 1.044003
v 1.522767 20.426882 0.278064
v 1.522767 20.565176 0.278064
v 1.355739 20.426882 0.747066
v 1.355739 20.565176 0.747066
v 2.423016 20.577068 -0.113740
v 2.423016 20.715363 -0.113740
v 2.395202 20.577068 0.383339
v 2.395202 20.715363 0.383339
v 1.539321 20.577068 -0.163186
v 1.539321 20.715363 -0.163186
v 1.511507 20.577068 0.333893
v 1.511507 20.715363 0.333893
v 2.292321 20.727255 -0.793226
v 2.292321 20.865549 -0.793226
v 2.405984 20.727255 -0.308518
v 2.405984 20.865549 -0.308518
v 1.430619 20.727255 -0.591158
v 1.430619 20.865549 -0.591158
v 1.544282 20.727255 -0.106450
v 1.544282 20.865549 -0.106450
v 1.975093 20.877441 -1.408173
v 1.975093 21.015736 -1.408173
v 2.220985 20.877441 -0.975278
v 2.220985 21.015736 -0.975278
v 1.205502 20.877441 -0.971031
v 1.205502 21.015736 -0.971031
v 1.451395 20.877441 -0.538136
v 1.451395 21.015736 -0.538136
v 1.497152 21.027628 -1.908528
v 1.497152 21.165922 -1.908528
v 1.855264 21.027628 -1.562671
v 1.855264 21.165922 -1.562671
v 0.882295 21.027628 -1.271886
v 0.882295 21.165922 -1.271886
v 1.240407 21.027628 -0.926028
v 1.240407 21.165922 -0.926028
v 0.897379 21.177814 -2.253588
v 0.897379 21.316109 -2.253588
v 1.338570 21.177814 -2.022913
v 1.338570 21.316109 -2.022913
v 0.487289 21.177814 -1.469247
v 0.487289 21.316109 -1.469247
v 0.928481 21.177814 -1.238572
v 0.928481 21.316109 -1.238572
v 0.224591 21.328001 -2.415265
v 0.224591 21.466295 -2.415265
v 0.712962 21.328001 -2.318541
v 0.712962 21.466295 -2.318541
v 0.052637 21.328001 -1.547051
v 0.052637 21.466295 -1.547051
v 0.541008 21.328001 -1.450327
v 0.541008 21.466295 -1.450327
v -0.466480 21.478189 -2.380408
v -0.466480 21.616484 -2.380408
v 0.029330 21.478189 -2.425507
v 0.029330 21.616484 -2.425507
v -0.386304 21.478189 -1.498969
v -0.386304 21.616484 -1.498969
v 0.109506 21.478189 -1.544068
v 0.109506 21.616484 -1.544068
v -1.119584 21.628376 -2.151854
v -1.119584 21.766670 -2.151854
v -0.656680 21.628376 -2.335105
v -0.656680 21.766670 -2.335105
v -0.793805 21.628376 -1.328914
v -0.793805 21.766670 -1.328914
v -0.330901 21.628376 -1.512165
v -0.330901 21.766670 -1.512165
v -1.681587 21.778563 -1.748202
v -1.681587 21.916857 -1.748202
v -1.289255 21.778563 -2.054693
v -1.289255 21.916857 -2.054693
v -1.136713 21.778563 -1.050724
v -1.136713 21.916857 -1.050724
v -0.744382 21.778563 -1.357215
v -0.744382 21.916857 -1.357215
v -2.106762 21.928749 -1.202289
v -2.106762 22.067043 -1.202289
v -1.816929 21.928749 -1.607083
v -1.816929 22.067043 -1.607083
v -1.387129 21.928749 -0.687030
v -1.387129 22.067043 -0.687030
v -1.097296 21.928749 -1.091824
v -1.097296 22.067043 -1.091824
v -2.360501 22.078936 -0.558551
v -2.360501 22.217230 -0.558551
v -2.196749 22.078936 -1.028707
v -2.196749 22.217230 -1.028707
v -1.524669 22.078936 -0.267437
v -1.524669 22.217230 -0.267437
v -1.360917 22.078936 -0.737592
v -1.360917 22.217230 -0.737592
v -2.422164 22.229122 0.130646
v -2.422164 22.367416 0.130646
v -2.397819 22.229122 -0.366615
v -2.397819 22.367416 -0.366615
v -1.538144 22.229122 0.173924
v -1.538144 22.367416 0.173924
v -1.513800 22.229122 -0.323337
v -1.513800 22.367416 -0.323337
v -2.286730 22.379309 0.809203
v -2.286730 22.517603 0.809203
v -2.403773 22.379309 0.325300
v -2.403773 22.517603 0.325300
v -1.426459 22.379309 0.601127
v -1.426459 22.517603 0.601127
v -1.543501 22.379309 0.117224
v -1.543501 22.517603 0.117224
v -1.965218 22.529495 1.421922
v -1.965218 22.667789 1.421922
v -2.214125 22.529495 0.990753
v -2.214125 22.667789 0.990753
v -1.198697 22.529495 0.979420
v -1.198697 22.667789 0.979420
v -1.447604 22.529495 0.548252
v -1.447604 22.667789 0.548252
v -1.483798 22.679682 1.918929
v -1.483798 22.817976 1.918929
v -1.844314 22.679682 1.575579
v -1.844314 22.817976 1.575579
v -0.873398 22.679682 1.278012
v -0.873398 22.817976 1.278012
v -1.233914 22.679682 0.934662
v -1.233914 22.817976 0.934662
v -0.881639 22.829868 2.259791
v -0.881639 22.968163 2.259791
v -1.324429 22.829868 2.032199
v -1.324429 22.968163 2.032199
v -0.477030 22.829868 1.472610
v -0.477030 22.968163 1.472610
v -0.919820 22.829868 1.245017
v -0.919820 22.968163 1.245017
v -0.207732 22.980057 2.416773
v -0.207732 23.118351 2.416773
v -0.696765 22.980057 2.323459
v -0.696765 23.118351 2.323459
v -0.041840 22.980057 1.547381
v -0.041840 23.118351 1.547381
v -0.530874 22.980057 1.454067
v -0.530874 23.118351 1.454067
vn -0.0000 -0.0000 1.0000
vn -1.0000 -0.0000 -0.0000
vn -0.0000 -0.0000 -1.0000
vn 1.0000 -0.0000 -0.0000
vn -0.0000 -1.0000 -0.0000
vn -0.0000 1.0000 -0.0000
vn 0.2823 -0.0000 0.9593
vn -0.9593 -0.0000 0.2823
vn -0.2823 -0.0000 -0.9593
vn 0.9593 -0.0000 -0.2823
vn 0.5417 -0.0000 0.8406
vn -0.8406 -0.0000 0.5417
vn -0.5417 -0.0000 -0.8406
vn 0.8406 -0.0000 -0.5417
vn 0.7570 -0.0000 0.6534
vn -0.6534 -0.0000 0.7570
vn -0.7570 -0.0000 -0.6534
vn 0.6534 -0.0000 -0.7570
vn 0.9107 -0.0000 0.4131
vn -0.4131 -0.0000 0.9107
vn -0.9107 -0.0000 -0.4131
vn 0.4131 -0.0000 -0.9107
vn 0.9903 -0.0000 0.1392
vn -0.1392 -0.0000 0.9903
vn -0.9903 -0.0000 -0.1392
vn 0.1392 -0.0000 -0.9903
vn 0.9893 -0.0000 -0.1461
vn 0.1461 -0.0000 0.9893
vn -0.9893 -0.0000 0.1461
vn -0.1461 -0.0000 -0.9893
vn 0.9078 -0.0000 -0.4194
vn 0.4194 -0.0000 0.9078
vn -0.9078 -0.0000 0.4195
vn -0.4195 -0.0000 -0.9078
vn 0.7524 -0.0000 -0.6587
vn 0.6587 -0.0000 0.7524
vn -0.7524 -0.0000 0.6587
vn -0.6587 -0.0000 -0.7524
vn 0.5358 -0.0000 -0.8443
vn 0.8443 -0.0000 0.5358
vn -0.5358 -0.0000 0.8443
vn -0.8443 -0.0000 -0.5358
vn 0.2756 -0.0000 -0.9613
vn 0.9613 -0.0000 0.2756
vn -0.2756 -0.0000 0.9613
vn -0.9613 -0.0000 -0.2756
vn -0.0070 -0.0000 -1.0000
vn 1.0000 -0.0000 -0.0070
vn 0.0070 -0.0000 1.0000
vn -1.0000 -0.0000 0.0070
vn -0.2890 -0.0000 -0.9573
vn 0.9573 -0.0000 -0.2890
vn 0.2890 -0.0000 0.9573
vn -0.9573 -0.0000 0.2890
vn -0.5476 -0.0000 -0.8368
vn 0.8368 -0.0000 -0.5476
vn 0.5476 -0.0000 0.8368
vn -0.8368 -0.0000 0.5476
vn -0.7615 -0.0000 -0.6481
vn 0.6481 -0.0000 -0.7615
vn 0.7615 -0.0000 0.6481
vn -0.6481 -0.0000 0.7615
vn -0.9135 -0.0000 -0.4067
vn 0.4067 -0.0000 -0.9135
vn 0.9135 -0.0000 0.4067
vn -0.4067 -0.0000 0.9135
vn -0.9912 -0.0000 -0.1323
vn 0.1323 -0.0000 -0.9912
vn 0.9912 -0.0000 0.1323
vn -0.1323 -0.0000 0.9912
vn -0.9882 -0.0000 0.1530
vn -0.1530 -0.0000 -0.9882
vn 0.9882 -0.0000 -0.1530
vn 0.1530 -0.0000 0.9882
vn -0.9048 -0.0000 0.4258
vn -0.4258 -0.0000 -0.9048
vn 0.9048 -0.0000 -0.4258
vn 0.4258 -0.0000 0.9048
vn -0.7478 -0.0000 0.6639
vn -0.6639 -0.0000 -0.7478
vn 0.7478 -0.0000 -0.6639
vn 0.6639 -0.0000 0.7478
vn -0.5299 -0.0000 0.8480
vn -0.8480 -0.0000 -0.5299
vn 0.5299 -0.0000 -0.8480
vn 0.8480 -0.0000 0.5299
vn -0.2689 -0.0000 0.9632
vn -0.9632 -0.0000 -0.2689
vn 0.2689 -0.0000 -0.9632
vn 0.9632 -0.0000 0.2689
vn 0.0140 -0.0000 0.9999
vn -0.9999 -0.0000 0.0140
vn -0.0140 -0.0000 -0.9999
vn 0.9999 -0.0000 -0.0140
vn 0.2957 -0.0000 0.9553
vn -0.9553 -0.0000 0.2957
vn -0.2957 -0.0000 -0.9553
vn 0.9553 -0.0000 -0.2957
vn 0.5534 -0.0000 0.8329
vn -0.8329 -0.0000 0.5534
vn -0.5534 -0.0000 -0.8329
vn 0.8329 -0.0000 -0.5534
vn 0.7660 -0.0000 0.6428
vn -0.6428 -0.0000 0.7660
vn -0.7660 -0.0000 -0.6428
vn 0.6428 -0.0000 -0.7660
vn 0.9164 -0.0000 0.4004
vn -0.4004 -0.0000 0.9164
vn -0.9164 -0.0000 -0.4004
vn 0.4004 -0.0000 -0.9164
vn 0.9921 -0.0000 0.1253
vn -0.1253 -0.0000 0.9921
vn -0.9921 -0.0000 -0.1253
vn 0.1253 -0.0000 -0.9921
vn 0.9871 -0.0000 -0.1599
vn 0.1599 -0.0000 0.9871
vn -0.9871 -0.0000 0.1599
vn -0.1599 -0.0000 -0.9871
vn 0.9018 -0.0000 -0.4321
vn 0.4321 -0.0000 0.9018
vn -0.9018 -0.0000 0.4321
vn -0.4321 -0.0000 -0.9018
vn 0.7432 -0.0000 -0.6691
vn 0.6691 -0.0000 0.7432
vn -0.7432 -0.0000 0.6691
vn -0.6691 -0.0000 -0.7432
vn 0.5240 -0.0000 -0.8517
vn 0.8517 -0.0000 0.5240
vn -0.5240 -0.0000 0.8517
vn -0.8517 -0.0000 -0.5240
vn 0.2622 -0.0000 -0.9650
vn 0.9650 -0.0000 0.2622
vn -0.2622 -0.0000 0.9650
vn -0.9650 -0.0000 -0.2622
vn -0.0209 -0.0000 -0.9998
vn 0.9998 -0.0000 -0.0209
vn 0.0209 -0.0000 0.9998
vn -0.9998 -0.0000 0.0209
vn -0.3024 -0.0000 -0.9532
vn 0.9532 -0.0000 -0.3024
vn 0.3024 -0.0000 0.9532
vn -0.9532 -0.0000 0.3024
vn -0.5592 -0.0000 -0.8290
vn 0.8290 -0.0000 -0.5592
vn 0.5592 -0.0000 0.8290
vn -0.8290 -0.0000 0.5592
vn -0.7705 -0.0000 -0.6374
vn 0.6374 -0.0000 -0.7705
vn 0.7705 -0.0000 0.6374
vn -0.6374 -0.0000 0.7705
vn -0.9191 -0.0000 -0.3940
vn 0.3940 -0.0000 -0.9191
vn 0.9191 -0.0000 0.3940
vn -0.3940 -0.0000 0.9191
vn -0.9930 -0.0000 -0.1184
vn 0.1184 -0.0000 -0.9930
vn 0.9930 -0.0000 0.1184
vn -0.1184 -0.0000 0.9930
vn -0.9860 -0.0000 0.1668
vn -0.1668 -0.0000 -0.9860
vn 0.9860 -0.0000 -0.1668
vn 0.1668 -0.0000 0.9860
vn -0.8988 -0.0000 0.4384
vn -0.4384 -0.0000 -0.8988
vn 0.8988 -0.0000 -0.4384
vn 0.4384 -0.0000 0.8988
vn -0.7385 -0.0000 0.6743
vn -0.6743 -0.0000 -0.7385
vn 0.7385 -0.0000 -0.6743
vn 0.6743 -0.0000 0.7385
vn -0.5180 -0.0000 0.8554
vn -0.8554 -0.0000 -0.5180
vn 0.5180 -0.0000 -0.8554
vn 0.8554 -0.0000 0.5180
vn -0.2555 -0.0000 0.9668
vn -0.9668 -0.0000 -0.2555
vn 0.2555 -0.0000 -0.9668
vn 0.9668 -0.0000 0.2555
vn 0.0279 -0.0000 0.9996
vn -0.9996 -0.0000 0.0279
vn -0.0279 -0.0000 -0.9996
vn 0.9996 -0.0000 -0.0279
vn 0.3090 -0.0000 0.9511
vn -0.9511 -0.0000 0.3090
vn -0.3090 -0.0000 -0.9511
vn 0.9511 -0.0000 -0.3090
vn 0.5650 -0.0000 0.8251
vn -0.8251 -0.0000 0.5650
vn -0.5650 -0.0000 -0.8251
vn 0.8251 -0.0000 -0.5650
vn 0.7749 -0.0000 0.6320
vn -0.6320 -0.0000 0.7749
vn -0.7749 -0.0000 -0.6320
vn 0.6320 -0.0000 -0.7749
vn 0.9219 -0.0000 0.3875
vn -0.3875 -0.0000 0.9219
vn -0.9219 -0.0000 -0.3875
vn 0.3875 -0.0000 -0.9219
vn 0.9938 -0.0000 0.1115
vn -0.1115 -0.0000 0.9938
vn -0.9938 -0.0000 -0.1115
vn 0.1115 -0.0000 -0.9938
vn 0.9848 -0.0000 -0.1736
vn 0.1736 -0.0000 0.9848
vn -0.9848 -0.0000 0.1736
vn -0.1736 -0.0000 -0.9848
vn 0.8957 -0.0000 -0.4446
vn 0.4446 -0.0000 0.8957
vn -0.8957 -0.0000 0.4446
vn -0.4446 -0.0000 -0.8957
vn 0.7337 -0.0000 -0.6794
vn 0.6794 -0.0000 0.7337
vn -0.7337 -0.0000 0.6794
vn -0.6794 -0.0000 -0.7337
vn 0.5121 -0.0000 -0.8590
vn 0.8590 -0.0000 0.5121
vn -0.5121 -0.0000 0.8590
vn -0.8590 -0.0000 -0.5121
vn 0.2487 -0.0000 -0.9686
vn 0.9686 -0.0000 0.2487
vn -0.2487 -0.0000 0.9686
vn -0.9686 -0.0000 -0.2487
vn -0.0349 -0.0000 -0.9994
vn 0.9994 -0.0000 -0.0349
vn 0.0349 -0.0000 0.9994
vn -0.9994 -0.0000 0.0349
vn -0.3156 -0.0000 -0.9489
vn 0.9489 -0.0000 -0.3156
vn 0.3156 -0.0000 0.9489
vn -0.9489 -0.0000 0.3156
vn -0.5707 -0.0000 -0.8212
vn 0.8212 -0.0000 -0.5707
vn 0.5707 -0.0000 0.8212
vn -0.8212 -0.0000 0.5707
vn -0.7793 -0.0000 -0.6266
vn 0.6266 -0.0000 -0.7793
vn 0.7793 -0.0000 0.6266
vn -0.6266 -0.0000 0.7793
vn -0.9245 -0.0000 -0.3811
vn 0.3811 -0.0000 -0.9245
vn 0.9245 -0.0000 0.3811
vn -0.3811 -0.0000 0.9245
vn -0.9945 -0.0000 -0.1045
vn 0.1045 -0.0000 -0.9945
vn 0.9945 -0.0000 0.1045
vn -0.1045 -0.0000 0.9945
vn -0.9836 -0.0000 0.1805
vn -0.1805 -0.0000 -0.9836
vn 0.9836 -0.0000 -0.1805
vn 0.1805 -0.0000 0.9836
vn -0.8926 -0.0000 0.4509
vn -0.4509 -0.0000 -0.8926
vn 0.8926 -0.0000 -0.4509
vn 0.4509 -0.0000 0.8926
vn -0.7290 -0.0000 0.6845
vn -0.6845 -0.0000 -0.7290
vn 0.7290 -0.0000 -0.6845
vn 0.6845 -0.0000 0.7290
vn -0.5061 -0.0000 0.8625
vn -0.8625 -0.0000 -0.5061
vn 0.5061 -0.0000 -0.8625
vn 0.8625 -0.0000 0.5061
vn -0.2419 -0.0000 0.9703
vn -0.9703 -0.0000 -0.2419
vn 0.2419 -0.0000 -0.9703
vn 0.9703 -0.0000 0.2419
vn 0.0419 -0.0000 0.9991
vn -0.9991 -0.0000 0.0419
vn -0.0419 -0.0000 -0.9991
vn 0.9991 -0.0000 -0.0419
vn 0.3222 -0.0000 0.9467
vn -0.9467 -0.0000 0.3222
vn -0.3222 -0.0000 -0.9467
vn 0.9467 -0.0000 -0.3222
vn 0.5764 -0.0000 0.8172
vn -0.8172 -0.0000 0.5764
vn -0.5764 -0.0000 -0.8172
vn 0.8172 -0.0000 -0.5764
vn 0.7837 -0.0000 0.6212
vn -0.6212 -0.0000 0.7837
vn -0.7837 -0.0000 -0.6212
vn 0.6212 -0.0000 -0.7837
vn 0.9272 -0.0000 0.3746
vn -0.3746 -0.0000 0.9272
vn -0.9272 -0.0000 -0.3746
vn 0.3746 -0.0000 -0.9272
vn 0.9952 -0.0000 0.0976
vn -0.0976 -0.0000 0.9952
vn -0.9952 -0.0000 -0.0976
vn 0.0976 -0.0000 -0.9952
vn 0.9823 -0.0000 -0.1874
vn 0.1874 -0.0000 0.9823
vn -0.9823 -0.0000 0.1874
vn -0.1874 -0.0000 -0.9823
vn 0.8894 -0.0000 -0.4571
vn 0.4571 -0.0000 0.8894
vn -0.8894 -0.0000 0.4571
vn -0.4571 -0.0000 -0.8894
vn 0.7242 -0.0000 -0.6896
vn 0.6896 -0.0000 0.7242
vn -0.7242 -0.0000 0.6896
vn -0.6896 -0.0000 -0.7242
vn 0.5000 -0.0000 -0.8660
vn 0.8660 -0.0000 0.5000
vn -0.5000 -0.0000 0.8660
vn -0.8660 -0.0000 -0.5000
vn 0.2352 -0.0000 -0.9720
vn 0.9720 -0.0000 0.2352
vn -0.2352 -0.0000 0.9720
vn -0.9720 -0.0000 -0.2352
vn -0.0488 -0.0000 -0.9988
vn 0.9988 -0.0000 -0.0488
vn 0.0488 -0.0000 0.9988
vn -0.9988 -0.0000 0.0488
vn -0.3288 -0.0000 -0.9444
vn 0.9444 -0.0000 -0.3288
vn 0.3288 -0.0000 0.9444
vn -0.9444 -0.0000 0.3288
vn -0.5821 -0.0000 -0.8131
vn 0.8131 -0.0000 -0.5821
vn 0.5821 -0.0000 0.8131
vn -0.8131 -0.0000 0.5821
vn -0.7880 -0.0000 -0.6157
vn 0.6157 -0.0000 -0.7880
vn 0.7880 -0.0000 0.6157
vn -0.6157 -0.0000 0.7880
vn -0.9298 -0.0000 -0.3682
vn 0.3681 -0.0000 -0.9298
vn 0.9298 -0.0000 0.3682
vn -0.3682 -0.0000 0.9298
vn -0.9959 -0.0000 -0.0907
vn 0.0907 -0.0000 -0.9959
vn 0.9959 -0.0000 0.0907
vn -0.0907 -0.0000 0.9959
vn -0.9810 -0.0000 0.1942
vn -0.1942 -0.0000 -0.9810
vn 0.9810 -0.0000 -0.1942
vn 0.1942 -0.0000 0.9810
vn -0.8862 -0.0000 0.4633
vn -0.4633 -0.0000 -0.8862
vn 0.8862 -0.0000 -0.4633
vn 0.4633 -0.0000 0.8862
vn -0.7194 -0.0000 0.6946
vn -0.6946 -0.0000 -0.7194
vn 0.7194 -0.0000 -0.6946
vn 0.6946 -0.0000 0.7194
vn -0.4940 -0.0000 0.8695
vn -0.8695 -0.0000 -0.4940
vn 0.4940 -0.0000 -0.8695
vn 0.8695 -0.0000 0.4940
vn -0.2284 -0.0000 0.9736
vn -0.9736 -0.0000 -0.2284
vn 0.2284 -0.0000 -0.9736
vn 0.9736 -0.0000 0.2284
vn 0.0558 -0.0000 0.9984
vn -0.9984 -0.0000 0.0558
vn -0.0558 -0.0000 -0.9984
vn 0.9984 -0.0000 -0.0558
vn 0.3354 -0.0000 0.9421
vn -0.9421 -0.0000 0.3354
vn -0.3354 -0.0000 -0.9421
vn 0.9421 -0.0000 -0.3354
vn 0.5878 -0.0000 0.8090
vn -0.8090 -0.0000 0.5878
vn -0.5878 -0.0000 -0.8090
vn 0.8090 -0.0000 -0.5878
vn 0.7923 -0.0000 0.6102
vn -0.6102 -0.0000 0.7923
vn -0.7923 -0.0000 -0.6102
vn 0.6102 -0.0000 -0.7923
vn 0.9323 -0.0000 0.3617
vn -0.3617 -0.0000 0.9323
vn -0.9323 -0.0000 -0.3617
vn 0.3617 -0.0000 -0.9323
vn 0.9965 -0.0000 0.0837
vn -0.0837 -0.0000 0.9965
vn -0.9965 -0.0000 -0.0837
vn 0.0837 -0.0000 -0.9965
vn 0.9796 -0.0000 -0.2010
vn 0.2010 -0.0000 0.9796
vn -0.9796 -0.0000 0.2010
vn -0.2010 -0.0000 -0.9796
vn 0.8830 -0.0000 -0.4694
vn 0.4694 -0.0000 0.8830
vn -0.8830 -0.0000 0.4694
vn -0.4694 -0.0000 -0.8830
vn 0.7145 -0.0000 -0.6996
vn 0.6996 -0.0000 0.7145
vn -0.7145 -0.0000 0.6996
vn -0.6996 -0.0000 -0.7145
vn 0.4879 -0.0000 -0.8729
vn 0.8729 -0.0000 0.4879
vn -0.4879 -0.0000 0.8729
vn -0.8729 -0.0000 -0.4879
vn 0.2216 -0.0000 -0.9751
vn 0.9751 -0.0000 0.2216
vn -0.2216 -0.0000 0.9751
vn -0.9751 -0.0000 -0.2216
vn -0.0628 -0.0000 -0.9980
vn 0.9980 -0.0000 -0.0628
vn 0.0628 -0.0000 0.9980
vn -0.9980 -0.0000 0.0628
vn -0.3420 -0.0000 -0.9397
vn 0.9397 -0.0000 -0.3420
vn 0.3420 -0.0000 0.9397
vn -0.9397 -0.0000 0.3420
vn -0.5934 -0.0000 -0.8049
vn 0.8049 -0.0000 -0.5934
vn 0.5934 -0.0000 0.8049
vn -0.8049 -0.0000 0.5934
vn -0.7965 -0.0000 -0.6046
vn 0.6046 -0.0000 -0.7965
vn 0.7965 -0.0000 0.6046
vn -0.6046 -0.0000 0.7965
vn -0.9348 -0.0000 -0.3551
vn 0.3551 -0.0000 -0.9348
vn 0.9348 -0.0000 0.3551
vn -0.3551 -0.0000 0.9348
vn -0.9971 -0.0000 -0.0768
vn 0.0768 -0.0000 -0.9971
vn 0.9971 -0.0000 0.0768
vn -0.0768 -0.0000 0.9971
vn -0.9782 -0.0000 0.2079
vn -0.2079 -0.0000 -0.9782
vn 0.9782 -0.0000 -0.2079
vn 0.2079 -0.0000 0.9782
vn -0.8797 -0.0000 0.4756
vn -0.4756 -0.0000 -0.8797
vn 0.8797 -0.0000 -0.4756
vn 0.4756 -0.0000 0.8797
vn -0.7096 -0.0000 0.7046
vn -0.7046 -0.0000 -0.7096
vn 0.7096 -0.0000 -0.7046
vn 0.7046 -0.0000 0.7096
vn -0.4818 -0.0000 0.8763
vn -0.8763 -0.0000 -0.4818
vn 0.4818 -0.0000 -0.8763
vn 0.8763 -0.0000 0.4818
vn -0.2148 -0.0000 0.9767
vn -0.9767 -0.0000 -0.2148
vn 0.2148 -0.0000 -0.9767
vn 0.9767 -0.0000 0.2148
vn 0.0697 -0.0000 0.9976
vn -0.9976 -0.0000 0.0697
vn -0.0697 -0.0000 -0.9976
vn 0.9976 -0.0000 -0.0697
vn 0.3485 -0.0000 0.9373
vn -0.9373 -0.0000 0.3485
vn -0.3485 -0.0000 -0.9373
vn 0.9373 -0.0000 -0.3485
vn 0.5990 -0.0000 0.8008
vn -0.8008 -0.0000 0.5990
vn -0.5990 -0.0000 -0.8008
vn 0.8008 -0.0000 -0.5990
vn 0.8007 -0.0000 0.5991
vn -0.5991 -0.0000 0.8007
vn -0.8007 -0.0000 -0.5991
vn 0.5991 -0.0000 -0.8007
vn 0.9373 -0.0000 0.3486
vn -0.3486 -0.0000 0.9373
vn -0.9373 -0.0000 -0.3486
vn 0.3486 -0.0000 -0.9373
vn 0.9976 -0.0000 0.0698
vn -0.0698 -0.0000 0.9976
vn -0.9976 -0.0000 -0.0698
vn 0.0698 -0.0000 -0.9976
vn 0.9767 -0.0000 -0.2147
vn 0.2147 -0.0000 0.9767
vn -0.9767 -0.0000 0.2147
vn -0.2147 -0.0000 -0.9767
vn 0.8763 -0.0000 -0.4817
vn 0.4817 -0.0000 0.8763
vn -0.8763 -0.0000 0.4817
vn -0.4817 -0.0000 -0.8763
vn 0.7047 -0.0000 -0.7095
vn 0.7095 -0.0000 0.7047
vn -0.7047 -0.0000 0.7095
vn -0.7095 -0.0000 -0.7047
vn 0.4757 -0.0000 -0.8796
vn 0.8796 -0.0000 0.4757
vn -0.4757 -0.0000 0.8796
vn -0.8796 -0.0000 -0.4757
vn 0.2080 -0.0000 -0.9781
vn 0.9781 -0.0000 0.2080
vn -0.2080 -0.0000 0.9781
vn -0.9781 -0.0000 -0.2080
vn -0.0767 -0.0000 -0.9971
vn 0.9971 -0.0000 -0.0767
vn 0.0767 -0.0000 0.9971
vn -0.9971 -0.0000 0.0767
vn -0.3551 -0.0000 -0.9348
vn 0.9348 -0.0000 -0.3551
vn 0.3551 -0.0000 0.9348
vn -0.9348 -0.0000 0.3551
vn -0.6046 -0.0000 -0.7966
vn 0.7966 -0.0000 -0.6046
vn 0.6046 -0.0000 0.7966
vn -0.7966 -0.0000 0.6046
vn -0.8049 -0.0000 -0.5935
vn 0.5935 -0.0000 -0.8049
vn 0.8049 -0.0000 0.5935
vn -0.5935 -0.0000 0.8049
vn -0.9397 -0.0000 -0.3421
vn 0.3421 -0.0000 -0.9397
vn 0.9397 -0.0000 0.3421
vn -0.3421 -0.0000 0.9397
vn -0.9980 -0.0000 -0.0628
vn 0.0628 -0.0000 -0.9980
vn 0.9980 -0.0000 0.0628
vn -0.0628 -0.0000 0.9980
vn -0.9752 -0.0000 0.2215
vn -0.2215 -0.0000 -0.9752
vn 0.9752 -0.0000 -0.2215
vn 0.2215 -0.0000 0.9752
vn -0.8729 -0.0000 0.4878
vn -0.4878 -0.0000 -0.8729
vn 0.8729 -0.0000 -0.4878
vn 0.4878 -0.0000 0.8729
vn -0.6997 -0.0000 0.7144
vn -0.7144 -0.0000 -0.6997
vn 0.6997 -0.0000 -0.7144
vn 0.7144 -0.0000 0.6997
vn -0.4695 -0.0000 0.8829
vn -0.8829 -0.0000 -0.4695
vn 0.4695 -0.0000 -0.8829
vn 0.8829 -0.0000 0.4695
vn -0.2011 -0.0000 0.9796
vn -0.9796 -0.0000 -0.2011
vn 0.2011 -0.0000 -0.9796
vn 0.9796 -0.0000 0.2011
vn 0.0836 -0.0000 0.9965
vn -0.9965 -0.0000 0.0836
vn -0.0836 -0.0000 -0.9965
vn 0.9965 -0.0000 -0.0836
vn 0.3616 -0.0000 0.9323
vn -0.9323 -0.0000 0.3616
vn -0.3616 -0.0000 -0.9323
vn 0.9323 -0.0000 -0.3616
vn 0.6101 -0.0000 0.7923
vn -0.7923 -0.0000 0.6101
vn -0.6101 -0.0000 -0.7923
vn 0.7923 -0.0000 -0.6101
vn 0.8090 -0.0000 0.5878
vn -0.5878 -0.0000 0.8090
vn -0.8090 -0.0000 -0.5878
vn 0.5878 -0.0000 -0.8090
vn 0.9420 -0.0000 0.3355
vn -0.3355 -0.0000 0.9420
vn -0.9420 -0.0000 -0.3355
vn 0.3355 -0.0000 -0.9420
vn 0.9984 -0.0000 0.0559
vn -0.0559 -0.0000 0.9984
vn -0.9984 -0.0000 -0.0559
vn 0.0559 -0.0000 -0.9984
vn 0.9736 -0.0000 -0.2283
vn 0.2283 -0.0000 0.9736
vn -0.9736 -0.0000 0.2283
vn -0.2283 -0.0000 -0.9736
vn 0.8695 -0.0000 -0.4939
vn 0.4939 -0.0000 0.8695
vn -0.8695 -0.0000 0.4939
vn -0.4939 -0.0000 -0.8695
vn 0.6947 -0.0000 -0.7193
vn 0.7193 -0.0000 0.6947
vn -0.6947 -0.0000 0.7193
vn -0.7193 -0.0000 -0.6947
vn 0.4633 -0.0000 -0.8862
vn 0.8862 -0.0000 0.4633
vn -0.4633 -0.0000 0.8862
vn -0.8862 -0.0000 -0.4633
vn 0.1943 -0.0000 -0.9809
vn 0.9809 -0.0000 0.1943
vn -0.1943 -0.0000 0.9809
vn -0.9809 -0.0000 -0.1943
vn -0.0906 -0.0000 -0.9959
vn 0.9959 -0.0000 -0.0906
vn 0.0906 -0.0000 0.9959
vn -0.9959 -0.0000 0.0906
vn -0.3681 -0.0000 -0.9298
vn 0.9298 -0.0000 -0.3681
vn 0.3681 -0.0000 0.9298
vn -0.9298 -0.0000 0.3681
vn -0.6156 -0.0000 -0.7880
vn 0.7880 -0.0000 -0.6156
vn 0.6156 -0.0000 0.7880
vn -0.7880 -0.0000 0.6156
vn -0.8131 -0.0000 -0.5822
vn 0.5822 -0.0000 -0.8131
vn 0.8131 -0.0000 0.5822
vn -0.5822 -0.0000 0.8131
vn -0.9444 -0.0000 -0.3289
vn 0.3289 -0.0000 -0.9444
vn 0.9444 -0.0000 0.3289
vn -0.3289 -0.0000 0.9444
vn -0.9988 -0.0000 -0.0489
vn 0.0489 -0.0000 -0.9988
vn 0.9988 -0.0000 0.0489
vn -0.0489 -0.0000 0.9988
vn -0.9720 -0.0000 0.2351
vn -0.2351 -0.0000 -0.9720
vn 0.9720 -0.0000 -0.2351
vn 0.2351 -0.0000 0.9720
vn -0.8661 -0.0000 0.5000
vn -0.5000 -0.0000 -0.8660
vn 0.8661 -0.0000 -0.5000
vn 0.5000 -0.0000 0.8660
vn -0.6897 -0.0000 0.7241
vn -0.7241 -0.0000 -0.6897
vn 0.6897 -0.0000 -0.7241
vn 0.7241 -0.0000 0.6897
vn -0.4571 -0.0000 0.8894
vn -0.8894 -0.0000 -0.4571
vn 0.4571 -0.0000 -0.8894
vn 0.8894 -0.0000 0.4571
vn -0.1874 -0.0000 0.9823
vn -0.9823 -0.0000 -0.1874
vn 0.1874 -0.0000 -0.9823
vn 0.9823 -0.0000 0.1874
s 0
f 65//34 66//34 68//34 67//34
f 67//35 68//35 72//35 71//35
f 71//36 72//36 70//36 69//36
f 69//37 70//37 66//37 65//37
f 67//38 71//38 69//38 65//38
f 72//39 68//39 66//39 70//39
f 73//40 74//40 76//40 75//40
f 75//41 76//41 80//41 79//41
f 79//42 80//42 78//42 77//42
f 77//43 78//43 74//43 73//43
f 75//38 79//38 77//38 73//38
f 80//39 76//39 74//39 78//39
f 81//44 82//44 84//44 83//44
f 83//45 84//45 88//45 87//45
f 87//46 88//46 86//46 85//46
f 85//47 86//47 82//47 81//47
f 83//38 87//38 85//38 81//38
f 88//39 84//39 82//39 86//39
f 89//48 90//48 92//48 91//48
f 91//49 92//49 96//49 95//49
f 95//50 96//50 94//50 93//50
f 93//51 94//51 90//51 89//51
f 91//38 95//38 93//38 89//38
f 96//39 92//39 90//39 94//39
f 97//52 98//52 100//52 99//52
f 99//53 100//53 104//53 103//53
f 103//54 104//54 102//54 101//54
f 101//55 102//55 98//55 97//55
f 99//38 103//38 101//38 97//38
f 104//39 100//39 98//39 102//39
f 105//56 106//56 108//56 107//56
f 107//57 108//57 112//57 111//57
f 111//58 112//58 110//58 109//58
f 109//59 110//59 106//59 105//59
f 107//38 111//38 109//38 105//38
f 112//39 108//39 106//39 110//39
f 113//60 114//60 116//60 115//60
f 115//61 116//61 120//61 119//61
f 119//62 120//62 118//62 117//62
f 117//63 118//63 114//63 113//63
f 115//38 119//38 117//38 113//38
f 120//39 116//39 114//39 118//39
f 121//64 122//64 124//64 123//64
f 123//65 124//65 128//65 127//65
f 127//66 128//66 126//66 125//66
f 125//67 126//67 122//67 121//67
f 123//38 127//38 125//38 121//38
f 128//39 124//39 122//39 126//39
f 129//68 130//68 132//68 131//68
f 131//69 132//69 136//69 135//69
f 135//70 136//70 134//70 133//70
f 133//71 134//71 130//71 129//71
f 131//38 135//38 133//38 129//38
f 136//39 132//39 130//39 134//39
f 137//72 138//72 140//72 139//72
f 139//73 140//73 144//73 143//73
f 143//74 144//74 142//74 141//74
f 141//75 142//75 138//75 137//75
f 139//38 143//38 141//38 137//38
f 144//39 140//39 138//39 142//39
f 145//76 146//76 148//76 147//76
f 147//77 148//77 152//77 151//77
f 151//78 152//78 150//78 149//78
f 149//79 150//79 146//79 145//79
f 147//38 151//38 149//38 145//38
f 152//39 148//39 146//39 150//39
f 153//80 154//80 156//80 155//80
f 155//81 156//81 160//81 159//81
f 159//82 160//82 158//82 157//82
f 157//83 158//83 154//83 153//83
f 155//38 159//38 157//38 153//38
f 160//39 156//39 154//39 158//39
f 161//84 162//84 164//84 163//84
f 163//85 164//85 168//85 167//85
f 167//86 168//86 166//86 165//86
f 165//87 166//87 162//87 161//87
f 163//38 167//38 165//38 161//38
f 168//39 164//39 162//39 166//39
f 169//88 170//88 172//88 171//88
f 171//89 172//89 176//89 175//89
f 175//90 176//90 174//90 173//90
f 173//91 174//91 170//91 169//91
f 171//38 175//38 173//38 169//38
f 176//39 172//39 170//39 174//39
f 177//92 178//92 180//92 179//92
f 179//93 180//93 184//93 183//93
f 183//94 184//94 182//94 181//94
f 181//95 182//95 178//95 177//95
f 179//38 183//38 181//38 177//38
f 184//39 180//39 178//39 182//39
f 185//96 186//96 188//96 187//96
f 187//97 188//97 192//97 191//97
f 191//98 192//98 190//98 189//98
f 189//99 190//99 186//99 185//99
f 187//38 191//38 189//38 185//38
f 192//39 188//39 186//39 190//39
f 193//100 194//100 196//100 195//100
f 195//101 196//101 200//101 199//101
f 199//102 200//102 198//102 197//102
f 197//103 198//103 194//103 193//103
f 195//38 199//38 197//38 193//38
f 200//39 196//39 194//39 198//39
f 201//104 202//104 204//104 203//104
f 203//105 204//105 208//105 207//105
f 207//106 208//106 206//106 205//106
f 205//107 206//107 202//107 201//107
f 203//38 207//38 205//38 201//38
f 208//39 204//39 202//39 206//39
f 209//108 210//108 212//108 211//108
f 211//109 212//109 216//109 215//109
f 215//110 216//110 214//110 213//110
f 213//111 214//111 210//111 209//111
f 211//38 215//38 213//38 209//38
f 216//39 212//39 210//39 214//39
f 217//112 218//112 220//112 219//112
f 219//113 220//113 224//113 223//113
f 223//114 224//114 222//114 221//114
f 221//115 222//115 218//115 217//115
f 219//38 223//38 221//38 217//38
f 224//39 220//39 218//39 222//39
f 225//116 226//116 228//116 227//116
f 227//117 228//117 232//117 231//117
f 231//118 232//118 230//118 229//118
f 229//119 230//119 226//119 225//119
f 227//38 231//38 229//38 225//38
f 232//39 228//39 226//39 230//39
f 233//120 234//120 236//120 235//120
f 235//121 236//121 240//121 239//121
f 239//122 240//122 238//122 237//122
f 237//123 238//123 234//123 233//123
f 235//38 239//38 237//38 233//38
f 240//39 236//39 234//39 238//39
f 241//124 242//124 244//124 243//124
f 243//125 244//125 248//125 247//125
f 247//126 248//126 246//126 245//126
f 245//127 246//127 242//127 241//127
f 243//38 247//38 245//38 241//38
f 248//39 244//39 242//39 246//39
f 249//128 250//128 252//128 251//128
f 251//129 252//129 256//129 255//129
f 255//130 256//130 254//130 253//130
f 253//131 254//131 250//131 249//131
f 251//38 255//38 253//38 249//38
f 256//39 252//39 250//39 254//39
f 257//132 258//132 260//132 259//132
f 259//133 260//133 264//133 263//133
f 263//134 264//134 262//134 261//134
f 261//135 262//135 258//135 257//135
f 259//38 263//38 261//38 257//38
f 264//39 260//39 258//39 262//39
f 265//136 266//136 268//136 267//136
f 267//137 268//137 272//137 271//137
f 271//138 272//138 270//138 269//138
f 269//139 270//139 266//139 265//139
f 267//38 271//38 269//38 265//38
f 272//39 268//39 266//39 270//39
f 273//140 274//140 276//140 275//140
f 275//141 276//141 280//141 279//141
f 279//142 280//142 278//142 277//142
f 277//143 278//143 274//143 273//143
f 275//38 279//38 277//38 273//38
f 280//39 276//39 274//39 278//39
f 281//144 282//144 284//144 283//144
f 283//145 284//145 288//145 287//145
f 287//146 288//146 286//146 285//146
f 285//147 286//147 282//147 281//147
f 283//38 287//38 285//38 281//38
f 288//39 284//39 282//39 286//39
f 289//148 290//148 292//148 291//148
f 291//149 292//149 296//149 295//149
f 295//150 296//150 294//150 293//150
f 293//151 294//151 290//151 289//151
f 291//38 295//38 293//38 289//38
f 296//39 292//39 290//39 294//39
f 297//152 298//152 300//152 299//152
f 299//153 300//153 304//153 303//153
f 303//154 304//154 302//154 301//154
f 301//155 302//155 298//155 297//155
f 299//38 303//38 301//38 297//38
f 304//39 300//39 298//39 302//39
f 305//156 306//156 308//156 307//156
f 307//157 308//157 312//157 311//157
f 311//158 312//158 310//158 309//158
f 309//159 310//159 306//159 305//159
f 307//38 311//38 309//38 305//38
f 312//39 308//39 306//39 310//39
f 313//160 314//160 316//160 315//160
f 315//161 316//161 320//161 319//161
f 319//162 320//162 318//162 317//162
f 317//163 318//163 314//163 313//163
f 315//38 319//38 317//38 313//38
f 320//39 316//39 314//39 318//39
f 321//164 322//164 324//164 323//164
f 323//165 324//165 328//165 327//165
f 327//166 328//166 326//166 325//166
f 325//167 326//167 322//167 321//167
f 323//38 327//38 325//38 321//38
f 328//39 324//39 322//39 326//39
f 329//168 330//168 332//168 331//168
f 331//169 332//169 336//169 335//169
f 335//170 336//170 334//170 333//170
f 333//171 334//171 330//171 329//171
f 331//38 335//38 333//38 329//38
f 336//39 332//39 330//39 334//39
f 337//172 338//172 340//172 339//172
f 339//173 340//173 344//173 343//173
f 343//174 344//174 342//174 341//174
f 341//175 342//175 338//175 337//175
f 339//38 343//38 341//38 337//38
f 344//39 340//39 338//39 342//39
f 345//176 346//176 348//176 347//176
f 347//177 348//177 352//177 351//177
f 351//178 352//178 350//178 349//178
f 349//179 350//179 346//179 345//179
f 347//38 351//38 349//38 345//38
f 352//39 348//39 346//39 350//39
f 353//180 354//180 356//180 355//180
f 355//181 356//181 360//181 359//181
f 359//182 360//182 358//182 357//182
f 357//183 358//183 354//183 353//183
f 355//38 359//38 357//38 353//38
f 360//39 356//39 354//39 358//39
f 361//184 362//184 364//184 363//184
f 363//185 364//185 368//185 367//185
f 367//186 368//186 366//186 365//186
f 365//187 366//187 362//187 361//187
f 363//38 367//38 365//38 361//38
f 368//39 364//39 362//39 366//39
f 369//188 370//188 372//188 371//188
f 371//189 372//189 376//189 375//189
f 375//190 376//190 374//190 373//190
f 373//191 374//191 370//191 369//191
f 371//38 375//38 373//38 369//38
f 376//39 372//39 370//39 374//39
f 377//192 378//192 380//192 379//192
f 379//193 380//193 384//193 383//193
f 383//194 384//194 382//194 381//194
f 381//195 382//195 378//195 377//195
f 379//38 383//38 381//38 377//38
f 384//39 380//39 378//39 382//39
f 385//196 386//196 388//196 387//196
f 387//197 388//197 392//197 391//197
f 391//198 392//198 390//198 389//198
f 389//199 390//199 386//199 385//199
f 387//38 391//38 389//38 385//38
f 392//39 388//39 386//39 390//39
f 393//200 394//200 396//200 395//200
f 395//201 396//201 400//201 399//201
f 399//202 400//202 398//202 397//202
f 397//203 398//203 394//203 393//203
f 395//38 399//38 397//38 393//38
f 400//39 396//39 394//39 398//39
f 401//204 402//204 404//204 403//204
f 403//205 404//205 408//205 407//205
f 407//206 408//206 406//206 405//206
f 405//207 406//207 402//207 401//207
f 403//38 407//38 405//38 401//38
f 408//39 404//39 402//39 406//39
f 409//208 410//208 412//208 411//208
f 411//209 412//209 416//209 415//209
f 415//210 416//210 414//210 413//210
f 413//211 414//211 410//211 409//211
f 411//38 415//38 413//38 409//38
f 416//39 412//39 410//39 414//39
f 417//212 418//212 420//212 419//212
f 419//213 420//213 424//213 423//213
f 423//214 424//214 422//214 421//214
f 421//215 422//215 418//215 417//215
f 419//38 423//38 421//38 417//38
f 424//39 420//39 418//39 422//39
f 425//216 426//216 428//216 427//216
f 427//217 428//217 432//217 431//217
f 431//218 432//218 430//218 429//218
f 429//219 430//219 426//219 425//219
f 427//38 431//38 429//38 425//38
f 432//39 428//39 426//39 430//39
f 433//220 434//220 436//220 435//220
f 435//221 436//221 440//221 439//221
f 439//222 440//222 438//222 437//222
f 437//223 438//223 434//223 433//223
f 435//38 439//38 437//38 433//38
f 440//39 436//39 434//39 438//39
f 441//224 442//224 444//224 443//224
f 443//225 444//225 448//225 447//225
f 447//226 448//226 446//226 445//226
f 445//227 446//227 442//227 441//227
f 443//38 447//38 445//38 441//38
f 448//39 444//39 442//39 446//39
f 449//228 450//228 452//228 451//228
f 451//229 452//229 456//229 455//229
f 455//230 456//230 454//230 453//230
f 453//231 454//231 450//231 449//231
f 451//38 455//38 453//38 449//38
f 456//39 452//39 450//39 454//39
f 457//232 458//232 460//232 459//232
f 459//233 460//233 464//233 463//233
f 463//234 464//234 462//234 461//234
f 461//235 462//235 458//235 457//235
f 459//38 463//38 461//38 457//38
f 464//39 460//39 458//39 462//39
f 465//236 466//236 468//236 467//236
f 467//237 468//237 472//237 471//237
f 471//238 472//238 470//238 469//238
f 469//239 470//239 466//239 465//239
f 467//38 471//38 469//38 465//38
f 472//39 468//39 466//39 470//39
f 473//240 474//240 476//240 475//240
f 475//241 476//241 480//241 479//241
f 479//242 480//242 478//242 477//242
f 477//243 478//243 474//243 473//243
f 475//38 479//38 477//38 473//38
f 480//39 476//39 474//39 478//39
f 481//244 482//244 484//244 483//244
f 483//245 484//245 488//245 487//245
f 487//246 488//246 486//246 485//246
f 485//247 486//247 482//247 481//247
f 483//38 487//38 485//38 481//38
f 488//39 484//39 482//39 486//39
f 489//248 490//248 492//248 491//248
f 491//249 492//249 496//249 495//249
f 495//250 496//250 494//250 493//250
f 493//251 494//251 490//251 489//251
f 491//38 495//38 493//38 489//38
f 496//39 492//39 490//39 494//39
f 497//252 498//252 500//252 499//252
f 499//253 500//253 504//253 503//253
f 503//254 504//254 502//254 501//254
f 501//255 502//255 498//255 497//255
f 499//38 503//38 501//38 497//38
f 504//39 500//39 498//39 502//39
f 505//256 506//256 508//256 507//256
f 507//257 508//257 512//257 511//257
f 511//258 512//258 510//258 509//258
f 509//259 510//259 506//259 505//259
f 507//38 511//38 509//38 505//38
f 512//39 508//39 506//39 510//39
f 513//260 514//260 516//260 515//260
f 515//261 516//261 520//261 519//261
f 519//262 520//262 518//262 517//262
f 517//263 518//263 514//263 513//263
f 515//38 519//38 517//38 513//38
f 520//39 516//39 514//39 518//39
f 521//264 522//264 524//264 523//264
f 523//265 524//265 528//265 527//265
f 527//266 528//266 526//266 525//266
f 525//267 526//267 522//267 521//267
f 523//38 527//38 525//38 521//38
f 528//39 524//39 522//39 526//39
f 529//268 530//268 532//268 531//268
f 531//269 532//269 536//269 535//269
f 535//270 536//270 534//270 533//270
f 533//271 534//271 530//271 529//271
f 531//38 535//38 533//38 529//38
f 536//39 532//39 530//39 534//39
f 537//272 538//272 540//272 539//272
f 539//273 540//273 544//273 543//273
f 543//274 544//274 542//274 541//274
f 541//275 542//275 538//275 537//275
f 539//38 543//38 541//38 537//38
f 544//39 540//39 538//39 542//39
f 545//276 546//276 548//276 547//276
f 547//277 548//277 552//277 551//277
f 551//278 552//278 550//278 549//278
f 549//279 550//279 546//279 545//279
f 547//38 551//38 549//38 545//38
f 552//39 548//39 546//39 550//39
f 553//280 554//280 556//280 555//280
f 555//281 556//281 560//281 559//281
f 559//282 560//282 558//282 557//282
f 557//283 558//283 554//283 553//283
f 555//38 559//38 557//38 553//38
f 560//39 556//39 554//39 558//39
f 561//284 562//284 564//284 563//284
f 563//285 564//285 568//285 567//285
f 567//286 568//286 566//286 565//286
f 565//287 566//287 562//287 561//287
f 563//38 567//38 565//38 561//38
f 568//39 564//39 562//39 566//39
f 569//288 570//288 572//288 571//288
f 571//289 572//289 576//289 575//289
f 575//290 576//290 574//290 573//290
f 573//291 574//291 570//291 569//291
f 571//38 575//38 573//38 569//38
f 576//39 572//39 570//39 574//39
f 577//292 578//292 580//292 579//292
f 579//293 580//293 584//293 583//293
f 583//294 584//294 582//294 581//294
f 581//295 582//295 578//295 577//295
f 579//38 583//38 581//38 577//38
f 584//39 580//39 578//39 582//39
f 585//296 586//296 588//296 587//296
f 587//297 588//297 592//297 591//297
f 591//298 592//298 590//298 589//298
f 589//299 590//299 586//299 585//299
f 587//38 591//38 589//38 585//38
f 592//39 588//39 586//39 590//39
f 593//300 594//300 596//300 595//300
f 595//301 596//301 600//301 599//301
f 599//302 600//302 598//302 597//302
f 597//303 598//303 594//303 593//303
f 595//38 599//38 597//38 593//38
f 600//39 596//39 594//39 598//39
f 601//304 602//304 604//304 603//304
f 603//305 604//305 608//305 607//305
f 607//306 608//306 606//306 605//306
f 605//307 606//307 602//307 601//307
f 603//38 607//38 605//38 601//38
f 608//39 604//39 602//39 606//39
f 609//308 610//308 612//308 611//308
f 611//309 612//309 616//309 615//309
f 615//310 616//310 614//310 613//310
f 613//311 614//311 610//311 609//311
f 611//38 615//38 613//38 609//38
f 616//39 612//39 610//39 614//39
f 617//312 618//312 620//312 619//312
f 619//313 620//313 624//313 623//313
f 623//314 624//314 622//314 621//314
f 621//315 622//315 618//315 617//315
f 619//38 623//38 621//38 617//38
f 624//39 620//39 618//39 622//39
f 625//316 626//316 628//316 627//316
f 627//317 628//317 632//317 631//317
f 631//318 632//318 630//318 629//318
f 629//319 630//319 626//319 625//319
f 627//38 631//38 629//38 625//38
f 632//39 628//39 626//39 630//39
f 633//320 634//320 636//320 635//320
f 635//321 636//321 640//321 639//321
f 639//322 640//322 638//322 637//322
f 637//323 638//323 634//323 633//323
f 635//38 639//38 637//38 633//38
f 640//39 636//39 634//39 638//39
f 641//324 642//324 644//324 643//324
f 643//325 644//325 648//325 647//325
f 647//326 648//326 646//326 645//326
f 645//327 646//327 642//327 641//327
f 643//38 647//38 645//38 641//38
f 648//39 644//39 642//39 646//39
f 649//328 650//328 652//328 651//328
f 651//329 652//329 656//329 655//329
f 655//330 656//330 654//330 653//330
f 653//331 654//331 650//331 649//331
f 651//38 655//38 653//38 649//38
f 656//39 652//39 650//39 654//39
f 657//332 658//332 660//332 659//332
f 659//333 660//333 664//333 663//333
f 663//334 664//334 662//334 661//334
f 661//335 662//335 658//335 657//335
f 659//38 663//38 661//38 657//38
f 664//39 660//39 658//39 662//39
f 665//336 666//336 668//336 667//336
f 667//337 668//337 672//337 671//337
f 671//338 672//338 670//338 669//338
f 669//339 670//339 666//339 665//339
f 667//38 671//38 669//38 665//38
f 672//39 668//39 666//39 670//39
f 673//340 674//340 676//340 675//340
f 675//341 676//341 680//341 679//341
f 679//342 680//342 678//342 677//342
f 677//343 678//343 674//343 673//343
f 675//38 679//38 677//38 673//38
f 680//39 676//39 674//39 678//39
f 681//344 682//344 684//344 683//344
f 683//345 684//345 688//345 687//345
f 687//346 688//346 686//346 685//346
f 685//347 686//347 682//347 681//347
f 683//38 687//38 685//38 681//38
f 688//39 684//39 682//39 686//39
f 689//348 690//348 692//348 691//348
f 691//349 692//349 696//349 695//349
f 695//350 696//350 694//350 693//350
f 693//351 694//351 690//351 689//351
f 691//38 695//38 693//38 689//38
f 696//39 692//39 690//39 694//39
f 697//352 698//352 700//352 699//352
f 699//353 700//353 704//353 703//353
f 703//354 704//354 702//354 701//354
f 701//355 702//355 698//355 697//355
f 699//38 703//38 701//38 697//38
f 704//39 700//39 698//39 702//39
f 705//356 706//356 708//356 707//356
f 707//357 708//357 712//357 711//357
f 711//358 712//358 710//358 709//358
f 709//359 710//359 706//359 705//359
f 707//38 711//38 709//38 705//38
f 712//39 708//39 706//39 710//39
f 713//360 714//360 716//360 715//360
f 715//361 716//361 720//361 719//361
f 719//362 720//362 718//362 717//362
f 717//363 718//363 714//363 713//363
f 715//38 719//38 717//38 713//38
f 720//39 716//39 714//39 718//39
f 721//364 722//364 724//364 723//364
f 723//365 724//365 728//365 727//365
f 727//366 728//366 726//366 725//366
f 725//367 726//367 722//367 721//367
f 723//38 727//38 725//38 721//38
f 728//39 724//39 722//39 726//39
f 729//368 730//368 732//368 731//368
f 731//369 732//369 736//369 735//369
f 735//370 736//370 734//370 733//370
f 733//371 734//371 730//371 729//371
f 731//38 735//38 733//38 729//38
f 736//39 732//39 730//39 734//39
f 737//372 738//372 740//372 739//372
f 739//373 740//373 744//373 743//373
f 743//374 744//374 742//374 741//374
f 741//375 742//375 738//375 737//375
f 739//38 743//38 741//38 737//38
f 744//39 740//39 738//39 742//39
f 745//376 746//376 748//376 747//376
f 747//377 748//377 752//377 751//377
f 751//378 752//378 750//378 749//378
f 749//379 750//379 746//379 745//379
f 747//38 751//38 749//38 745//38
f 752//39 748//39 746//39 750//39
f 753//380 754//380 756//380 755//380
f 755//381 756//381 760//381 759//381
f 759//382 760//382 758//382 757//382
f 757//383 758//383 754//383 753//383
f 755//38 759//38 757//38 753//38
f 760//39 756//39 754//39 758//39
f 761//384 762//384 764//384 763//384
f 763//385 764//385 768//385 767//385
f 767//386 768//386 766//386 765//386
f 765//387 766//387 762//387 761//387
f 763//38 767//38 765//38 761//38
f 768//39 764//39 762//39 766//39
f 769//388 770//388 772//388 771//388
f 771//389 772//389 776//389 775//389
f 775//390 776//390 774//390 773//390
f 773//391 774//391 770//391 769//391
f 771//38 775//38 773//38 769//38
f 776//39 772//39 770//39 774//39
f 777//392 778//392 780//392 779//392
f 779//393 780//393 784//393 783//393
f 783//394 784//394 782//394 781//394
f 781//395 782//395 778//395 777//395
f 779//38 783//38 781//38 777//38
f 784//39 780//39 778//39 782//39
f 785//396 786//396 788//396 787//396
f 787//397 788//397 792//397 791//397
f 791//398 792//398 790//398 789//398
f 789//399 790//399 786//399 785//399
f 787//38 791//38 789//38 785//38
f 792//39 788//39 786//39 790//39
f 793//400 794//400 796//400 795//400
f 795//401 796//401 800//401 799//401
f 799//402 800//402 798//402 797//402
f 797//403 798//403 794//403 793//403
f 795//38 799//38 797//38 793//38
f 800//39 796//39 794//39 798//39
f 801//404 802//404 804//404 803//404
f 803//405 804//405 808//405 807//405
f 807//406 808//406 806//406 805//406
f 805//407 806//407 802//407 801//407
f 803//38 807//38 805//38 801//38
f 808//39 804//39 802//39 806//39
f 809//408 810//408 812//408 811//408
f 811//409 812//409 816//409 815//409
f 815//410 816//410 814//410 813//410
f 813//411 814//411 810//411 809//411
f 811//38 815//38 813//38 809//38
f 816//39 812//39 810//39 814//39
f 817//412 818//412 820//412 819//412
f 819//413 820//413 824//413 823//413
f 823//414 824//414 822//414 821//414
f 821//415 822//415 818//415 817//415
f 819//38 823//38 821//38 817//38
f 824//39 820//39 818//39 822//39
f 825//416 826//416 828//416 827//416
f 827//417 828//417 832//417 831//417
f 831//418 832//418 830//418 829//418
f 829//419 830//419 826//419 825//419
f 827//38 831//38 829//38 825//38
f 832//39 828//39 826//39 830//39
f 833//420 834//420 836//420 835//420
f 835//421 836//421 840//421 839//421
f 839//422 840//422 838//422 837//422
f 837//423 838//423 834//423 833//423
f 835//38 839//38 837//38 833//38
f 840//39 836//39 834//39 838//39
f 841//424 842//424 844//424 843//424
f 843//425 844//425 848//425 847//425
f 847//426 848//426 846//426 845//426
f 845//427 846//427 842//427 841//427
f 843//38 847//38 845//38 841//38
f 848//39 844//39 842//39 846//39
f 849//428 850//428 852//428 851//428
f 851//429 852//429 856//429 855//429
f 855//430 856//430 854//430 853//430
f 853//431 854//431 850//431 849//431
f 851//38 855//38 853//38 849//38
f 856//39 852//39 850//39 854//39
f 857//432 858//432 860//432 859//432
f 859//433 860//433 864//433 863//433
f 863//434 864//434 862//434 861//434
f 861//435 862//435 858//435 857//435
f 859//38 863//38 861//38 857//38
f 864//39 860//39 858//39 862//39
f 865//436 866//436 868//436 867//436
f 867//437 868//437 872//437 871//437
f 871//438 872//438 870//438 869//438
f 869//439 870//439 866//439 865//439
f 867//38 871//38 869//38 865//38
f 872//39 868//39 866//39 870//39
f 873//440 874//440 876//440 875//440
f 875//441 876//441 880//441 879//441
f 879//442 880//442 878//442 877//442
f 877//443 878//443 874//443 873//443
f 875//38 879//38 877//38 873//38
f 880//39 876//39 874//39 878//39
f 881//444 882//444 884//444 883//444
f 883//445 884//445 888//445 887//445
f 887//446 888//446 886//446 885//446
f 885//447 886//447 882//447 881//447
f 883//38 887//38 885//38 881//38
f 888//39 884//39 882//39 886//39
f 889//448 890//448 892//448 891//448
f 891//449 892//449 896//449 895//449
f 895//450 896//450 894//450 893//450
f 893//451 894//451 890//451 889//451
f 891//38 895//38 893//38 889//38
f 896//39 892//39 890//39 894//39
f 897//452 898//452 900//452 899//452
f 899//453 900//453 904//453 903//453
f 903//454 904//454 902//454 901//454
f 901//455 902//455 898//455 897//455
f 899//38 903//38 901//38 897//38
f 904//39 900//39 898//39 902//39
f 905//456 906//456 908//456 907//456
f 907//457 908//457 912//457 911//457
f 911//458 912//458 910//458 909//458
f 909//459 910//459 906//459 905//459
f 907//38 911//38 909//38 905//38
f 912//39 908//39 906//39 910//39
f 913//460 914//460 916//460 915//460
f 915//461 916//461 920//461 919//461
f 919//462 920//462 918//462 917//462
f 917//463 918//463 914//463 913//463
f 915//38 919//38 917//38 913//38
f 920//39 916//39 914//39 918//39
f 921//464 922//464 924//464 923//464
f 923//465 924//465 928//465 927//465
f 927//466 928//466 926//466 925//466
f 925//467 926//467 922//467 921//467
f 923//38 927//38 925//38 921//38
f 928//39 924//39 922//39 926//39
f 929//468 930//468 932//468 931//468
f 931//469 932//469 936//469 935//469
f 935//470 936//470 934//470 933//470
f 933//471 934//471 930//471 929//471
f 931//38 935//38 933//38 929//38
f 936//39 932//39 930//39 934//39
f 937//472 938//472 940//472 939//472
f 939//473 940//473 944//473 943//473
f 943//474 944//474 942//474 941//474
f 941//475 942//475 938//475 937//475
f 939//38 943//38 941//38 937//38
f 944//39 940//39 938//39 942//39
f 945//476 946//476 948//476 947//476
f 947//477 948//477 952//477 951//477
f 951//478 952//478 950//478 949//478
f 949//479 950//479 946//479 945//479
f 947//38 951//38 949//38 945//38
f 952//39 948//39 946//39 950//39
f 953//480 954//480 956//480 955//480
f 955//481 956//481 960//481 959//481
f 959//482 960//482 958//482 957//482
f 957//483 958//483 954//483 953//483
f 955//38 959//38 957//38 953//38
f 960//39 956//39 954//39 958//39
f 961//484 962//484 964//484 963//484
f 963//485 964//485 968//485 967//485
f 967//486 968//486 966//486 965//486
f 965//487 966//487 962//487 961//487
f 963//38 967//38 965//38 961//38
f 968//39 964//39 962//39 966//39
f 969//488 970//488 972//488 971//488
f 971//489 972//489 976//489 975//489
f 975//490 976//490 974//490 973//490
f 973//491 974//491 970//491 969//491
f 971//38 975//38 973//38 969//38
f 976//39 972//39 970//39 974//39
f 977//492 978//492 980//492 979//492
f 979//493 980//493 984//493 983//493
f 983//494 984//494 982//494 981//494
f 981//495 982//495 978//495 977//495
f 979//38 983//38 981//38 977//38
f 984//39 980//39 978//39 982//39
f 985//496 986//496 988//496 987//496
f 987//497 988//497 992//497 991//497
f 991//498 992//498 990//498 989//498
f 989//499 990//499 986//499 985//499
f 987//38 991//38 989//38 985//38
f 992//39 988//39 986//39 990//39
f 993//500 994//500 996//500 995//500
f 995//501 996//501 1000//501 999//501
f 999//502 1000//502 998//502 997//502
f 997//503 998//503 994//503 993//503
f 995//38 999//38 997//38 993//38
f 1000//39 996//39 994//39 998//39
f 1001//504 1002//504 1004//504 1003//504
f 1003//505 1004//505 1008//505 1007//505
f 1007//506 1008//506 1006//506 1005//506
f 1005//507 1006//507 1002//507 1001//507
f 1003//38 1007//38 1005//38 1001//38
f 1008//39 1004//39 1002//39 1006//39
f 1009//508 1010//508 1012//508 1011//508
f 1011//509 1012//509 1016//509 1015//509
f 1015//510 1016//510 1014//510 1013//510
f 1013//511 1014//511 1010//511 1009//511
f 1011//38 1015//38 1013//38 1009//38
f 1016//39 1012//39 1010//39 1014//39
f 1017//512 1018//512 1020//512 1019//512
f 1019//513 1020//513 1024//513 1023//513
f 1023//514 1024//514 1022//514 1021//514
f 1021//515 1022//515 1018//515 1017//515
f 1019//38 1023//38 1021//38 1017//38
f 1024//39 1020//39 1018//39 1022//39
f 1025//516 1026//516 1028//516 1027//516
f 1027//517 1028//517 1032//517 1031//517
f 1031//518 1032//518 1030//518 1029//518
f 1029//519 1030//519 1026//519 1025//519
f 1027//38 1031//38 1029//38 1025//38
f 1032//39 1028//39 1026//39 1030//39
f 1033//520 1034//520 1036//520 1035//520
f 1035//521 1036//521 1040//521 1039//521
f 1039//522 1040//522 1038//522 1037//522
f 1037//523 1038//523 1034//523 1033//523
f 1035//38 1039//38 1037//38 1033//38
f 1040//39 1036//39 1034//39 1038//39
f 1041//524 1042//524 1044//524 1043//524
f 1043//525 1044//525 1048//525 1047//525
f 1047//526 1048//526 1046//526 1045//526
f 1045//527 1046//527 1042//527 1041//527
f 1043//38 1047//38 1045//38 1041//38
f 1048//39 1044//39 1042//39 1046//39
f 1049//528 1050//528 1052//528 1051//528
f 1051//529 1052//529 1056//529 1055//529
f 1055//530 1056//530 1054//530 1053//530
f 1053//531 1054//531 1050//531 1049//531
f 1051//38 1055//38 1053//38 1049//38
f 1056//39 1052//39 1050//39 1054//39
f 1057//532 1058//532 1060//532 1059//532
f 1059//533 1060//533 1064//533 1063//533
f 1063//534 1064//534 1062//534 1061//534
f 1061//535 1062//535 1058//535 1057//535
f 1059//38 1063//38 1061//38 1057//38
f 1064//39 1060//39 1058//39 1062//39
f 1065//536 1066//536 1068//536 1067//536
f 1067//537 1068//537 1072//537 1071//537
f 1071//538 1072//538 1070//538 1069//538
f 1069//539 1070//539 1066//539 1065//539
f 1067//38 1071//38 1069//38 1065//38
f 1072//39 1068//39 1066//39 1070//39
f 1073//540 1074//540 1076//540 1075//540
f 1075//541 1076//541 1080//541 1079//541
f 1079//542 1080//542 1078//542 1077//542
f 1077//543 1078//543 1074//543 1073//543
f 1075//38 1079//38 1077//38 1073//38
f 1080//39 1076//39 1074//39 1078//39
f 1081//544 1082//544 1084//544 1083//544
f 1083//545 1084//545 1088//545 1087//545
f 1087//546 1088//546 1086//546 1085//546
f 1085//547 1086//547 1082//547 1081//547
f 1083//38 1087//38 1085//38 1081//38
f 1088//39 1084//39 1082//39 1086//39
f 1089//548 1090//548 1092//548 1091//548
f 1091//549 1092//549 1096//549 1095//549
f 1095//550 1096//550 1094//550 1093//550
f 1093//551 1094//551 1090//551 1089//551
f 1091//38 1095//38 1093//38 1089//38
f 1096//39 1092//39 1090//39 1094//39
f 1097//552 1098//552 1100//552 1099//552
f 1099//553 1100//553 1104//553 1103//553
f 1103//554 1104//554 1102//554 1101//554
f 1101//555 1102//555 1098//555 1097//555
f 1099//38 1103//38 1101//38 1097//38
f 1104//39 1100//39 1098//39 1102//39
f 1105//556 1106//556 1108//556 1107//556
f 1107//557 1108//557 1112//557 1111//557
f 1111//558 1112//558 1110//558 1109//558
f 1109//559 1110//559 1106//559 1105//559
f 1107//38 1111//38 1109//38 1105//38
f 1112//39 1108//39 1106//39 1110//39
f 1113//560 1114//560 1116//560 1115//560
f 1115//561 1116//561 1120//561 1119//561
f 1119//562 1120//562 1118//562 1117//562
f 1117//563 1118//563 1114//563 1113//563
f 1115//38 1119//38 1117//38 1113//38
f 1120//39 1116//39 1114//39 1118//39
f 1121//564 1122//564 1124//564 1123//564
f 1123//565 1124//565 1128//565 1127//565
f 1127//566 1128//566 1126//566 1125//566
f 1125//567 1126//567 1122//567 1121//567
f 1123//38 1127//38 1125//38 1121//38
f 1128//39 1124//39 1122//39 1126//39
f 1129//568 1130//568 1132//568 1131//568
f 1131//569 1132//569 1136//569 1135//569
f 1135//570 1136//570 1134//570 1133//570
f 1133//571 1134//571 1130//571 1129//571
f 1131//38 1135//38 1133//38 1129//38
f 1136//39 1132//39 1130//39 1134//39
f 1137//572 1138//572 1140//572 1139//572
f 1139//573 1140//573 1144//573 1143//573
f 1143//574 1144//574 1142//574 1141//574
f 1141//575 1142//575 1138//575 1137//575
f 1139//38 1143//38 1141//38 1137//38
f 1144//39 1140//39 1138//39 1142//39
f 1145//576 1146//576 1148//576 1147//576
f 1147//577 1148//577 1152//577 1151//577
f 1151//578 1152//578 1150//578 1149//578
f 1149//579 1150//579 1146//579 1145//579
f 1147//38 1151//38 1149//38 1145//38
f 1152//39 1148//39 1146//39 1150//39
f 1153//580 1154//580 1156//580 1155//580
f 1155//581 1156//581 1160//581 1159//581
f 1159//582 1160//582 1158//582 1157//582
f 1157//583 1158//583 1154//583 1153//583
f 1155//38 1159//38 1157//38 1153//38
f 1160//39 1156//39 1154//39 1158//39
f 1161//584 1162//584 1164//584 1163//584
f 1163//585 1164//585 1168//585 1167//585
f 1167//586 1168//586 1166//586 1165//586
f 1165//587 1166//587 1162//587 1161//587
f 1163//38 1167//38 1165//38 1161//38
f 1168//39 1164//39 1162//39 1166//39
f 1169//588 1170//588 1172//588 1171//588
f 1171//589 1172//589 1176//589 1175//589
f 1175//590 1176//590 1174//590 1173//590
f 1173//591 1174//591 1170//591 1169//591
f 1171//38 1175//38 1173//38 1169//38
f 1176//39 1172//39 1170//39 1174//39
f 1177//592 1178//592 1180//592 1179//592
f 1179//593 1180//593 1184//593 1183//593
f 1183//594 1184//594 1182//594 1181//594
f 1181//595 1182//595 1178//595 1177//595
f 1179//38 1183//38 1181//38 1177//38
f 1184//39 1180//39 1178//39 1182//39
f 1185//596 1186//596 1188//596 1187//596
f 1187//597 1188//597 1192//597 1191//597
f 1191//598 1192//598 1190//598 1189//598
f 1189//599 1190//599 1186//599 1185//599
f 1187//38 1191//38 1189//38 1185//38
f 1192//39 1188//39 1186//39 1190//39
f 1193//600 1194//600 1196//600 1195//600
f 1195//601 1196//601 1200//601 1199//601
f 1199//602 1200//602 1198//602 1197//602
f 1197//603 1198//603 1194//603 1193//603
f 1195//38 1199//38 1197//38 1193//38
f 1200//39 1196//39 1194//39 1198//39
f 1201//604 1202//604 1204//604 1203//604
f 1203//605 1204//605 1208//605 1207//605
f 1207//606 1208//606 1206//606 1205//606
f 1205//607 1206//607 1202//607 1201//607
f 1203//38 1207//38 1205//38 1201//38
f 1208//39 1204//39 1202//39 1206//39
f 1209//608 1210//608 1212//608 1211//608
f 1211//609 1212//609 1216//609 1215//609
f 1215//610 1216//610 1214//610 1213//610
f 1213//611 1214//611 1210//611 1209//611
f 1211//38 1215//38 1213//38 1209//38
f 1216//39 1212//39 1210//39 1214//39
f 1217//612 1218//612 1220//612 1219//612
f 1219//613 1220//613 1224//613 1223//613
f 1223//614 1224//614 1222//614 1221//614
f 1221//615 1222//615 1218//615 1217//615
f 1219//38 1223//38 1221//38 1217//38
f 1224//39 1220//39 1218//39 1222//39
f 1225//616 1226//616 1228//616 1227//616
f 1227//617 1228//617 1232//617 1231//617
f 1231//618 1232//618 1230//618 1229//618
f 1229//619 1230//619 1226//619 1225//619
f 1227//38 1231//38 1229//38 1225//38
f 1232//39 1228//39 1226//39 1230//39
f 1233//620 1234//620 1236//620 1235//620
f 1235//621 1236//621 1240//621 1239//621
f 1239//622 1240//622 1238//622 1237//622
f 1237//623 1238//623 1234//623 1233//623
f 1235//38 1239//38 1237//38 1233//38
f 1240//39 1236//39 1234//39 1238//39
f 1241//624 1242//624 1244//624 1243//624
f 1243//625 1244//625 1248//625 1247//625
f 1247//626 1248//626 1246//626 1245//626
f 1245//627 1246//627 1242//627 1241//627
f 1243//38 1247//38 1245//38 1241//38
f 1248//39 1244//39 1242//39 1246//39
f 1249//628 1250//628 1252//628 1251//628
f 1251//629 1252//629 1256//629 1255//629
f 1255//630 1256//630 1254//630 1253//630
f 1253//631 1254//631 1250//631 1249//631
f 1251//38 1255//38 1253//38 1249//38
f 1256//39 1252//39 1250//39 1254//39
f 1257//632 1258//632 1260//632 1259//632
f 1259//633 1260//633 1264//633 1263//633
f 1263//634 1264//634 1262//634 1261//634
f 1261//635 1262//635 1258//635 1257//635
f 1259//38 1263//38 1261//38 1257//38
f 1264//39 1260//39 1258//39 1262//39
f 1265//636 1266//636 1268//636 1267//636
f 1267//637 1268//637 1272//637 1271//637
f 1271//638 1272//638 1270//638 1269//638
f 1269//639 1270//639 1266//639 1265//639
f 1267//38 1271//38 1269//38 1265//38
f 1272//39 1268//39 1266//39 1270//39
f 1273//640 1274//640 1276//640 1275//640
f 1275//641 1276//641 1280//641 1279//641
f 1279//642 1280//642 1278//642 1277//642
f 1277//643 1278//643 1274//643 1273//643
f 1275//38 1279//38 1277//38 1273//38
f 1280//39 1276//39 1274//39 1278//39
f 1281//644 1282//644 1284//644 1283//644
f 1283//645 1284//645 1288//645 1287//645
f 1287//646 1288//646 1286//646 1285//646
f 1285//647 1286//647 1282//647 1281//647
f 1283//38 1287//38 1285//38 1281//38
f 1288//39 1284//39 1282//39 1286//39
f 1289//648 1290//648 1292//648 1291//648
f 1291//649 1292//649 1296//649 1295//649
f 1295//650 1296//650 1294//650 1293//650
f 1293//651 1294//651 1290//651 1289//651
f 1291//38 1295//38 1293//38 1289//38
f 1296//39 1292//39 1290//39 1294//39
o Light1
v 1.023490 20.324526 0.995788
v 1.204392 20.462721 1.127219
v 0.954393 20.462721 1.208450
v 0.799883 20.462723 0.995788
v 0.954393 20.462721 0.783126
v 1.204392 20.462721 0.864357
v 1.092587 20.686331 1.208450
v 0.842588 20.686331 1.127219
v 0.842588 20.686331 0.864357
v 1.092587 20.686331 0.783126
v 1.247097 20.686329 0.995788
v 1.023490 20.824526 0.995788
v 0.982876 20.361862 1.120787
v 1.129821 20.361862 1.073041
v 1.089207 20.443092 1.198041
v 1.236152 20.443092 0.995788
v 1.129821 20.361862 0.918535
v 0.892058 20.361862 0.995788
v 0.851443 20.443092 1.120787
v 0.982876 20.361862 0.870789
v 0.851443 20.443092 0.870789
v 1.089207 20.443092 0.793535
v 1.261254 20.574526 1.073041
v 1.261254 20.574526 0.918535
v 1.023490 20.574526 1.245788
v 1.170436 20.574526 1.198042
v 0.785725 20.574526 1.073041
v 0.876544 20.574526 1.198042
v 0.876544 20.574526 0.793534
v 0.785725 20.574526 0.918535
v 1.170436 20.574526 0.793534
v 1.023490 20.574526 0.745788
v 1.195537 20.705959 1.120787
v 0.957773 20.705959 1.198041
v 0.810828 20.705959 0.995788
v 0.957773 20.705959 0.793535
v 1.195537 20.705959 0.870789
v 1.064104 20.787189 1.120787
v 1.154922 20.787189 0.995788
v 0.917159 20.787189 1.073041
v 0.917159 20.787189 0.918535
v 1.064104 20.787189 0.870789
vn 0.1024 -0.9435 0.3151
vn 0.7002 -0.6617 0.2680
vn -0.2680 -0.9435 0.1947
vn -0.2680 -0.9435 -0.1947
vn 0.1024 -0.9435 -0.3151
vn 0.9050 -0.3304 0.2680
vn 0.0247 -0.3304 0.9435
vn -0.8897 -0.3304 0.3151
vn -0.5746 -0.3304 -0.7488
vn 0.5346 -0.3304 -0.7779
vn 0.8026 -0.1256 0.5831
vn -0.3066 -0.1256 0.9435
vn -0.9921 -0.1256 -0.0000
vn -0.3066 -0.1256 -0.9435
vn 0.8026 -0.1256 -0.5831
vn 0.4089 0.6617 0.6284
vn -0.4713 0.6617 0.5831
vn -0.7002 0.6617 -0.2680
vn 0.0385 0.6617 -0.7488
vn 0.7240 0.6617 -0.1947
vn 0.2680 0.9435 -0.1947
vn 0.4911 0.7947 -0.3568
vn 0.4089 0.6617 -0.6284
vn -0.1024 0.9435 -0.3151
vn -0.1876 0.7947 -0.5773
vn -0.4713 0.6617 -0.5831
vn -0.3313 0.9435 -0.0000
vn -0.6071 0.7947 -0.0000
vn -0.7002 0.6617 0.2680
vn -0.1024 0.9435 0.3151
vn -0.1876 0.7947 0.5773
vn 0.0385 0.6617 0.7488
vn 0.2680 0.9435 0.1947
vn 0.4911 0.7947 0.3568
vn 0.7240 0.6617 0.1947
vn 0.8897 0.3304 -0.3151
vn 0.7947 0.1876 -0.5773
vn 0.5746 0.3304 -0.7488
vn -0.0247 0.3304 -0.9435
vn -0.3035 0.1876 -0.9342
vn -0.5346 0.3304 -0.7779
vn -0.9050 0.3304 -0.2680
vn -0.9822 0.1876 -0.0000
vn -0.9050 0.3304 0.2680
vn -0.5346 0.3304 0.7779
vn -0.3035 0.1876 0.9342
vn -0.0247 0.3304 0.9435
vn 0.5746 0.3304 0.7488
vn 0.7947 0.1876 0.5773
vn 0.8897 0.3304 0.3151
vn 0.3066 0.1256 -0.9435
vn 0.3035 -0.1876 -0.9342
vn 0.0247 -0.3304 -0.9435
vn -0.8026 0.1256 -0.5831
vn -0.7947 -0.1876 -0.5773
vn -0.8897 -0.3304 -0.3151
vn -0.8026 0.1256 0.5831
vn -0.7947 -0.1876 0.5773
vn -0.5746 -0.3304 0.7488
vn 0.3066 0.1256 0.9435
vn 0.3035 -0.1876 0.9342
vn 0.5346 -0.3304 0.7779
vn 0.9921 0.1256 -0.0000
vn 0.9822 -0.1876 -0.0000
vn 0.9050 -0.3304 -0.2680
vn 0.4713 -0.6617 -0.5831
vn 0.1876 -0.7947 -0.5773
vn -0.0385 -0.6617 -0.7488
vn -0.4089 -0.6617 -0.6284
vn -0.4911 -0.7947 -0.3568
vn -0.7240 -0.6617 -0.1947
vn -0.7240 -0.6617 0.1947
vn -0.4911 -0.7947 0.3568
vn -0.4089 -0.6617 0.6284
vn 0.7002 -0.6617 -0.2680
vn 0.6071 -0.7947 -0.0000
vn 0.3313 -0.9435 -0.0000
vn -0.0385 -0.6617 0.7488
vn 0.1876 -0.7947 0.5773
vn 0.4713 -0.6617 0.5831
s 0
f 1297//652 1310//652 1309//652
f 1298//653 1310//653 1312//653
f 1297//654 1309//654 1314//654
f 1297//655 1314//655 1316//655
f 1297//656 1316//656 1313//656
f 1298//657 1312//657 1319//657
f 1299//658 1311//658 1321//658
f 1300//659 1315//659 1323//659
f 1301//660 1317//660 1325//660
f 1302//661 1318//661 1327//661
f 1298//662 1319//662 1322//662
f 1299//663 1321//663 1324//663
f 1300//664 1323//664 1326//664
f 1301//665 1325//665 1328//665
f 1302//666 1327//666 1320//666
f 1303//667 1329//667 1334//667
f 1304//668 1330//668 1336//668
f 1305//669 1331//669 1337//669
f 1306//670 1332//670 1338//670
f 1307//671 1333//671 1335//671
f 1335//672 1338//672 1308//672
f 1335//673 1333//673 1338//673
f 1333//674 1306//674 1338//674
f 1338//675 1337//675 1308//675
f 1338//676 1332//676 1337//676
f 1332//677 1305//677 1337//677
f 1337//678 1336//678 1308//678
f 1337//679 1331//679 1336//679
f 1331//680 1304//680 1336//680
f 1336//681 1334//681 1308//681
f 1336//682 1330//682 1334//682
f 1330//683 1303//683 1334//683
f 1334//684 1335//684 1308//684
f 1334//685 1329//685 1335//685
f 1329//686 1307//686 1335//686
f 1320//687 1333//687 1307//687
f 1320//688 1327//688 1333//688
f 1327//689 1306//689 1333//689
f 1328//690 1332//690 1306//690
f 1328//691 1325//691 1332//691
f 1325//692 1305//692 1332//692
f 1326//693 1331//693 1305//693
f 1326//694 1323//694 1331//694
f 1323//695 1304//695 1331//695
f 1324//696 1330//696 1304//696
f 1324//697 1321//697 1330//697
f 1321//698 1303//698 1330//698
f 1322//699 1329//699 1303//699
f 1322//700 1319//700 1329//700
f 1319//701 1307//701 1329//701
f 1327//702 1328//702 1306//702
f 1327//703 1318//703 1328//703
f 1318//704 1301//704 1328//704
f 1325//705 1326//705 1305//705
f 1325//706 1317//706 1326//706
f 1317//707 1300//707 1326//707
f 1323//708 1324//708 1304//708
f 1323//709 1315//709 1324//709
f 1315//710 1299//710 1324//710
f 1321//711 1322//711 1303//711
f 1321//712 1311//712 1322//712
f 1311//713 1298//713 1322//713
f 1319//714 1320//714 1307//714
f 1319//715 1312//715 1320//715
f 1312//716 1302//716 1320//716
f 1313//717 1318//717 1302//717
f 1313//718 1316//718 1318//718
f 1316//719 1301//719 1318//719
f 1316//720 1317//720 1301//720
f 1316//721 1314//721 1317//721
f 1314//722 1300//722 1317//722
f 1314//723 1315//723 1300//723
f 1314//724 1309//724 1315//724
f 1309//725 1299//725 1315//725
f 1312//726 1313//726 1302//726
f 1312//727 1310//727 1313//727
f 1310//728 1297//728 1313//728
f 1309//729 1311//729 1299//729
f 1309//730 1310//730 1311//730
f 1310//731 1298//731 1311//731
o Light2
v -6.270498 6.315024 2.234803
v -6.089596 6.453219 2.366235
v -6.339595 6.453219 2.447465
v -6.494104 6.453220 2.234803
v -6.339595 6.453219 2.022141
v -6.089596 6.453219 2.103372
v -6.201401 6.676829 2.447465
v -6.451400 6.676829 2.366235
v -6.451400 6.676829 2.103372
v -6.201401 6.676829 2.022141
v -6.046891 6.676828 2.234803
v -6.270498 6.815024 2.234803
v -6.311111 6.352361 2.359802
v -6.164167 6.352361 2.312056
v -6.204781 6.433590 2.437056
v -6.057836 6.433590 2.234803
v -6.164167 6.352361 2.157550
v -6.401930 6.352362 2.234803
v -6.442545 6.433590 2.359802
v -6.311111 6.352361 2.109804
v -6.442545 6.433590 2.109804
v -6.204781 6.433590 2.032550
v -6.032733 6.565024 2.312056
v -6.032733 6.565024 2.157550
v -6.270498 6.565024 2.484803
v -6.123551 6.565024 2.437057
v -6.508262 6.565024 2.312056
v -6.417444 6.565024 2.437057
v -6.417444 6.565024 2.032549
v -6.508262 6.565024 2.157550
v -6.123551 6.565024 2.032549
v -6.270498 6.565024 1.984803
v -6.098451 6.696458 2.359802
v -6.336215 6.696459 2.437056
v -6.483160 6.696458 2.234803
v -6.336215 6.696459 2.032550
v -6.098451 6.696458 2.109804
v -6.229884 6.777688 2.359802
v -6.139065 6.777687 2.234803
v -6.376829 6.777688 2.312056
v -6.376829 6.777688 2.157550
v -6.229884 6.777688 2.109804
vn 0.1024 -0.9435 0.3151
vn 0.7002 -0.6617 0.2680
vn -0.2680 -0.9435 0.1947
vn -0.2680 -0.9435 -0.1947
vn 0.1024 -0.9435 -0.3151
vn 0.9050 -0.3304 0.2680
vn 0.0247 -0.3304 0.9435
vn -0.8897 -0.3304 0.3151
vn -0.5746 -0.3304 -0.7488
vn 0.5346 -0.3304 -0.7779
vn 0.8026 -0.1256 0.5831
vn -0.3066 -0.1256 0.9435
vn -0.9921 -0.1256 -0.0000
vn -0.3066 -0.1256 -0.9435
vn 0.8026 -0.1256 -0.5831
vn 0.4089 0.6617 0.6284
vn -0.4713 0.6617 0.5831
vn -0.7002 0.6617 -0.2680
vn 0.0385 0.6617 -0.7488
vn 0.7240 0.6617 -0.1947
vn 0.2680 0.9435 -0.1947
vn 0.4911 0.7947 -0.3568
vn 0.4089 0.6617 -0.6284
vn -0.1024 0.9435 -0.3151
vn -0.1876 0.7947 -0.5773
vn -0.4713 0.6617 -0.5831
vn -0.3313 0.9435 -0.0000
vn -0.6071 0.7947 -0.0000
vn -0.7002 0.6617 0.2680
vn -0.1024 0.9435 0.3151
vn -0.1876 0.7947 0.5773
vn 0.0385 0.6617 0.7488
vn 0.2680 0.9435 0.1947
vn 0.4911 0.7947 0.3568
vn 0.7240 0.6617 0.1947
vn 0.8897 0.3304 -0.3151
vn 0.7947 0.1876 -0.5773
vn 0.5746 0.3304 -0.7488
vn -0.0247 0.3304 -0.9435
vn -0.3035 0.1876 -0.9342
vn -0.5346 0.3304 -0.7779
vn -0.9050 0.3304 -0.2680
vn -0.9822 0.1876 -0.0000
vn -0.9050 0.3304 0.2680
vn -0.5346 0.3304 0.7779
vn -0.3035 0.1876 0.9342
vn -0.0247 0.3304 0.9435
vn 0.5746 0.3304 0.7488
vn 0.7947 0.1876 0.5773
vn 0.8897 0.3304 0.3151
vn 0.3066 0.1256 -0.9435
vn 0.3035 -0.1876 -0.9342
vn 0.0247 -0.3304 -0.9435
vn -0.8026 0.1256 -0.5831
vn -0.7947 -0.1876 -0.5773
vn -0.8897 -0.3304 -0.3151
vn -0.8026 0.1256 0.5831
vn -0.7947 -0.1876 0.5773
vn -0.5746 -0.3304 0.7488
vn 0.3066 0.1256 0.9435
vn 0.3035 -0.1876 0.9342
vn 0.5346 -0.3304 0.7779
vn 0.9921 0.1256 -0.0000
vn 0.9822 -0.1876 -0.0000
vn 0.9050 -0.3304 -0.2680
vn 0.4713 -0.6617 -0.5831
vn 0.1876 -0.7947 -0.5773
vn -0.0385 -0.6617 -0.7488
vn -0.4089 -0.6617 -0.6284
vn -0.4911 -0.7947 -0.3568
vn -0.7240 -0.6617 -0.1947
vn -0.7240 -0.6617 0.1947
vn -0.4911 -0.7947 0.3568
vn -0.4089 -0.6617 0.6284
vn 0.7002 -0.6617 -0.2680
vn 0.6071 -0.7947 -0.0000
vn 0.3313 -0.9435 -0.0000
vn -0.0385 -0.6617 0.7488
vn 0.1876 -0.7947 0.5773
vn 0.4713 -0.6617 0.5831
s 0
f 1339//732 1352//732 1351//732
f 1340//733 1352//733 1354//733
f 1339//734 1351//734 1356//734
f 1339//735 1356//735 1358//735
f 1339//736 1358//736 1355//736
f 1340//737 1354//737 1361//737
f 1341//738 1353//738 1363//738
f 1342//739 1357//739 1365//739
f 1343//740 1359//740 1367//740
f 1344//741 1360//741 1369//741
f 1340//742 1361//742 1364//742
f 1341//743 1363//743 1366//743
f 1342//744 1365//744 1368//744
f 1343//745 1367//745 1370//745
f 1344//746 1369//746 1362//746
f 1345//747 1371//747 1376//747
f 1346//748 1372//748 1378//748
f 1347//749 1373//749 1379//749
f 1348//750 1374//750 1380//750
f 1349//751 1375//751 1377//751
f 1377//752 1380//752 1350//752
f 1377//753 1375//753 1380//753
f 1375//754 1348//754 1380//754
f 1380//755 1379//755 1350//755
f 1380//756 1374//756 1379//756
f 1374//757 1347//757 1379//757
f 1379//758 1378//758 1350//758
f 1379//759 1373//759 1378//759
f 1373//760 1346//760 1378//760
f 1378//761 1376//761 1350//761
f 1378//762 1372//762 1376//762
f 1372//763 1345//763 1376//763
f 1376//764 1377//764 1350//764
f 1376//765 1371//765 1377//765
f 1371//766 1349//766 1377//766
f 1362//767 1375//767 1349//767
f 1362//768 1369//768 1375//768
f 1369//769 1348//769 1375//769
f 1370//770 1374//770 1348//770
f 1370//771 1367//771 1374//771
f 1367//772 1347//772 1374//772
f 1368//773 1373//773 1347//773
f 1368//774 1365//774 1373//774
f 1365//775 1346//775 1373//775
f 1366//776 1372//776 1346//776
f 1366//777 1363//777 1372//777
f 1363//778 1345//778 1372//778
f 1364//779 1371//779 1345//779
f 1364//780 1361//780 1371//780
f 1361//781 1349//781 1371//781
f 1369//782 1370//782 1348//782
f 1369//783 1360//783 1370//783
f 1360//784 1343//784 1370//784
f 1367//785 1368//785 1347//785
f 1367//786 1359//786 1368//786
f 1359//787 1342//787 1368//787
f 1365//788 1366//788 1346//788
f 1365//789 1357//789 1366//789
f 1357//790 1341//790 1366//790
f 1363//791 1364//791 1345//791
f 1363//792 1353//792 1364//792
f 1353//793 1340//793 1364//793
f 1361//794 1362//794 1349//794
f 1361//795 1354//795 1362//795
f 1354//796 1344//796 1362//796
f 1355//797 1360//797 1344//797
f 1355//798 1358//798 1360//798
f 1358//799 1343//799 1360//799
f 1358//800 1359//800 1343//800
f 1358//801 1356//801 1359//801
f 1356//802 1342//802 1359//802
f 1356//803 1357//803 1342//803
f 1356//804 1351//804 1357//804
f 1351//805 1341//805 1357//805
f 1354//806 1355//806 1344//806
f 1354//807 1352//807 1355//807
f 1352//808 1339//808 1355//808
f 1351//809 1353//809 1341//809
f 1351//810 1352//810 1353//810
f 1352//811 1340//811 1353//811
o Orb1
v -2.187942 0.436201 -6.384560
v -1.464334 0.988981 -5.858834
v -2.464329 0.988981 -5.533910
v -3.082368 0.988985 -6.384560
v -2.464329 0.988981 -7.235209
v -1.464334 0.988981 -6.910285
v -1.911554 1.883421 -5.533910
v -2.911549 1.883420 -5.858834
v -2.911549 1.883420 -6.910285
v -1.911554 1.883421 -7.235209
v -1.293515 1.883417 -6.384560
v -2.187942 2.436201 -6.384560
v -2.445878 0.885516 -5.590699
v -2.420763 0.778682 -5.667996
v -2.388630 0.675798 -5.766893
v -2.350397 0.585547 -5.884564
v -2.308354 0.515246 -6.013961
v -2.265548 0.468251 -6.145707
v -2.224789 0.443336 -6.271152
v -2.091471 0.443336 -6.314470
v -1.984761 0.468251 -6.236942
v -1.872691 0.515246 -6.155519
v -1.762619 0.585547 -6.075548
v -1.662522 0.675798 -6.002824
v -1.578395 0.778682 -5.941703
v -1.512642 0.885516 -5.893931
v -1.549489 0.959214 -5.780522
v -1.656001 0.933899 -5.702847
v -1.782933 0.916629 -5.632221
v -1.925073 0.910463 -5.575548
v -2.073378 0.916628 -5.537848
v -2.217581 0.933899 -5.520375
v -2.349407 0.959213 -5.520608
v -1.416170 0.959214 -6.805098
v -1.375212 0.933900 -6.679797
v -1.347269 0.916630 -6.537254
v -1.337294 0.910465 -6.384560
v -1.347269 0.916630 -6.231865
v -1.375212 0.933900 -6.089322
v -1.416170 0.959214 -5.964021
v -2.091471 0.443336 -6.454649
v -1.984761 0.468251 -6.532177
v -1.872691 0.515246 -6.613600
v -1.762619 0.585547 -6.693571
v -1.662522 0.675798 -6.766295
v -1.578395 0.778682 -6.827416
v -1.512642 0.885516 -6.875188
v -3.022657 0.885520 -6.384560
v -2.941383 0.778686 -6.384560
v -2.837398 0.675802 -6.384560
v -2.713671 0.585549 -6.384560
v -2.577615 0.515248 -6.384560
v -2.439089 0.468252 -6.384560
v -2.307187 0.443336 -6.384560
v -2.565125 0.959213 -5.590698
v -2.671913 0.933899 -5.667995
v -2.778307 0.916629 -5.766891
v -2.876131 0.910465 -5.884563
v -2.957814 0.916631 -6.013960
v -3.018992 0.933902 -6.145706
v -3.059506 0.959217 -6.271152
v -2.445878 0.885516 -7.178420
v -2.420763 0.778682 -7.101123
v -2.388630 0.675798 -7.002226
v -2.350397 0.585547 -6.884555
v -2.308354 0.515246 -6.755158
v -2.265548 0.468251 -6.623412
v -2.224789 0.443336 -6.497967
v -3.059506 0.959217 -6.497968
v -3.018992 0.933902 -6.623413
v -2.957814 0.916631 -6.755159
v -2.876131 0.910465 -6.884557
v -2.778307 0.916629 -7.002228
v -2.671913 0.933899 -7.101124
v -2.565125 0.959213 -7.178421
v -2.349407 0.959213 -7.248511
v -2.217581 0.933899 -7.248744
v -2.073378 0.916628 -7.231271
v -1.925073 0.910463 -7.193571
v -1.782933 0.916629 -7.136898
v -1.656001 0.933899 -7.066272
v -1.549489 0.959213 -6.988597
v -1.256754 1.793939 -6.314470
v -1.231316 1.687350 -6.236941
v -1.223230 1.566094 -6.155519
v -1.236884 1.436201 -6.075547
v -1.272843 1.306308 -6.002823
v -1.327244 1.185050 -5.941702
v -1.393395 1.078460 -5.893930
v -1.393395 1.078460 -6.875189
v -1.327244 1.185050 -6.827417
v -1.272843 1.306308 -6.766296
v -1.236884 1.436201 -6.693572
v -1.223230 1.566094 -6.613601
v -1.231316 1.687351 -6.532178
v -1.256754 1.793939 -6.454649
v -1.966853 1.793942 -5.477289
v -2.032727 1.687353 -5.429138
v -2.107666 1.566095 -5.396286
v -2.187942 1.436201 -5.384560
v -2.268218 1.306307 -5.396286
v -2.343157 1.185049 -5.429138
v -2.409030 1.078460 -5.477289
v -1.475791 1.078460 -5.780520
v -1.500783 1.185049 -5.702844
v -1.542102 1.306307 -5.632217
v -1.600156 1.436201 -5.575543
v -1.671996 1.566095 -5.537844
v -1.751935 1.687353 -5.520372
v -1.833532 1.793943 -5.520607
v -2.982489 1.793942 -5.893930
v -3.048639 1.687352 -5.941702
v -3.103040 1.566094 -6.002823
v -3.138999 1.436201 -6.075547
v -3.152653 1.306308 -6.155519
v -3.144567 1.185051 -6.236941
v -3.119129 1.078463 -6.314470
v -2.542351 1.078459 -5.520607
v -2.623948 1.185049 -5.520372
v -2.703887 1.306307 -5.537844
v -2.775727 1.436201 -5.575543
v -2.833781 1.566095 -5.632217
v -2.875100 1.687353 -5.702844
v -2.900092 1.793942 -5.780521
v -2.900092 1.793942 -6.988599
v -2.875100 1.687353 -7.066275
v -2.833781 1.566095 -7.136902
v -2.775727 1.436201 -7.193576
v -2.703887 1.306307 -7.231276
v -2.623948 1.185049 -7.248747
v -2.542351 1.078459 -7.248513
v -3.119129 1.078463 -6.454649
v -3.144567 1.185052 -6.532178
v -3.152653 1.306308 -6.613601
v -3.138999 1.436201 -6.693572
v -3.103040 1.566094 -6.766296
v -3.048639 1.687352 -6.827417
v -2.982489 1.793942 -6.875189
v -1.833532 1.793943 -7.248513
v -1.751935 1.687353 -7.248747
v -1.671996 1.566095 -7.231276
v -1.600156 1.436201 -7.193576
v -1.542102 1.306307 -7.136902
v -1.500783 1.185049 -7.066275
v -1.475791 1.078460 -6.988598
v -2.409030 1.078460 -7.291831
v -2.343157 1.185049 -7.339982
v -2.268218 1.306307 -7.372833
v -2.187942 1.436201 -7.384560
v -2.107666 1.566095 -7.372833
v -2.032727 1.687353 -7.339982
v -1.966853 1.793942 -7.291831
v -1.316377 1.913185 -6.271152
v -1.356891 1.938500 -6.145706
v -1.418070 1.955771 -6.013960
v -1.499752 1.961937 -5.884562
v -1.597576 1.955773 -5.766891
v -1.703970 1.938503 -5.667995
v -1.810759 1.913189 -5.590698
v -2.026476 1.913189 -5.520608
v -2.158302 1.938503 -5.520375
v -2.302505 1.955774 -5.537848
v -2.450810 1.961939 -5.575548
v -2.592950 1.955773 -5.632221
v -2.719882 1.938503 -5.702847
v -2.826394 1.913188 -5.780522
v -2.959713 1.913188 -5.964021
v -3.000671 1.938502 -6.089322
v -3.028614 1.955772 -6.231865
v -3.038589 1.961937 -6.384560
v -3.028614 1.955772 -6.537254
v -3.000671 1.938502 -6.679797
v -2.959713 1.913188 -6.805098
v -2.826394 1.913188 -6.988597
v -2.719882 1.938503 -7.066272
v -2.592950 1.955773 -7.136898
v -2.450810 1.961939 -7.193571
v -2.302505 1.955773 -7.231271
v -2.158302 1.938503 -7.248744
v -2.026476 1.913189 -7.248511
v -1.810759 1.913189 -7.178421
v -1.703970 1.938503 -7.101124
v -1.597576 1.955773 -7.002228
v -1.499752 1.961937 -6.884556
v -1.418069 1.955771 -6.755159
v -1.356891 1.938500 -6.623413
v -1.316377 1.913185 -6.497967
v -2.151094 2.429066 -6.271152
v -2.110335 2.404151 -6.145707
v -2.067529 2.357156 -6.013961
v -2.025486 2.286855 -5.884564
v -1.987253 2.196604 -5.766893
v -1.955120 2.093720 -5.667996
v -1.930005 1.986886 -5.590699
v -1.353226 1.986882 -6.384560
v -1.434500 2.093716 -6.384560
v -1.538486 2.196600 -6.384560
v -1.662212 2.286853 -6.384560
v -1.798268 2.357154 -6.384560
v -1.936795 2.404150 -6.384560
v -2.068696 2.429066 -6.384560
v -2.284412 2.429066 -6.314470
v -2.391123 2.404150 -6.236942
v -2.503192 2.357156 -6.155519
v -2.613264 2.286855 -6.075548
v -2.713361 2.196604 -6.002824
v -2.797488 2.093720 -5.941703
v -2.863241 1.986886 -5.893931
v -2.284412 2.429066 -6.454649
v -2.391123 2.404150 -6.532177
v -2.503192 2.357156 -6.613600
v -2.613264 2.286855 -6.693571
v -2.713361 2.196604 -6.766295
v -2.797488 2.093720 -6.827416
v -2.863241 1.986886 -6.875188
v -2.151094 2.429066 -6.497967
v -2.110335 2.404151 -6.623412
v -2.067529 2.357156 -6.755158
v -2.025486 2.286855 -6.884555
v -1.987253 2.196604 -7.002226
v -1.955120 2.093720 -7.101123
v -1.930005 1.986886 -7.178420
v -2.021744 2.414873 -6.505309
v -1.880774 2.379409 -6.511077
v -1.972697 2.379410 -6.637595
v -1.736567 2.319055 -6.514290
v -1.826141 2.330630 -6.647423
v -1.925080 2.319056 -6.773752
v -1.600159 2.234750 -6.514290
v -1.681213 2.256113 -6.650962
v -1.777991 2.256114 -6.784163
v -1.882928 2.234753 -6.903483
v -1.481684 2.132759 -6.511078
v -1.549748 2.159811 -6.647424
v -1.637933 2.169554 -6.784164
v -1.740732 2.159813 -6.910288
v -1.849373 2.132762 -7.017153
v -1.386920 2.022532 -6.505310
v -1.440575 2.050543 -6.637598
v -1.515855 2.066143 -6.773754
v -1.610111 2.066144 -6.903485
v -1.716342 2.050545 -7.017154
v -1.825576 2.022535 -7.109062
v -2.251424 2.414873 -6.579936
v -2.213350 2.379410 -6.715787
v -2.362080 2.379410 -6.667461
v -2.171843 2.319057 -6.853929
v -2.326139 2.330631 -6.809879
v -2.476857 2.319056 -6.754822
v -2.129692 2.234753 -6.983660
v -2.284721 2.256114 -6.948808
v -2.441308 2.256114 -6.897928
v -2.587214 2.234753 -6.835000
v -2.090027 2.132762 -7.095345
v -2.240731 2.159813 -7.072744
v -2.398029 2.169556 -7.031131
v -2.549745 2.159813 -6.972338
v -2.684951 2.132762 -6.902039
v -2.055257 2.022535 -7.183688
v -2.197650 2.050546 -7.173538
v -2.350404 2.066145 -7.144018
v -2.502912 2.066145 -7.094464
v -2.643844 2.050545 -7.028558
v -2.765008 2.022535 -6.953073
v -2.393373 2.414872 -6.384560
v -2.510810 2.379409 -6.462751
v -2.510810 2.379409 -6.306368
v -2.629364 2.319056 -6.544914
v -2.635151 2.330630 -6.384560
v -2.629364 2.319056 -6.224205
v -2.739721 2.234752 -6.625092
v -2.754481 2.256113 -6.466882
v -2.754481 2.256113 -6.302238
v -2.739721 2.234752 -6.144028
v -2.833681 2.132761 -6.697328
v -2.858758 2.159812 -6.547017
v -2.867790 2.169554 -6.384560
v -2.858758 2.159812 -6.222103
v -2.833681 2.132761 -6.071792
v -2.906957 2.022535 -6.757695
v -2.941305 2.050544 -6.619136
v -2.960434 2.066143 -6.464737
v -2.960434 2.066143 -6.304382
v -2.941305 2.050544 -6.149983
v -2.906957 2.022535 -6.011425
v -2.251424 2.414873 -6.189184
v -2.362080 2.379410 -6.101658
v -2.213350 2.379410 -6.053332
v -2.476857 2.319056 -6.014297
v -2.326139 2.330631 -5.959240
v -2.171843 2.319057 -5.915191
v -2.587214 2.234753 -5.934119
v -2.441308 2.256114 -5.871191
v -2.284721 2.256114 -5.820312
v -2.129692 2.234753 -5.785459
v -2.684951 2.132762 -5.867081
v -2.549745 2.159813 -5.796781
v -2.398029 2.169556 -5.737988
v -2.240731 2.159813 -5.696375
v -2.090027 2.132762 -5.673775
v -2.765008 2.022535 -5.816047
v -2.643844 2.050545 -5.740561
v -2.502912 2.066145 -5.674655
v -2.350404 2.066145 -5.625102
v -2.197650 2.050546 -5.595582
v -2.055257 2.022536 -5.585431
v -2.021744 2.414873 -6.263810
v -1.972697 2.379410 -6.131524
v -1.880774 2.379409 -6.258042
v -1.925080 2.319056 -5.995368
v -1.826141 2.330630 -6.121696
v -1.736567 2.319055 -6.254829
v -1.882928 2.234753 -5.865636
v -1.777991 2.256114 -5.984956
v -1.681213 2.256113 -6.118157
v -1.600159 2.234750 -6.254829
v -1.849373 2.132762 -5.751966
v -1.740732 2.159813 -5.858831
v -1.637933 2.169554 -5.984955
v -1.549748 2.159811 -6.121696
v -1.481684 2.132759 -6.258041
v -1.825576 2.022535 -5.660058
v -1.716342 2.050545 -5.751965
v -1.610111 2.066144 -5.865634
v -1.515855 2.066143 -5.995365
v -1.440576 2.050543 -6.131522
v -1.386920 2.022532 -6.263809
v -1.284202 1.817098 -6.579936
v -1.266434 1.702264 -6.667462
v -1.332950 1.835295 -6.715788
v -1.269085 1.572611 -6.754824
v -1.326137 1.712597 -6.809882
v -1.405495 1.845430 -6.853931
v -1.295136 1.436201 -6.835002
v -1.341282 1.576260 -6.897932
v -1.411311 1.716319 -6.948811
v -1.499751 1.845431 -6.983663
v -1.342651 1.303169 -6.902041
v -1.378922 1.436201 -6.972342
v -1.438059 1.576260 -7.031135
v -1.517121 1.712598 -7.072749
v -1.608716 1.835297 -7.095347
v -1.405440 1.182267 -6.953074
v -1.434573 1.303169 -7.028562
v -1.483648 1.436201 -7.094469
v -1.551853 1.572612 -7.144022
v -1.634122 1.702266 -7.173542
v -1.722857 1.817101 -7.183691
v -2.094491 1.817101 -7.304441
v -2.172242 1.702265 -7.348387
v -2.238758 1.835297 -7.300059
v -2.256146 1.572611 -7.372861
v -2.326140 1.712598 -7.335615
v -2.392557 1.845431 -7.273752
v -2.340450 1.436201 -7.372862
v -2.414560 1.576260 -7.348421
v -2.484589 1.716319 -7.297541
v -2.545065 1.845431 -7.224198
v -2.418890 1.303168 -7.348388
v -2.496958 1.436200 -7.335616
v -2.571148 1.576260 -7.297542
v -2.635157 1.712598 -7.235209
v -2.684953 1.835297 -7.155080
v -2.486827 1.182267 -7.304443
v -2.567622 1.303168 -7.300062
v -2.645468 1.436201 -7.273756
v -2.713674 1.572611 -7.224201
v -2.767170 1.702266 -7.155081
v -2.804243 1.817101 -7.073825
v -3.033924 1.817100 -6.757695
v -3.099745 1.702264 -6.697329
v -3.074337 1.835296 -6.619136
v -3.148950 1.572610 -6.625093
v -3.135155 1.712597 -6.547017
v -3.096844 1.845429 -6.464737
v -3.175001 1.436201 -6.544915
v -3.174657 1.576260 -6.466882
v -3.147907 1.716318 -6.384560
v -3.096844 1.845430 -6.304382
v -3.175964 1.303170 -6.462751
v -3.187942 1.436202 -6.384559
v -3.174656 1.576260 -6.302237
v -3.135154 1.712598 -6.222102
v -3.074337 1.835296 -6.149983
v -3.155164 1.182270 -6.384559
v -3.175964 1.303171 -6.306367
v -3.175001 1.436202 -6.224204
v -3.148949 1.572612 -6.144026
v -3.099745 1.702266 -6.071790
v -3.033923 1.817101 -6.011424
v -2.804244 1.817101 -5.695294
v -2.767171 1.702266 -5.614038
v -2.684954 1.835297 -5.614040
v -2.713674 1.572611 -5.544918
v -2.635157 1.712598 -5.533911
v -2.545066 1.845431 -5.544921
v -2.645469 1.436200 -5.495364
v -2.571149 1.576260 -5.471578
v -2.484590 1.716319 -5.471579
v -2.392557 1.845431 -5.495367
v -2.567622 1.303168 -5.469057
v -2.496959 1.436200 -5.433503
v -2.414560 1.576260 -5.420699
v -2.326141 1.712598 -5.433505
v -2.238758 1.835297 -5.469060
v -2.486827 1.182267 -5.464676
v -2.418890 1.303168 -5.420732
v -2.340451 1.436200 -5.396257
v -2.256147 1.572611 -5.396258
v -2.172242 1.702265 -5.420732
v -2.094491 1.817101 -5.464678
v -1.722857 1.817101 -5.585428
v -1.634122 1.702265 -5.595577
v -1.608716 1.835297 -5.673771
v -1.551854 1.572611 -5.625096
v -1.517121 1.712597 -5.696370
v -1.499751 1.845430 -5.785455
v -1.483649 1.436200 -5.674650
v -1.438060 1.576259 -5.737983
v -1.411312 1.716317 -5.820307
v -1.405495 1.845429 -5.915187
v -1.434574 1.303167 -5.740557
v -1.378923 1.436199 -5.796777
v -1.341282 1.576258 -5.871186
v -1.326138 1.712595 -5.959236
v -1.332949 1.835294 -6.053330
v -1.405441 1.182266 -5.816044
v -1.342652 1.303167 -5.867077
v -1.295137 1.436199 -5.934116
v -1.269085 1.572608 -6.014294
v -1.266433 1.702262 -6.101656
v -1.284202 1.817097 -6.189182
v -1.889056 1.690135 -7.304443
v -1.808261 1.569234 -7.300062
v -1.956993 1.569233 -7.348388
v -1.730414 1.436201 -7.273755
v -1.878924 1.436201 -7.335616
v -2.035432 1.436201 -7.372862
v -1.662209 1.299790 -7.224201
v -1.804734 1.296141 -7.297541
v -1.961323 1.296141 -7.348420
v -2.119736 1.299791 -7.372861
v -1.608712 1.170136 -7.155081
v -1.740726 1.159803 -7.235208
v -1.891293 1.156082 -7.297540
v -2.049742 1.159803 -7.335615
v -2.203641 1.170136 -7.348387
v -1.571640 1.055301 -7.073825
v -1.690929 1.037104 -7.155079
v -1.830818 1.026970 -7.224198
v -1.983326 1.026971 -7.273752
v -2.137125 1.037104 -7.300059
v -2.281393 1.055301 -7.304441
v -2.970443 1.690135 -6.953075
v -2.941309 1.569233 -7.028562
v -3.033231 1.569233 -6.902041
v -2.892234 1.436201 -7.094469
v -2.996960 1.436201 -6.972343
v -3.080746 1.436201 -6.835003
v -2.824029 1.299791 -7.144023
v -2.937823 1.296142 -7.031137
v -3.034600 1.296142 -6.897933
v -3.106797 1.299791 -6.754825
v -2.741760 1.170136 -7.173542
v -2.858761 1.159804 -7.072750
v -2.964570 1.156083 -6.948813
v -3.049745 1.159805 -6.809884
v -3.109449 1.170138 -6.667463
v -2.653025 1.055301 -7.183692
v -2.767166 1.037105 -7.095349
v -2.876130 1.026971 -6.983665
v -2.970387 1.026972 -6.853933
v -3.042933 1.037107 -6.715790
v -3.091681 1.055304 -6.579937
v -2.970443 1.690135 -5.816044
v -3.033231 1.569233 -5.867078
v -2.941309 1.569233 -5.740557
v -3.080746 1.436201 -5.934116
v -2.996960 1.436201 -5.796776
v -2.892234 1.436201 -5.674650
v -3.106797 1.299791 -6.014294
v -3.034600 1.296142 -5.871186
v -2.937823 1.296142 -5.737983
v -2.824029 1.299791 -5.625096
v -3.109449 1.170138 -6.101656
v -3.049745 1.159805 -5.959236
v -2.964570 1.156083 -5.820306
v -2.858761 1.159804 -5.696369
v -2.741760 1.170136 -5.595577
v -3.091681 1.055304 -6.189182
v -3.042933 1.037107 -6.053329
v -2.970387 1.026972 -5.915186
v -2.876130 1.026971 -5.785454
v -2.767166 1.037105 -5.673770
v -2.653025 1.055301 -5.585428
v -1.889056 1.690135 -5.464676
v -1.956993 1.569233 -5.420731
v -1.808261 1.569234 -5.469057
v -2.035433 1.436201 -5.396257
v -1.878924 1.436201 -5.433503
v -1.730414 1.436201 -5.495364
v -2.119736 1.299791 -5.396258
v -1.961323 1.296141 -5.420699
v -1.804734 1.296141 -5.471578
v -1.662209 1.299790 -5.544918
v -2.203641 1.170136 -5.420732
v -2.049742 1.159804 -5.433505
v -1.891293 1.156082 -5.471579
v -1.740726 1.159803 -5.533911
v -1.608712 1.170136 -5.614038
v -2.281393 1.055301 -5.464678
v -2.137125 1.037104 -5.469060
v -1.983326 1.026971 -5.495368
v -1.830818 1.026971 -5.544921
v -1.690929 1.037104 -5.614040
v -1.571640 1.055301 -5.695294
v -1.220719 1.690132 -6.384560
v -1.199919 1.569232 -6.306368
v -1.199919 1.569232 -6.462751
v -1.200882 1.436201 -6.224205
v -1.187942 1.436201 -6.384560
v -1.200882 1.436201 -6.544915
v -1.226933 1.299791 -6.144027
v -1.201226 1.296142 -6.302237
v -1.201226 1.296142 -6.466882
v -1.226933 1.299791 -6.625093
v -1.276138 1.170137 -6.071791
v -1.240728 1.159805 -6.222102
v -1.227976 1.156084 -6.384560
v -1.240728 1.159805 -6.547017
v -1.276138 1.170137 -6.697329
v -1.341959 1.055302 -6.011424
v -1.301546 1.037106 -6.149983
v -1.279039 1.026972 -6.304382
v -1.279039 1.026972 -6.464737
v -1.301546 1.037106 -6.619136
v -1.341959 1.055302 -6.757695
v -1.610875 0.849867 -6.953073
v -1.690932 0.739640 -6.902039
v -1.732039 0.821857 -7.028558
v -1.788669 0.637649 -6.835001
v -1.826138 0.712589 -6.972339
v -1.872971 0.806258 -7.094464
v -1.899026 0.553346 -6.754823
v -1.934576 0.616288 -6.897930
v -1.977854 0.702847 -7.031132
v -2.025479 0.806258 -7.144018
v -2.013803 0.492992 -6.667462
v -2.049745 0.541772 -6.809881
v -2.091163 0.616289 -6.948809
v -2.135152 0.712590 -7.072746
v -2.178233 0.821857 -7.173538
v -2.124459 0.457529 -6.579937
v -2.162534 0.492993 -6.715789
v -2.204041 0.553347 -6.853931
v -2.246192 0.637651 -6.983663
v -2.285857 0.739641 -7.095346
v -2.320626 0.849867 -7.183689
v -2.550308 0.849867 -7.109061
v -2.526511 0.739640 -7.017152
v -2.659542 0.821857 -7.017153
v -2.492956 0.637649 -6.903483
v -2.635152 0.712589 -6.910287
v -2.765774 0.806258 -6.903484
v -2.450804 0.553346 -6.773751
v -2.597893 0.616288 -6.784163
v -2.737951 0.702848 -6.784163
v -2.860030 0.806259 -6.773752
v -2.403187 0.492992 -6.637595
v -2.549743 0.541772 -6.647422
v -2.694671 0.616289 -6.650961
v -2.826136 0.712592 -6.647422
v -2.935308 0.821860 -6.637596
v -2.354140 0.457530 -6.505309
v -2.495109 0.492993 -6.511077
v -2.639317 0.553348 -6.514290
v -2.775725 0.637652 -6.514290
v -2.894200 0.739644 -6.511077
v -2.988964 0.849871 -6.505309
v -2.988964 0.849871 -6.263810
v -2.894200 0.739643 -6.258041
v -2.935308 0.821860 -6.131523
v -2.775725 0.637652 -6.254828
v -2.826136 0.712592 -6.121696
v -2.860030 0.806260 -5.995367
v -2.639317 0.553348 -6.254828
v -2.694671 0.616290 -6.118156
v -2.737951 0.702849 -5.984955
v -2.765774 0.806259 -5.865635
v -2.495109 0.492993 -6.258041
v -2.549743 0.541773 -6.121696
v -2.597893 0.616289 -5.984955
v -2.635152 0.712591 -5.858831
v -2.659542 0.821858 -5.751966
v -2.354140 0.457530 -6.263809
v -2.403187 0.492993 -6.131522
v -2.450804 0.553347 -5.995366
v -2.492956 0.637651 -5.865634
v -2.526511 0.739641 -5.751966
v -2.550308 0.849868 -5.660057
v -1.468926 0.849867 -6.757695
v -1.434578 0.821858 -6.619136
v -1.542202 0.739641 -6.697328
v -1.415449 0.806259 -6.464737
v -1.517125 0.712590 -6.547017
v -1.636162 0.637650 -6.625092
v -1.415449 0.806259 -6.304382
v -1.508093 0.702848 -6.384559
v -1.621402 0.616289 -6.466881
v -1.746518 0.553347 -6.544914
v -1.434578 0.821858 -6.149983
v -1.517124 0.712591 -6.222102
v -1.621401 0.616289 -6.302237
v -1.740731 0.541772 -6.384559
v -1.865072 0.492993 -6.462751
v -1.468926 0.849868 -6.011424
v -1.542201 0.739642 -6.071791
v -1.636161 0.637651 -6.144027
v -1.746517 0.553347 -6.224204
v -1.865072 0.492993 -6.306367
v -1.982509 0.457530 -6.384559
v -2.320626 0.849867 -5.585431
v -2.285856 0.739640 -5.673775
v -2.178233 0.821857 -5.595582
v -2.246191 0.637649 -5.785459
v -2.135151 0.712589 -5.696374
v -2.025478 0.806257 -5.625102
v -2.204039 0.553346 -5.915190
v -2.091161 0.616288 -5.820311
v -1.977853 0.702847 -5.737988
v -1.872970 0.806258 -5.674655
v -2.162533 0.492992 -6.053332
v -2.049743 0.541772 -5.959239
v -1.934574 0.616289 -5.871190
v -1.826137 0.712590 -5.796781
v -1.732038 0.821857 -5.740561
v -2.124458 0.457529 -6.189183
v -2.013802 0.492993 -6.101657
v -1.899024 0.553347 -6.014296
v -1.788667 0.637651 -5.934118
v -1.690931 0.739641 -5.867080
v -1.610875 0.849868 -5.816046
vn -0.0000 -1.0000 -0.0000
vn 0.7236 -0.4472 0.5257
vn -0.2764 -0.4472 0.8506
vn -0.8944 -0.4472 -0.0000
vn -0.2764 -0.4472 -0.8506
vn 0.7236 -0.4472 -0.5257
vn 0.2764 0.4472 0.8506
vn -0.7236 0.4472 0.5257
vn -0.7236 0.4472 -0.5257
vn 0.2764 0.4472 -0.8506
vn 0.8944 0.4472 -0.0000
vn -0.0000 1.0000 -0.0000
vn -0.2575 -0.5530 0.7924
vn -0.2324 -0.6591 0.7152
vn -0.2004 -0.7612 0.6168
vn -0.1625 -0.8507 0.5000
vn -0.1207 -0.9205 0.3716
vn -0.0782 -0.9674 0.2408
vn -0.0377 -0.9925 0.1161
vn 0.0987 -0.9925 0.0717
vn 0.2048 -0.9674 0.1488
vn 0.3161 -0.9205 0.2297
vn 0.4253 -0.8507 0.3090
vn 0.5247 -0.7612 0.3812
vn 0.6084 -0.6591 0.4420
vn 0.6740 -0.5530 0.4897
vn 0.6363 -0.4776 0.6058
vn 0.5302 -0.5026 0.6828
vn 0.4040 -0.5197 0.7528
vn 0.2629 -0.5257 0.8090
vn 0.1157 -0.5197 0.8465
vn -0.0275 -0.5026 0.8641
vn -0.1587 -0.4776 0.8641
vn 0.7728 -0.4776 -0.4180
vn 0.8133 -0.5026 -0.2932
vn 0.8408 -0.5197 -0.1516
vn 0.8506 -0.5257 -0.0000
vn 0.8408 -0.5197 0.1516
vn 0.8133 -0.5026 0.2932
vn 0.7728 -0.4776 0.4180
vn 0.0987 -0.9925 -0.0717
vn 0.2048 -0.9674 -0.1488
vn 0.3161 -0.9205 -0.2297
vn 0.4253 -0.8507 -0.3090
vn 0.5247 -0.7612 -0.3812
vn 0.6084 -0.6591 -0.4420
vn 0.6740 -0.5530 -0.4897
vn -0.8332 -0.5530 -0.0000
vn -0.7520 -0.6591 -0.0000
vn -0.6486 -0.7612 -0.0000
vn -0.5257 -0.8507 -0.0000
vn -0.3907 -0.9205 -0.0000
vn -0.2532 -0.9674 -0.0000
vn -0.1220 -0.9925 -0.0000
vn -0.3795 -0.4776 0.7924
vn -0.4856 -0.5026 0.7152
vn -0.5912 -0.5197 0.6168
vn -0.6882 -0.5257 0.5000
vn -0.7693 -0.5197 0.3716
vn -0.8303 -0.5026 0.2408
vn -0.8709 -0.4776 0.1161
vn -0.2575 -0.5530 -0.7924
vn -0.2324 -0.6591 -0.7152
vn -0.2004 -0.7612 -0.6168
vn -0.1625 -0.8507 -0.5000
vn -0.1207 -0.9205 -0.3716
vn -0.0782 -0.9674 -0.2408
vn -0.0377 -0.9925 -0.1161
vn -0.8709 -0.4776 -0.1161
vn -0.8303 -0.5026 -0.2408
vn -0.7693 -0.5197 -0.3716
vn -0.6882 -0.5257 -0.5000
vn -0.5912 -0.5197 -0.6168
vn -0.4856 -0.5026 -0.7152
vn -0.3795 -0.4776 -0.7924
vn -0.1587 -0.4776 -0.8641
vn -0.0275 -0.5026 -0.8641
vn 0.1157 -0.5197 -0.8465
vn 0.2629 -0.5257 -0.8090
vn 0.4040 -0.5197 -0.7528
vn 0.5302 -0.5026 -0.6828
vn 0.6363 -0.4776 -0.6058
vn 0.9319 0.3556 0.0717
vn 0.9569 0.2494 0.1488
vn 0.9647 0.1289 0.2297
vn 0.9511 -0.0000 0.3090
vn 0.9155 -0.1289 0.3812
vn 0.8616 -0.2494 0.4420
vn 0.7961 -0.3556 0.4897
vn 0.7961 -0.3556 -0.4897
vn 0.8616 -0.2494 -0.4420
vn 0.9155 -0.1289 -0.3812
vn 0.9511 -0.0000 -0.3090
vn 0.9647 0.1289 -0.2297
vn 0.9569 0.2494 -0.1488
vn 0.9319 0.3556 -0.0717
vn 0.2198 0.3556 0.9084
vn 0.1541 0.2494 0.9560
vn 0.0797 0.1289 0.9884
vn -0.0000 -0.0000 1.0000
vn -0.0797 -0.1289 0.9884
vn -0.1541 -0.2494 0.9560
vn -0.2198 -0.3556 0.9084
vn 0.7118 -0.3556 0.6058
vn 0.6867 -0.2494 0.6829
vn 0.6455 -0.1289 0.7528
vn 0.5878 -0.0000 0.8090
vn 0.5165 0.1289 0.8465
vn 0.4372 0.2494 0.8641
vn 0.3562 0.3556 0.8641
vn -0.7961 0.3556 0.4897
vn -0.8616 0.2494 0.4420
vn -0.9155 0.1289 0.3812
vn -0.9511 -0.0000 0.3090
vn -0.9647 -0.1289 0.2297
vn -0.9569 -0.2494 0.1488
vn -0.9319 -0.3556 0.0717
vn -0.3562 -0.3556 0.8641
vn -0.4372 -0.2494 0.8641
vn -0.5165 -0.1289 0.8465
vn -0.5878 -0.0000 0.8090
vn -0.6455 0.1289 0.7528
vn -0.6867 0.2494 0.6829
vn -0.7118 0.3556 0.6058
vn -0.7118 0.3556 -0.6058
vn -0.6867 0.2494 -0.6829
vn -0.6455 0.1289 -0.7528
vn -0.5878 -0.0000 -0.8090
vn -0.5165 -0.1289 -0.8465
vn -0.4372 -0.2494 -0.8641
vn -0.3562 -0.3556 -0.8641
vn -0.9319 -0.3556 -0.0717
vn -0.9569 -0.2494 -0.1488
vn -0.9647 -0.1289 -0.2297
vn -0.9511 -0.0000 -0.3090
vn -0.9155 0.1289 -0.3812
vn -0.8616 0.2494 -0.4420
vn -0.7961 0.3556 -0.4897
vn 0.3562 0.3556 -0.8641
vn 0.4372 0.2494 -0.8641
vn 0.5165 0.1289 -0.8465
vn 0.5878 -0.0000 -0.8090
vn 0.6455 -0.1289 -0.7528
vn 0.6867 -0.2494 -0.6829
vn 0.7118 -0.3556 -0.6058
vn -0.2198 -0.3556 -0.9084
vn -0.1541 -0.2494 -0.9560
vn -0.0797 -0.1289 -0.9884
vn -0.0000 -0.0000 -1.0000
vn 0.0797 0.1289 -0.9884
vn 0.1541 0.2494 -0.9560
vn 0.2198 0.3556 -0.9084
vn 0.8709 0.4776 0.1161
vn 0.8303 0.5026 0.2408
vn 0.7693 0.5197 0.3716
vn 0.6882 0.5257 0.5000
vn 0.5912 0.5197 0.6168
vn 0.4856 0.5026 0.7152
vn 0.3795 0.4776 0.7924
vn 0.1587 0.4776 0.8641
vn 0.0275 0.5026 0.8641
vn -0.1157 0.5197 0.8465
vn -0.2629 0.5257 0.8090
vn -0.4040 0.5197 0.7528
vn -0.5302 0.5026 0.6828
vn -0.6363 0.4776 0.6058
vn -0.7728 0.4776 0.4180
vn -0.8133 0.5026 0.2932
vn -0.8408 0.5197 0.1515
vn -0.8506 0.5257 -0.0000
vn -0.8408 0.5197 -0.1516
vn -0.8133 0.5026 -0.2932
vn -0.7728 0.4776 -0.4180
vn -0.6363 0.4776 -0.6058
vn -0.5302 0.5026 -0.6828
vn -0.4040 0.5197 -0.7528
vn -0.2629 0.5257 -0.8090
vn -0.1157 0.5197 -0.8465
vn 0.0275 0.5026 -0.8641
vn 0.1587 0.4776 -0.8641
vn 0.3795 0.4776 -0.7924
vn 0.4856 0.5026 -0.7152
vn 0.5912 0.5197 -0.6168
vn 0.6882 0.5257 -0.5000
vn 0.7693 0.5197 -0.3716
vn 0.8303 0.5026 -0.2408
vn 0.8709 0.4776 -0.1161
vn 0.0377 0.9925 0.1161
vn 0.0782 0.9674 0.2408
vn 0.1207 0.9205 0.3716
vn 0.1625 0.8507 0.5000
vn 0.2004 0.7612 0.6168
vn 0.2324 0.6591 0.7152
vn 0.2575 0.5530 0.7924
vn 0.8332 0.5530 -0.0000
vn 0.7520 0.6591 -0.0000
vn 0.6486 0.7612 -0.0000
vn 0.5257 0.8507 -0.0000
vn 0.3907 0.9205 -0.0000
vn 0.2532 0.9674 -0.0000
vn 0.1220 0.9925 -0.0000
vn -0.0987 0.9925 0.0717
vn -0.2048 0.9674 0.1488
vn -0.3161 0.9205 0.2297
vn -0.4253 0.8507 0.3090
vn -0.5247 0.7612 0.3812
vn -0.6084 0.6591 0.4420
vn -0.6740 0.5530 0.4897
vn -0.0987 0.9925 -0.0717
vn -0.2048 0.9674 -0.1488
vn -0.3161 0.9205 -0.2297
vn -0.4253 0.8507 -0.3090
vn -0.5247 0.7612 -0.3812
vn -0.6084 0.6591 -0.4420
vn -0.6740 0.5530 -0.4897
vn 0.0377 0.9925 -0.1161
vn 0.0782 0.9674 -0.2408
vn 0.1207 0.9205 -0.3716
vn 0.1625 0.8507 -0.5000
vn 0.2004 0.7612 -0.6168
vn 0.2324 0.6591 -0.7152
vn 0.2575 0.5530 -0.7924
vn 0.1698 0.9777 -0.1233
vn 0.3095 0.9421 -0.1293
vn 0.2186 0.9421 -0.2544
vn 0.4520 0.8821 -0.1326
vn 0.3635 0.8934 -0.2641
vn 0.2658 0.8821 -0.3889
vn 0.5868 0.7988 -0.1326
vn 0.5066 0.8196 -0.2676
vn 0.4110 0.8196 -0.3991
vn 0.3074 0.7988 -0.5171
vn 0.7042 0.6981 -0.1293
vn 0.6365 0.7247 -0.2641
vn 0.5493 0.7342 -0.3991
vn 0.4479 0.7247 -0.5237
vn 0.3406 0.6981 -0.6298
vn 0.7986 0.5891 -0.1233
vn 0.7449 0.6168 -0.2544
vn 0.6701 0.6322 -0.3889
vn 0.5770 0.6322 -0.5171
vn 0.4721 0.6168 -0.6298
vn 0.3641 0.5891 -0.7214
vn -0.0648 0.9777 -0.1996
vn -0.0273 0.9421 -0.3343
vn -0.1744 0.9421 -0.2865
vn 0.0136 0.8821 -0.4709
vn -0.1389 0.8934 -0.4274
vn -0.2878 0.8821 -0.3730
vn 0.0552 0.7988 -0.5991
vn -0.0980 0.8196 -0.5645
vn -0.2525 0.8196 -0.5142
vn -0.3968 0.7988 -0.4522
vn 0.0947 0.6981 -0.7097
vn -0.0545 0.7247 -0.6869
vn -0.2098 0.7342 -0.6457
vn -0.3597 0.7247 -0.5878
vn -0.4937 0.6981 -0.5185
vn 0.1295 0.5891 -0.7976
vn -0.0118 0.6168 -0.7870
vn -0.1628 0.6322 -0.7575
vn -0.3135 0.6322 -0.7085
vn -0.4531 0.6168 -0.6436
vn -0.5736 0.5891 -0.5692
vn -0.2098 0.9777 -0.0000
vn -0.3264 0.9421 -0.0773
vn -0.3264 0.9421 0.0773
vn -0.4436 0.8821 -0.1584
vn -0.4493 0.8934 -0.0000
vn -0.4436 0.8821 0.1584
vn -0.5527 0.7988 -0.2376
vn -0.5671 0.8196 -0.0812
vn -0.5671 0.8196 0.0812
vn -0.5527 0.7988 0.2377
vn -0.6457 0.6981 -0.3093
vn -0.6702 0.7247 -0.1604
vn -0.6789 0.7342 -0.0000
vn -0.6702 0.7247 0.1604
vn -0.6457 0.6981 0.3093
vn -0.7186 0.5891 -0.3696
vn -0.7521 0.6168 -0.2320
vn -0.7707 0.6322 -0.0792
vn -0.7707 0.6322 0.0792
vn -0.7521 0.6168 0.2320
vn -0.7186 0.5891 0.3696
vn -0.0648 0.9777 0.1996
vn -0.1744 0.9421 0.2865
vn -0.0273 0.9421 0.3343
vn -0.2878 0.8821 0.3730
vn -0.1389 0.8934 0.4274
vn 0.0136 0.8821 0.4709
vn -0.3968 0.7988 0.4522
vn -0.2525 0.8196 0.5142
vn -0.0980 0.8196 0.5645
vn 0.0552 0.7988 0.5991
vn -0.4937 0.6981 0.5185
vn -0.3597 0.7247 0.5878
vn -0.2098 0.7342 0.6457
vn -0.0545 0.7247 0.6869
vn 0.0947 0.6981 0.7097
vn -0.5736 0.5891 0.5692
vn -0.4531 0.6168 0.6436
vn -0.3135 0.6322 0.7085
vn -0.1628 0.6322 0.7575
vn -0.0118 0.6168 0.7870
vn 0.1295 0.5891 0.7976
vn 0.1698 0.9777 0.1233
vn 0.2186 0.9421 0.2544
vn 0.3095 0.9421 0.1293
vn 0.2658 0.8821 0.3889
vn 0.3635 0.8934 0.2641
vn 0.4520 0.8821 0.1326
vn 0.3074 0.7988 0.5171
vn 0.4110 0.8196 0.3991
vn 0.5066 0.8196 0.2676
vn 0.5868 0.7988 0.1326
vn 0.3406 0.6981 0.6298
vn 0.4479 0.7247 0.5237
vn 0.5493 0.7342 0.3991
vn 0.6365 0.7247 0.2641
vn 0.7042 0.6981 0.1293
vn 0.3641 0.5891 0.7214
vn 0.4721 0.6168 0.6298
vn 0.5770 0.6322 0.5171
vn 0.6701 0.6322 0.3889
vn 0.7449 0.6168 0.2544
vn 0.7986 0.5891 0.1233
vn 0.9035 0.3793 -0.1996
vn 0.9206 0.2653 -0.2865
vn 0.8548 0.3969 -0.3343
vn 0.9177 0.1371 -0.3730
vn 0.8611 0.2753 -0.4274
vn 0.7829 0.4066 -0.4709
vn 0.8919 0.0023 -0.4522
vn 0.8460 0.1407 -0.5142
vn 0.7769 0.2789 -0.5645
vn 0.6898 0.4066 -0.5991
vn 0.8452 -0.1294 -0.5185
vn 0.8090 0.0024 -0.5878
vn 0.7505 0.1407 -0.6457
vn 0.6725 0.2753 -0.6869
vn 0.5821 0.3969 -0.7097
vn 0.7834 -0.2496 -0.5692
vn 0.7543 -0.1294 -0.6436
vn 0.7057 0.0023 -0.7085
vn 0.6383 0.1371 -0.7575
vn 0.5570 0.2653 -0.7870
vn 0.4690 0.3793 -0.7976
vn 0.0894 0.3793 -0.9210
vn 0.0120 0.2653 -0.9641
vn -0.0538 0.3969 -0.9163
vn -0.0711 0.1371 -0.9880
vn -0.1403 0.2753 -0.9511
vn -0.2059 0.4066 -0.8901
vn -0.1544 0.0023 -0.9880
vn -0.2276 0.1407 -0.9635
vn -0.2968 0.2789 -0.9133
vn -0.3566 0.4066 -0.8411
vn -0.2319 -0.1294 -0.9641
vn -0.3090 0.0024 -0.9511
vn -0.3822 0.1407 -0.9133
vn -0.4455 0.2753 -0.8519
vn -0.4951 0.3969 -0.7729
vn -0.2992 -0.2496 -0.9210
vn -0.3790 -0.1294 -0.9163
vn -0.4558 0.0023 -0.8901
vn -0.5232 0.1371 -0.8411
vn -0.5764 0.2653 -0.7729
vn -0.6137 0.3793 -0.6925
vn -0.8483 0.3793 -0.3696
vn -0.9132 0.2653 -0.3093
vn -0.8881 0.3969 -0.2320
vn -0.9616 0.1371 -0.2377
vn -0.9479 0.2753 -0.1604
vn -0.9101 0.4066 -0.0792
vn -0.9874 0.0023 -0.1584
vn -0.9867 0.1407 -0.0812
vn -0.9603 0.2789 -0.0000
vn -0.9101 0.4066 0.0792
vn -0.9886 -0.1294 -0.0773
vn -1.0000 0.0024 -0.0000
vn -0.9867 0.1407 0.0812
vn -0.9479 0.2753 0.1604
vn -0.8881 0.3969 0.2320
vn -0.9684 -0.2496 -0.0000
vn -0.9886 -0.1294 0.0773
vn -0.9874 0.0023 0.1584
vn -0.9616 0.1371 0.2377
vn -0.9132 0.2653 0.3093
vn -0.8483 0.3793 0.3696
vn -0.6137 0.3793 0.6925
vn -0.5764 0.2653 0.7729
vn -0.4951 0.3969 0.7729
vn -0.5232 0.1371 0.8411
vn -0.4455 0.2753 0.8519
vn -0.3566 0.4066 0.8411
vn -0.4558 0.0023 0.8901
vn -0.3822 0.1407 0.9133
vn -0.2968 0.2789 0.9133
vn -0.2059 0.4066 0.8901
vn -0.3790 -0.1294 0.9163
vn -0.3090 0.0024 0.9511
vn -0.2276 0.1407 0.9635
vn -0.1403 0.2753 0.9511
vn -0.0538 0.3969 0.9163
vn -0.2992 -0.2496 0.9210
vn -0.2319 -0.1294 0.9641
vn -0.1544 0.0023 0.9880
vn -0.0711 0.1371 0.9880
vn 0.0120 0.2653 0.9641
vn 0.0894 0.3793 0.9210
vn 0.4690 0.3793 0.7976
vn 0.5570 0.2653 0.7870
vn 0.5821 0.3969 0.7097
vn 0.6383 0.1371 0.7575
vn 0.6725 0.2753 0.6869
vn 0.6898 0.4066 0.5991
vn 0.7057 0.0023 0.7085
vn 0.7505 0.1407 0.6457
vn 0.7769 0.2789 0.5645
vn 0.7829 0.4066 0.4709
vn 0.7543 -0.1294 0.6436
vn 0.8090 0.0024 0.5878
vn 0.8460 0.1407 0.5142
vn 0.8611 0.2753 0.4274
vn 0.8548 0.3969 0.3343
vn 0.7834 -0.2496 0.5692
vn 0.8452 -0.1294 0.5185
vn 0.8919 0.0023 0.4522
vn 0.9177 0.1371 0.3730
vn 0.9206 0.2653 0.2865
vn 0.9035 0.3793 0.1996
vn 0.2992 0.2496 -0.9210
vn 0.3790 0.1294 -0.9163
vn 0.2319 0.1294 -0.9641
vn 0.4558 -0.0023 -0.8901
vn 0.3090 -0.0024 -0.9511
vn 0.1544 -0.0023 -0.9880
vn 0.5232 -0.1371 -0.8411
vn 0.3822 -0.1407 -0.9133
vn 0.2276 -0.1407 -0.9635
vn 0.0711 -0.1371 -0.9880
vn 0.5764 -0.2653 -0.7729
vn 0.4455 -0.2753 -0.8519
vn 0.2968 -0.2789 -0.9133
vn 0.1403 -0.2753 -0.9511
vn -0.0120 -0.2653 -0.9641
vn 0.6137 -0.3793 -0.6925
vn 0.4951 -0.3969 -0.7729
vn 0.3566 -0.4066 -0.8411
vn 0.2059 -0.4066 -0.8901
vn 0.0538 -0.3969 -0.9163
vn -0.0894 -0.3793 -0.9210
vn -0.7834 0.2496 -0.5692
vn -0.7543 0.1294 -0.6436
vn -0.8452 0.1294 -0.5185
vn -0.7057 -0.0023 -0.7085
vn -0.8090 -0.0024 -0.5878
vn -0.8919 -0.0023 -0.4522
vn -0.6383 -0.1371 -0.7575
vn -0.7505 -0.1407 -0.6457
vn -0.8460 -0.1407 -0.5142
vn -0.9177 -0.1371 -0.3730
vn -0.5570 -0.2653 -0.7870
vn -0.6725 -0.2753 -0.6869
vn -0.7769 -0.2789 -0.5645
vn -0.8611 -0.2753 -0.4274
vn -0.9206 -0.2653 -0.2865
vn -0.4690 -0.3793 -0.7976
vn -0.5821 -0.3969 -0.7097
vn -0.6898 -0.4066 -0.5991
vn -0.7829 -0.4066 -0.4709
vn -0.8548 -0.3969 -0.3343
vn -0.9035 -0.3793 -0.1996
vn -0.7834 0.2496 0.5692
vn -0.8452 0.1294 0.5185
vn -0.7543 0.1294 0.6436
vn -0.8919 -0.0023 0.4522
vn -0.8090 -0.0024 0.5878
vn -0.7057 -0.0023 0.7085
vn -0.9177 -0.1371 0.3730
vn -0.8460 -0.1407 0.5142
vn -0.7505 -0.1407 0.6457
vn -0.6383 -0.1371 0.7575
vn -0.9206 -0.2653 0.2865
vn -0.8611 -0.2753 0.4274
vn -0.7769 -0.2789 0.5645
vn -0.6725 -0.2753 0.6869
vn -0.5570 -0.2653 0.7870
vn -0.9035 -0.3793 0.1996
vn -0.8548 -0.3969 0.3343
vn -0.7829 -0.4066 0.4709
vn -0.6898 -0.4066 0.5991
vn -0.5821 -0.3969 0.7097
vn -0.4690 -0.3793 0.7976
vn 0.2992 0.2496 0.9210
vn 0.2319 0.1294 0.9641
vn 0.3790 0.1294 0.9163
vn 0.1544 -0.0023 0.9880
vn 0.3090 -0.0024 0.9511
vn 0.4558 -0.0023 0.8901
vn 0.0711 -0.1371 0.9880
vn 0.2276 -0.1407 0.9635
vn 0.3822 -0.1407 0.9133
vn 0.5232 -0.1371 0.8411
vn -0.0120 -0.2653 0.9641
vn 0.1403 -0.2753 0.9511
vn 0.2968 -0.2789 0.9133
vn 0.4455 -0.2753 0.8519
vn 0.5764 -0.2653 0.7729
vn -0.0894 -0.3793 0.9210
vn 0.0538 -0.3969 0.9163
vn 0.2059 -0.4066 0.8901
vn 0.3566 -0.4066 0.8411
vn 0.4951 -0.3969 0.7729
vn 0.6137 -0.3793 0.6925
vn 0.9684 0.2496 -0.0000
vn 0.9886 0.1294 0.0773
vn 0.9886 0.1294 -0.0773
vn 0.9874 -0.0023 0.1584
vn 1.0000 -0.0024 -0.0000
vn 0.9874 -0.0023 -0.1584
vn 0.9616 -0.1371 0.2377
vn 0.9867 -0.1407 0.0812
vn 0.9867 -0.1407 -0.0812
vn 0.9616 -0.1371 -0.2377
vn 0.9132 -0.2653 0.3093
vn 0.9479 -0.2753 0.1604
vn 0.9603 -0.2789 -0.0000
vn 0.9479 -0.2753 -0.1604
vn 0.9132 -0.2653 -0.3093
vn 0.8483 -0.3793 0.3696
vn 0.8881 -0.3969 0.2320
vn 0.9101 -0.4066 0.0792
vn 0.9101 -0.4066 -0.0792
vn 0.8881 -0.3969 -0.2320
vn 0.8483 -0.3793 -0.3696
vn 0.5736 -0.5891 -0.5692
vn 0.4937 -0.6981 -0.5185
vn 0.4531 -0.6168 -0.6436
vn 0.3968 -0.7988 -0.4522
vn 0.3597 -0.7247 -0.5878
vn 0.3135 -0.6322 -0.7085
vn 0.2878 -0.8821 -0.3730
vn 0.2525 -0.8196 -0.5142
vn 0.2098 -0.7342 -0.6457
vn 0.1628 -0.6322 -0.7575
vn 0.1744 -0.9421 -0.2865
vn 0.1389 -0.8934 -0.4274
vn 0.0980 -0.8196 -0.5645
vn 0.0545 -0.7247 -0.6869
vn 0.0118 -0.6168 -0.7870
vn 0.0648 -0.9777 -0.1996
vn 0.0273 -0.9421 -0.3343
vn -0.0136 -0.8821 -0.4709
vn -0.0552 -0.7988 -0.5991
vn -0.0947 -0.6981 -0.7097
vn -0.1295 -0.5891 -0.7976
vn -0.3641 -0.5891 -0.7214
vn -0.3406 -0.6981 -0.6298
vn -0.4721 -0.6168 -0.6298
vn -0.3074 -0.7988 -0.5171
vn -0.4479 -0.7247 -0.5237
vn -0.5770 -0.6322 -0.5171
vn -0.2658 -0.8821 -0.3889
vn -0.4110 -0.8196 -0.3991
vn -0.5493 -0.7342 -0.3991
vn -0.6701 -0.6322 -0.3889
vn -0.2186 -0.9421 -0.2544
vn -0.3635 -0.8934 -0.2641
vn -0.5066 -0.8196 -0.2676
vn -0.6365 -0.7247 -0.2641
vn -0.7449 -0.6168 -0.2544
vn -0.1698 -0.9777 -0.1233
vn -0.3095 -0.9421 -0.1293
vn -0.4520 -0.8821 -0.1326
vn -0.5868 -0.7988 -0.1326
vn -0.7042 -0.6981 -0.1293
vn -0.7986 -0.5891 -0.1233
vn -0.7986 -0.5891 0.1233
vn -0.7042 -0.6981 0.1293
vn -0.7449 -0.6168 0.2544
vn -0.5868 -0.7988 0.1326
vn -0.6365 -0.7247 0.2641
vn -0.6701 -0.6322 0.3889
vn -0.4520 -0.8821 0.1326
vn -0.5066 -0.8196 0.2676
vn -0.5493 -0.7342 0.3991
vn -0.5770 -0.6322 0.5171
vn -0.3095 -0.9421 0.1293
vn -0.3635 -0.8934 0.2641
vn -0.4110 -0.8196 0.3991
vn -0.4479 -0.7247 0.5237
vn -0.4721 -0.6168 0.6298
vn -0.1698 -0.9777 0.1233
vn -0.2186 -0.9421 0.2544
vn -0.2658 -0.8821 0.3889
vn -0.3074 -0.7988 0.5171
vn -0.3406 -0.6981 0.6298
vn -0.3641 -0.5891 0.7214
vn 0.7186 -0.5891 -0.3696
vn 0.7521 -0.6168 -0.2320
vn 0.6457 -0.6981 -0.3093
vn 0.7707 -0.6322 -0.0792
vn 0.6702 -0.7247 -0.1604
vn 0.5527 -0.7988 -0.2376
vn 0.7707 -0.6322 0.0792
vn 0.6789 -0.7342 -0.0000
vn 0.5671 -0.8196 -0.0812
vn 0.4436 -0.8821 -0.1584
vn 0.7521 -0.6168 0.2320
vn 0.6702 -0.7247 0.1604
vn 0.5671 -0.8196 0.0812
vn 0.4493 -0.8934 -0.0000
vn 0.3264 -0.9421 -0.0773
vn 0.7186 -0.5891 0.3696
vn 0.6457 -0.6981 0.3093
vn 0.5527 -0.7988 0.2377
vn 0.4436 -0.8821 0.1584
vn 0.3264 -0.9421 0.0773
vn 0.2098 -0.9777 -0.0000
vn -0.1295 -0.5891 0.7976
vn -0.0947 -0.6981 0.7097
vn 0.0118 -0.6168 0.7870
vn -0.0552 -0.7988 0.5991
vn 0.0545 -0.7247 0.6869
vn 0.1628 -0.6322 0.7575
vn -0.0136 -0.8821 0.4709
vn 0.0980 -0.8196 0.5645
vn 0.2098 -0.7342 0.6457
vn 0.3135 -0.6322 0.7085
vn 0.0273 -0.9421 0.3343
vn 0.1389 -0.8934 0.4274
vn 0.2525 -0.8196 0.5142
vn 0.3597 -0.7247 0.5878
vn 0.4531 -0.6168 0.6436
vn 0.0648 -0.9777 0.1996
vn 0.1744 -0.9421 0.2865
vn 0.2878 -0.8821 0.3730
vn 0.3968 -0.7988 0.4522
vn 0.4937 -0.6981 0.5185
vn 0.5736 -0.5891 0.5692
s 1
f 1381//812 1400//831 1399//830
f 1382//813 1406//837 1420//851
f 1381//812 1399//830 1434//865
f 1381//812 1434//865 1448//879
f 1381//812 1448//879 1421//852
f 1382//813 1420//851 1469//900
f 1383//814 1413//844 1483//914
f 1384//815 1441//872 1497//928
f 1385//816 1455//886 1511//942
f 1386//817 1462//893 1525//956
f 1382//813 1469//900 1484//915
f 1383//814 1483//914 1498//929
f 1384//815 1497//928 1512//943
f 1385//816 1511//942 1526//957
f 1386//817 1525//956 1470//901
f 1387//818 1539//970 1574//1005
f 1388//819 1546//977 1588//1019
f 1389//820 1553//984 1595//1026
f 1390//821 1560//991 1602//1033
f 1391//822 1567//998 1575//1006
f 1581//1012 1596//1027 1392//823
f 1580//1011 1603//1034 1581//1012
f 1579//1010 1604//1035 1580//1011
f 1578//1009 1606//1037 1579//1010
f 1577//1008 1609//1040 1578//1009
f 1576//1007 1613//1044 1577//1008
f 1575//1006 1618//1049 1576//1007
f 1581//1012 1603//1034 1596//1027
f 1603//1034 1597//1028 1596//1027
f 1580//1011 1604//1035 1603//1034
f 1604//1035 1605//1036 1603//1034
f 1603//1034 1605//1036 1597//1028
f 1605//1036 1598//1029 1597//1028
f 1579//1010 1606//1037 1604//1035
f 1606//1037 1607//1038 1604//1035
f 1604//1035 1607//1038 1605//1036
f 1607//1038 1608//1039 1605//1036
f 1605//1036 1608//1039 1598//1029
f 1608//1039 1599//1030 1598//1029
f 1578//1009 1609//1040 1606//1037
f 1609//1040 1610//1041 1606//1037
f 1606//1037 1610//1041 1607//1038
f 1610//1041 1611//1042 1607//1038
f 1607//1038 1611//1042 1608//1039
f 1611//1042 1612//1043 1608//1039
f 1608//1039 1612//1043 1599//1030
f 1612//1043 1600//1031 1599//1030
f 1577//1008 1613//1044 1609//1040
f 1613//1044 1614//1045 1609//1040
f 1609//1040 1614//1045 1610//1041
f 1614//1045 1615//1046 1610//1041
f 1610//1041 1615//1046 1611//1042
f 1615//1046 1616//1047 1611//1042
f 1611//1042 1616//1047 1612//1043
f 1616//1047 1617//1048 1612//1043
f 1612//1043 1617//1048 1600//1031
f 1617//1048 1601//1032 1600//1031
f 1576//1007 1618//1049 1613//1044
f 1618//1049 1619//1050 1613//1044
f 1613//1044 1619//1050 1614//1045
f 1619//1050 1620//1051 1614//1045
f 1614//1045 1620//1051 1615//1046
f 1620//1051 1621//1052 1615//1046
f 1615//1046 1621//1052 1616//1047
f 1621//1052 1622//1053 1616//1047
f 1616//1047 1622//1053 1617//1048
f 1622//1053 1623//1054 1617//1048
f 1617//1048 1623//1054 1601//1032
f 1623//1054 1602//1033 1601//1032
f 1575//1006 1567//998 1618//1049
f 1567//998 1566//997 1618//1049
f 1618//1049 1566//997 1619//1050
f 1566//997 1565//996 1619//1050
f 1619//1050 1565//996 1620//1051
f 1565//996 1564//995 1620//1051
f 1620//1051 1564//995 1621//1052
f 1564//995 1563//994 1621//1052
f 1621//1052 1563//994 1622//1053
f 1563//994 1562//993 1622//1053
f 1622//1053 1562//993 1623//1054
f 1562//993 1561//992 1623//1054
f 1623//1054 1561//992 1602//1033
f 1561//992 1390//821 1602//1033
f 1596//1027 1589//1020 1392//823
f 1597//1028 1624//1055 1596//1027
f 1598//1029 1625//1056 1597//1028
f 1599//1030 1627//1058 1598//1029
f 1600//1031 1630//1061 1599//1030
f 1601//1032 1634//1065 1600//1031
f 1602//1033 1639//1070 1601//1032
f 1596//1027 1624//1055 1589//1020
f 1624//1055 1590//1021 1589//1020
f 1597//1028 1625//1056 1624//1055
f 1625//1056 1626//1057 1624//1055
f 1624//1055 1626//1057 1590//1021
f 1626//1057 1591//1022 1590//1021
f 1598//1029 1627//1058 1625//1056
f 1627//1058 1628//1059 1625//1056
f 1625//1056 1628//1059 1626//1057
f 1628//1059 1629//1060 1626//1057
f 1626//1057 1629//1060 1591//1022
f 1629//1060 1592//1023 1591//1022
f 1599//1030 1630//1061 1627//1058
f 1630//1061 1631//1062 1627//1058
f 1627//1058 1631//1062 1628//1059
f 1631//1062 1632//1063 1628//1059
f 1628//1059 1632//1063 1629//1060
f 1632//1063 1633//1064 1629//1060
f 1629//1060 1633//1064 1592//1023
f 1633//1064 1593//1024 1592//1023
f 1600//1031 1634//1065 1630//1061
f 1634//1065 1635//1066 1630//1061
f 1630//1061 1635//1066 1631//1062
f 1635//1066 1636//1067 1631//1062
f 1631//1062 1636//1067 1632//1063
f 1636//1067 1637//1068 1632//1063
f 1632//1063 1637//1068 1633//1064
f 1637//1068 1638//1069 1633//1064
f 1633//1064 1638//1069 1593//1024
f 1638//1069 1594//1025 1593//1024
f 1601//1032 1639//1070 1634//1065
f 1639//1070 1640//1071 1634//1065
f 1634//1065 1640//1071 1635//1066
f 1640//1071 1641//1072 1635//1066
f 1635//1066 1641//1072 1636//1067
f 1641//1072 1642//1073 1636//1067
f 1636//1067 1642//1073 1637//1068
f 1642//1073 1643//1074 1637//1068
f 1637//1068 1643//1074 1638//1069
f 1643//1074 1644//1075 1638//1069
f 1638//1069 1644//1075 1594//1025
f 1644//1075 1595//1026 1594//1025
f 1602//1033 1560//991 1639//1070
f 1560//991 1559//990 1639//1070
f 1639//1070 1559//990 1640//1071
f 1559//990 1558//989 1640//1071
f 1640//1071 1558//989 1641//1072
f 1558//989 1557//988 1641//1072
f 1641//1072 1557//988 1642//1073
f 1557//988 1556//987 1642//1073
f 1642//1073 1556//987 1643//1074
f 1556//987 1555//986 1643//1074
f 1643//1074 1555//986 1644//1075
f 1555//986 1554//985 1644//1075
f 1644//1075 1554//985 1595//1026
f 1554//985 1389//820 1595//1026
f 1589//1020 1582//1013 1392//823
f 1590//1021 1645//1076 1589//1020
f 1591//1022 1646//1077 1590//1021
f 1592//1023 1648//1079 1591//1022
f 1593//1024 1651//1082 1592//1023
f 1594//1025 1655//1086 1593//1024
f 1595//1026 1660//1091 1594//1025
f 1589//1020 1645//1076 1582//1013
f 1645//1076 1583//1014 1582//1013
f 1590//1021 1646//1077 1645//1076
f 1646//1077 1647//1078 1645//1076
f 1645//1076 1647//1078 1583//1014
f 1647//1078 1584//1015 1583//1014
f 1591//1022 1648//1079 1646//1077
f 1648//1079 1649//1080 1646//1077
f 1646//1077 1649//1080 1647//1078
f 1649//1080 1650//1081 1647//1078
f 1647//1078 1650//1081 1584//1015
f 1650//1081 1585//1016 1584//1015
f 1592//1023 1651//1082 1648//1079
f 1651//1082 1652//1083 1648//1079
f 1648//1079 1652//1083 1649//1080
f 1652//1083 1653//1084 1649//1080
f 1649//1080 1653//1084 1650//1081
f 1653//1084 1654//1085 1650//1081
f 1650//1081 1654//1085 1585//1016
f 1654//1085 1586//1017 1585//1016
f 1593//1024 1655//1086 1651//1082
f 1655//1086 1656//1087 1651//1082
f 1651//1082 1656//1087 1652//1083
f 1656//1087 1657//1088 1652//1083
f 1652//1083 1657//1088 1653//1084
f 1657//1088 1658//1089 1653//1084
f 1653//1084 1658//1089 1654//1085
f 1658//1089 1659//1090 1654//1085
f 1654//1085 1659//1090 1586//1017
f 1659//1090 1587//1018 1586//1017
f 1594//1025 1660//1091 1655//1086
f 1660//1091 1661//1092 1655//1086
f 1655//1086 1661//1092 1656//1087
f 1661//1092 1662//1093 1656//1087
f 1656//1087 1662//1093 1657//1088
f 1662//1093 1663//1094 1657//1088
f 1657//1088 1663//1094 1658//1089
f 1663//1094 1664//1095 1658//1089
f 1658//1089 1664//1095 1659//1090
f 1664//1095 1665//1096 1659//1090
f 1659//1090 1665//1096 1587//1018
f 1665//1096 1588//1019 1587//1018
f 1595//1026 1553//984 1660//1091
f 1553//984 1552//983 1660//1091
f 1660//1091 1552//983 1661//1092
f 1552//983 1551//982 1661//1092
f 1661//1092 1551//982 1662//1093
f 1551//982 1550//981 1662//1093
f 1662//1093 1550//981 1663//1094
f 1550//981 1549//980 1663//1094
f 1663//1094 1549//980 1664//1095
f 1549//980 1548//979 1664//1095
f 1664//1095 1548//979 1665//1096
f 1548//979 1547//978 1665//1096
f 1665//1096 1547//978 1588//1019
f 1547//978 1388//819 1588//1019
f 1582//1013 1568//999 1392//823
f 1583//1014 1666//1097 1582//1013
f 1584//1015 1667//1098 1583//1014
f 1585//1016 1669//1100 1584//1015
f 1586//1017 1672//1103 1585//1016
f 1587//1018 1676//1107 1586//1017
f 1588//1019 1681//1112 1587//1018
f 1582//1013 1666//1097 1568//999
f 1666//1097 1569//1000 1568//999
f 1583//1014 1667//1098 1666//1097
f 1667//1098 1668//1099 1666//1097
f 1666//1097 1668//1099 1569//1000
f 1668//1099 1570//1001 1569//1000
f 1584//1015 1669//1100 1667//1098
f 1669//1100 1670//1101 1667//1098
f 1667//1098 1670//1101 1668//1099
f 1670//1101 1671//1102 1668//1099
f 1668//1099 1671//1102 1570//1001
f 1671//1102 1571//1002 1570//1001
f 1585//1016 1672//1103 1669//1100
f 1672//1103 1673//1104 1669//1100
f 1669//1100 1673//1104 1670//1101
f 1673//1104 1674//1105 1670//1101
f 1670//1101 1674//1105 1671//1102
f 1674//1105 1675//1106 1671//1102
f 1671//1102 1675//1106 1571//1002
f 1675//1106 1572//1003 1571//1002
f 1586//1017 1676//1107 1672//1103
f 1676//1107 1677//1108 1672//1103
f 1672//1103 1677//1108 1673//1104
f 1677//1108 1678//1109 1673//1104
f 1673//1104 1678//1109 1674//1105
f 1678//1109 1679//1110 1674//1105
f 1674//1105 1679//1110 1675//1106
f 1679//1110 1680//1111 1675//1106
f 1675//1106 1680//1111 1572//1003
f 1680//1111 1573//1004 1572//1003
f 1587//1018 1681//1112 1676//1107
f 1681//1112 1682//1113 1676//1107
f 1676//1107 1682//1113 1677//1108
f 1682//1113 1683//1114 1677//1108
f 1677//1108 1683//1114 1678//1109
f 1683//1114 1684//1115 1678//1109
f 1678//1109 1684//1115 1679//1110
f 1684//1115 1685//1116 1679//1110
f 1679//1110 1685//1116 1680//1111
f 1685//1116 1686//1117 1680//1111
f 1680//1111 1686//1117 1573//1004
f 1686//1117 1574//1005 1573//1004
f 1588//1019 1546//977 1681//1112
f 1546//977 1545//976 1681//1112
f 1681//1112 1545//976 1682//1113
f 1545//976 1544//975 1682//1113
f 1682//1113 1544//975 1683//1114
f 1544//975 1543//974 1683//1114
f 1683//1114 1543//974 1684//1115
f 1543//974 1542//973 1684//1115
f 1684//1115 1542//973 1685//1116
f 1542//973 1541//972 1685//1116
f 1685//1116 1541//972 1686//1117
f 1541//972 1540//971 1686//1117
f 1686//1117 1540//971 1574//1005
f 1540//971 1387//818 1574//1005
f 1568//999 1581//1012 1392//823
f 1569//1000 1687//1118 1568//999
f 1570//1001 1688//1119 1569//1000
f 1571//1002 1690//1121 1570//1001
f 1572//1003 1693//1124 1571//1002
f 1573//1004 1697//1128 1572//1003
f 1574//1005 1702//1133 1573//1004
f 1568//999 1687//1118 1581//1012
f 1687//1118 1580//1011 1581//1012
f 1569//1000 1688//1119 1687//1118
f 1688//1119 1689//1120 1687//1118
f 1687//1118 1689//1120 1580//1011
f 1689//1120 1579//1010 1580//1011
f 1570//1001 1690//1121 1688//1119
f 1690//1121 1691//1122 1688//1119
f 1688//1119 1691//1122 1689//1120
f 1691//1122 1692//1123 1689//1120
f 1689//1120 1692//1123 1579//1010
f 1692//1123 1578//1009 1579//1010
f 1571//1002 1693//1124 1690//1121
f 1693//1124 1694//1125 1690//1121
f 1690//1121 1694//1125 1691//1122
f 1694//1125 1695//1126 1691//1122
f 1691//1122 1695//1126 1692//1123
f 1695//1126 1696//1127 1692//1123
f 1692//1123 1696//1127 1578//1009
f 1696//1127 1577//1008 1578//1009
f 1572//1003 1697//1128 1693//1124
f 1697//1128 1698//1129 1693//1124
f 1693//1124 1698//1129 1694//1125
f 1698//1129 1699//1130 1694//1125
f 1694//1125 1699//1130 1695//1126
f 1699//1130 1700//1131 1695//1126
f 1695//1126 1700//1131 1696//1127
f 1700//1131 1701//1132 1696//1127
f 1696//1127 1701//1132 1577//1008
f 1701//1132 1576//1007 1577//1008
f 1573//1004 1702//1133 1697//1128
f 1702//1133 1703//1134 1697//1128
f 1697//1128 1703//1134 1698//1129
f 1703//1134 1704//1135 1698//1129
f 1698//1129 1704//1135 1699//1130
f 1704//1135 1705//1136 1699//1130
f 1699//1130 1705//1136 1700//1131
f 1705//1136 1706//1137 1700//1131
f 1700//1131 1706//1137 1701//1132
f 1706//1137 1707//1138 1701//1132
f 1701//1132 1707//1138 1576//1007
f 1707//1138 1575//1006 1576//1007
f 1574//1005 1539//970 1702//1133
f 1539//970 1538//969 1702//1133
f 1702//1133 1538//969 1703//1134
f 1538//969 1537//968 1703//1134
f 1703//1134 1537//968 1704//1135
f 1537//968 1536//967 1704//1135
f 1704//1135 1536//967 1705//1136
f 1536//967 1535//966 1705//1136
f 1705//1136 1535//966 1706//1137
f 1535//966 1534//965 1706//1137
f 1706//1137 1534//965 1707//1138
f 1534//965 1533//964 1707//1138
f 1707//1138 1533//964 1575//1006
f 1533//964 1391//822 1575//1006
f 1476//907 1567//998 1391//822
f 1475//906 1708//1139 1476//907
f 1474//905 1709//1140 1475//906
f 1473//904 1711//1142 1474//905
f 1472//903 1714//1145 1473//904
f 1471//902 1718//1149 1472//903
f 1470//901 1723//1154 1471//902
f 1476//907 1708//1139 1567//998
f 1708//1139 1566//997 1567//998
f 1475//906 1709//1140 1708//1139
f 1709//1140 1710//1141 1708//1139
f 1708//1139 1710//1141 1566//997
f 1710//1141 1565//996 1566//997
f 1474//905 1711//1142 1709//1140
f 1711//1142 1712//1143 1709//1140
f 1709//1140 1712//1143 1710//1141
f 1712//1143 1713//1144 1710//1141
f 1710//1141 1713//1144 1565//996
f 1713//1144 1564//995 1565//996
f 1473//904 1714//1145 1711//1142
f 1714//1145 1715//1146 1711//1142
f 1711//1142 1715//1146 1712//1143
f 1715//1146 1716//1147 1712//1143
f 1712//1143 1716//1147 1713//1144
f 1716//1147 1717//1148 1713//1144
f 1713//1144 1717//1148 1564//995
f 1717//1148 1563//994 1564//995
f 1472//903 1718//1149 1714//1145
f 1718//1149 1719//1150 1714//1145
f 1714//1145 1719//1150 1715//1146
f 1719//1150 1720//1151 1715//1146
f 1715//1146 1720//1151 1716//1147
f 1720//1151 1721//1152 1716//1147
f 1716//1147 1721//1152 1717//1148
f 1721//1152 1722//1153 1717//1148
f 1717//1148 1722//1153 1563//994
f 1722//1153 1562//993 1563//994
f 1471//902 1723//1154 1718//1149
f 1723//1154 1724//1155 1718//1149
f 1718//1149 1724//1155 1719//1150
f 1724//1155 1725//1156 1719//1150
f 1719//1150 1725//1156 1720//1151
f 1725//1156 1726//1157 1720//1151
f 1720//1151 1726//1157 1721//1152
f 1726//1157 1727//1158 1721//1152
f 1721//1152 1727//1158 1722//1153
f 1727//1158 1728//1159 1722//1153
f 1722//1153 1728//1159 1562//993
f 1728//1159 1561//992 1562//993
f 1470//901 1525//956 1723//1154
f 1525//956 1524//955 1723//1154
f 1723//1154 1524//955 1724//1155
f 1524//955 1523//954 1724//1155
f 1724//1155 1523//954 1725//1156
f 1523//954 1522//953 1725//1156
f 1725//1156 1522//953 1726//1157
f 1522//953 1521//952 1726//1157
f 1726//1157 1521//952 1727//1158
f 1521//952 1520//951 1727//1158
f 1727//1158 1520//951 1728//1159
f 1520//951 1519//950 1728//1159
f 1728//1159 1519//950 1561//992
f 1519//950 1390//821 1561//992
f 1532//963 1560//991 1390//821
f 1531//962 1729//1160 1532//963
f 1530//961 1730//1161 1531//962
f 1529//960 1732//1163 1530//961
f 1528//959 1735//1166 1529//960
f 1527//958 1739//1170 1528//959
f 1526//957 1744//1175 1527//958
f 1532//963 1729//1160 1560//991
f 1729//1160 1559//990 1560//991
f 1531//962 1730//1161 1729//1160
f 1730//1161 1731//1162 1729//1160
f 1729//1160 1731//1162 1559//990
f 1731//1162 1558//989 1559//990
f 1530//961 1732//1163 1730//1161
f 1732//1163 1733//1164 1730//1161
f 1730//1161 1733//1164 1731//1162
f 1733//1164 1734//1165 1731//1162
f 1731//1162 1734//1165 1558//989
f 1734//1165 1557//988 1558//989
f 1529//960 1735//1166 1732//1163
f 1735//1166 1736//1167 1732//1163
f 1732//1163 1736//1167 1733//1164
f 1736//1167 1737//1168 1733//1164
f 1733//1164 1737//1168 1734//1165
f 1737//1168 1738//1169 1734//1165
f 1734//1165 1738//1169 1557//988
f 1738//1169 1556//987 1557//988
f 1528//959 1739//1170 1735//1166
f 1739//1170 1740//1171 1735//1166
f 1735//1166 1740//1171 1736//1167
f 1740//1171 1741//1172 1736//1167
f 1736//1167 1741//1172 1737//1168
f 1741//1172 1742//1173 1737//1168
f 1737//1168 1742//1173 1738//1169
f 1742//1173 1743//1174 1738//1169
f 1738//1169 1743//1174 1556//987
f 1743//1174 1555//986 1556//987
f 1527//958 1744//1175 1739//1170
f 1744//1175 1745//1176 1739//1170
f 1739//1170 1745//1176 1740//1171
f 1745//1176 1746//1177 1740//1171
f 1740//1171 1746//1177 1741//1172
f 1746//1177 1747//1178 1741//1172
f 1741//1172 1747//1178 1742//1173
f 1747//1178 1748//1179 1742//1173
f 1742//1173 1748//1179 1743//1174
f 1748//1179 1749//1180 1743//1174
f 1743//1174 1749//1180 1555//986
f 1749//1180 1554//985 1555//986
f 1526//957 1511//942 1744//1175
f 1511//942 1510//941 1744//1175
f 1744//1175 1510//941 1745//1176
f 1510//941 1509//940 1745//1176
f 1745//1176 1509//940 1746//1177
f 1509//940 1508//939 1746//1177
f 1746//1177 1508//939 1747//1178
f 1508//939 1507//938 1747//1178
f 1747//1178 1507//938 1748//1179
f 1507//938 1506//937 1748//1179
f 1748//1179 1506//937 1749//1180
f 1506//937 1505//936 1749//1180
f 1749//1180 1505//936 1554//985
f 1505//936 1389//820 1554//985
f 1518//949 1553//984 1389//820
f 1517//948 1750//1181 1518//949
f 1516//947 1751//1182 1517//948
f 1515//946 1753//1184 1516//947
f 1514//945 1756//1187 1515//946
f 1513//944 1760//1191 1514//945
f 1512//943 1765//1196 1513//944
f 1518//949 1750//1181 1553//984
f 1750//1181 1552//983 1553//984
f 1517//948 1751//1182 1750//1181
f 1751//1182 1752//1183 1750//1181
f 1750//1181 1752//1183 1552//983
f 1752//1183 1551//982 1552//983
f 1516//947 1753//1184 1751//1182
f 1753//1184 1754//1185 1751//1182
f 1751//1182 1754//1185 1752//1183
f 1754//1185 1755//1186 1752//1183
f 1752//1183 1755//1186 1551//982
f 1755//1186 1550//981 1551//982
f 1515//946 1756//1187 1753//1184
f 1756//1187 1757//1188 1753//1184
f 1753//1184 1757//1188 1754//1185
f 1757//1188 1758//1189 1754//1185
f 1754//1185 1758//1189 1755//1186
f 1758//1189 1759//1190 1755//1186
f 1755//1186 1759//1190 1550//981
f 1759//1190 1549//980 1550//981
f 1514//945 1760//1191 1756//1187
f 1760//1191 1761//1192 1756//1187
f 1756//1187 1761//1192 1757//1188
f 1761//1192 1762//1193 1757//1188
f 1757//1188 1762//1193 1758//1189
f 1762//1193 1763//1194 1758//1189
f 1758//1189 1763//1194 1759//1190
f 1763//1194 1764//1195 1759//1190
f 1759//1190 1764//1195 1549//980
f 1764//1195 1548//979 1549//980
f 1513//944 1765//1196 1760//1191
f 1765//1196 1766//1197 1760//1191
f 1760//1191 1766//1197 1761//1192
f 1766//1197 1767//1198 1761//1192
f 1761//1192 1767//1198 1762//1193
f 1767//1198 1768//1199 1762//1193
f 1762//1193 1768//1199 1763//1194
f 1768//1199 1769//1200 1763//1194
f 1763//1194 1769//1200 1764//1195
f 1769//1200 1770//1201 1764//1195
f 1764//1195 1770//1201 1548//979
f 1770//1201 1547//978 1548//979
f 1512//943 1497//928 1765//1196
f 1497//928 1496//927 1765//1196
f 1765//1196 1496//927 1766//1197
f 1496//927 1495//926 1766//1197
f 1766//1197 1495//926 1767//1198
f 1495//926 1494//925 1767//1198
f 1767//1198 1494//925 1768//1199
f 1494//925 1493//924 1768//1199
f 1768//1199 1493//924 1769//1200
f 1493//924 1492//923 1769//1200
f 1769//1200 1492//923 1770//1201
f 1492//923 1491//922 1770//1201
f 1770//1201 1491//922 1547//978
f 1491//922 1388//819 1547//978
f 1504//935 1546//977 1388//819
f 1503//934 1771//1202 1504//935
f 1502//933 1772//1203 1503//934
f 1501//932 1774//1205 1502//933
f 1500//931 1777//1208 1501//932
f 1499//930 1781//1212 1500//931
f 1498//929 1786//1217 1499//930
f 1504//935 1771//1202 1546//977
f 1771//1202 1545//976 1546//977
f 1503//934 1772//1203 1771//1202
f 1772//1203 1773//1204 1771//1202
f 1771//1202 1773//1204 1545//976
f 1773//1204 1544//975 1545//976
f 1502//933 1774//1205 1772//1203
f 1774//1205 1775//1206 1772//1203
f 1772//1203 1775//1206 1773//1204
f 1775//1206 1776//1207 1773//1204
f 1773//1204 1776//1207 1544//975
f 1776//1207 1543//974 1544//975
f 1501//932 1777//1208 1774//1205
f 1777//1208 1778//1209 1774//1205
f 1774//1205 1778//1209 1775//1206
f 1778//1209 1779//1210 1775//1206
f 1775//1206 1779//1210 1776//1207
f 1779//1210 1780//1211 1776//1207
f 1776//1207 1780//1211 1543//974
f 1780//1211 1542//973 1543//974
f 1500//931 1781//1212 1777//1208
f 1781//1212 1782//1213 1777//1208
f 1777//1208 1782//1213 1778//1209
f 1782//1213 1783//1214 1778//1209
f 1778//1209 1783//1214 1779//1210
f 1783//1214 1784//1215 1779//1210
f 1779//1210 1784//1215 1780//1211
f 1784//1215 1785//1216 1780//1211
f 1780//1211 1785//1216 1542//973
f 1785//1216 1541//972 1542//973
f 1499//930 1786//1217 1781//1212
f 1786//1217 1787//1218 1781//1212
f 1781//1212 1787//1218 1782//1213
f 1787//1218 1788//1219 1782//1213
f 1782//1213 1788//1219 1783//1214
f 1788//1219 1789//1220 1783//1214
f 1783//1214 1789//1220 1784//1215
f 1789//1220 1790//1221 1784//1215
f 1784//1215 1790//1221 1785//1216
f 1790//1221 1791//1222 1785//1216
f 1785//1216 1791//1222 1541//972
f 1791//1222 1540//971 1541//972
f 1498//929 1483//914 1786//1217
f 1483//914 1482//913 1786//1217
f 1786//1217 1482//913 1787//1218
f 1482//913 1481//912 1787//1218
f 1787//1218 1481//912 1788//1219
f 1481//912 1480//911 1788//1219
f 1788//1219 1480//911 1789//1220
f 1480//911 1479//910 1789//1220
f 1789//1220 1479//910 1790//1221
f 1479//910 1478//909 1790//1221
f 1790//1221 1478//909 1791//1222
f 1478//909 1477//908 1791//1222
f 1791//1222 1477//908 1540//971
f 1477//908 1387//818 1540//971
f 1490//921 1539//970 1387//818
f 1489//920 1792//1223 1490//921
f 1488//919 1793//1224 1489//920
f 1487//918 1795//1226 1488//919
f 1486//917 1798//1229 1487//918
f 1485//916 1802//1233 1486//917
f 1484//915 1807//1238 1485//916
f 1490//921 1792//1223 1539//970
f 1792//1223 1538//969 1539//970
f 1489//920 1793//1224 1792//1223
f 1793//1224 1794//1225 1792//1223
f 1792//1223 1794//1225 1538//969
f 1794//1225 1537//968 1538//969
f 1488//919 1795//1226 1793//1224
f 1795//1226 1796//1227 1793//1224
f 1793//1224 1796//1227 1794//1225
f 1796//1227 1797//1228 1794//1225
f 1794//1225 1797//1228 1537//968
f 1797//1228 1536//967 1537//968
f 1487//918 1798//1229 1795//1226
f 1798//1229 1799//1230 1795//1226
f 1795//1226 1799//1230 1796//1227
f 1799//1230 1800//1231 1796//1227
f 1796//1227 1800//1231 1797//1228
f 1800//1231 1801//1232 1797//1228
f 1797//1228 1801//1232 1536//967
f 1801//1232 1535//966 1536//967
f 1486//917 1802//1233 1798//1229
f 1802//1233 1803//1234 1798//1229
f 1798//1229 1803//1234 1799//1230
f 1803//1234 1804//1235 1799//1230
f 1799//1230 1804//1235 1800//1231
f 1804//1235 1805//1236 1800//1231
f 1800//1231 1805//1236 1801//1232
f 1805//1236 1806//1237 1801//1232
f 1801//1232 1806//1237 1535//966
f 1806//1237 1534//965 1535//966
f 1485//916 1807//1238 1802//1233
f 1807//1238 1808//1239 1802//1233
f 1802//1233 1808//1239 1803//1234
f 1808//1239 1809//1240 1803//1234
f 1803//1234 1809//1240 1804//1235
f 1809//1240 1810//1241 1804//1235
f 1804//1235 1810//1241 1805//1236
f 1810//1241 1811//1242 1805//1236
f 1805//1236 1811//1242 1806//1237
f 1811//1242 1812//1243 1806//1237
f 1806//1237 1812//1243 1534//965
f 1812//1243 1533//964 1534//965
f 1484//915 1469//900 1807//1238
f 1469//900 1468//899 1807//1238
f 1807//1238 1468//899 1808//1239
f 1468//899 1467//898 1808//1239
f 1808//1239 1467//898 1809//1240
f 1467//898 1466//897 1809//1240
f 1809//1240 1466//897 1810//1241
f 1466//897 1465//896 1810//1241
f 1810//1241 1465//896 1811//1242
f 1465//896 1464//895 1811//1242
f 1811//1242 1464//895 1812//1243
f 1464//895 1463//894 1812//1243
f 1812//1243 1463//894 1533//964
f 1463//894 1391//822 1533//964
f 1519//950 1532//963 1390//821
f 1520//951 1813//1244 1519//950
f 1521//952 1814//1245 1520//951
f 1522//953 1816//1247 1521//952
f 1523//954 1819//1250 1522//953
f 1524//955 1823//1254 1523//954
f 1525//956 1828//1259 1524//955
f 1519//950 1813//1244 1532//963
f 1813//1244 1531//962 1532//963
f 1520//951 1814//1245 1813//1244
f 1814//1245 1815//1246 1813//1244
f 1813//1244 1815//1246 1531//962
f 1815//1246 1530//961 1531//962
f 1521//952 1816//1247 1814//1245
f 1816//1247 1817//1248 1814//1245
f 1814//1245 1817//1248 1815//1246
f 1817//1248 1818//1249 1815//1246
f 1815//1246 1818//1249 1530//961
f 1818//1249 1529//960 1530//961
f 1522//953 1819//1250 1816//1247
f 1819//1250 1820//1251 1816//1247
f 1816//1247 1820//1251 1817//1248
f 1820//1251 1821//1252 1817//1248
f 1817//1248 1821//1252 1818//1249
f 1821//1252 1822//1253 1818//1249
f 1818//1249 1822//1253 1529//960
f 1822//1253 1528//959 1529//960
f 1523//954 1823//1254 1819//1250
f 1823//1254 1824//1255 1819//1250
f 1819//1250 1824//1255 1820//1251
f 1824//1255 1825//1256 1820//1251
f 1820//1251 1825//1256 1821//1252
f 1825//1256 1826//1257 1821//1252
f 1821//1252 1826//1257 1822//1253
f 1826//1257 1827//1258 1822//1253
f 1822//1253 1827//1258 1528//959
f 1827//1258 1527//958 1528//959
f 1524//955 1828//1259 1823//1254
f 1828//1259 1829//1260 1823//1254
f 1823//1254 1829//1260 1824//1255
f 1829//1260 1830//1261 1824//1255
f 1824//1255 1830//1261 1825//1256
f 1830//1261 1831//1262 1825//1256
f 1825//1256 1831//1262 1826//1257
f 1831//1262 1832//1263 1826//1257
f 1826//1257 1832//1263 1827//1258
f 1832//1263 1833//1264 1827//1258
f 1827//1258 1833//1264 1527//958
f 1833//1264 1526//957 1527//958
f 1525//956 1462//893 1828//1259
f 1462//893 1461//892 1828//1259
f 1828//1259 1461//892 1829//1260
f 1461//892 1460//891 1829//1260
f 1829//1260 1460//891 1830//1261
f 1460//891 1459//890 1830//1261
f 1830//1261 1459//890 1831//1262
f 1459//890 1458//889 1831//1262
f 1831//1262 1458//889 1832//1263
f 1458//889 1457//888 1832//1263
f 1832//1263 1457//888 1833//1264
f 1457//888 1456//887 1833//1264
f 1833//1264 1456//887 1526//957
f 1456//887 1385//816 1526//957
f 1505//936 1518//949 1389//820
f 1506//937 1834//1265 1505//936
f 1507//938 1835//1266 1506//937
f 1508//939 1837//1268 1507//938
f 1509//940 1840//1271 1508//939
f 1510//941 1844//1275 1509//940
f 1511//942 1849//1280 1510//941
f 1505//936 1834//1265 1518//949
f 1834//1265 1517//948 1518//949
f 1506//937 1835//1266 1834//1265
f 1835//1266 1836//1267 1834//1265
f 1834//1265 1836//1267 1517//948
f 1836//1267 1516//947 1517//948
f 1507//938 1837//1268 1835//1266
f 1837//1268 1838//1269 1835//1266
f 1835//1266 1838//1269 1836//1267
f 1838//1269 1839//1270 1836//1267
f 1836//1267 1839//1270 1516//947
f 1839//1270 1515//946 1516//947
f 1508//939 1840//1271 1837//1268
f 1840//1271 1841//1272 1837//1268
f 1837//1268 1841//1272 1838//1269
f 1841//1272 1842//1273 1838//1269
f 1838//1269 1842//1273 1839//1270
f 1842//1273 1843//1274 1839//1270
f 1839//1270 1843//1274 1515//946
f 1843//1274 1514//945 1515//946
f 1509//940 1844//1275 1840//1271
f 1844//1275 1845//1276 1840//1271
f 1840//1271 1845//1276 1841//1272
f 1845//1276 1846//1277 1841//1272
f 1841//1272 1846//1277 1842//1273
f 1846//1277 1847//1278 1842//1273
f 1842//1273 1847//1278 1843//1274
f 1847//1278 1848//1279 1843//1274
f 1843//1274 1848//1279 1514//945
f 1848//1279 1513//944 1514//945
f 1510//941 1849//1280 1844//1275
f 1849//1280 1850//1281 1844//1275
f 1844//1275 1850//1281 1845//1276
f 1850//1281 1851//1282 1845//1276
f 1845//1276 1851//1282 1846//1277
f 1851//1282 1852//1283 1846//1277
f 1846//1277 1852//1283 1847//1278
f 1852//1283 1853//1284 1847//1278
f 1847//1278 1853//1284 1848//1279
f 1853//1284 1854//1285 1848//1279
f 1848//1279 1854//1285 1513//944
f 1854//1285 1512//943 1513//944
f 1511//942 1455//886 1849//1280
f 1455//886 1454//885 1849//1280
f 1849//1280 1454//885 1850//1281
f 1454//885 1453//884 1850//1281
f 1850//1281 1453//884 1851//1282
f 1453//884 1452//883 1851//1282
f 1851//1282 1452//883 1852//1283
f 1452//883 1451//882 1852//1283
f 1852//1283 1451//882 1853//1284
f 1451//882 1450//881 1853//1284
f 1853//1284 1450//881 1854//1285
f 1450//881 1449//880 1854//1285
f 1854//1285 1449//880 1512//943
f 1449//880 1384//815 1512//943
f 1491//922 1504//935 1388//819
f 1492//923 1855//1286 1491//922
f 1493//924 1856//1287 1492//923
f 1494//925 1858//1289 1493//924
f 1495//926 1861//1292 1494//925
f 1496//927 1865//1296 1495//926
f 1497//928 1870//1301 1496//927
f 1491//922 1855//1286 1504//935
f 1855//1286 1503//934 1504//935
f 1492//923 1856//1287 1855//1286
f 1856//1287 1857//1288 1855//1286
f 1855//1286 1857//1288 1503//934
f 1857//1288 1502//933 1503//934
f 1493//924 1858//1289 1856//1287
f 1858//1289 1859//1290 1856//1287
f 1856//1287 1859//1290 1857//1288
f 1859//1290 1860//1291 1857//1288
f 1857//1288 1860//1291 1502//933
f 1860//1291 1501//932 1502//933
f 1494//925 1861//1292 1858//1289
f 1861//1292 1862//1293 1858//1289
f 1858//1289 1862//1293 1859//1290
f 1862//1293 1863//1294 1859//1290
f 1859//1290 1863//1294 1860//1291
f 1863//1294 1864//1295 1860//1291
f 1860//1291 1864//1295 1501//932
f 1864//1295 1500//931 1501//932
f 1495//926 1865//1296 1861//1292
f 1865//1296 1866//1297 1861//1292
f 1861//1292 1866//1297 1862//1293
f 1866//1297 1867//1298 1862//1293
f 1862//1293 1867//1298 1863//1294
f 1867//1298 1868//1299 1863//1294
f 1863//1294 1868//1299 1864//1295
f 1868//1299 1869//1300 1864//1295
f 1864//1295 1869//1300 1500//931
f 1869//1300 1499//930 1500//931
f 1496//927 1870//1301 1865//1296
f 1870//1301 1871//1302 1865//1296
f 1865//1296 1871//1302 1866//1297
f 1871//1302 1872//1303 1866//1297
f 1866//1297 1872//1303 1867//1298
f 1872//1303 1873//1304 1867//1298
f 1867//1298 1873//1304 1868//1299
f 1873//1304 1874//1305 1868//1299
f 1868//1299 1874//1305 1869//1300
f 1874//1305 1875//1306 1869//1300
f 1869//1300 1875//1306 1499//930
f 1875//1306 1498//929 1499//930
f 1497//928 1441//872 1870//1301
f 1441//872 1440//871 1870//1301
f 1870//1301 1440//871 1871//1302
f 1440//871 1439//870 1871//1302
f 1871//1302 1439//870 1872//1303
f 1439//870 1438//869 1872//1303
f 1872//1303 1438//869 1873//1304
f 1438//869 1437//868 1873//1304
f 1873//1304 1437//868 1874//1305
f 1437//868 1436//867 1874//1305
f 1874//1305 1436//867 1875//1306
f 1436//867 1435//866 1875//1306
f 1875//1306 1435//866 1498//929
f 1435//866 1383//814 1498//929
f 1477//908 1490//921 1387//818
f 1478//909 1876//1307 1477//908
f 1479//910 1877//1308 1478//909
f 1480//911 1879//1310 1479//910
f 1481//912 1882//1313 1480//911
f 1482//913 1886//1317 1481//912
f 1483//914 1891//1322 1482//913
f 1477//908 1876//1307 1490//921
f 1876//1307 1489//920 1490//921
f 1478//909 1877//1308 1876//1307
f 1877//1308 1878//1309 1876//1307
f 1876//1307 1878//1309 1489//920
f 1878//1309 1488//919 1489//920
f 1479//910 1879//1310 1877//1308
f 1879//1310 1880//1311 1877//1308
f 1877//1308 1880//1311 1878//1309
f 1880//1311 1881//1312 1878//1309
f 1878//1309 1881//1312 1488//919
f 1881//1312 1487//918 1488//919
f 1480//911 1882//1313 1879//1310
f 1882//1313 1883//1314 1879//1310
f 1879//1310 1883//1314 1880//1311
f 1883//1314 1884//1315 1880//1311
f 1880//1311 1884//1315 1881//1312
f 1884//1315 1885//1316 1881//1312
f 1881//1312 1885//1316 1487//918
f 1885//1316 1486//917 1487//918
f 1481//912 1886//1317 1882//1313
f 1886//1317 1887//1318 1882//1313
f 1882//1313 1887//1318 1883//1314
f 1887//1318 1888//1319 1883//1314
f 1883//1314 1888//1319 1884//1315
f 1888//1319 1889//1320 1884//1315
f 1884//1315 1889//1320 1885//1316
f 1889//1320 1890//1321 1885//1316
f 1885//1316 1890//1321 1486//917
f 1890//1321 1485//916 1486//917
f 1482//913 1891//1322 1886//1317
f 1891//1322 1892//1323 1886//1317
f 1886//1317 1892//1323 1887//1318
f 1892//1323 1893//1324 1887//1318
f 1887//1318 1893//1324 1888//1319
f 1893//1324 1894//1325 1888//1319
f 1888//1319 1894//1325 1889//1320
f 1894//1325 1895//1326 1889//1320
f 1889//1320 1895//1326 1890//1321
f 1895//1326 1896//1327 1890//1321
f 1890//1321 1896//1327 1485//916
f 1896//1327 1484//915 1485//916
f 1483//914 1413//844 1891//1322
f 1413//844 1412//843 1891//1322
f 1891//1322 1412//843 1892//1323
f 1412//843 1411//842 1892//1323
f 1892//1323 1411//842 1893//1324
f 1411//842 1410//841 1893//1324
f 1893//1324 1410//841 1894//1325
f 1410//841 1409//840 1894//1325
f 1894//1325 1409//840 1895//1326
f 1409//840 1408//839 1895//1326
f 1895//1326 1408//839 1896//1327
f 1408//839 1407//838 1896//1327
f 1896//1327 1407//838 1484//915
f 1407//838 1382//813 1484//915
f 1463//894 1476//907 1391//822
f 1464//895 1897//1328 1463//894
f 1465//896 1898//1329 1464//895
f 1466//897 1900//1331 1465//896
f 1467//898 1903//1334 1466//897
f 1468//899 1907//1338 1467//898
f 1469//900 1912//1343 1468//899
f 1463//894 1897//1328 1476//907
f 1897//1328 1475//906 1476//907
f 1464//895 1898//1329 1897//1328
f 1898//1329 1899//1330 1897//1328
f 1897//1328 1899//1330 1475//906
f 1899//1330 1474//905 1475//906
f 1465//896 1900//1331 1898//1329
f 1900//1331 1901//1332 1898//1329
f 1898//1329 1901//1332 1899//1330
f 1901//1332 1902//1333 1899//1330
f 1899//1330 1902//1333 1474//905
f 1902//1333 1473//904 1474//905
f 1466//897 1903//1334 1900//1331
f 1903//1334 1904//1335 1900//1331
f 1900//1331 1904//1335 1901//1332
f 1904//1335 1905//1336 1901//1332
f 1901//1332 1905//1336 1902//1333
f 1905//1336 1906//1337 1902//1333
f 1902//1333 1906//1337 1473//904
f 1906//1337 1472//903 1473//904
f 1467//898 1907//1338 1903//1334
f 1907//1338 1908//1339 1903//1334
f 1903//1334 1908//1339 1904//1335
f 1908//1339 1909//1340 1904//1335
f 1904//1335 1909//1340 1905//1336
f 1909//1340 1910//1341 1905//1336
f 1905//1336 1910//1341 1906//1337
f 1910//1341 1911//1342 1906//1337
f 1906//1337 1911//1342 1472//903
f 1911//1342 1471//902 1472//903
f 1468//899 1912//1343 1907//1338
f 1912//1343 1913//1344 1907//1338
f 1907//1338 1913//1344 1908//1339
f 1913//1344 1914//1345 1908//1339
f 1908//1339 1914//1345 1909//1340
f 1914//1345 1915//1346 1909//1340
f 1909//1340 1915//1346 1910//1341
f 1915//1346 1916//1347 1910//1341
f 1910//1341 1916//1347 1911//1342
f 1916//1347 1917//1348 1911//1342
f 1911//1342 1917//1348 1471//902
f 1917//1348 1470//901 1471//902
f 1469//900 1420//851 1912//1343
f 1420//851 1419//850 1912//1343
f 1912//1343 1419//850 1913//1344
f 1419//850 1418//849 1913//1344
f 1913//1344 1418//849 1914//1345
f 1418//849 1417//848 1914//1345
f 1914//1345 1417//848 1915//1346
f 1417//848 1416//847 1915//1346
f 1915//1346 1416//847 1916//1347
f 1416//847 1415//846 1916//1347
f 1916//1347 1415//846 1917//1348
f 1415//846 1414//845 1917//1348
f 1917//1348 1414//845 1470//901
f 1414//845 1386//817 1470//901
f 1427//858 1462//893 1386//817
f 1426//857 1918//1349 1427//858
f 1425//856 1919//1350 1426//857
f 1424//855 1921//1352 1425//856
f 1423//854 1924//1355 1424//855
f 1422//853 1928//1359 1423//854
f 1421//852 1933//1364 1422//853
f 1427//858 1918//1349 1462//893
f 1918//1349 1461//892 1462//893
f 1426//857 1919//1350 1918//1349
f 1919//1350 1920//1351 1918//1349
f 1918//1349 1920//1351 1461//892
f 1920//1351 1460//891 1461//892
f 1425//856 1921//1352 1919//1350
f 1921//1352 1922//1353 1919//1350
f 1919//1350 1922//1353 1920//1351
f 1922//1353 1923//1354 1920//1351
f 1920//1351 1923//1354 1460//891
f 1923//1354 1459//890 1460//891
f 1424//855 1924//1355 1921//1352
f 1924//1355 1925//1356 1921//1352
f 1921//1352 1925//1356 1922//1353
f 1925//1356 1926//1357 1922//1353
f 1922//1353 1926//1357 1923//1354
f 1926//1357 1927//1358 1923//1354
f 1923//1354 1927//1358 1459//890
f 1927//1358 1458//889 1459//890
f 1423//854 1928//1359 1924//1355
f 1928//1359 1929//1360 1924//1355
f 1924//1355 1929//1360 1925//1356
f 1929//1360 1930//1361 1925//1356
f 1925//1356 1930//1361 1926//1357
f 1930//1361 1931//1362 1926//1357
f 1926//1357 1931//1362 1927//1358
f 1931//1362 1932//1363 1927//1358
f 1927//1358 1932//1363 1458//889
f 1932//1363 1457//888 1458//889
f 1422//853 1933//1364 1928//1359
f 1933//1364 1934//1365 1928//1359
f 1928//1359 1934//1365 1929//1360
f 1934//1365 1935//1366 1929//1360
f 1929//1360 1935//1366 1930//1361
f 1935//1366 1936//1367 1930//1361
f 1930//1361 1936//1367 1931//1362
f 1936//1367 1937//1368 1931//1362
f 1931//1362 1937//1368 1932//1363
f 1937//1368 1938//1369 1932//1363
f 1932//1363 1938//1369 1457//888
f 1938//1369 1456//887 1457//888
f 1421//852 1448//879 1933//1364
f 1448//879 1447//878 1933//1364
f 1933//1364 1447//878 1934//1365
f 1447//878 1446//877 1934//1365
f 1934//1365 1446//877 1935//1366
f 1446//877 1445//876 1935//1366
f 1935//1366 1445//876 1936//1367
f 1445//876 1444//875 1936//1367
f 1936//1367 1444//875 1937//1368
f 1444//875 1443//874 1937//1368
f 1937//1368 1443//874 1938//1369
f 1443//874 1442//873 1938//1369
f 1938//1369 1442//873 1456//887
f 1442//873 1385//816 1456//887
f 1442//873 1455//886 1385//816
f 1443//874 1939//1370 1442//873
f 1444//875 1940//1371 1443//874
f 1445//876 1942//1373 1444//875
f 1446//877 1945//1376 1445//876
f 1447//878 1949//1380 1446//877
f 1448//879 1954//1385 1447//878
f 1442//873 1939//1370 1455//886
f 1939//1370 1454//885 1455//886
f 1443//874 1940//1371 1939//1370
f 1940//1371 1941//1372 1939//1370
f 1939//1370 1941//1372 1454//885
f 1941//1372 1453//884 1454//885
f 1444//875 1942//1373 1940//1371
f 1942//1373 1943//1374 1940//1371
f 1940//1371 1943//1374 1941//1372
f 1943//1374 1944//1375 1941//1372
f 1941//1372 1944//1375 1453//884
f 1944//1375 1452//883 1453//884
f 1445//876 1945//1376 1942//1373
f 1945//1376 1946//1377 1942//1373
f 1942//1373 1946//1377 1943//1374
f 1946//1377 1947//1378 1943//1374
f 1943//1374 1947//1378 1944//1375
f 1947//1378 1948//1379 1944//1375
f 1944//1375 1948//1379 1452//883
f 1948//1379 1451//882 1452//883
f 1446//877 1949//1380 1945//1376
f 1949//1380 1950//1381 1945//1376
f 1945//1376 1950//1381 1946//1377
f 1950//1381 1951//1382 1946//1377
f 1946//1377 1951//1382 1947//1378
f 1951//1382 1952//1383 1947//1378
f 1947//1378 1952//1383 1948//1379
f 1952//1383 1953//1384 1948//1379
f 1948//1379 1953//1384 1451//882
f 1953//1384 1450//881 1451//882
f 1447//878 1954//1385 1949//1380
f 1954//1385 1955//1386 1949//1380
f 1949//1380 1955//1386 1950//1381
f 1955//1386 1956//1387 1950//1381
f 1950//1381 1956//1387 1951//1382
f 1956//1387 1957//1388 1951//1382
f 1951//1382 1957//1388 1952//1383
f 1957//1388 1958//1389 1952//1383
f 1952//1383 1958//1389 1953//1384
f 1958//1389 1959//1390 1953//1384
f 1953//1384 1959//1390 1450//881
f 1959//1390 1449//880 1450//881
f 1448//879 1434//865 1954//1385
f 1434//865 1433//864 1954//1385
f 1954//1385 1433//864 1955//1386
f 1433//864 1432//863 1955//1386
f 1955//1386 1432//863 1956//1387
f 1432//863 1431//862 1956//1387
f 1956//1387 1431//862 1957//1388
f 1431//862 1430//861 1957//1388
f 1957//1388 1430//861 1958//1389
f 1430//861 1429//860 1958//1389
f 1958//1389 1429//860 1959//1390
f 1429//860 1428//859 1959//1390
f 1959//1390 1428//859 1449//880
f 1428//859 1384//815 1449//880
f 1428//859 1441//872 1384//815
f 1429//860 1960//1391 1428//859
f 1430//861 1961//1392 1429//860
f 1431//862 1963//1394 1430//861
f 1432//863 1966//1397 1431//862
f 1433//864 1970//1401 1432//863
f 1434//865 1975//1406 1433//864
f 1428//859 1960//1391 1441//872
f 1960//1391 1440//871 1441//872
f 1429//860 1961//1392 1960//1391
f 1961//1392 1962//1393 1960//1391
f 1960//1391 1962//1393 1440//871
f 1962//1393 1439//870 1440//871
f 1430//861 1963//1394 1961//1392
f 1963//1394 1964//1395 1961//1392
f 1961//1392 1964//1395 1962//1393
f 1964//1395 1965//1396 1962//1393
f 1962//1393 1965//1396 1439//870
f 1965//1396 1438//869 1439//870
f 1431//862 1966//1397 1963//1394
f 1966//1397 1967//1398 1963//1394
f 1963//1394 1967//1398 1964//1395
f 1967//1398 1968//1399 1964//1395
f 1964//1395 1968//1399 1965//1396
f 1968//1399 1969//1400 1965//1396
f 1965//1396 1969//1400 1438//869
f 1969//1400 1437//868 1438//869
f 1432//863 1970//1401 1966//1397
f 1970//1401 1971//1402 1966//1397
f 1966//1397 1971//1402 1967//1398
f 1971//1402 1972//1403 1967//1398
f 1967//1398 1972//1403 1968//1399
f 1972//1403 1973//1404 1968//1399
f 1968//1399 1973//1404 1969//1400
f 1973//1404 1974//1405 1969//1400
f 1969//1400 1974//1405 1437//868
f 1974//1405 1436//867 1437//868
f 1433//864 1975//1406 1970//1401
f 1975//1406 1976//1407 1970//1401
f 1970//1401 1976//1407 1971//1402
f 1976//1407 1977//1408 1971//1402
f 1971//1402 1977//1408 1972//1403
f 1977//1408 1978//1409 1972//1403
f 1972//1403 1978//1409 1973//1404
f 1978//1409 1979//1410 1973//1404
f 1973//1404 1979//1410 1974//1405
f 1979//1410 1980//1411 1974//1405
f 1974//1405 1980//1411 1436//867
f 1980//1411 1435//866 1436//867
f 1434//865 1399//830 1975//1406
f 1399//830 1398//829 1975//1406
f 1975//1406 1398//829 1976//1407
f 1398//829 1397//828 1976//1407
f 1976//1407 1397//828 1977//1408
f 1397//828 1396//827 1977//1408
f 1977//1408 1396//827 1978//1409
f 1396//827 1395//826 1978//1409
f 1978//1409 1395//826 1979//1410
f 1395//826 1394//825 1979//1410
f 1979//1410 1394//825 1980//1411
f 1394//825 1393//824 1980//1411
f 1980//1411 1393//824 1435//866
f 1393//824 1383//814 1435//866
f 1414//845 1427//858 1386//817
f 1415//846 1981//1412 1414//845
f 1416//847 1982//1413 1415//846
f 1417//848 1984//1415 1416//847
f 1418//849 1987//1418 1417//848
f 1419//850 1991//1422 1418//849
f 1420//851 1996//1427 1419//850
f 1414//845 1981//1412 1427//858
f 1981//1412 1426//857 1427//858
f 1415//846 1982//1413 1981//1412
f 1982//1413 1983//1414 1981//1412
f 1981//1412 1983//1414 1426//857
f 1983//1414 1425//856 1426//857
f 1416//847 1984//1415 1982//1413
f 1984//1415 1985//1416 1982//1413
f 1982//1413 1985//1416 1983//1414
f 1985//1416 1986//1417 1983//1414
f 1983//1414 1986//1417 1425//856
f 1986//1417 1424//855 1425//856
f 1417//848 1987//1418 1984//1415
f 1987//1418 1988//1419 1984//1415
f 1984//1415 1988//1419 1985//1416
f 1988//1419 1989//1420 1985//1416
f 1985//1416 1989//1420 1986//1417
f 1989//1420 1990//1421 1986//1417
f 1986//1417 1990//1421 1424//855
f 1990//1421 1423//854 1424//855
f 1418//849 1991//1422 1987//1418
f 1991//1422 1992//1423 1987//1418
f 1987//1418 1992//1423 1988//1419
f 1992//1423 1993//1424 1988//1419
f 1988//1419 1993//1424 1989//1420
f 1993//1424 1994//1425 1989//1420
f 1989//1420 1994//1425 1990//1421
f 1994//1425 1995//1426 1990//1421
f 1990//1421 1995//1426 1423//854
f 1995//1426 1422//853 1423//854
f 1419//850 1996//1427 1991//1422
f 1996//1427 1997//1428 1991//1422
f 1991//1422 1997//1428 1992//1423
f 1997//1428 1998//1429 1992//1423
f 1992//1423 1998//1429 1993//1424
f 1998//1429 1999//1430 1993//1424
f 1993//1424 1999//1430 1994//1425
f 1999//1430 2000//1431 1994//1425
f 1994//1425 2000//1431 1995//1426
f 2000//1431 2001//1432 1995//1426
f 1995//1426 2001//1432 1422//853
f 2001//1432 1421//852 1422//853
f 1420//851 1406//837 1996//1427
f 1406//837 1405//836 1996//1427
f 1996//1427 1405//836 1997//1428
f 1405//836 1404//835 1997//1428
f 1997//1428 1404//835 1998//1429
f 1404//835 1403//834 1998//1429
f 1998//1429 1403//834 1999//1430
f 1403//834 1402//833 1999//1430
f 1999//1430 1402//833 2000//1431
f 1402//833 1401//832 2000//1431
f 2000//1431 1401//832 2001//1432
f 1401//832 1400//831 2001//1432
f 2001//1432 1400//831 1421//852
f 1400//831 1381//812 1421//852
f 1393//824 1413//844 1383//814
f 1394//825 2002//1433 1393//824
f 1395//826 2003//1434 1394//825
f 1396//827 2005//1436 1395//826
f 1397//828 2008//1439 1396//827
f 1398//829 2012//1443 1397//828
f 1399//830 2017//1448 1398//829
f 1393//824 2002//1433 1413//844
f 2002//1433 1412//843 1413//844
f 1394//825 2003//1434 2002//1433
f 2003//1434 2004//1435 2002//1433
f 2002//1433 2004//1435 1412//843
f 2004//1435 1411//842 1412//843
f 1395//826 2005//1436 2003//1434
f 2005//1436 2006//1437 2003//1434
f 2003//1434 2006//1437 2004//1435
f 2006//1437 2007//1438 2004//1435
f 2004//1435 2007//1438 1411//842
f 2007//1438 1410//841 1411//842
f 1396//827 2008//1439 2005//1436
f 2008//1439 2009//1440 2005//1436
f 2005//1436 2009//1440 2006//1437
f 2009//1440 2010//1441 2006//1437
f 2006//1437 2010//1441 2007//1438
f 2010//1441 2011//1442 2007//1438
f 2007//1438 2011//1442 1410//841
f 2011//1442 1409//840 1410//841
f 1397//828 2012//1443 2008//1439
f 2012//1443 2013//1444 2008//1439
f 2008//1439 2013//1444 2009//1440
f 2013//1444 2014//1445 2009//1440
f 2009//1440 2014//1445 2010//1441
f 2014//1445 2015//1446 2010//1441
f 2010//1441 2015//1446 2011//1442
f 2015//1446 2016//1447 2011//1442
f 2011//1442 2016//1447 1409//840
f 2016//1447 1408//839 1409//840
f 1398//829 2017//1448 2012//1443
f 2017//1448 2018//1449 2012//1443
f 2012//1443 2018//1449 2013//1444
f 2018//1449 2019//1450 2013//1444
f 2013//1444 2019//1450 2014//1445
f 2019//1450 2020//1451 2014//1445
f 2014//1445 2020//1451 2015//1446
f 2020//1451 2021//1452 2015//1446
f 2015//1446 2021//1452 2016//1447
f 2021//1452 2022//1453 2016//1447
f 2016//1447 2022//1453 1408//839
f 2022//1453 1407//838 1408//839
f 1399//830 1400//831 2017//1448
f 1400//831 1401//832 2017//1448
f 2017//1448 1401//832 2018//1449
f 1401//832 1402//833 2018//1449
f 2018//1449 1402//833 2019//1450
f 1402//833 1403//834 2019//1450
f 2019//1450 1403//834 2020//1451
f 1403//834 1404//835 2020//1451
f 2020//1451 1404//835 2021//1452
f 1404//835 1405//836 2021//1452
f 2021//1452 1405//836 2022//1453
f 1405//836 1406//837 2022//1453
f 2022//1453 1406//837 1407//838
f 1406//837 1382//813 1407//838
o Orb2
v -2.987108 14.516026 -5.738478
v -2.263501 15.068807 -5.212752
v -3.263496 15.068807 -4.887828
v -3.881535 15.068810 -5.738478
v -3.263496 15.068807 -6.589127
v -2.263501 15.068807 -6.264203
v -2.710720 15.963246 -4.887828
v -3.710716 15.963246 -5.212752
v -3.710716 15.963246 -6.264203
v -2.710720 15.963246 -6.589127
v -2.092682 15.963243 -5.738478
v -2.987108 16.516026 -5.738478
v -3.245045 14.965342 -4.944617
v -3.219930 14.858507 -5.021914
v -3.187797 14.755624 -5.120811
v -3.149564 14.665372 -5.238482
v -3.107521 14.595072 -5.367879
v -3.064715 14.548077 -5.499625
v -3.023956 14.523161 -5.625070
v -2.890638 14.523162 -5.668388
v -2.783927 14.548077 -5.590860
v -2.671857 14.595072 -5.509438
v -2.561786 14.665372 -5.429466
v -2.461689 14.755624 -5.356742
v -2.377562 14.858507 -5.295621
v -2.311808 14.965342 -5.247849
v -2.348656 15.039039 -5.134440
v -2.455167 15.013725 -5.056765
v -2.582100 14.996454 -4.986139
v -2.724239 14.990289 -4.929466
v -2.872544 14.996454 -4.891767
v -3.016747 15.013724 -4.874293
v -3.148573 15.039039 -4.874527
v -2.215337 15.039040 -6.159016
v -2.174379 15.013726 -6.033715
v -2.146435 14.996456 -5.891172
v -2.136460 14.990291 -5.738478
v -2.146435 14.996456 -5.585783
v -2.174379 15.013726 -5.443240
v -2.215337 15.039040 -5.317939
v -2.890638 14.523162 -5.808567
v -2.783927 14.548077 -5.886096
v -2.671857 14.595072 -5.967518
v -2.561786 14.665372 -6.047489
v -2.461689 14.755624 -6.120213
v -2.377562 14.858507 -6.181334
v -2.311808 14.965342 -6.229106
v -3.821824 14.965345 -5.738478
v -3.740550 14.858512 -5.738478
v -3.636564 14.755628 -5.738478
v -3.512838 14.665375 -5.738478
v -3.376782 14.595074 -5.738478
v -3.238255 14.548078 -5.738478
v -3.106353 14.523162 -5.738478
v -3.364291 15.039039 -4.944616
v -3.471080 15.013725 -5.021913
v -3.577474 14.996454 -5.120810
v -3.675298 14.990291 -5.238481
v -3.756980 14.996456 -5.367878
v -3.818159 15.013728 -5.499624
v -3.858673 15.039042 -5.625070
v -3.245045 14.965342 -6.532338
v -3.219930 14.858507 -6.455041
v -3.187797 14.755624 -6.356144
v -3.149564 14.665372 -6.238473
v -3.107521 14.595072 -6.109076
v -3.064715 14.548077 -5.977330
v -3.023956 14.523161 -5.851885
v -3.858673 15.039042 -5.851886
v -3.818159 15.013728 -5.977331
v -3.756980 14.996456 -6.109077
v -3.675297 14.990291 -6.238475
v -3.577474 14.996454 -6.356146
v -3.471080 15.013725 -6.455042
v -3.364291 15.039039 -6.532339
v -3.148573 15.039039 -6.602429
v -3.016747 15.013724 -6.602662
v -2.872544 14.996454 -6.585189
v -2.724239 14.990289 -6.547489
v -2.582100 14.996454 -6.490816
v -2.455167 15.013725 -6.420190
v -2.348656 15.039039 -6.342515
v -2.055920 15.873764 -5.668388
v -2.030483 15.767176 -5.590859
v -2.022397 15.645919 -5.509437
v -2.036050 15.516026 -5.429465
v -2.072010 15.386133 -5.356741
v -2.126410 15.264875 -5.295620
v -2.192561 15.158286 -5.247849
v -2.192561 15.158286 -6.229107
v -2.126410 15.264875 -6.181335
v -2.072010 15.386133 -6.120214
v -2.036050 15.516026 -6.047490
v -2.022397 15.645919 -5.967519
v -2.030483 15.767176 -5.886096
v -2.055920 15.873764 -5.808567
v -2.766019 15.873768 -4.831207
v -2.831893 15.767178 -4.783056
v -2.906832 15.645920 -4.750205
v -2.987108 15.516026 -4.738478
v -3.067384 15.386133 -4.750205
v -3.142323 15.264875 -4.783056
v -3.208197 15.158285 -4.831207
v -2.274958 15.158285 -5.134439
v -2.299950 15.264874 -5.056762
v -2.341269 15.386132 -4.986135
v -2.399323 15.516026 -4.929461
v -2.471163 15.645921 -4.891762
v -2.551101 15.767179 -4.874290
v -2.632699 15.873768 -4.874525
v -3.781655 15.873767 -5.247849
v -3.847806 15.767178 -5.295620
v -3.902207 15.645920 -5.356741
v -3.938166 15.516026 -5.429465
v -3.951820 15.386134 -5.509437
v -3.943734 15.264877 -5.590859
v -3.918296 15.158289 -5.668388
v -3.341517 15.158285 -4.874525
v -3.423115 15.264874 -4.874290
v -3.503054 15.386132 -4.891762
v -3.574894 15.516026 -4.929461
v -3.632947 15.645921 -4.986135
v -3.674267 15.767179 -5.056762
v -3.699259 15.873768 -5.134439
v -3.699259 15.873768 -6.342517
v -3.674267 15.767179 -6.420193
v -3.632947 15.645921 -6.490820
v -3.574894 15.516026 -6.547494
v -3.503054 15.386132 -6.585194
v -3.423115 15.264874 -6.602665
v -3.341517 15.158285 -6.602431
v -3.918296 15.158289 -5.808567
v -3.943734 15.264877 -5.886096
v -3.951820 15.386134 -5.967519
v -3.938166 15.516026 -6.047490
v -3.902206 15.645920 -6.120214
v -3.847806 15.767178 -6.181335
v -3.781655 15.873767 -6.229107
v -2.632699 15.873768 -6.602431
v -2.551101 15.767179 -6.602665
v -2.471163 15.645921 -6.585194
v -2.399323 15.516026 -6.547494
v -2.341269 15.386132 -6.490820
v -2.299950 15.264874 -6.420193
v -2.274958 15.158285 -6.342516
v -3.208197 15.158285 -6.645749
v -3.142323 15.264875 -6.693900
v -3.067384 15.386133 -6.726751
v -2.987108 15.516026 -6.738478
v -2.906832 15.645920 -6.726751
v -2.831893 15.767178 -6.693900
v -2.766019 15.873768 -6.645749
v -2.115543 15.993011 -5.625070
v -2.156058 16.018326 -5.499624
v -2.217236 16.035597 -5.367878
v -2.298919 16.041763 -5.238481
v -2.396743 16.035599 -5.120810
v -2.503137 16.018328 -5.021913
v -2.609925 15.993014 -4.944616
v -2.825643 15.993014 -4.874527
v -2.957469 16.018328 -4.874293
v -3.101672 16.035599 -4.891767
v -3.249977 16.041763 -4.929466
v -3.392117 16.035599 -4.986139
v -3.519049 16.018328 -5.056766
v -3.625561 15.993014 -5.134440
v -3.758879 15.993013 -5.317939
v -3.799838 16.018328 -5.443240
v -3.827781 16.035597 -5.585783
v -3.837756 16.041763 -5.738478
v -3.827781 16.035597 -5.891172
v -3.799838 16.018328 -6.033715
v -3.758879 15.993013 -6.159016
v -3.625561 15.993014 -6.342515
v -3.519049 16.018328 -6.420190
v -3.392117 16.035599 -6.490816
v -3.249977 16.041763 -6.547489
v -3.101672 16.035599 -6.585189
v -2.957469 16.018328 -6.602662
v -2.825643 15.993014 -6.602429
v -2.609925 15.993014 -6.532339
v -2.503137 16.018328 -6.455042
v -2.396742 16.035599 -6.356146
v -2.298919 16.041763 -6.238474
v -2.217236 16.035597 -6.109077
v -2.156058 16.018326 -5.977331
v -2.115543 15.993011 -5.851885
v -2.950260 16.508892 -5.625070
v -2.909502 16.483976 -5.499625
v -2.866696 16.436981 -5.367879
v -2.824653 16.366680 -5.238482
v -2.786420 16.276430 -5.120811
v -2.754287 16.173546 -5.021914
v -2.729172 16.066711 -4.944617
v -2.152392 16.066708 -5.738478
v -2.233666 16.173542 -5.738478
v -2.337652 16.276426 -5.738478
v -2.461378 16.366678 -5.738478
v -2.597435 16.436979 -5.738478
v -2.735961 16.483976 -5.738478
v -2.867863 16.508892 -5.738478
v -3.083579 16.508892 -5.668388
v -3.190289 16.483976 -5.590860
v -3.302359 16.436981 -5.509438
v -3.412431 16.366680 -5.429466
v -3.512528 16.276430 -5.356742
v -3.596655 16.173546 -5.295621
v -3.662408 16.066711 -5.247849
v -3.083579 16.508892 -5.808567
v -3.190289 16.483976 -5.886096
v -3.302359 16.436981 -5.967518
v -3.412431 16.366680 -6.047489
v -3.512528 16.276430 -6.120213
v -3.596655 16.173546 -6.181334
v -3.662408 16.066711 -6.229106
v -2.950260 16.508892 -5.851885
v -2.909502 16.483976 -5.977330
v -2.866696 16.436981 -6.109076
v -2.824653 16.366680 -6.238473
v -2.786420 16.276430 -6.356144
v -2.754287 16.173546 -6.455041
v -2.729172 16.066711 -6.532338
v -2.820910 16.494698 -5.859227
v -2.679941 16.459234 -5.864995
v -2.771863 16.459236 -5.991513
v -2.535733 16.398880 -5.868208
v -2.625308 16.410456 -6.001341
v -2.724247 16.398882 -6.127670
v -2.399325 16.314575 -5.868208
v -2.480380 16.335939 -6.004880
v -2.577157 16.335939 -6.138082
v -2.682095 16.314579 -6.257401
v -2.280850 16.212585 -5.864996
v -2.348915 16.239637 -6.001342
v -2.437100 16.249380 -6.138083
v -2.539899 16.239637 -6.264206
v -2.648540 16.212587 -6.371071
v -2.186087 16.102358 -5.859228
v -2.239742 16.130369 -5.991516
v -2.315022 16.145969 -6.127672
v -2.409278 16.145969 -6.257403
v -2.515509 16.130371 -6.371072
v -2.624743 16.102360 -6.462980
v -3.050591 16.494698 -5.933854
v -3.012516 16.459236 -6.069705
v -3.161247 16.459236 -6.021379
v -2.971010 16.398882 -6.207847
v -3.125305 16.410456 -6.163797
v -3.276024 16.398882 -6.108740
v -2.928859 16.314579 -6.337578
v -3.083887 16.335939 -6.302726
v -3.240474 16.335939 -6.251846
v -3.386381 16.314579 -6.188918
v -2.889193 16.212587 -6.449263
v -3.039898 16.239639 -6.426662
v -3.197196 16.249382 -6.385049
v -3.348912 16.239639 -6.326256
v -3.484118 16.212587 -6.255957
v -2.854424 16.102362 -6.537606
v -2.996817 16.130371 -6.527456
v -3.149571 16.145971 -6.497936
v -3.302079 16.145969 -6.448382
v -3.443011 16.130371 -6.382476
v -3.564174 16.102362 -6.306991
v -3.192540 16.494698 -5.738478
v -3.309977 16.459234 -5.816669
v -3.309977 16.459234 -5.660286
v -3.428531 16.398882 -5.898832
v -3.434318 16.410456 -5.738478
v -3.428531 16.398882 -5.578124
v -3.538888 16.314577 -5.979010
v -3.553648 16.335939 -5.820800
v -3.553648 16.335939 -5.656156
v -3.538888 16.314577 -5.497946
v -3.632848 16.212587 -6.051246
v -3.657925 16.239637 -5.900935
v -3.666956 16.249380 -5.738478
v -3.657925 16.239637 -5.576021
v -3.632848 16.212587 -5.425710
v -3.706124 16.102360 -6.111613
v -3.740472 16.130369 -5.973054
v -3.759601 16.145969 -5.818655
v -3.759601 16.145969 -5.658300
v -3.740472 16.130369 -5.503901
v -3.706124 16.102360 -5.365343
v -3.050591 16.494698 -5.543102
v -3.161247 16.459236 -5.455576
v -3.012516 16.459236 -5.407250
v -3.276024 16.398882 -5.368216
v -3.125305 16.410456 -5.313158
v -2.971010 16.398882 -5.269109
v -3.386381 16.314579 -5.288037
v -3.240474 16.335939 -5.225109
v -3.083887 16.335939 -5.174230
v -2.928859 16.314579 -5.139377
v -3.484118 16.212587 -5.220999
v -3.348912 16.239639 -5.150699
v -3.197196 16.249382 -5.091907
v -3.039898 16.239639 -5.050293
v -2.889193 16.212587 -5.027693
v -3.564174 16.102362 -5.169965
v -3.443011 16.130371 -5.094480
v -3.302079 16.145971 -5.028574
v -3.149571 16.145971 -4.979020
v -2.996817 16.130371 -4.949500
v -2.854424 16.102362 -4.939349
v -2.820910 16.494698 -5.617728
v -2.771863 16.459236 -5.485442
v -2.679941 16.459234 -5.611960
v -2.724247 16.398882 -5.349286
v -2.625308 16.410456 -5.475615
v -2.535733 16.398880 -5.608747
v -2.682095 16.314579 -5.219554
v -2.577157 16.335939 -5.338874
v -2.480380 16.335939 -5.472075
v -2.399325 16.314575 -5.608747
v -2.648540 16.212587 -5.105885
v -2.539899 16.239637 -5.212749
v -2.437100 16.249380 -5.338873
v -2.348915 16.239637 -5.475614
v -2.280850 16.212585 -5.611959
v -2.624743 16.102360 -5.013976
v -2.515509 16.130371 -5.105883
v -2.409278 16.145969 -5.219552
v -2.315022 16.145969 -5.349283
v -2.239742 16.130369 -5.485440
v -2.186087 16.102358 -5.617727
v -2.083369 15.896924 -5.933854
v -2.065600 15.782089 -6.021380
v -2.132116 15.915121 -6.069706
v -2.068252 15.652436 -6.108742
v -2.125304 15.792422 -6.163800
v -2.204662 15.925256 -6.207849
v -2.094303 15.516026 -6.188920
v -2.140449 15.656086 -6.251850
v -2.210478 15.796144 -6.302729
v -2.298918 15.925256 -6.337581
v -2.141818 15.382995 -6.255959
v -2.178089 15.516026 -6.326260
v -2.237226 15.656086 -6.385053
v -2.316288 15.792424 -6.426667
v -2.407882 15.915123 -6.449265
v -2.204607 15.262093 -6.306993
v -2.233740 15.382994 -6.382480
v -2.282815 15.516026 -6.448387
v -2.351020 15.652437 -6.497941
v -2.433288 15.782091 -6.527460
v -2.522023 15.896927 -6.537609
v -2.893657 15.896927 -6.658360
v -2.971408 15.782091 -6.702305
v -3.037925 15.915123 -6.653977
v -3.055313 15.652436 -6.726779
v -3.125307 15.792423 -6.689533
v -3.191723 15.925257 -6.627670
v -3.139617 15.516026 -6.726780
v -3.213726 15.656086 -6.702339
v -3.283756 15.796144 -6.651459
v -3.344232 15.925257 -6.578116
v -3.218056 15.382994 -6.702306
v -3.296125 15.516026 -6.689534
v -3.370315 15.656086 -6.651460
v -3.434323 15.792424 -6.589127
v -3.484120 15.915123 -6.508998
v -3.285994 15.262093 -6.658361
v -3.366789 15.382994 -6.653980
v -3.444635 15.516026 -6.627674
v -3.512840 15.652437 -6.578119
v -3.566337 15.782091 -6.508999
v -3.603410 15.896927 -6.427743
v -3.833090 15.896925 -6.111613
v -3.898912 15.782090 -6.051247
v -3.873504 15.915121 -5.973054
v -3.948116 15.652436 -5.979011
v -3.934321 15.792422 -5.900935
v -3.896011 15.925255 -5.818655
v -3.974168 15.516026 -5.898833
v -3.973823 15.656085 -5.820800
v -3.947074 15.796144 -5.738478
v -3.896011 15.925255 -5.658300
v -3.975131 15.382996 -5.816669
v -3.987108 15.516027 -5.738477
v -3.973823 15.656086 -5.656155
v -3.934321 15.792423 -5.576020
v -3.873504 15.915122 -5.503901
v -3.954330 15.262095 -5.738477
v -3.975131 15.382997 -5.660285
v -3.974168 15.516028 -5.578122
v -3.948116 15.652437 -5.497944
v -3.898911 15.782091 -5.425708
v -3.833090 15.896926 -5.365342
v -3.603410 15.896927 -5.049212
v -3.566337 15.782091 -4.967957
v -3.484121 15.915123 -4.967958
v -3.512841 15.652436 -4.898836
v -3.434324 15.792423 -4.887829
v -3.344232 15.925257 -4.898839
v -3.444636 15.516026 -4.849282
v -3.370316 15.656085 -4.825496
v -3.283757 15.796144 -4.825497
v -3.191724 15.925257 -4.849285
v -3.366789 15.382994 -4.822975
v -3.296125 15.516026 -4.787421
v -3.213727 15.656085 -4.774617
v -3.125308 15.792423 -4.787423
v -3.037925 15.915123 -4.822978
v -3.285994 15.262093 -4.818594
v -3.218056 15.382994 -4.774650
v -3.139617 15.516026 -4.750175
v -3.055314 15.652436 -4.750176
v -2.971409 15.782091 -4.774650
v -2.893657 15.896927 -4.818596
v -2.522024 15.896927 -4.939346
v -2.433289 15.782091 -4.949495
v -2.407882 15.915122 -5.027689
v -2.351020 15.652436 -4.979014
v -2.316288 15.792422 -5.050288
v -2.298918 15.925256 -5.139373
v -2.282815 15.516026 -5.028568
v -2.237226 15.656084 -5.091901
v -2.210478 15.796143 -5.174225
v -2.204662 15.925255 -5.269105
v -2.233740 15.382993 -5.094475
v -2.178090 15.516025 -5.150695
v -2.140449 15.656083 -5.225104
v -2.125304 15.792421 -5.313154
v -2.132116 15.915120 -5.407248
v -2.204607 15.262092 -5.169962
v -2.141819 15.382993 -5.220995
v -2.094304 15.516025 -5.288034
v -2.068252 15.652434 -5.368212
v -2.065600 15.782087 -5.455574
v -2.083368 15.896923 -5.543100
v -2.688223 15.769960 -6.658361
v -2.607427 15.649059 -6.653980
v -2.756160 15.649059 -6.702306
v -2.529581 15.516026 -6.627673
v -2.678091 15.516026 -6.689534
v -2.834599 15.516026 -6.726780
v -2.461376 15.379616 -6.578119
v -2.603901 15.375967 -6.651459
v -2.760489 15.375967 -6.702338
v -2.918903 15.379616 -6.726779
v -2.407879 15.249962 -6.508999
v -2.539893 15.239629 -6.589126
v -2.690460 15.235908 -6.651458
v -2.848909 15.239629 -6.689533
v -3.002808 15.249962 -6.702305
v -2.370806 15.135126 -6.427743
v -2.490096 15.116930 -6.508997
v -2.629984 15.106796 -6.578116
v -2.782493 15.106796 -6.627670
v -2.936292 15.116930 -6.653977
v -3.080559 15.135126 -6.658359
v -3.769609 15.769960 -6.306993
v -3.740476 15.649059 -6.382480
v -3.832398 15.649058 -6.255960
v -3.691401 15.516026 -6.448387
v -3.796127 15.516026 -6.326261
v -3.879913 15.516026 -6.188921
v -3.623196 15.379616 -6.497941
v -3.736989 15.375967 -6.385055
v -3.833767 15.375967 -6.251852
v -3.905964 15.379617 -6.108743
v -3.540927 15.249962 -6.527461
v -3.657927 15.239629 -6.426668
v -3.763737 15.235909 -6.302731
v -3.848911 15.239630 -6.163802
v -3.908616 15.249964 -6.021381
v -3.452192 15.135126 -6.537610
v -3.566333 15.116930 -6.449267
v -3.675297 15.106797 -6.337584
v -3.769553 15.106797 -6.207851
v -3.842099 15.116932 -6.069708
v -3.890848 15.135129 -5.933856
v -3.769609 15.769960 -5.169962
v -3.832398 15.649058 -5.220996
v -3.740476 15.649059 -5.094475
v -3.879913 15.516026 -5.288034
v -3.796127 15.516026 -5.150694
v -3.691401 15.516026 -5.028568
v -3.905964 15.379617 -5.368212
v -3.833767 15.375967 -5.225104
v -3.736989 15.375967 -5.091901
v -3.623196 15.379616 -4.979014
v -3.908616 15.249964 -5.455574
v -3.848911 15.239630 -5.313154
v -3.763737 15.235909 -5.174224
v -3.657927 15.239629 -5.050287
v -3.540927 15.249962 -4.949495
v -3.890847 15.135129 -5.543100
v -3.842099 15.116932 -5.407247
v -3.769553 15.106797 -5.269104
v -3.675297 15.106797 -5.139372
v -3.566333 15.116930 -5.027689
v -3.452192 15.135126 -4.939346
v -2.688223 15.769960 -4.818594
v -2.756160 15.649059 -4.774649
v -2.607428 15.649059 -4.822975
v -2.834599 15.516026 -4.750175
v -2.678091 15.516026 -4.787421
v -2.529581 15.516026 -4.849282
v -2.918903 15.379616 -4.750176
v -2.760489 15.375967 -4.774617
v -2.603901 15.375967 -4.825496
v -2.461376 15.379616 -4.898836
v -3.002808 15.249962 -4.774651
v -2.848909 15.239629 -4.787423
v -2.690460 15.235908 -4.825497
v -2.539893 15.239629 -4.887829
v -2.407879 15.249962 -4.967957
v -3.080559 15.135126 -4.818596
v -2.936292 15.116930 -4.822978
v -2.782493 15.106796 -4.849286
v -2.629984 15.106796 -4.898839
v -2.490096 15.116930 -4.967958
v -2.370806 15.135126 -5.049212
v -2.019886 15.769958 -5.738478
v -1.999086 15.649057 -5.660286
v -1.999086 15.649057 -5.816669
v -2.000049 15.516026 -5.578123
v -1.987108 15.516026 -5.738478
v -2.000049 15.516026 -5.898833
v -2.026100 15.379617 -5.497945
v -2.000393 15.375968 -5.656155
v -2.000393 15.375968 -5.820800
v -2.026100 15.379617 -5.979011
v -2.075305 15.249963 -5.425709
v -2.039895 15.239631 -5.576020
v -2.027143 15.235909 -5.738478
v -2.039895 15.239631 -5.900935
v -2.075305 15.249963 -6.051247
v -2.141126 15.135127 -5.365342
v -2.100713 15.116932 -5.503901
v -2.078206 15.106798 -5.658300
v -2.078206 15.106798 -5.818655
v -2.100713 15.116932 -5.973054
v -2.141126 15.135127 -6.111613
v -2.410042 14.929692 -6.306991
v -2.490099 14.819466 -6.255957
v -2.531206 14.901682 -6.382476
v -2.587836 14.717475 -6.188919
v -2.625305 14.792415 -6.326257
v -2.672138 14.886083 -6.448382
v -2.698192 14.633171 -6.108741
v -2.733742 14.696114 -6.251848
v -2.777021 14.782673 -6.385050
v -2.824646 14.886084 -6.497936
v -2.812970 14.572818 -6.021380
v -2.848912 14.621597 -6.163799
v -2.890330 14.696115 -6.302727
v -2.934319 14.792416 -6.426664
v -2.977400 14.901683 -6.527456
v -2.923626 14.537355 -5.933855
v -2.961701 14.572819 -6.069707
v -3.003207 14.633172 -6.207849
v -3.045358 14.717476 -6.337581
v -3.085024 14.819467 -6.449264
v -3.119793 14.929693 -6.537607
v -3.349475 14.929692 -6.462979
v -3.325678 14.819466 -6.371070
v -3.458709 14.901682 -6.371071
v -3.292123 14.717475 -6.257401
v -3.434319 14.792415 -6.264205
v -3.564940 14.886084 -6.257402
v -3.249971 14.633171 -6.127669
v -3.397060 14.696114 -6.138081
v -3.537118 14.782674 -6.138081
v -3.659196 14.886085 -6.127670
v -3.202353 14.572818 -5.991513
v -3.348909 14.621597 -6.001340
v -3.493838 14.696115 -6.004879
v -3.625303 14.792418 -6.001340
v -3.734475 14.901685 -5.991514
v -3.153306 14.537355 -5.859227
v -3.294276 14.572819 -5.864995
v -3.438484 14.633173 -5.868208
v -3.574892 14.717478 -5.868208
v -3.693367 14.819469 -5.864995
v -3.788130 14.929696 -5.859227
v -3.788130 14.929696 -5.617728
v -3.693367 14.819469 -5.611959
v -3.734475 14.901685 -5.485441
v -3.574892 14.717478 -5.608747
v -3.625303 14.792418 -5.475614
v -3.659196 14.886086 -5.349285
v -3.438484 14.633173 -5.608747
v -3.493838 14.696115 -5.472075
v -3.537118 14.782674 -5.338873
v -3.564940 14.886085 -5.219553
v -3.294276 14.572819 -5.611959
v -3.348910 14.621598 -5.475614
v -3.397060 14.696115 -5.338873
v -3.434319 14.792416 -5.212749
v -3.458709 14.901683 -5.105884
v -3.153306 14.537355 -5.617727
v -3.202354 14.572819 -5.485440
v -3.249971 14.633173 -5.349284
v -3.292123 14.717476 -5.219552
v -3.325678 14.819467 -5.105884
v -3.349475 14.929693 -5.013975
v -2.268093 14.929693 -6.111613
v -2.233745 14.901683 -5.973054
v -2.341368 14.819467 -6.051246
v -2.214616 14.886085 -5.818655
v -2.316291 14.792416 -5.900935
v -2.435329 14.717476 -5.979010
v -2.214616 14.886085 -5.658300
v -2.307260 14.782674 -5.738477
v -2.420568 14.696115 -5.820799
v -2.545685 14.633172 -5.898832
v -2.233744 14.901684 -5.503901
v -2.316291 14.792417 -5.576020
v -2.420568 14.696115 -5.656155
v -2.539897 14.621598 -5.738477
v -2.664239 14.572819 -5.816669
v -2.268092 14.929694 -5.365342
v -2.341367 14.819468 -5.425709
v -2.435327 14.717477 -5.497945
v -2.545684 14.633173 -5.578122
v -2.664238 14.572819 -5.660285
v -2.781676 14.537355 -5.738477
v -3.119792 14.929692 -4.939349
v -3.085023 14.819466 -5.027693
v -2.977399 14.901682 -4.949500
v -3.045357 14.717475 -5.139377
v -2.934318 14.792415 -5.050292
v -2.824645 14.886083 -4.979020
v -3.003206 14.633171 -5.269108
v -2.890328 14.696114 -5.174229
v -2.777020 14.782673 -5.091906
v -2.672137 14.886084 -5.028573
v -2.961699 14.572818 -5.407250
v -2.848910 14.621597 -5.313157
v -2.733741 14.696115 -5.225108
v -2.625303 14.792416 -5.150699
v -2.531205 14.901683 -5.094479
v -2.923625 14.537355 -5.543101
v -2.812968 14.572819 -5.455575
v -2.698190 14.633172 -5.368214
v -2.587834 14.717476 -5.288036
v -2.490098 14.819467 -5.220998
v -2.410042 14.929693 -5.169964
vn -0.0000 -1.0000 -0.0000
vn 0.7236 -0.4472 0.5257
vn -0.2764 -0.4472 0.8506
vn -0.8944 -0.4472 -0.0000
vn -0.2764 -0.4472 -0.8506
vn 0.7236 -0.4472 -0.5257
vn 0.2764 0.4472 0.8506
vn -0.7236 0.4472 0.5257
vn -0.7236 0.4472 -0.5257
vn 0.2764 0.4472 -0.8506
vn 0.8944 0.4472 -0.0000
vn -0.0000 1.0000 -0.0000
vn -0.2575 -0.5530 0.7924
vn -0.2324 -0.6591 0.7152
vn -0.2004 -0.7612 0.6168
vn -0.1625 -0.8507 0.5000
vn -0.1207 -0.9205 0.3716
vn -0.0782 -0.9674 0.2408
vn -0.0377 -0.9925 0.1161
vn 0.0987 -0.9925 0.0717
vn 0.2048 -0.9674 0.1488
vn 0.3161 -0.9205 0.2297
vn 0.4253 -0.8507 0.3090
vn 0.5247 -0.7612 0.3812
vn 0.6084 -0.6591 0.4420
vn 0.6740 -0.5530 0.4897
vn 0.6363 -0.4776 0.6058
vn 0.5302 -0.5026 0.6828
vn 0.4040 -0.5197 0.7528
vn 0.2629 -0.5257 0.8090
vn 0.1157 -0.5197 0.8465
vn -0.0275 -0.5026 0.8641
vn -0.1587 -0.4776 0.8641
vn 0.7728 -0.4776 -0.4180
vn 0.8133 -0.5026 -0.2932
vn 0.8408 -0.5197 -0.1516
vn 0.8506 -0.5257 -0.0000
vn 0.8408 -0.5197 0.1516
vn 0.8133 -0.5026 0.2932
vn 0.7728 -0.4776 0.4180
vn 0.0987 -0.9925 -0.0717
vn 0.2048 -0.9674 -0.1488
vn 0.3161 -0.9205 -0.2297
vn 0.4253 -0.8507 -0.3090
vn 0.5247 -0.7612 -0.3812
vn 0.6084 -0.6591 -0.4420
vn 0.6740 -0.5530 -0.4897
vn -0.8332 -0.5530 -0.0000
vn -0.7520 -0.6591 -0.0000
vn -0.6486 -0.7612 -0.0000
vn -0.5257 -0.8507 -0.0000
vn -0.3907 -0.9205 -0.0000
vn -0.2532 -0.9674 -0.0000
vn -0.1220 -0.9925 -0.0000
vn -0.3795 -0.4776 0.7924
vn -0.4856 -0.5026 0.7152
vn -0.5912 -0.5197 0.6168
vn -0.6882 -0.5257 0.5000
vn -0.7693 -0.5197 0.3716
vn -0.8303 -0.5026 0.2408
vn -0.8709 -0.4776 0.1161
vn -0.2575 -0.5530 -0.7924
vn -0.2324 -0.6591 -0.7152
vn -0.2004 -0.7612 -0.6168
vn -0.1625 -0.8507 -0.5000
vn -0.1207 -0.9205 -0.3716
vn -0.0782 -0.9674 -0.2408
vn -0.0377 -0.9925 -0.1161
vn -0.8709 -0.4776 -0.1161
vn -0.8303 -0.5026 -0.2408
vn -0.7693 -0.5197 -0.3716
vn -0.6882 -0.5257 -0.5000
vn -0.5912 -0.5197 -0.6168
vn -0.4856 -0.5026 -0.7152
vn -0.3795 -0.4776 -0.7924
vn -0.1587 -0.4776 -0.8641
vn -0.0275 -0.5026 -0.8641
vn 0.1157 -0.5197 -0.8465
vn 0.2629 -0.5257 -0.8090
vn 0.4040 -0.5197 -0.7528
vn 0.5302 -0.5026 -0.6828
vn 0.6363 -0.4776 -0.6058
vn 0.9319 0.3556 0.0717
vn 0.9569 0.2494 0.1488
vn 0.9647 0.1289 0.2297
vn 0.9511 -0.0000 0.3090
vn 0.9155 -0.1289 0.3812
vn 0.8616 -0.2494 0.4420
vn 0.7961 -0.3556 0.4897
vn 0.7961 -0.3556 -0.4897
vn 0.8616 -0.2494 -0.4420
vn 0.9155 -0.1289 -0.3812
vn 0.9511 -0.0000 -0.3090
vn 0.9647 0.1289 -0.2297
vn 0.9569 0.2494 -0.1488
vn 0.9319 0.3556 -0.0717
vn 0.2198 0.3556 0.9084
vn 0.1541 0.2494 0.9560
vn 0.0797 0.1289 0.9884
vn -0.0000 -0.0000 1.0000
vn -0.0797 -0.1289 0.9884
vn -0.1541 -0.2494 0.9560
vn -0.2198 -0.3556 0.9084
vn 0.7118 -0.3556 0.6058
vn 0.6867 -0.2494 0.6829
vn 0.6455 -0.1289 0.7528
vn 0.5878 -0.0000 0.8090
vn 0.5165 0.1289 0.8465
vn 0.4372 0.2494 0.8641
vn 0.3562 0.3556 0.8641
vn -0.7961 0.3556 0.4897
vn -0.8616 0.2494 0.4420
vn -0.9155 0.1289 0.3812
vn -0.9511 -0.0000 0.3090
vn -0.9647 -0.1289 0.2297
vn -0.9569 -0.2494 0.1488
vn -0.9319 -0.3556 0.0717
vn -0.3562 -0.3556 0.8641
vn -0.4372 -0.2494 0.8641
vn -0.5165 -0.1289 0.8465
vn -0.5878 -0.0000 0.8090
vn -0.6455 0.1289 0.7528
vn -0.6867 0.2494 0.6829
vn -0.7118 0.3556 0.6058
vn -0.7118 0.3556 -0.6058
vn -0.6867 0.2494 -0.6829
vn -0.6455 0.1289 -0.7528
vn -0.5878 -0.0000 -0.8090
vn -0.5165 -0.1289 -0.8465
vn -0.4372 -0.2494 -0.8641
vn -0.3562 -0.3556 -0.8641
vn -0.9319 -0.3556 -0.0717
vn -0.9569 -0.2494 -0.1488
vn -0.9647 -0.1289 -0.2297
vn -0.9511 -0.0000 -0.3090
vn -0.9155 0.1289 -0.3812
vn -0.8616 0.2494 -0.4420
vn -0.7961 0.3556 -0.4897
vn 0.3562 0.3556 -0.8641
vn 0.4372 0.2494 -0.8641
vn 0.5165 0.1289 -0.8465
vn 0.5878 -0.0000 -0.8090
vn 0.6455 -0.1289 -0.7528
vn 0.6867 -0.2494 -0.6829
vn 0.7118 -0.3556 -0.6058
vn -0.2198 -0.3556 -0.9084
vn -0.1541 -0.2494 -0.9560
vn -0.0797 -0.1289 -0.9884
vn -0.0000 -0.0000 -1.0000
vn 0.0797 0.1289 -0.9884
vn 0.1541 0.2494 -0.9560
vn 0.2198 0.3556 -0.9084
vn 0.8709 0.4776 0.1161
vn 0.8303 0.5026 0.2408
vn 0.7693 0.5197 0.3716
vn 0.6882 0.5257 0.5000
vn 0.5912 0.5197 0.6168
vn 0.4856 0.5026 0.7152
vn 0.3795 0.4776 0.7924
vn 0.1587 0.4776 0.8641
vn 0.0275 0.5026 0.8641
vn -0.1157 0.5197 0.8465
vn -0.2629 0.5257 0.8090
vn -0.4040 0.5197 0.7528
vn -0.5302 0.5026 0.6828
vn -0.6363 0.4776 0.6058
vn -0.7728 0.4776 0.4180
vn -0.8133 0.5026 0.2932
vn -0.8408 0.5197 0.1515
vn -0.8506 0.5257 -0.0000
vn -0.8408 0.5197 -0.1516
vn -0.8133 0.5026 -0.2932
vn -0.7728 0.4776 -0.4180
vn -0.6363 0.4776 -0.6058
vn -0.5302 0.5026 -0.6828
vn -0.4040 0.5197 -0.7528
vn -0.2629 0.5257 -0.8090
vn -0.1157 0.5197 -0.8465
vn 0.0275 0.5026 -0.8641
vn 0.1587 0.4776 -0.8641
vn 0.3795 0.4776 -0.7924
vn 0.4856 0.5026 -0.7152
vn 0.5912 0.5197 -0.6168
vn 0.6882 0.5257 -0.5000
vn 0.7693 0.5197 -0.3716
vn 0.8303 0.5026 -0.2408
vn 0.8709 0.4776 -0.1161
vn 0.0377 0.9925 0.1161
vn 0.0782 0.9674 0.2408
vn 0.1207 0.9205 0.3716
vn 0.1625 0.8507 0.5000
vn 0.2004 0.7612 0.6168
vn 0.2324 0.6591 0.7152
vn 0.2575 0.5530 0.7924
vn 0.8332 0.5530 -0.0000
vn 0.7520 0.6591 -0.0000
vn 0.6486 0.7612 -0.0000
vn 0.5257 0.8507 -0.0000
vn 0.3907 0.9205 -0.0000
vn 0.2532 0.9674 -0.0000
vn 0.1220 0.9925 -0.0000
vn -0.0987 0.9925 0.0717
vn -0.2048 0.9674 0.1488
vn -0.3161 0.9205 0.2297
vn -0.4253 0.8507 0.3090
vn -0.5247 0.7612 0.3812
vn -0.6084 0.6591 0.4420
vn -0.6740 0.5530 0.4897
vn -0.0987 0.9925 -0.0717
vn -0.2048 0.9674 -0.1488
vn -0.3161 0.9205 -0.2297
vn -0.4253 0.8507 -0.3090
vn -0.5247 0.7612 -0.3812
vn -0.6084 0.6591 -0.4420
vn -0.6740 0.5530 -0.4897
vn 0.0377 0.9925 -0.1161
vn 0.0782 0.9674 -0.2408
vn 0.1207 0.9205 -0.3716
vn 0.1625 0.8507 -0.5000
vn 0.2004 0.7612 -0.6168
vn 0.2324 0.6591 -0.7152
vn 0.2575 0.5530 -0.7924
vn 0.1698 0.9777 -0.1233
vn 0.3095 0.9421 -0.1293
vn 0.2186 0.9421 -0.2544
vn 0.4520 0.8821 -0.1326
vn 0.3635 0.8934 -0.2641
vn 0.2658 0.8821 -0.3889
vn 0.5868 0.7988 -0.1326
vn 0.5066 0.8196 -0.2676
vn 0.4110 0.8196 -0.3991
vn 0.3074 0.7988 -0.5171
vn 0.7042 0.6981 -0.1293
vn 0.6365 0.7247 -0.2641
vn 0.5493 0.7342 -0.3991
vn 0.4479 0.7247 -0.5237
vn 0.3406 0.6981 -0.6298
vn 0.7986 0.5891 -0.1233
vn 0.7449 0.6168 -0.2544
vn 0.6701 0.6322 -0.3889
vn 0.5770 0.6322 -0.5171
vn 0.4721 0.6168 -0.6298
vn 0.3641 0.5891 -0.7214
vn -0.0648 0.9777 -0.1996
vn -0.0273 0.9421 -0.3343
vn -0.1744 0.9421 -0.2865
vn 0.0136 0.8821 -0.4709
vn -0.1389 0.8934 -0.4274
vn -0.2878 0.8821 -0.3730
vn 0.0552 0.7988 -0.5991
vn -0.0980 0.8196 -0.5645
vn -0.2525 0.8196 -0.5142
vn -0.3968 0.7988 -0.4522
vn 0.0947 0.6981 -0.7097
vn -0.0545 0.7247 -0.6869
vn -0.2098 0.7342 -0.6457
vn -0.3597 0.7247 -0.5878
vn -0.4937 0.6981 -0.5185
vn 0.1295 0.5891 -0.7976
vn -0.0118 0.6168 -0.7870
vn -0.1628 0.6322 -0.7575
vn -0.3135 0.6322 -0.7085
vn -0.4531 0.6168 -0.6436
vn -0.5736 0.5891 -0.5692
vn -0.2098 0.9777 -0.0000
vn -0.3264 0.9421 -0.0773
vn -0.3264 0.9421 0.0773
vn -0.4436 0.8821 -0.1584
vn -0.4493 0.8934 -0.0000
vn -0.4436 0.8821 0.1584
vn -0.5527 0.7988 -0.2376
vn -0.5671 0.8196 -0.0812
vn -0.5671 0.8196 0.0812
vn -0.5527 0.7988 0.2377
vn -0.6457 0.6981 -0.3093
vn -0.6702 0.7247 -0.1604
vn -0.6789 0.7342 -0.0000
vn -0.6702 0.7247 0.1604
vn -0.6457 0.6981 0.3093
vn -0.7186 0.5891 -0.3696
vn -0.7521 0.6168 -0.2320
vn -0.7707 0.6322 -0.0792
vn -0.7707 0.6322 0.0792
vn -0.7521 0.6168 0.2320
vn -0.7186 0.5891 0.3696
vn -0.0648 0.9777 0.1996
vn -0.1744 0.9421 0.2865
vn -0.0273 0.9421 0.3343
vn -0.2878 0.8821 0.3730
vn -0.1389 0.8934 0.4274
vn 0.0136 0.8821 0.4709
vn -0.3968 0.7988 0.4522
vn -0.2525 0.8196 0.5142
vn -0.0980 0.8196 0.5645
vn 0.0552 0.7988 0.5991
vn -0.4937 0.6981 0.5185
vn -0.3597 0.7247 0.5878
vn -0.2098 0.7342 0.6457
vn -0.0545 0.7247 0.6869
vn 0.0947 0.6981 0.7097
vn -0.5736 0.5891 0.5692
vn -0.4531 0.6168 0.6436
vn -0.3135 0.6322 0.7085
vn -0.1628 0.6322 0.7575
vn -0.0118 0.6168 0.7870
vn 0.1295 0.5891 0.7976
vn 0.1698 0.9777 0.1233
vn 0.2186 0.9421 0.2544
vn 0.3095 0.9421 0.1293
vn 0.2658 0.8821 0.3889
vn 0.3635 0.8934 0.2641
vn 0.4520 0.8821 0.1326
vn 0.3074 0.7988 0.5171
vn 0.4110 0.8196 0.3991
vn 0.5066 0.8196 0.2676
vn 0.5868 0.7988 0.1326
vn 0.3406 0.6981 0.6298
vn 0.4479 0.7247 0.5237
vn 0.5493 0.7342 0.3991
vn 0.6365 0.7247 0.2641
vn 0.7042 0.6981 0.1293
vn 0.3641 0.5891 0.7214
vn 0.4721 0.6168 0.6298
vn 0.5770 0.6322 0.5171
vn 0.6701 0.6322 0.3889
vn 0.7449 0.6168 0.2544
vn 0.7986 0.5891 0.1233
vn 0.9035 0.3793 -0.1996
vn 0.9206 0.2653 -0.2865
vn 0.8548 0.3969 -0.3343
vn 0.9177 0.1371 -0.3730
vn 0.8611 0.2753 -0.4274
vn 0.7829 0.4066 -0.4709
vn 0.8919 0.0023 -0.4522
vn 0.8460 0.1407 -0.5142
vn 0.7769 0.2789 -0.5645
vn 0.6898 0.4066 -0.5991
vn 0.8452 -0.1294 -0.5185
vn 0.8090 0.0024 -0.5878
vn 0.7505 0.1407 -0.6457
vn 0.6725 0.2753 -0.6869
vn 0.5821 0.3969 -0.7097
vn 0.7834 -0.2496 -0.5692
vn 0.7543 -0.1294 -0.6436
vn 0.7057 0.0023 -0.7085
vn 0.6383 0.1371 -0.7575
vn 0.5570 0.2653 -0.7870
vn 0.4690 0.3793 -0.7976
vn 0.0894 0.3793 -0.9210
vn 0.0120 0.2653 -0.9641
vn -0.0538 0.3969 -0.9163
vn -0.0711 0.1371 -0.9880
vn -0.1403 0.2753 -0.9511
vn -0.2059 0.4066 -0.8901
vn -0.1544 0.0023 -0.9880
vn -0.2276 0.1407 -0.9635
vn -0.2968 0.2789 -0.9133
vn -0.3566 0.4066 -0.8411
vn -0.2319 -0.1294 -0.9641
vn -0.3090 0.0024 -0.9511
vn -0.3822 0.1407 -0.9133
vn -0.4455 0.2753 -0.8519
vn -0.4951 0.3969 -0.7729
vn -0.2992 -0.2496 -0.9210
vn -0.3790 -0.1294 -0.9163
vn -0.4558 0.0023 -0.8901
vn -0.5232 0.1371 -0.8411
vn -0.5764 0.2653 -0.7729
vn -0.6137 0.3793 -0.6925
vn -0.8483 0.3793 -0.3696
vn -0.9132 0.2653 -0.3093
vn -0.8881 0.3969 -0.2320
vn -0.9616 0.1371 -0.2377
vn -0.9479 0.2753 -0.1604
vn -0.9101 0.4066 -0.0792
vn -0.9874 0.0023 -0.1584
vn -0.9867 0.1407 -0.0812
vn -0.9603 0.2789 -0.0000
vn -0.9101 0.4066 0.0792
vn -0.9886 -0.1294 -0.0773
vn -1.0000 0.0024 -0.0000
vn -0.9867 0.1407 0.0812
vn -0.9479 0.2753 0.1604
vn -0.8881 0.3969 0.2320
vn -0.9684 -0.2496 -0.0000
vn -0.9886 -0.1294 0.0773
vn -0.9874 0.0023 0.1584
vn -0.9616 0.1371 0.2377
vn -0.9132 0.2653 0.3093
vn -0.8483 0.3793 0.3696
vn -0.6137 0.3793 0.6925
vn -0.5764 0.2653 0.7729
vn -0.4951 0.3969 0.7729
vn -0.5232 0.1371 0.8411
vn -0.4455 0.2753 0.8519
vn -0.3566 0.4066 0.8411
vn -0.4558 0.0023 0.8901
vn -0.3822 0.1407 0.9133
vn -0.2968 0.2789 0.9133
vn -0.2059 0.4066 0.8901
vn -0.3790 -0.1294 0.9163
vn -0.3090 0.0024 0.9511
vn -0.2276 0.1407 0.9635
vn -0.1403 0.2753 0.9511
vn -0.0538 0.3969 0.9163
vn -0.2992 -0.2496 0.9210
vn -0.2319 -0.1294 0.9641
vn -0.1544 0.0023 0.9880
vn -0.0711 0.1371 0.9880
vn 0.0120 0.2653 0.9641
vn 0.0894 0.3793 0.9210
vn 0.4690 0.3793 0.7976
vn 0.5570 0.2653 0.7870
vn 0.5821 0.3969 0.7097
vn 0.6383 0.1371 0.7575
vn 0.6725 0.2753 0.6869
vn 0.6898 0.4066 0.5991
vn 0.7057 0.0023 0.7085
vn 0.7505 0.1407 0.6457
vn 0.7769 0.2789 0.5645
vn 0.7829 0.4066 0.4709
vn 0.7543 -0.1294 0.6436
vn 0.8090 0.0024 0.5878
vn 0.8460 0.1407 0.5142
vn 0.8611 0.2753 0.4274
vn 0.8548 0.3969 0.3343
vn 0.7834 -0.2496 0.5692
vn 0.8452 -0.1294 0.5185
vn 0.8919 0.0023 0.4522
vn 0.9177 0.1371 0.3730
vn 0.9206 0.2653 0.2865
vn 0.9035 0.3793 0.1996
vn 0.2992 0.2496 -0.9210
vn 0.3790 0.1294 -0.9163
vn 0.2319 0.1294 -0.9641
vn 0.4558 -0.0023 -0.8901
vn 0.3090 -0.0024 -0.9511
vn 0.1544 -0.0023 -0.9880
vn 0.5232 -0.1371 -0.8411
vn 0.3822 -0.1407 -0.9133
vn 0.2276 -0.1407 -0.9635
vn 0.0711 -0.1371 -0.9880
vn 0.5764 -0.2653 -0.7729
vn 0.4455 -0.2753 -0.8519
vn 0.2968 -0.2789 -0.9133
vn 0.1403 -0.2753 -0.9511
vn -0.0120 -0.2653 -0.9641
vn 0.6137 -0.3793 -0.6925
vn 0.4951 -0.3969 -0.7729
vn 0.3566 -0.4066 -0.8411
vn 0.2059 -0.4066 -0.8901
vn 0.0538 -0.3969 -0.9163
vn -0.0894 -0.3793 -0.9210
vn -0.7834 0.2496 -0.5692
vn -0.7543 0.1294 -0.6436
vn -0.8452 0.1294 -0.5185
vn -0.7057 -0.0023 -0.7085
vn -0.8090 -0.0024 -0.5878
vn -0.8919 -0.0023 -0.4522
vn -0.6383 -0.1371 -0.7575
vn -0.7505 -0.1407 -0.6457
vn -0.8460 -0.1407 -0.5142
vn -0.9177 -0.1371 -0.3730
vn -0.5570 -0.2653 -0.7870
vn -0.6725 -0.2753 -0.6869
vn -0.7769 -0.2789 -0.5645
vn -0.8611 -0.2753 -0.4274
vn -0.9206 -0.2653 -0.2865
vn -0.4690 -0.3793 -0.7976
vn -0.5821 -0.3969 -0.7097
vn -0.6898 -0.4066 -0.5991
vn -0.7829 -0.4066 -0.4709
vn -0.8548 -0.3969 -0.3343
vn -0.9035 -0.3793 -0.1996
vn -0.7834 0.2496 0.5692
vn -0.8452 0.1294 0.5185
vn -0.7543 0.1294 0.6436
vn -0.8919 -0.0023 0.4522
vn -0.8090 -0.0024 0.5878
vn -0.7057 -0.0023 0.7085
vn -0.9177 -0.1371 0.3730
vn -0.8460 -0.1407 0.5142
vn -0.7505 -0.1407 0.6457
vn -0.6383 -0.1371 0.7575
vn -0.9206 -0.2653 0.2865
vn -0.8611 -0.2753 0.4274
vn -0.7769 -0.2789 0.5645
vn -0.6725 -0.2753 0.6869
vn -0.5570 -0.2653 0.7870
vn -0.9035 -0.3793 0.1996
vn -0.8548 -0.3969 0.3343
vn -0.7829 -0.4066 0.4709
vn -0.6898 -0.4066 0.5991
vn -0.5821 -0.3969 0.7097
vn -0.4690 -0.3793 0.7976
vn 0.2992 0.2496 0.9210
vn 0.2319 0.1294 0.9641
vn 0.3790 0.1294 0.9163
vn 0.1544 -0.0023 0.9880
vn 0.3090 -0.0024 0.9511
vn 0.4558 -0.0023 0.8901
vn 0.0711 -0.1371 0.9880
vn 0.2276 -0.1407 0.9635
vn 0.3822 -0.1407 0.9133
vn 0.5232 -0.1371 0.8411
vn -0.0120 -0.2653 0.9641
vn 0.1403 -0.2753 0.9511
vn 0.2968 -0.2789 0.9133
vn 0.4455 -0.2753 0.8519
vn 0.5764 -0.2653 0.7729
vn -0.0894 -0.3793 0.9210
vn 0.0538 -0.3969 0.9163
vn 0.2059 -0.4066 0.8901
vn 0.3566 -0.4066 0.8411
vn 0.4951 -0.3969 0.7729
vn 0.6137 -0.3793 0.6925
vn 0.9684 0.2496 -0.0000
vn 0.9886 0.1294 0.0773
vn 0.9886 0.1294 -0.0773
vn 0.9874 -0.0023 0.1584
vn 1.0000 -0.0024 -0.0000
vn 0.9874 -0.0023 -0.1584
vn 0.9616 -0.1371 0.2377
vn 0.9867 -0.1407 0.0812
vn 0.9867 -0.1407 -0.0812
vn 0.9616 -0.1371 -0.2377
vn 0.9132 -0.2653 0.3093
vn 0.9479 -0.2753 0.1604
vn 0.9603 -0.2789 -0.0000
vn 0.9479 -0.2753 -0.1604
vn 0.9132 -0.2653 -0.3093
vn 0.8483 -0.3793 0.3696
vn 0.8881 -0.3969 0.2320
vn 0.9101 -0.4066 0.0792
vn 0.9101 -0.4066 -0.0792
vn 0.8881 -0.3969 -0.2320
vn 0.8483 -0.3793 -0.3696
vn 0.5736 -0.5891 -0.5692
vn 0.4937 -0.6981 -0.5185
vn 0.4531 -0.6168 -0.6436
vn 0.3968 -0.7988 -0.4522
vn 0.3597 -0.7247 -0.5878
vn 0.3135 -0.6322 -0.7085
vn 0.2878 -0.8821 -0.3730
vn 0.2525 -0.8196 -0.5142
vn 0.2098 -0.7342 -0.6457
vn 0.1628 -0.6322 -0.7575
vn 0.1744 -0.9421 -0.2865
vn 0.1389 -0.8934 -0.4274
vn 0.0980 -0.8196 -0.5645
vn 0.0545 -0.7247 -0.6869
vn 0.0118 -0.6168 -0.7870
vn 0.0648 -0.9777 -0.1996
vn 0.0273 -0.9421 -0.3343
vn -0.0136 -0.8821 -0.4709
vn -0.0552 -0.7988 -0.5991
vn -0.0947 -0.6981 -0.7097
vn -0.1295 -0.5891 -0.7976
vn -0.3641 -0.5891 -0.7214
vn -0.3406 -0.6981 -0.6298
vn -0.4721 -0.6168 -0.6298
vn -0.3074 -0.7988 -0.5171
vn -0.4479 -0.7247 -0.5237
vn -0.5770 -0.6322 -0.5171
vn -0.2658 -0.8821 -0.3889
vn -0.4110 -0.8196 -0.3991
vn -0.5493 -0.7342 -0.3991
vn -0.6701 -0.6322 -0.3889
vn -0.2186 -0.9421 -0.2544
vn -0.3635 -0.8934 -0.2641
vn -0.5066 -0.8196 -0.2676
vn -0.6365 -0.7247 -0.2641
vn -0.7449 -0.6168 -0.2544
vn -0.1698 -0.9777 -0.1233
vn -0.3095 -0.9421 -0.1293
vn -0.4520 -0.8821 -0.1326
vn -0.5868 -0.7988 -0.1326
vn -0.7042 -0.6981 -0.1293
vn -0.7986 -0.5891 -0.1233
vn -0.7986 -0.5891 0.1233
vn -0.7042 -0.6981 0.1293
vn -0.7449 -0.6168 0.2544
vn -0.5868 -0.7988 0.1326
vn -0.6365 -0.7247 0.2641
vn -0.6701 -0.6322 0.3889
vn -0.4520 -0.8821 0.1326
vn -0.5066 -0.8196 0.2676
vn -0.5493 -0.7342 0.3991
vn -0.5770 -0.6322 0.5171
vn -0.3095 -0.9421 0.1293
vn -0.3635 -0.8934 0.2641
vn -0.4110 -0.8196 0.3991
vn -0.4479 -0.7247 0.5237
vn -0.4721 -0.6168 0.6298
vn -0.1698 -0.9777 0.1233
vn -0.2186 -0.9421 0.2544
vn -0.2658 -0.8821 0.3889
vn -0.3074 -0.7988 0.5171
vn -0.3406 -0.6981 0.6298
vn -0.3641 -0.5891 0.7214
vn 0.7186 -0.5891 -0.3696
vn 0.7521 -0.6168 -0.2320
vn 0.6457 -0.6981 -0.3093
vn 0.7707 -0.6322 -0.0792
vn 0.6702 -0.7247 -0.1604
vn 0.5527 -0.7988 -0.2376
vn 0.7707 -0.6322 0.0792
vn 0.6789 -0.7342 -0.0000
vn 0.5671 -0.8196 -0.0812
vn 0.4436 -0.8821 -0.1584
vn 0.7521 -0.6168 0.2320
vn 0.6702 -0.7247 0.1604
vn 0.5671 -0.8196 0.0812
vn 0.4493 -0.8934 -0.0000
vn 0.3264 -0.9421 -0.0773
vn 0.7186 -0.5891 0.3696
vn 0.6457 -0.6981 0.3093
vn 0.5527 -0.7988 0.2377
vn 0.4436 -0.8821 0.1584
vn 0.3264 -0.9421 0.0773
vn 0.2098 -0.9777 -0.0000
vn -0.1295 -0.5891 0.7976
vn -0.0947 -0.6981 0.7097
vn 0.0118 -0.6168 0.7870
vn -0.0552 -0.7988 0.5991
vn 0.0545 -0.7247 0.6869
vn 0.1628 -0.6322 0.7575
vn -0.0136 -0.8821 0.4709
vn 0.0980 -0.8196 0.5645
vn 0.2098 -0.7342 0.6457
vn 0.3135 -0.6322 0.7085
vn 0.0273 -0.9421 0.3343
vn 0.1389 -0.8934 0.4274
vn 0.2525 -0.8196 0.5142
vn 0.3597 -0.7247 0.5878
vn 0.4531 -0.6168 0.6436
vn 0.0648 -0.9777 0.1996
vn 0.1744 -0.9421 0.2865
vn 0.2878 -0.8821 0.3730
vn 0.3968 -0.7988 0.4522
vn 0.4937 -0.6981 0.5185
vn 0.5736 -0.5891 0.5692
s 1
f 2023//1454 2042//1473 2041//1472
f 2024//1455 2048//1479 2062//1493
f 2023//1454 2041//1472 2076//1507
f 2023//1454 2076//1507 2090//1521
f 2023//1454 2090//1521 2063//1494
f 2024//1455 2062//1493 2111//1542
f 2025//1456 2055//1486 2125//1556
f 2026//1457 2083//1514 2139//1570
f 2027//1458 2097//1528 2153//1584
f 2028//1459 2104//1535 2167//1598
f 2024//1455 2111//1542 2126//1557
f 2025//1456 2125//1556 2140//1571
f 2026//1457 2139//1570 2154//1585
f 2027//1458 2153//1584 2168//1599
f 2028//1459 2167//1598 2112//1543
f 2029//1460 2181//1612 2216//1647
f 2030//1461 2188//1619 2230//1661
f 2031//1462 2195//1626 2237//1668
f 2032//1463 2202//1633 2244//1675
f 2033//1464 2209//1640 2217//1648
f 2223//1654 2238//1669 2034//1465
f 2222//1653 2245//1676 2223//1654
f 2221//1652 2246//1677 2222//1653
f 2220//1651 2248//1679 2221//1652
f 2219//1650 2251//1682 2220//1651
f 2218//1649 2255//1686 2219//1650
f 2217//1648 2260//1691 2218//1649
f 2223//1654 2245//1676 2238//1669
f 2245//1676 2239//1670 2238//1669
f 2222//1653 2246//1677 2245//1676
f 2246//1677 2247//1678 2245//1676
f 2245//1676 2247//1678 2239//1670
f 2247//1678 2240//1671 2239//1670
f 2221//1652 2248//1679 2246//1677
f 2248//1679 2249//1680 2246//1677
f 2246//1677 2249//1680 2247//1678
f 2249//1680 2250//1681 2247//1678
f 2247//1678 2250//1681 2240//1671
f 2250//1681 2241//1672 2240//1671
f 2220//1651 2251//1682 2248//1679
f 2251//1682 2252//1683 2248//1679
f 2248//1679 2252//1683 2249//1680
f 2252//1683 2253//1684 2249//1680
f 2249//1680 2253//1684 2250//1681
f 2253//1684 2254//1685 2250//1681
f 2250//1681 2254//1685 2241//1672
f 2254//1685 2242//1673 2241//1672
f 2219//1650 2255//1686 2251//1682
f 2255//1686 2256//1687 2251//1682
f 2251//1682 2256//1687 2252//1683
f 2256//1687 2257//1688 2252//1683
f 2252//1683 2257//1688 2253//1684
f 2257//1688 2258//1689 2253//1684
f 2253//1684 2258//1689 2254//1685
f 2258//1689 2259//1690 2254//1685
f 2254//1685 2259//1690 2242//1673
f 2259//1690 2243//1674 2242//1673
f 2218//1649 2260//1691 2255//1686
f 2260//1691 2261//1692 2255//1686
f 2255//1686 2261//1692 2256//1687
f 2261//1692 2262//1693 2256//1687
f 2256//1687 2262//1693 2257//1688
f 2262//1693 2263//1694 2257//1688
f 2257//1688 2263//1694 2258//1689
f 2263//1694 2264//1695 2258//1689
f 2258//1689 2264//1695 2259//1690
f 2264//1695 2265//1696 2259//1690
f 2259//1690 2265//1696 2243//1674
f 2265//1696 2244//1675 2243//1674
f 2217//1648 2209//1640 2260//1691
f 2209//1640 2208//1639 2260//1691
f 2260//1691 2208//1639 2261//1692
f 2208//1639 2207//1638 2261//1692
f 2261//1692 2207//1638 2262//1693
f 2207//1638 2206//1637 2262//1693
f 2262//1693 2206//1637 2263//1694
f 2206//1637 2205//1636 2263//1694
f 2263//1694 2205//1636 2264//1695
f 2205//1636 2204//1635 2264//1695
f 2264//1695 2204//1635 2265//1696
f 2204//1635 2203//1634 2265//1696
f 2265//1696 2203//1634 2244//1675
f 2203//1634 2032//1463 2244//1675
f 2238//1669 2231//1662 2034//1465
f 2239//1670 2266//1697 2238//1669
f 2240//1671 2267//1698 2239//1670
f 2241//1672 2269//1700 2240//1671
f 2242//1673 2272//1703 2241//1672
f 2243//1674 2276//1707 2242//1673
f 2244//1675 2281//1712 2243//1674
f 2238//1669 2266//1697 2231//1662
f 2266//1697 2232//1663 2231//1662
f 2239//1670 2267//1698 2266//1697
f 2267//1698 2268//1699 2266//1697
f 2266//1697 2268//1699 2232//1663
f 2268//1699 2233//1664 2232//1663
f 2240//1671 2269//1700 2267//1698
f 2269//1700 2270//1701 2267//1698
f 2267//1698 2270//1701 2268//1699
f 2270//1701 2271//1702 2268//1699
f 2268//1699 2271//1702 2233//1664
f 2271//1702 2234//1665 2233//1664
f 2241//1672 2272//1703 2269//1700
f 2272//1703 2273//1704 2269//1700
f 2269//1700 2273//1704 2270//1701
f 2273//1704 2274//1705 2270//1701
f 2270//1701 2274//1705 2271//1702
f 2274//1705 2275//1706 2271//1702
f 2271//1702 2275//1706 2234//1665
f 2275//1706 2235//1666 2234//1665
f 2242//1673 2276//1707 2272//1703
f 2276//1707 2277//1708 2272//1703
f 2272//1703 2277//1708 2273//1704
f 2277//1708 2278//1709 2273//1704
f 2273//1704 2278//1709 2274//1705
f 2278//1709 2279//1710 2274//1705
f 2274//1705 2279//1710 2275//1706
f 2279//1710 2280//1711 2275//1706
f 2275//1706 2280//1711 2235//1666
f 2280//1711 2236//1667 2235//1666
f 2243//1674 2281//1712 2276//1707
f 2281//1712 2282//1713 2276//1707
f 2276//1707 2282//1713 2277//1708
f 2282//1713 2283//1714 2277//1708
f 2277//1708 2283//1714 2278//1709
f 2283//1714 2284//1715 2278//1709
f 2278//1709 2284//1715 2279//1710
f 2284//1715 2285//1716 2279//1710
f 2279//1710 2285//1716 2280//1711
f 2285//1716 2286//1717 2280//1711
f 2280//1711 2286//1717 2236//1667
f 2286//1717 2237//1668 2236//1667
f 2244//1675 2202//1633 2281//1712
f 2202//1633 2201//1632 2281//1712
f 2281//1712 2201//1632 2282//1713
f 2201//1632 2200//1631 2282//1713
f 2282//1713 2200//1631 2283//1714
f 2200//1631 2199//1630 2283//1714
f 2283//1714 2199//1630 2284//1715
f 2199//1630 2198//1629 2284//1715
f 2284//1715 2198//1629 2285//1716
f 2198//1629 2197//1628 2285//1716
f 2285//1716 2197//1628 2286//1717
f 2197//1628 2196//1627 2286//1717
f 2286//1717 2196//1627 2237//1668
f 2196//1627 2031//1462 2237//1668
f 2231//1662 2224//1655 2034//1465
f 2232//1663 2287//1718 2231//1662
f 2233//1664 2288//1719 2232//1663
f 2234//1665 2290//1721 2233//1664
f 2235//1666 2293//1724 2234//1665
f 2236//1667 2297//1728 2235//1666
f 2237//1668 2302//1733 2236//1667
f 2231//1662 2287//1718 2224//1655
f 2287//1718 2225//1656 2224//1655
f 2232//1663 2288//1719 2287//1718
f 2288//1719 2289//1720 2287//1718
f 2287//1718 2289//1720 2225//1656
f 2289//1720 2226//1657 2225//1656
f 2233//1664 2290//1721 2288//1719
f 2290//1721 2291//1722 2288//1719
f 2288//1719 2291//1722 2289//1720
f 2291//1722 2292//1723 2289//1720
f 2289//1720 2292//1723 2226//1657
f 2292//1723 2227//1658 2226//1657
f 2234//1665 2293//1724 2290//1721
f 2293//1724 2294//1725 2290//1721
f 2290//1721 2294//1725 2291//1722
f 2294//1725 2295//1726 2291//1722
f 2291//1722 2295//1726 2292//1723
f 2295//1726 2296//1727 2292//1723
f 2292//1723 2296//1727 2227//1658
f 2296//1727 2228//1659 2227//1658
f 2235//1666 2297//1728 2293//1724
f 2297//1728 2298//1729 2293//1724
f 2293//1724 2298//1729 2294//1725
f 2298//1729 2299//1730 2294//1725
f 2294//1725 2299//1730 2295//1726
f 2299//1730 2300//1731 2295//1726
f 2295//1726 2300//1731 2296//1727
f 2300//1731 2301//1732 2296//1727
f 2296//1727 2301//1732 2228//1659
f 2301//1732 2229//1660 2228//1659
f 2236//1667 2302//1733 2297//1728
f 2302//1733 2303//1734 2297//1728
f 2297//1728 2303//1734 2298//1729
f 2303//1734 2304//1735 2298//1729
f 2298//1729 2304//1735 2299//1730
f 2304//1735 2305//1736 2299//1730
f 2299//1730 2305//1736 2300//1731
f 2305//1736 2306//1737 2300//1731
f 2300//1731 2306//1737 2301//1732
f 2306//1737 2307//1738 2301//1732
f 2301//1732 2307//1738 2229//1660
f 2307//1738 2230//1661 2229//1660
f 2237//1668 2195//1626 2302//1733
f 2195//1626 2194//1625 2302//1733
f 2302//1733 2194//1625 2303//1734
f 2194//1625 2193//1624 2303//1734
f 2303//1734 2193//1624 2304//1735
f 2193//1624 2192//1623 2304//1735
f 2304//1735 2192//1623 2305//1736
f 2192//1623 2191//1622 2305//1736
f 2305//1736 2191//1622 2306//1737
f 2191//1622 2190//1621 2306//1737
f 2306//1737 2190//1621 2307//1738
f 2190//1621 2189//1620 2307//1738
f 2307//1738 2189//1620 2230//1661
f 2189//1620 2030//1461 2230//1661
f 2224//1655 2210//1641 2034//1465
f 2225//1656 2308//1739 2224//1655
f 2226//1657 2309//1740 2225//1656
f 2227//1658 2311//1742 2226//1657
f 2228//1659 2314//1745 2227//1658
f 2229//1660 2318//1749 2228//1659
f 2230//1661 2323//1754 2229//1660
f 2224//1655 2308//1739 2210//1641
f 2308//1739 2211//1642 2210//1641
f 2225//1656 2309//1740 2308//1739
f 2309//1740 2310//1741 2308//1739
f 2308//1739 2310//1741 2211//1642
f 2310//1741 2212//1643 2211//1642
f 2226//1657 2311//1742 2309//1740
f 2311//1742 2312//1743 2309//1740
f 2309//1740 2312//1743 2310//1741
f 2312//1743 2313//1744 2310//1741
f 2310//1741 2313//1744 2212//1643
f 2313//1744 2213//1644 2212//1643
f 2227//1658 2314//1745 2311//1742
f 2314//1745 2315//1746 2311//1742
f 2311//1742 2315//1746 2312//1743
f 2315//1746 2316//1747 2312//1743
f 2312//1743 2316//1747 2313//1744
f 2316//1747 2317//1748 2313//1744
f 2313//1744 2317//1748 2213//1644
f 2317//1748 2214//1645 2213//1644
f 2228//1659 2318//1749 2314//1745
f 2318//1749 2319//1750 2314//1745
f 2314//1745 2319//1750 2315//1746
f 2319//1750 2320//1751 2315//1746
f 2315//1746 2320//1751 2316//1747
f 2320//1751 2321//1752 2316//1747
f 2316//1747 2321//1752 2317//1748
f 2321//1752 2322//1753 2317//1748
f 2317//1748 2322//1753 2214//1645
f 2322//1753 2215//1646 2214//1645
f 2229//1660 2323//1754 2318//1749
f 2323//1754 2324//1755 2318//1749
f 2318//1749 2324//1755 2319//1750
f 2324//1755 2325//1756 2319//1750
f 2319//1750 2325//1756 2320//1751
f 2325//1756 2326//1757 2320//1751
f 2320//1751 2326//1757 2321//1752
f 2326//1757 2327//1758 2321//1752
f 2321//1752 2327//1758 2322//1753
f 2327//1758 2328//1759 2322//1753
f 2322//1753 2328//1759 2215//1646
f 2328//1759 2216//1647 2215//1646
f 2230//1661 2188//1619 2323//1754
f 2188//1619 2187//1618 2323//1754
f 2323//1754 2187//1618 2324//1755
f 2187//1618 2186//1617 2324//1755
f 2324//1755 2186//1617 2325//1756
f 2186//1617 2185//1616 2325//1756
f 2325//1756 2185//1616 2326//1757
f 2185//1616 2184//1615 2326//1757
f 2326//1757 2184//1615 2327//1758
f 2184//1615 2183//1614 2327//1758
f 2327//1758 2183//1614 2328//1759
f 2183//1614 2182//1613 2328//1759
f 2328//1759 2182//1613 2216//1647
f 2182//1613 2029//1460 2216//1647
f 2210//1641 2223//1654 2034//1465
f 2211//1642 2329//1760 2210//1641
f 2212//1643 2330//1761 2211//1642
f 2213//1644 2332//1763 2212//1643
f 2214//1645 2335//1766 2213//1644
f 2215//1646 2339//1770 2214//1645
f 2216//1647 2344//1775 2215//1646
f 2210//1641 2329//1760 2223//1654
f 2329//1760 2222//1653 2223//1654
f 2211//1642 2330//1761 2329//1760
f 2330//1761 2331//1762 2329//1760
f 2329//1760 2331//1762 2222//1653
f 2331//1762 2221//1652 2222//1653
f 2212//1643 2332//1763 2330//1761
f 2332//1763 2333//1764 2330//1761
f 2330//1761 2333//1764 2331//1762
f 2333//1764 2334//1765 2331//1762
f 2331//1762 2334//1765 2221//1652
f 2334//1765 2220//1651 2221//1652
f 2213//1644 2335//1766 2332//1763
f 2335//1766 2336//1767 2332//1763
f 2332//1763 2336//1767 2333//1764
f 2336//1767 2337//1768 2333//1764
f 2333//1764 2337//1768 2334//1765
f 2337//1768 2338//1769 2334//1765
f 2334//1765 2338//1769 2220//1651
f 2338//1769 2219//1650 2220//1651
f 2214//1645 2339//1770 2335//1766
f 2339//1770 2340//1771 2335//1766
f 2335//1766 2340//1771 2336//1767
f 2340//1771 2341//1772 2336//1767
f 2336//1767 2341//1772 2337//1768
f 2341//1772 2342//1773 2337//1768
f 2337//1768 2342//1773 2338//1769
f 2342//1773 2343//1774 2338//1769
f 2338//1769 2343//1774 2219//1650
f 2343//1774 2218//1649 2219//1650
f 2215//1646 2344//1775 2339//1770
f 2344//1775 2345//1776 2339//1770
f 2339//1770 2345//1776 2340//1771
f 2345//1776 2346//1777 2340//1771
f 2340//1771 2346//1777 2341//1772
f 2346//1777 2347//1778 2341//1772
f 2341//1772 2347//1778 2342//1773
f 2347//1778 2348//1779 2342//1773
f 2342//1773 2348//1779 2343//1774
f 2348//1779 2349//1780 2343//1774
f 2343//1774 2349//1780 2218//1649
f 2349//1780 2217//1648 2218//1649
f 2216//1647 2181//1612 2344//1775
f 2181//1612 2180//1611 2344//1775
f 2344//1775 2180//1611 2345//1776
f 2180//1611 2179//1610 2345//1776
f 2345//1776 2179//1610 2346//1777
f 2179//1610 2178//1609 2346//1777
f 2346//1777 2178//1609 2347//1778
f 2178//1609 2177//1608 2347//1778
f 2347//1778 2177//1608 2348//1779
f 2177//1608 2176//1607 2348//1779
f 2348//1779 2176//1607 2349//1780
f 2176//1607 2175//1606 2349//1780
f 2349//1780 2175//1606 2217//1648
f 2175//1606 2033//1464 2217//1648
f 2118//1549 2209//1640 2033//1464
f 2117//1548 2350//1781 2118//1549
f 2116//1547 2351//1782 2117//1548
f 2115//1546 2353//1784 2116//1547
f 2114//1545 2356//1787 2115//1546
f 2113//1544 2360//1791 2114//1545
f 2112//1543 2365//1796 2113//1544
f 2118//1549 2350//1781 2209//1640
f 2350//1781 2208//1639 2209//1640
f 2117//1548 2351//1782 2350//1781
f 2351//1782 2352//1783 2350//1781
f 2350//1781 2352//1783 2208//1639
f 2352//1783 2207//1638 2208//1639
f 2116//1547 2353//1784 2351//1782
f 2353//1784 2354//1785 2351//1782
f 2351//1782 2354//1785 2352//1783
f 2354//1785 2355//1786 2352//1783
f 2352//1783 2355//1786 2207//1638
f 2355//1786 2206//1637 2207//1638
f 2115//1546 2356//1787 2353//1784
f 2356//1787 2357//1788 2353//1784
f 2353//1784 2357//1788 2354//1785
f 2357//1788 2358//1789 2354//1785
f 2354//1785 2358//1789 2355//1786
f 2358//1789 2359//1790 2355//1786
f 2355//1786 2359//1790 2206//1637
f 2359//1790 2205//1636 2206//1637
f 2114//1545 2360//1791 2356//1787
f 2360//1791 2361//1792 2356//1787
f 2356//1787 2361//1792 2357//1788
f 2361//1792 2362//1793 2357//1788
f 2357//1788 2362//1793 2358//1789
f 2362//1793 2363//1794 2358//1789
f 2358//1789 2363//1794 2359//1790
f 2363//1794 2364//1795 2359//1790
f 2359//1790 2364//1795 2205//1636
f 2364//1795 2204//1635 2205//1636
f 2113//1544 2365//1796 2360//1791
f 2365//1796 2366//1797 2360//1791
f 2360//1791 2366//1797 2361//1792
f 2366//1797 2367//1798 2361//1792
f 2361//1792 2367//1798 2362//1793
f 2367//1798 2368//1799 2362//1793
f 2362//1793 2368//1799 2363//1794
f 2368//1799 2369//1800 2363//1794
f 2363//1794 2369//1800 2364//1795
f 2369//1800 2370//1801 2364//1795
f 2364//1795 2370//1801 2204//1635
f 2370//1801 2203//1634 2204//1635
f 2112//1543 2167//1598 2365//1796
f 2167//1598 2166//1597 2365//1796
f 2365//1796 2166//1597 2366//1797
f 2166//1597 2165//1596 2366//1797
f 2366//1797 2165//1596 2367//1798
f 2165//1596 2164//1595 2367//1798
f 2367//1798 2164//1595 2368//1799
f 2164//1595 2163//1594 2368//1799
f 2368//1799 2163//1594 2369//1800
f 2163//1594 2162//1593 2369//1800
f 2369//1800 2162//1593 2370//1801
f 2162//1593 2161//1592 2370//1801
f 2370//1801 2161//1592 2203//1634
f 2161//1592 2032//1463 2203//1634
f 2174//1605 2202//1633 2032//1463
f 2173//1604 2371//1802 2174//1605
f 2172//1603 2372//1803 2173//1604
f 2171//1602 2374//1805 2172//1603
f 2170//1601 2377//1808 2171//1602
f 2169//1600 2381//1812 2170//1601
f 2168//1599 2386//1817 2169//1600
f 2174//1605 2371//1802 2202//1633
f 2371//1802 2201//1632 2202//1633
f 2173//1604 2372//1803 2371//1802
f 2372//1803 2373//1804 2371//1802
f 2371//1802 2373//1804 2201//1632
f 2373//1804 2200//1631 2201//1632
f 2172//1603 2374//1805 2372//1803
f 2374//1805 2375//1806 2372//1803
f 2372//1803 2375//1806 2373//1804
f 2375//1806 2376//1807 2373//1804
f 2373//1804 2376//1807 2200//1631
f 2376//1807 2199//1630 2200//1631
f 2171//1602 2377//1808 2374//1805
f 2377//1808 2378//1809 2374//1805
f 2374//1805 2378//1809 2375//1806
f 2378//1809 2379//1810 2375//1806
f 2375//1806 2379//1810 2376//1807
f 2379//1810 2380//1811 2376//1807
f 2376//1807 2380//1811 2199//1630
f 2380//1811 2198//1629 2199//1630
f 2170//1601 2381//1812 2377//1808
f 2381//1812 2382//1813 2377//1808
f 2377//1808 2382//1813 2378//1809
f 2382//1813 2383//1814 2378//1809
f 2378//1809 2383//1814 2379//1810
f 2383//1814 2384//1815 2379//1810
f 2379//1810 2384//1815 2380//1811
f 2384//1815 2385//1816 2380//1811
f 2380//1811 2385//1816 2198//1629
f 2385//1816 2197//1628 2198//1629
f 2169//1600 2386//1817 2381//1812
f 2386//1817 2387//1818 2381//1812
f 2381//1812 2387//1818 2382//1813
f 2387//1818 2388//1819 2382//1813
f 2382//1813 2388//1819 2383//1814
f 2388//1819 2389//1820 2383//1814
f 2383//1814 2389//1820 2384//1815
f 2389//1820 2390//1821 2384//1815
f 2384//1815 2390//1821 2385//1816
f 2390//1821 2391//1822 2385//1816
f 2385//1816 2391//1822 2197//1628
f 2391//1822 2196//1627 2197//1628
f 2168//1599 2153//1584 2386//1817
f 2153//1584 2152//1583 2386//1817
f 2386//1817 2152//1583 2387//1818
f 2152//1583 2151//1582 2387//1818
f 2387//1818 2151//1582 2388//1819
f 2151//1582 2150//1581 2388//1819
f 2388//1819 2150//1581 2389//1820
f 2150//1581 2149//1580 2389//1820
f 2389//1820 2149//1580 2390//1821
f 2149//1580 2148//1579 2390//1821
f 2390//1821 2148//1579 2391//1822
f 2148//1579 2147//1578 2391//1822
f 2391//1822 2147//1578 2196//1627
f 2147//1578 2031//1462 2196//1627
f 2160//1591 2195//1626 2031//1462
f 2159//1590 2392//1823 2160//1591
f 2158//1589 2393//1824 2159//1590
f 2157//1588 2395//1826 2158//1589
f 2156//1587 2398//1829 2157//1588
f 2155//1586 2402//1833 2156//1587
f 2154//1585 2407//1838 2155//1586
f 2160//1591 2392//1823 2195//1626
f 2392//1823 2194//1625 2195//1626
f 2159//1590 2393//1824 2392//1823
f 2393//1824 2394//1825 2392//1823
f 2392//1823 2394//1825 2194//1625
f 2394//1825 2193//1624 2194//1625
f 2158//1589 2395//1826 2393//1824
f 2395//1826 2396//1827 2393//1824
f 2393//1824 2396//1827 2394//1825
f 2396//1827 2397//1828 2394//1825
f 2394//1825 2397//1828 2193//1624
f 2397//1828 2192//1623 2193//1624
f 2157//1588 2398//1829 2395//1826
f 2398//1829 2399//1830 2395//1826
f 2395//1826 2399//1830 2396//1827
f 2399//1830 2400//1831 2396//1827
f 2396//1827 2400//1831 2397//1828
f 2400//1831 2401//1832 2397//1828
f 2397//1828 2401//1832 2192//1623
f 2401//1832 2191//1622 2192//1623
f 2156//1587 2402//1833 2398//1829
f 2402//1833 2403//1834 2398//1829
f 2398//1829 2403//1834 2399//1830
f 2403//1834 2404//1835 2399//1830
f 2399//1830 2404//1835 2400//1831
f 2404//1835 2405//1836 2400//1831
f 2400//1831 2405//1836 2401//1832
f 2405//1836 2406//1837 2401//1832
f 2401//1832 2406//1837 2191//1622
f 2406//1837 2190//1621 2191//1622
f 2155//1586 2407//1838 2402//1833
f 2407//1838 2408//1839 2402//1833
f 2402//1833 2408//1839 2403//1834
f 2408//1839 2409//1840 2403//1834
f 2403//1834 2409//1840 2404//1835
f 2409//1840 2410//1841 2404//1835
f 2404//1835 2410//1841 2405//1836
f 2410//1841 2411//1842 2405//1836
f 2405//1836 2411//1842 2406//1837
f 2411//1842 2412//1843 2406//1837
f 2406//1837 2412//1843 2190//1621
f 2412//1843 2189//1620 2190//1621
f 2154//1585 2139//1570 2407//1838
f 2139//1570 2138//1569 2407//1838
f 2407//1838 2138//1569 2408//1839
f 2138//1569 2137//1568 2408//1839
f 2408//1839 2137//1568 2409//1840
f 2137//1568 2136//1567 2409//1840
f 2409//1840 2136//1567 2410//1841
f 2136//1567 2135//1566 2410//1841
f 2410//1841 2135//1566 2411//1842
f 2135//1566 2134//1565 2411//1842
f 2411//1842 2134//1565 2412//1843
f 2134//1565 2133//1564 2412//1843
f 2412//1843 2133//1564 2189//1620
f 2133//1564 2030//1461 2189//1620
f 2146//1577 2188//1619 2030//1461
f 2145//1576 2413//1844 2146//1577
f 2144//1575 2414//1845 2145//1576
f 2143//1574 2416//1847 2144//1575
f 2142//1573 2419//1850 2143//1574
f 2141//1572 2423//1854 2142//1573
f 2140//1571 2428//1859 2141//1572
f 2146//1577 2413//1844 2188//1619
f 2413//1844 2187//1618 2188//1619
f 2145//1576 2414//1845 2413//1844
f 2414//1845 2415//1846 2413//1844
f 2413//1844 2415//1846 2187//1618
f 2415//1846 2186//1617 2187//1618
f 2144//1575 2416//1847 2414//1845
f 2416//1847 2417//1848 2414//1845
f 2414//1845 2417//1848 2415//1846
f 2417//1848 2418//1849 2415//1846
f 2415//1846 2418//1849 2186//1617
f 2418//1849 2185//1616 2186//1617
f 2143//1574 2419//1850 2416//1847
f 2419//1850 2420//1851 2416//1847
f 2416//1847 2420//1851 2417//1848
f 2420//1851 2421//1852 2417//1848
f 2417//1848 2421//1852 2418//1849
f 2421//1852 2422//1853 2418//1849
f 2418//1849 2422//1853 2185//1616
f 2422//1853 2184//1615 2185//1616
f 2142//1573 2423//1854 2419//1850
f 2423//1854 2424//1855 2419//1850
f 2419//1850 2424//1855 2420//1851
f 2424//1855 2425//1856 2420//1851
f 2420//1851 2425//1856 2421//1852
f 2425//1856 2426//1857 2421//1852
f 2421//1852 2426//1857 2422//1853
f 2426//1857 2427//1858 2422//1853
f 2422//1853 2427//1858 2184//1615
f 2427//1858 2183//1614 2184//1615
f 2141//1572 2428//1859 2423//1854
f 2428//1859 2429//1860 2423//1854
f 2423//1854 2429//1860 2424//1855
f 2429//1860 2430//1861 2424//1855
f 2424//1855 2430//1861 2425//1856
f 2430//1861 2431//1862 2425//1856
f 2425//1856 2431//1862 2426//1857
f 2431//1862 2432//1863 2426//1857
f 2426//1857 2432//1863 2427//1858
f 2432//1863 2433//1864 2427//1858
f 2427//1858 2433//1864 2183//1614
f 2433//1864 2182//1613 2183//1614
f 2140//1571 2125//1556 2428//1859
f 2125//1556 2124//1555 2428//1859
f 2428//1859 2124//1555 2429//1860
f 2124//1555 2123//1554 2429//1860
f 2429//1860 2123//1554 2430//1861
f 2123//1554 2122//1553 2430//1861
f 2430//1861 2122//1553 2431//1862
f 2122//1553 2121//1552 2431//1862
f 2431//1862 2121//1552 2432//1863
f 2121//1552 2120//1551 2432//1863
f 2432//1863 2120//1551 2433//1864
f 2120//1551 2119//1550 2433//1864
f 2433//1864 2119//1550 2182//1613
f 2119//1550 2029//1460 2182//1613
f 2132//1563 2181//1612 2029//1460
f 2131//1562 2434//1865 2132//1563
f 2130//1561 2435//1866 2131//1562
f 2129//1560 2437//1868 2130//1561
f 2128//1559 2440//1871 2129//1560
f 2127//1558 2444//1875 2128//1559
f 2126//1557 2449//1880 2127//1558
f 2132//1563 2434//1865 2181//1612
f 2434//1865 2180//1611 2181//1612
f 2131//1562 2435//1866 2434//1865
f 2435//1866 2436//1867 2434//1865
f 2434//1865 2436//1867 2180//1611
f 2436//1867 2179//1610 2180//1611
f 2130//1561 2437//1868 2435//1866
f 2437//1868 2438//1869 2435//1866
f 2435//1866 2438//1869 2436//1867
f 2438//1869 2439//1870 2436//1867
f 2436//1867 2439//1870 2179//1610
f 2439//1870 2178//1609 2179//1610
f 2129//1560 2440//1871 2437//1868
f 2440//1871 2441//1872 2437//1868
f 2437//1868 2441//1872 2438//1869
f 2441//1872 2442//1873 2438//1869
f 2438//1869 2442//1873 2439//1870
f 2442//1873 2443//1874 2439//1870
f 2439//1870 2443//1874 2178//1609
f 2443//1874 2177//1608 2178//1609
f 2128//1559 2444//1875 2440//1871
f 2444//1875 2445//1876 2440//1871
f 2440//1871 2445//1876 2441//1872
f 2445//1876 2446//1877 2441//1872
f 2441//1872 2446//1877 2442//1873
f 2446//1877 2447//1878 2442//1873
f 2442//1873 2447//1878 2443//1874
f 2447//1878 2448//1879 2443//1874
f 2443//1874 2448//1879 2177//1608
f 2448//1879 2176//1607 2177//1608
f 2127//1558 2449//1880 2444//1875
f 2449//1880 2450//1881 2444//1875
f 2444//1875 2450//1881 2445//1876
f 2450//1881 2451//1882 2445//1876
f 2445//1876 2451//1882 2446//1877
f 2451//1882 2452//1883 2446//1877
f 2446//1877 2452//1883 2447//1878
f 2452//1883 2453//1884 2447//1878
f 2447//1878 2453//1884 2448//1879
f 2453//1884 2454//1885 2448//1879
f 2448//1879 2454//1885 2176//1607
f 2454//1885 2175//1606 2176//1607
f 2126//1557 2111//1542 2449//1880
f 2111//1542 2110//1541 2449//1880
f 2449//1880 2110//1541 2450//1881
f 2110//1541 2109//1540 2450//1881
f 2450//1881 2109//1540 2451//1882
f 2109//1540 2108//1539 2451//1882
f 2451//1882 2108//1539 2452//1883
f 2108//1539 2107//1538 2452//1883
f 2452//1883 2107//1538 2453//1884
f 2107//1538 2106//1537 2453//1884
f 2453//1884 2106//1537 2454//1885
f 2106//1537 2105//1536 2454//1885
f 2454//1885 2105//1536 2175//1606
f 2105//1536 2033//1464 2175//1606
f 2161//1592 2174//1605 2032//1463
f 2162//1593 2455//1886 2161//1592
f 2163//1594 2456//1887 2162//1593
f 2164//1595 2458//1889 2163//1594
f 2165//1596 2461//1892 2164//1595
f 2166//1597 2465//1896 2165//1596
f 2167//1598 2470//1901 2166//1597
f 2161//1592 2455//1886 2174//1605
f 2455//1886 2173//1604 2174//1605
f 2162//1593 2456//1887 2455//1886
f 2456//1887 2457//1888 2455//1886
f 2455//1886 2457//1888 2173//1604
f 2457//1888 2172//1603 2173//1604
f 2163//1594 2458//1889 2456//1887
f 2458//1889 2459//1890 2456//1887
f 2456//1887 2459//1890 2457//1888
f 2459//1890 2460//1891 2457//1888
f 2457//1888 2460//1891 2172//1603
f 2460//1891 2171//1602 2172//1603
f 2164//1595 2461//1892 2458//1889
f 2461//1892 2462//1893 2458//1889
f 2458//1889 2462//1893 2459//1890
f 2462//1893 2463//1894 2459//1890
f 2459//1890 2463//1894 2460//1891
f 2463//1894 2464//1895 2460//1891
f 2460//1891 2464//1895 2171//1602
f 2464//1895 2170//1601 2171//1602
f 2165//1596 2465//1896 2461//1892
f 2465//1896 2466//1897 2461//1892
f 2461//1892 2466//1897 2462//1893
f 2466//1897 2467//1898 2462//1893
f 2462//1893 2467//1898 2463//1894
f 2467//1898 2468//1899 2463//1894
f 2463//1894 2468//1899 2464//1895
f 2468//1899 2469//1900 2464//1895
f 2464//1895 2469//1900 2170//1601
f 2469//1900 2169//1600 2170//1601
f 2166//1597 2470//1901 2465//1896
f 2470//1901 2471//1902 2465//1896
f 2465//1896 2471//1902 2466//1897
f 2471//1902 2472//1903 2466//1897
f 2466//1897 2472//1903 2467//1898
f 2472//1903 2473//1904 2467//1898
f 2467//1898 2473//1904 2468//1899
f 2473//1904 2474//1905 2468//1899
f 2468//1899 2474//1905 2469//1900
f 2474//1905 2475//1906 2469//1900
f 2469//1900 2475//1906 2169//1600
f 2475//1906 2168//1599 2169//1600
f 2167//1598 2104//1535 2470//1901
f 2104//1535 2103//1534 2470//1901
f 2470//1901 2103//1534 2471//1902
f 2103//1534 2102//1533 2471//1902
f 2471//1902 2102//1533 2472//1903
f 2102//1533 2101//1532 2472//1903
f 2472//1903 2101//1532 2473//1904
f 2101//1532 2100//1531 2473//1904
f 2473//1904 2100//1531 2474//1905
f 2100//1531 2099//1530 2474//1905
f 2474//1905 2099//1530 2475//1906
f 2099//1530 2098//1529 2475//1906
f 2475//1906 2098//1529 2168//1599
f 2098//1529 2027//1458 2168//1599
f 2147//1578 2160//1591 2031//1462
f 2148//1579 2476//1907 2147//1578
f 2149//1580 2477//1908 2148//1579
f 2150//1581 2479//1910 2149//1580
f 2151//1582 2482//1913 2150//1581
f 2152//1583 2486//1917 2151//1582
f 2153//1584 2491//1922 2152//1583
f 2147//1578 2476//1907 2160//1591
f 2476//1907 2159//1590 2160//1591
f 2148//1579 2477//1908 2476//1907
f 2477//1908 2478//1909 2476//1907
f 2476//1907 2478//1909 2159//1590
f 2478//1909 2158//1589 2159//1590
f 2149//1580 2479//1910 2477//1908
f 2479//1910 2480//1911 2477//1908
f 2477//1908 2480//1911 2478//1909
f 2480//1911 2481//1912 2478//1909
f 2478//1909 2481//1912 2158//1589
f 2481//1912 2157//1588 2158//1589
f 2150//1581 2482//1913 2479//1910
f 2482//1913 2483//1914 2479//1910
f 2479//1910 2483//1914 2480//1911
f 2483//1914 2484//1915 2480//1911
f 2480//1911 2484//1915 2481//1912
f 2484//1915 2485//1916 2481//1912
f 2481//1912 2485//1916 2157//1588
f 2485//1916 2156//1587 2157//1588
f 2151//1582 2486//1917 2482//1913
f 2486//1917 2487//1918 2482//1913
f 2482//1913 2487//1918 2483//1914
f 2487//1918 2488//1919 2483//1914
f 2483//1914 2488//1919 2484//1915
f 2488//1919 2489//1920 2484//1915
f 2484//1915 2489//1920 2485//1916
f 2489//1920 2490//1921 2485//1916
f 2485//1916 2490//1921 2156//1587
f 2490//1921 2155//1586 2156//1587
f 2152//1583 2491//1922 2486//1917
f 2491//1922 2492//1923 2486//1917
f 2486//1917 2492//1923 2487//1918
f 2492//1923 2493//1924 2487//1918
f 2487//1918 2493//1924 2488//1919
f 2493//1924 2494//1925 2488//1919
f 2488//1919 2494//1925 2489//1920
f 2494//1925 2495//1926 2489//1920
f 2489//1920 2495//1926 2490//1921
f 2495//1926 2496//1927 2490//1921
f 2490//1921 2496//1927 2155//1586
f 2496//1927 2154//1585 2155//1586
f 2153//1584 2097//1528 2491//1922
f 2097//1528 2096//1527 2491//1922
f 2491//1922 2096//1527 2492//1923
f 2096//1527 2095//1526 2492//1923
f 2492//1923 2095//1526 2493//1924
f 2095//1526 2094//1525 2493//1924
f 2493//1924 2094//1525 2494//1925
f 2094//1525 2093//1524 2494//1925
f 2494//1925 2093//1524 2495//1926
f 2093//1524 2092//1523 2495//1926
f 2495//1926 2092//1523 2496//1927
f 2092//1523 2091//1522 2496//1927
f 2496//1927 2091//1522 2154//1585
f 2091//1522 2026//1457 2154//1585
f 2133//1564 2146//1577 2030//1461
f 2134//1565 2497//1928 2133//1564
f 2135//1566 2498//1929 2134//1565
f 2136//1567 2500//1931 2135//1566
f 2137//1568 2503//1934 2136//1567
f 2138//1569 2507//1938 2137//1568
f 2139//1570 2512//1943 2138//1569
f 2133//1564 2497//1928 2146//1577
f 2497//1928 2145//1576 2146//1577
f 2134//1565 2498//1929 2497//1928
f 2498//1929 2499//1930 2497//1928
f 2497//1928 2499//1930 2145//1576
f 2499//1930 2144//1575 2145//1576
f 2135//1566 2500//1931 2498//1929
f 2500//1931 2501//1932 2498//1929
f 2498//1929 2501//1932 2499//1930
f 2501//1932 2502//1933 2499//1930
f 2499//1930 2502//1933 2144//1575
f 2502//1933 2143//1574 2144//1575
f 2136//1567 2503//1934 2500//1931
f 2503//1934 2504//1935 2500//1931
f 2500//1931 2504//1935 2501//1932
f 2504//1935 2505//1936 2501//1932
f 2501//1932 2505//1936 2502//1933
f 2505//1936 2506//1937 2502//1933
f 2502//1933 2506//1937 2143//1574
f 2506//1937 2142//1573 2143//1574
f 2137//1568 2507//1938 2503//1934
f 2507//1938 2508//1939 2503//1934
f 2503//1934 2508//1939 2504//1935
f 2508//1939 2509//1940 2504//1935
f 2504//1935 2509//1940 2505//1936
f 2509//1940 2510//1941 2505//1936
f 2505//1936 2510//1941 2506//1937
f 2510//1941 2511//1942 2506//1937
f 2506//1937 2511//1942 2142//1573
f 2511//1942 2141//1572 2142//1573
f 2138//1569 2512//1943 2507//1938
f 2512//1943 2513//1944 2507//1938
f 2507//1938 2513//1944 2508//1939
f 2513//1944 2514//1945 2508//1939
f 2508//1939 2514//1945 2509//1940
f 2514//1945 2515//1946 2509//1940
f 2509//1940 2515//1946 2510//1941
f 2515//1946 2516//1947 2510//1941
f 2510//1941 2516//1947 2511//1942
f 2516//1947 2517//1948 2511//1942
f 2511//1942 2517//1948 2141//1572
f 2517//1948 2140//1571 2141//1572
f 2139//1570 2083//1514 2512//1943
f 2083//1514 2082//1513 2512//1943
f 2512//1943 2082//1513 2513//1944
f 2082//1513 2081//1512 2513//1944
f 2513//1944 2081//1512 2514//1945
f 2081//1512 2080//1511 2514//1945
f 2514//1945 2080//1511 2515//1946
f 2080//1511 2079//1510 2515//1946
f 2515//1946 2079//1510 2516//1947
f 2079//1510 2078//1509 2516//1947
f 2516//1947 2078//1509 2517//1948
f 2078//1509 2077//1508 2517//1948
f 2517//1948 2077//1508 2140//1571
f 2077//1508 2025//1456 2140//1571
f 2119//1550 2132//1563 2029//1460
f 2120//1551 2518//1949 2119//1550
f 2121//1552 2519//1950 2120//1551
f 2122//1553 2521//1952 2121//1552
f 2123//1554 2524//1955 2122//1553
f 2124//1555 2528//1959 2123//1554
f 2125//1556 2533//1964 2124//1555
f 2119//1550 2518//1949 2132//1563
f 2518//1949 2131//1562 2132//1563
f 2120//1551 2519//1950 2518//1949
f 2519//1950 2520//1951 2518//1949
f 2518//1949 2520//1951 2131//1562
f 2520//1951 2130//1561 2131//1562
f 2121//1552 2521//1952 2519//1950
f 2521//1952 2522//1953 2519//1950
f 2519//1950 2522//1953 2520//1951
f 2522//1953 2523//1954 2520//1951
f 2520//1951 2523//1954 2130//1561
f 2523//1954 2129//1560 2130//1561
f 2122//1553 2524//1955 2521//1952
f 2524//1955 2525//1956 2521//1952
f 2521//1952 2525//1956 2522//1953
f 2525//1956 2526//1957 2522//1953
f 2522//1953 2526//1957 2523//1954
f 2526//1957 2527//1958 2523//1954
f 2523//1954 2527//1958 2129//1560
f 2527//1958 2128//1559 2129//1560
f 2123//1554 2528//1959 2524//1955
f 2528//1959 2529//1960 2524//1955
f 2524//1955 2529//1960 2525//1956
f 2529//1960 2530//1961 2525//1956
f 2525//1956 2530//1961 2526//1957
f 2530//1961 2531//1962 2526//1957
f 2526//1957 2531//1962 2527//1958
f 2531//1962 2532//1963 2527//1958
f 2527//1958 2532//1963 2128//1559
f 2532//1963 2127//1558 2128//1559
f 2124//1555 2533//1964 2528//1959
f 2533//1964 2534//1965 2528//1959
f 2528//1959 2534//1965 2529//1960
f 2534//1965 2535//1966 2529//1960
f 2529//1960 2535//1966 2530//1961
f 2535//1966 2536//1967 2530//1961
f 2530//1961 2536//1967 2531//1962
f 2536//1967 2537//1968 2531//1962
f 2531//1962 2537//1968 2532//1963
f 2537//1968 2538//1969 2532//1963
f 2532//1963 2538//1969 2127//1558
f 2538//1969 2126//1557 2127//1558
f 2125//1556 2055//1486 2533//1964
f 2055//1486 2054//1485 2533//1964
f 2533//1964 2054//1485 2534//1965
f 2054//1485 2053//1484 2534//1965
f 2534//1965 2053//1484 2535//1966
f 2053//1484 2052//1483 2535//1966
f 2535//1966 2052//1483 2536//1967
f 2052//1483 2051//1482 2536//1967
f 2536//1967 2051//1482 2537//1968
f 2051//1482 2050//1481 2537//1968
f 2537//1968 2050//1481 2538//1969
f 2050//1481 2049//1480 2538//1969
f 2538//1969 2049//1480 2126//1557
f 2049//1480 2024//1455 2126//1557
f 2105//1536 2118//1549 2033//1464
f 2106//1537 2539//1970 2105//1536
f 2107//1538 2540//1971 2106//1537
f 2108//1539 2542//1973 2107//1538
f 2109//1540 2545//1976 2108//1539
f 2110//1541 2549//1980 2109//1540
f 2111//1542 2554//1985 2110//1541
f 2105//1536 2539//1970 2118//1549
f 2539//1970 2117//1548 2118//1549
f 2106//1537 2540//1971 2539//1970
f 2540//1971 2541//1972 2539//1970
f 2539//1970 2541//1972 2117//1548
f 2541//1972 2116//1547 2117//1548
f 2107//1538 2542//1973 2540//1971
f 2542//1973 2543//1974 2540//1971
f 2540//1971 2543//1974 2541//1972
f 2543//1974 2544//1975 2541//1972
f 2541//1972 2544//1975 2116//1547
f 2544//1975 2115//1546 2116//1547
f 2108//1539 2545//1976 2542//1973
f 2545//1976 2546//1977 2542//1973
f 2542//1973 2546//1977 2543//1974
f 2546//1977 2547//1978 2543//1974
f 2543//1974 2547//1978 2544//1975
f 2547//1978 2548//1979 2544//1975
f 2544//1975 2548//1979 2115//1546
f 2548//1979 2114//1545 2115//1546
f 2109//1540 2549//1980 2545//1976
f 2549//1980 2550//1981 2545//1976
f 2545//1976 2550//1981 2546//1977
f 2550//1981 2551//1982 2546//1977
f 2546//1977 2551//1982 2547//1978
f 2551//1982 2552//1983 2547//1978
f 2547//1978 2552//1983 2548//1979
f 2552//1983 2553//1984 2548//1979
f 2548//1979 2553//1984 2114//1545
f 2553//1984 2113//1544 2114//1545
f 2110//1541 2554//1985 2549//1980
f 2554//1985 2555//1986 2549//1980
f 2549//1980 2555//1986 2550//1981
f 2555//1986 2556//1987 2550//1981
f 2550//1981 2556//1987 2551//1982
f 2556//1987 2557//1988 2551//1982
f 2551//1982 2557//1988 2552//1983
f 2557//1988 2558//1989 2552//1983
f 2552//1983 2558//1989 2553//1984
f 2558//1989 2559//1990 2553//1984
f 2553//1984 2559//1990 2113//1544
f 2559//1990 2112//1543 2113//1544
f 2111//1542 2062//1493 2554//1985
f 2062//1493 2061//1492 2554//1985
f 2554//1985 2061//1492 2555//1986
f 2061//1492 2060//1491 2555//1986
f 2555//1986 2060//1491 2556//1987
f 2060//1491 2059//1490 2556//1987
f 2556//1987 2059//1490 2557//1988
f 2059//1490 2058//1489 2557//1988
f 2557//1988 2058//1489 2558//1989
f 2058//1489 2057//1488 2558//1989
f 2558//1989 2057//1488 2559//1990
f 2057//1488 2056//1487 2559//1990
f 2559//1990 2056//1487 2112//1543
f 2056//1487 2028//1459 2112//1543
f 2069//1500 2104//1535 2028//1459
f 2068//1499 2560//1991 2069//1500
f 2067//1498 2561//1992 2068//1499
f 2066//1497 2563//1994 2067//1498
f 2065//1496 2566//1997 2066//1497
f 2064//1495 2570//2001 2065//1496
f 2063//1494 2575//2006 2064//1495
f 2069//1500 2560//1991 2104//1535
f 2560//1991 2103//1534 2104//1535
f 2068//1499 2561//1992 2560//1991
f 2561//1992 2562//1993 2560//1991
f 2560//1991 2562//1993 2103//1534
f 2562//1993 2102//1533 2103//1534
f 2067//1498 2563//1994 2561//1992
f 2563//1994 2564//1995 2561//1992
f 2561//1992 2564//1995 2562//1993
f 2564//1995 2565//1996 2562//1993
f 2562//1993 2565//1996 2102//1533
f 2565//1996 2101//1532 2102//1533
f 2066//1497 2566//1997 2563//1994
f 2566//1997 2567//1998 2563//1994
f 2563//1994 2567//1998 2564//1995
f 2567//1998 2568//1999 2564//1995
f 2564//1995 2568//1999 2565//1996
f 2568//1999 2569//2000 2565//1996
f 2565//1996 2569//2000 2101//1532
f 2569//2000 2100//1531 2101//1532
f 2065//1496 2570//2001 2566//1997
f 2570//2001 2571//2002 2566//1997
f 2566//1997 2571//2002 2567//1998
f 2571//2002 2572//2003 2567//1998
f 2567//1998 2572//2003 2568//1999
f 2572//2003 2573//2004 2568//1999
f 2568//1999 2573//2004 2569//2000
f 2573//2004 2574//2005 2569//2000
f 2569//2000 2574//2005 2100//1531
f 2574//2005 2099//1530 2100//1531
f 2064//1495 2575//2006 2570//2001
f 2575//2006 2576//2007 2570//2001
f 2570//2001 2576//2007 2571//2002
f 2576//2007 2577//2008 2571//2002
f 2571//2002 2577//2008 2572//2003
f 2577//2008 2578//2009 2572//2003
f 2572//2003 2578//2009 2573//2004
f 2578//2009 2579//2010 2573//2004
f 2573//2004 2579//2010 2574//2005
f 2579//2010 2580//2011 2574//2005
f 2574//2005 2580//2011 2099//1530
f 2580//2011 2098//1529 2099//1530
f 2063//1494 2090//1521 2575//2006
f 2090//1521 2089//1520 2575//2006
f 2575//2006 2089//1520 2576//2007
f 2089//1520 2088//1519 2576//2007
f 2576//2007 2088//1519 2577//2008
f 2088//1519 2087//1518 2577//2008
f 2577//2008 2087//1518 2578//2009
f 2087//1518 2086//1517 2578//2009
f 2578//2009 2086//1517 2579//2010
f 2086//1517 2085//1516 2579//2010
f 2579//2010 2085//1516 2580//2011
f 2085//1516 2084//1515 2580//2011
f 2580//2011 2084//1515 2098//1529
f 2084//1515 2027//1458 2098//1529
f 2084//1515 2097//1528 2027//1458
f 2085//1516 2581//2012 2084//1515
f 2086//1517 2582//2013 2085//1516
f 2087//1518 2584//2015 2086//1517
f 2088//1519 2587//2018 2087//1518
f 2089//1520 2591//2022 2088//1519
f 2090//1521 2596//2027 2089//1520
f 2084//1515 2581//2012 2097//1528
f 2581//2012 2096//1527 2097//1528
f 2085//1516 2582//2013 2581//2012
f 2582//2013 2583//2014 2581//2012
f 2581//2012 2583//2014 2096//1527
f 2583//2014 2095//1526 2096//1527
f 2086//1517 2584//2015 2582//2013
f 2584//2015 2585//2016 2582//2013
f 2582//2013 2585//2016 2583//2014
f 2585//2016 2586//2017 2583//2014
f 2583//2014 2586//2017 2095//1526
f 2586//2017 2094//1525 2095//1526
f 2087//1518 2587//2018 2584//2015
f 2587//2018 2588//2019 2584//2015
f 2584//2015 2588//2019 2585//2016
f 2588//2019 2589//2020 2585//2016
f 2585//2016 2589//2020 2586//2017
f 2589//2020 2590//2021 2586//2017
f 2586//2017 2590//2021 2094//1525
f 2590//2021 2093//1524 2094//1525
f 2088//1519 2591//2022 2587//2018
f 2591//2022 2592//2023 2587//2018
f 2587//2018 2592//2023 2588//2019
f 2592//2023 2593//2024 2588//2019
f 2588//2019 2593//2024 2589//2020
f 2593//2024 2594//2025 2589//2020
f 2589//2020 2594//2025 2590//2021
f 2594//2025 2595//2026 2590//2021
f 2590//2021 2595//2026 2093//1524
f 2595//2026 2092//1523 2093//1524
f 2089//1520 2596//2027 2591//2022
f 2596//2027 2597//2028 2591//2022
f 2591//2022 2597//2028 2592//2023
f 2597//2028 2598//2029 2592//2023
f 2592//2023 2598//2029 2593//2024
f 2598//2029 2599//2030 2593//2024
f 2593//2024 2599//2030 2594//2025
f 2599//2030 2600//2031 2594//2025
f 2594//2025 2600//2031 2595//2026
f 2600//2031 2601//2032 2595//2026
f 2595//2026 2601//2032 2092//1523
f 2601//2032 2091//1522 2092//1523
f 2090//1521 2076//1507 2596//2027
f 2076//1507 2075//1506 2596//2027
f 2596//2027 2075//1506 2597//2028
f 2075//1506 2074//1505 2597//2028
f 2597//2028 2074//1505 2598//2029
f 2074//1505 2073//1504 2598//2029
f 2598//2029 2073//1504 2599//2030
f 2073//1504 2072//1503 2599//2030
f 2599//2030 2072//1503 2600//2031
f 2072//1503 2071//1502 2600//2031
f 2600//2031 2071//1502 2601//2032
f 2071//1502 2070//1501 2601//2032
f 2601//2032 2070//1501 2091//1522
f 2070//1501 2026//1457 2091//1522
f 2070//1501 2083//1514 2026//1457
f 2071//1502 2602//2033 2070//1501
f 2072//1503 2603//2034 2071//1502
f 2073//1504 2605//2036 2072//1503
f 2074//1505 2608//2039 2073//1504
f 2075//1506 2612//2043 2074//1505
f 2076//1507 2617//2048 2075//1506
f 2070//1501 2602//2033 2083//1514
f 2602//2033 2082//1513 2083//1514
f 2071//1502 2603//2034 2602//2033
f 2603//2034 2604//2035 2602//2033
f 2602//2033 2604//2035 2082//1513
f 2604//2035 2081//1512 2082//1513
f 2072//1503 2605//2036 2603//2034
f 2605//2036 2606//2037 2603//2034
f 2603//2034 2606//2037 2604//2035
f 2606//2037 2607//2038 2604//2035
f 2604//2035 2607//2038 2081//1512
f 2607//2038 2080//1511 2081//1512
f 2073//1504 2608//2039 2605//2036
f 2608//2039 2609//2040 2605//2036
f 2605//2036 2609//2040 2606//2037
f 2609//2040 2610//2041 2606//2037
f 2606//2037 2610//2041 2607//2038
f 2610//2041 2611//2042 2607//2038
f 2607//2038 2611//2042 2080//1511
f 2611//2042 2079//1510 2080//1511
f 2074//1505 2612//2043 2608//2039
f 2612//2043 2613//2044 2608//2039
f 2608//2039 2613//2044 2609//2040
f 2613//2044 2614//2045 2609//2040
f 2609//2040 2614//2045 2610//2041
f 2614//2045 2615//2046 2610//2041
f 2610//2041 2615//2046 2611//2042
f 2615//2046 2616//2047 2611//2042
f 2611//2042 2616//2047 2079//1510
f 2616//2047 2078//1509 2079//1510
f 2075//1506 2617//2048 2612//2043
f 2617//2048 2618//2049 2612//2043
f 2612//2043 2618//2049 2613//2044
f 2618//2049 2619//2050 2613//2044
f 2613//2044 2619//2050 2614//2045
f 2619//2050 2620//2051 2614//2045
f 2614//2045 2620//2051 2615//2046
f 2620//2051 2621//2052 2615//2046
f 2615//2046 2621//2052 2616//2047
f 2621//2052 2622//2053 2616//2047
f 2616//2047 2622//2053 2078//1509
f 2622//2053 2077//1508 2078//1509
f 2076//1507 2041//1472 2617//2048
f 2041//1472 2040//1471 2617//2048
f 2617//2048 2040//1471 2618//2049
f 2040//1471 2039//1470 2618//2049
f 2618//2049 2039//1470 2619//2050
f 2039//1470 2038//1469 2619//2050
f 2619//2050 2038//1469 2620//2051
f 2038//1469 2037//1468 2620//2051
f 2620//2051 2037//1468 2621//2052
f 2037//1468 2036//1467 2621//2052
f 2621//2052 2036//1467 2622//2053
f 2036//1467 2035//1466 2622//2053
f 2622//2053 2035//1466 2077//1508
f 2035//1466 2025//1456 2077//1508
f 2056//1487 2069//1500 2028//1459
f 2057//1488 2623//2054 2056//1487
f 2058//1489 2624//2055 2057//1488
f 2059//1490 2626//2057 2058//1489
f 2060//1491 2629//2060 2059//1490
f 2061//1492 2633//2064 2060//1491
f 2062//1493 2638//2069 2061//1492
f 2056//1487 2623//2054 2069//1500
f 2623//2054 2068//1499 2069//1500
f 2057//1488 2624//2055 2623//2054
f 2624//2055 2625//2056 2623//2054
f 2623//2054 2625//2056 2068//1499
f 2625//2056 2067//1498 2068//1499
f 2058//1489 2626//2057 2624//2055
f 2626//2057 2627//2058 2624//2055
f 2624//2055 2627//2058 2625//2056
f 2627//2058 2628//2059 2625//2056
f 2625//2056 2628//2059 2067//1498
f 2628//2059 2066//1497 2067//1498
f 2059//1490 2629//2060 2626//2057
f 2629//2060 2630//2061 2626//2057
f 2626//2057 2630//2061 2627//2058
f 2630//2061 2631//2062 2627//2058
f 2627//2058 2631//2062 2628//2059
f 2631//2062 2632//2063 2628//2059
f 2628//2059 2632//2063 2066//1497
f 2632//2063 2065//1496 2066//1497
f 2060//1491 2633//2064 2629//2060
f 2633//2064 2634//2065 2629//2060
f 2629//2060 2634//2065 2630//2061
f 2634//2065 2635//2066 2630//2061
f 2630//2061 2635//2066 2631//2062
f 2635//2066 2636//2067 2631//2062
f 2631//2062 2636//2067 2632//2063
f 2636//2067 2637//2068 2632//2063
f 2632//2063 2637//2068 2065//1496
f 2637//2068 2064//1495 2065//1496
f 2061//1492 2638//2069 2633//2064
f 2638//2069 2639//2070 2633//2064
f 2633//2064 2639//2070 2634//2065
f 2639//2070 2640//2071 2634//2065
f 2634//2065 2640//2071 2635//2066
f 2640//2071 2641//2072 2635//2066
f 2635//2066 2641//2072 2636//2067
f 2641//2072 2642//2073 2636//2067
f 2636//2067 2642//2073 2637//2068
f 2642//2073 2643//2074 2637//2068
f 2637//2068 2643//2074 2064//1495
f 2643//2074 2063//1494 2064//1495
f 2062//1493 2048//1479 2638//2069
f 2048//1479 2047//1478 2638//2069
f 2638//2069 2047//1478 2639//2070
f 2047//1478 2046//1477 2639//2070
f 2639//2070 2046//1477 2640//2071
f 2046//1477 2045//1476 2640//2071
f 2640//2071 2045//1476 2641//2072
f 2045//1476 2044//1475 2641//2072
f 2641//2072 2044//1475 2642//2073
f 2044//1475 2043//1474 2642//2073
f 2642//2073 2043//1474 2643//2074
f 2043//1474 2042//1473 2643//2074
f 2643//2074 2042//1473 2063//1494
f 2042//1473 2023//1454 2063//1494
f 2035//1466 2055//1486 2025//1456
f 2036//1467 2644//2075 2035//1466
f 2037//1468 2645//2076 2036//1467
f 2038//1469 2647//2078 2037//1468
f 2039//1470 2650//2081 2038//1469
f 2040//1471 2654//2085 2039//1470
f 2041//1472 2659//2090 2040//1471
f 2035//1466 2644//2075 2055//1486
f 2644//2075 2054//1485 2055//1486
f 2036//1467 2645//2076 2644//2075
f 2645//2076 2646//2077 2644//2075
f 2644//2075 2646//2077 2054//1485
f 2646//2077 2053//1484 2054//1485
f 2037//1468 2647//2078 2645//2076
f 2647//2078 2648//2079 2645//2076
f 2645//2076 2648//2079 2646//2077
f 2648//2079 2649//2080 2646//2077
f 2646//2077 2649//2080 2053//1484
f 2649//2080 2052//1483 2053//1484
f 2038//1469 2650//2081 2647//2078
f 2650//2081 2651//2082 2647//2078
f 2647//2078 2651//2082 2648//2079
f 2651//2082 2652//2083 2648//2079
f 2648//2079 2652//2083 2649//2080
f 2652//2083 2653//2084 2649//2080
f 2649//2080 2653//2084 2052//1483
f 2653//2084 2051//1482 2052//1483
f 2039//1470 2654//2085 2650//2081
f 2654//2085 2655//2086 2650//2081
f 2650//2081 2655//2086 2651//2082
f 2655//2086 2656//2087 2651//2082
f 2651//2082 2656//2087 2652//2083
f 2656//2087 2657//2088 2652//2083
f 2652//2083 2657//2088 2653//2084
f 2657//2088 2658//2089 2653//2084
f 2653//2084 2658//2089 2051//1482
f 2658//2089 2050//1481 2051//1482
f 2040//1471 2659//2090 2654//2085
f 2659//2090 2660//2091 2654//2085
f 2654//2085 2660//2091 2655//2086
f 2660//2091 2661//2092 2655//2086
f 2655//2086 2661//2092 2656//2087
f 2661//2092 2662//2093 2656//2087
f 2656//2087 2662//2093 2657//2088
f 2662//2093 2663//2094 2657//2088
f 2657//2088 2663//2094 2658//2089
f 2663//2094 2664//2095 2658//2089
f 2658//2089 2664//2095 2050//1481
f 2664//2095 2049//1480 2050//1481
f 2041//1472 2042//1473 2659//2090
f 2042//1473 2043//1474 2659//2090
f 2659//2090 2043//1474 2660//2091
f 2043//1474 2044//1475 2660//2091
f 2660//2091 2044//1475 2661//2092
f 2044//1475 2045//1476 2661//2092
f 2661//2092 2045//1476 2662//2093
f 2045//1476 2046//1477 2662//2093
f 2662//2093 2046//1477 2663//2094
f 2046//1477 2047//1478 2663//2094
f 2663//2094 2047//1478 2664//2095
f 2047//1478 2048//1479 2664//2095
f 2664//2095 2048//1479 2049//1480
f 2048//1479 2024//1455 2049//1480
o Orb3
v 0.000000 10.999352 0.000000
v 0.723607 11.552132 0.525725
v -0.276388 11.552132 0.850649
v -0.894426 11.552135 0.000000
v -0.276388 11.552132 -0.850649
v 0.723607 11.552132 -0.525725
v 0.276388 12.446571 0.850649
v -0.723607 12.446571 0.525725
v -0.723607 12.446571 -0.525725
v 0.276388 12.446571 -0.850649
v 0.894426 12.446568 0.000000
v 0.000000 12.999352 0.000000
v -0.257937 11.448667 0.793860
v -0.232822 11.341832 0.716563
v -0.200688 11.238949 0.617666
v -0.162456 11.148697 0.499995
v -0.120413 11.078397 0.370598
v -0.077607 11.031402 0.238853
v -0.036848 11.006487 0.113408
v 0.096471 11.006487 0.070089
v 0.203181 11.031402 0.147618
v 0.315251 11.078397 0.229040
v 0.425323 11.148697 0.309011
v 0.525420 11.238949 0.381735
v 0.609547 11.341833 0.442856
v 0.675300 11.448667 0.490628
v 0.638452 11.522364 0.604038
v 0.531941 11.497049 0.681712
v 0.405008 11.479779 0.752338
v 0.262869 11.473614 0.809012
v 0.114564 11.479779 0.846711
v -0.029639 11.497049 0.864184
v -0.161465 11.522364 0.863951
v 0.771771 11.522365 -0.420539
v 0.812729 11.497051 -0.295238
v 0.840673 11.479780 -0.152694
v 0.850648 11.473616 0.000000
v 0.840673 11.479780 0.152694
v 0.812729 11.497051 0.295238
v 0.771771 11.522365 0.420539
v 0.096471 11.006487 -0.070089
v 0.203181 11.031402 -0.147618
v 0.315251 11.078397 -0.229040
v 0.425323 11.148697 -0.309011
v 0.525420 11.238949 -0.381735
v 0.609547 11.341833 -0.442856
v 0.675300 11.448667 -0.490628
v -0.834716 11.448670 0.000000
v -0.753442 11.341837 0.000000
v -0.649456 11.238953 0.000000
v -0.525730 11.148700 0.000000
v -0.389673 11.078399 0.000000
v -0.251147 11.031403 0.000000
v -0.119245 11.006487 0.000000
v -0.377183 11.522364 0.793861
v -0.483971 11.497049 0.716565
v -0.590366 11.479780 0.617668
v -0.688189 11.473616 0.499997
v -0.769872 11.479781 0.370600
v -0.831051 11.497053 0.238853
v -0.871565 11.522367 0.113408
v -0.257937 11.448667 -0.793860
v -0.232822 11.341832 -0.716563
v -0.200688 11.238949 -0.617666
v -0.162456 11.148697 -0.499995
v -0.120413 11.078397 -0.370598
v -0.077607 11.031402 -0.238853
v -0.036848 11.006487 -0.113408
v -0.871565 11.522367 -0.113408
v -0.831051 11.497053 -0.238853
v -0.769872 11.479781 -0.370600
v -0.688189 11.473616 -0.499997
v -0.590366 11.479780 -0.617668
v -0.483971 11.497049 -0.716565
v -0.377183 11.522364 -0.793861
v -0.161465 11.522364 -0.863951
v -0.029639 11.497049 -0.864184
v 0.114564 11.479779 -0.846711
v 0.262869 11.473614 -0.809012
v 0.405008 11.479779 -0.752338
v 0.531941 11.497049 -0.681712
v 0.638453 11.522364 -0.604038
v 0.931188 12.357089 0.070089
v 0.956626 12.250501 0.147618
v 0.964711 12.129244 0.229041
v 0.951058 11.999352 0.309013
v 0.915098 11.869458 0.381737
v 0.860698 11.748200 0.442858
v 0.794547 11.641611 0.490629
v 0.794547 11.641611 -0.490629
v 0.860698 11.748200 -0.442858
v 0.915098 11.869458 -0.381737
v 0.951058 11.999352 -0.309013
v 0.964711 12.129244 -0.229041
v 0.956626 12.250501 -0.147618
v 0.931188 12.357089 -0.070089
v 0.221089 12.357093 0.907271
v 0.155215 12.250503 0.955422
v 0.080276 12.129245 0.988273
v -0.000000 11.999352 1.000000
v -0.080276 11.869458 0.988273
v -0.155215 11.748200 0.955422
v -0.221089 11.641610 0.907271
v 0.712150 11.641610 0.604039
v 0.687159 11.748199 0.681715
v 0.645839 11.869457 0.752343
v 0.587786 11.999352 0.809017
v 0.515946 12.129246 0.846716
v 0.436007 12.250504 0.864188
v 0.354409 12.357093 0.863953
v -0.794547 12.357092 0.490629
v -0.860698 12.250503 0.442858
v -0.915098 12.129245 0.381737
v -0.951058 11.999352 0.309013
v -0.964711 11.869459 0.229041
v -0.956626 11.748202 0.147618
v -0.931188 11.641614 0.070089
v -0.354409 11.641610 0.863953
v -0.436007 11.748199 0.864188
v -0.515946 11.869457 0.846716
v -0.587786 11.999352 0.809017
v -0.645839 12.129246 0.752342
v -0.687159 12.250504 0.681715
v -0.712150 12.357093 0.604039
v -0.712150 12.357093 -0.604039
v -0.687159 12.250504 -0.681715
v -0.645839 12.129246 -0.752343
v -0.587786 11.999352 -0.809017
v -0.515946 11.869457 -0.846716
v -0.436007 11.748199 -0.864188
v -0.354409 11.641610 -0.863953
v -0.931188 11.641614 -0.070089
v -0.956626 11.748202 -0.147618
v -0.964711 11.869459 -0.229041
v -0.951058 11.999352 -0.309013
v -0.915098 12.129245 -0.381737
v -0.860698 12.250503 -0.442858
v -0.794547 12.357092 -0.490629
v 0.354409 12.357093 -0.863953
v 0.436007 12.250504 -0.864188
v 0.515946 12.129246 -0.846716
v 0.587786 11.999352 -0.809017
v 0.645839 11.869457 -0.752342
v 0.687159 11.748199 -0.681715
v 0.712150 11.641610 -0.604039
v -0.221089 11.641610 -0.907271
v -0.155215 11.748200 -0.955422
v -0.080276 11.869458 -0.988273
v 0.000000 11.999352 -1.000000
v 0.080276 12.129245 -0.988273
v 0.155215 12.250503 -0.955422
v 0.221089 12.357093 -0.907271
v 0.871565 12.476336 0.113408
v 0.831051 12.501650 0.238853
v 0.769872 12.518922 0.370600
v 0.688189 12.525087 0.499997
v 0.590366 12.518923 0.617668
v 0.483971 12.501654 0.716565
v 0.377183 12.476339 0.793861
v 0.161465 12.476339 0.863951
v 0.029639 12.501654 0.864184
v -0.114564 12.518924 0.846711
v -0.262869 12.525089 0.809012
v -0.405008 12.518924 0.752338
v -0.531941 12.501654 0.681712
v -0.638453 12.476339 0.604038
v -0.771771 12.476338 0.420539
v -0.812729 12.501652 0.295238
v -0.840673 12.518923 0.152694
v -0.850648 12.525087 -0.000000
v -0.840673 12.518923 -0.152694
v -0.812729 12.501652 -0.295238
v -0.771771 12.476338 -0.420539
v -0.638452 12.476339 -0.604038
v -0.531941 12.501654 -0.681712
v -0.405008 12.518924 -0.752338
v -0.262869 12.525089 -0.809012
v -0.114564 12.518924 -0.846711
v 0.029639 12.501654 -0.864184
v 0.161465 12.476339 -0.863951
v 0.377183 12.476339 -0.793861
v 0.483971 12.501654 -0.716565
v 0.590366 12.518923 -0.617668
v 0.688189 12.525087 -0.499997
v 0.769872 12.518922 -0.370600
v 0.831051 12.501650 -0.238853
v 0.871565 12.476336 -0.113408
v 0.036848 12.992216 0.113408
v 0.077607 12.967301 0.238853
v 0.120413 12.920306 0.370598
v 0.162456 12.850006 0.499995
v 0.200688 12.759754 0.617666
v 0.232822 12.656871 0.716563
v 0.257937 12.550036 0.793860
v 0.834716 12.550033 0.000000
v 0.753442 12.656866 0.000000
v 0.649456 12.759750 0.000000
v 0.525730 12.850003 0.000000
v 0.389673 12.920304 0.000000
v 0.251147 12.967300 0.000000
v 0.119245 12.992216 0.000000
v -0.096471 12.992216 0.070089
v -0.203181 12.967301 0.147618
v -0.315251 12.920306 0.229040
v -0.425323 12.850006 0.309011
v -0.525420 12.759754 0.381735
v -0.609547 12.656870 0.442856
v -0.675300 12.550036 0.490628
v -0.096471 12.992216 -0.070089
v -0.203181 12.967301 -0.147618
v -0.315251 12.920306 -0.229040
v -0.425323 12.850006 -0.309011
v -0.525420 12.759754 -0.381735
v -0.609547 12.656870 -0.442856
v -0.675300 12.550036 -0.490628
v 0.036848 12.992216 -0.113408
v 0.077607 12.967301 -0.238853
v 0.120413 12.920306 -0.370598
v 0.162456 12.850006 -0.499995
v 0.200688 12.759754 -0.617666
v 0.232822 12.656871 -0.716563
v 0.257937 12.550036 -0.793860
v 0.166198 12.978024 -0.120749
v 0.307167 12.942559 -0.126518
v 0.215245 12.942560 -0.253036
v 0.451375 12.882205 -0.129731
v 0.361800 12.893781 -0.262863
v 0.262862 12.882207 -0.389192
v 0.587783 12.797901 -0.129731
v 0.506729 12.819263 -0.266403
v 0.409951 12.819264 -0.399604
v 0.305014 12.797903 -0.518924
v 0.706258 12.695910 -0.126519
v 0.638194 12.722961 -0.262864
v 0.550008 12.732705 -0.399605
v 0.447209 12.722963 -0.525728
v 0.338569 12.695912 -0.632593
v 0.801022 12.585682 -0.120750
v 0.747366 12.613693 -0.253038
v 0.672087 12.629293 -0.389194
v 0.577830 12.629294 -0.518926
v 0.471599 12.613695 -0.632594
v 0.362366 12.585686 -0.724502
v -0.063483 12.978024 -0.195376
v -0.025408 12.942560 -0.331227
v -0.174138 12.942560 -0.282901
v 0.016098 12.882207 -0.469369
v -0.138197 12.893782 -0.425319
v -0.288916 12.882207 -0.370262
v 0.058250 12.797903 -0.599101
v -0.096779 12.819265 -0.564248
v -0.253366 12.819265 -0.513369
v -0.399272 12.797903 -0.450440
v 0.097915 12.695913 -0.710785
v -0.052790 12.722964 -0.688185
v -0.210088 12.732706 -0.646571
v -0.361804 12.722963 -0.587778
v -0.497009 12.695912 -0.517479
v 0.132684 12.585686 -0.799129
v -0.009708 12.613696 -0.788978
v -0.162463 12.629295 -0.759458
v -0.314971 12.629295 -0.709904
v -0.455902 12.613696 -0.643998
v -0.577066 12.585686 -0.568513
v -0.205432 12.978023 0.000000
v -0.322868 12.942560 -0.078192
v -0.322868 12.942560 0.078192
v -0.441423 12.882206 -0.160354
v -0.447210 12.893781 0.000000
v -0.441423 12.882206 0.160354
v -0.551779 12.797903 -0.240532
v -0.566539 12.819263 -0.082322
v -0.566539 12.819263 0.082322
v -0.551779 12.797903 0.240532
v -0.645740 12.695912 -0.312768
v -0.670817 12.722962 -0.162457
v -0.679848 12.732704 0.000000
v -0.670817 12.722962 0.162457
v -0.645740 12.695911 0.312768
v -0.719015 12.585685 -0.373135
v -0.753363 12.613695 -0.234576
v -0.772492 12.629293 -0.080177
v -0.772492 12.629293 0.080177
v -0.753363 12.613695 0.234576
v -0.719015 12.585685 0.373135
v -0.063483 12.978024 0.195376
v -0.174138 12.942560 0.282901
v -0.025408 12.942560 0.331227
v -0.288916 12.882207 0.370262
v -0.138197 12.893782 0.425319
v 0.016098 12.882207 0.469369
v -0.399272 12.797903 0.450440
v -0.253366 12.819265 0.513369
v -0.096779 12.819265 0.564248
v 0.058250 12.797903 0.599101
v -0.497009 12.695912 0.517479
v -0.361804 12.722963 0.587778
v -0.210088 12.732706 0.646571
v -0.052790 12.722964 0.688185
v 0.097915 12.695913 0.710785
v -0.577066 12.585686 0.568513
v -0.455902 12.613696 0.643998
v -0.314971 12.629295 0.709904
v -0.162463 12.629295 0.759458
v -0.009708 12.613696 0.788978
v 0.132684 12.585686 0.799129
v 0.166198 12.978024 0.120749
v 0.215245 12.942560 0.253036
v 0.307167 12.942559 0.126518
v 0.262862 12.882207 0.389192
v 0.361800 12.893781 0.262863
v 0.451375 12.882205 0.129731
v 0.305014 12.797903 0.518924
v 0.409951 12.819264 0.399604
v 0.506729 12.819263 0.266403
v 0.587783 12.797901 0.129731
v 0.338569 12.695912 0.632593
v 0.447209 12.722963 0.525728
v 0.550008 12.732705 0.399605
v 0.638194 12.722961 0.262864
v 0.706258 12.695910 0.126519
v 0.362366 12.585686 0.724502
v 0.471599 12.613695 0.632594
v 0.577830 12.629294 0.518926
v 0.672087 12.629293 0.389194
v 0.747366 12.613693 0.253038
v 0.801022 12.585682 0.120750
v 0.903740 12.380249 -0.195376
v 0.921508 12.265414 -0.282902
v 0.854992 12.398446 -0.331229
v 0.918856 12.135761 -0.370264
v 0.861804 12.275747 -0.425322
v 0.782446 12.408581 -0.469371
v 0.892805 11.999352 -0.450443
v 0.846660 12.139411 -0.513372
v 0.776630 12.279469 -0.564251
v 0.688190 12.408581 -0.599104
v 0.845290 11.866320 -0.517481
v 0.809019 11.999352 -0.587782
v 0.749882 12.139411 -0.646576
v 0.670821 12.275749 -0.688189
v 0.579226 12.398448 -0.710788
v 0.782501 11.745418 -0.568515
v 0.753368 11.866319 -0.644002
v 0.704293 11.999352 -0.709909
v 0.636088 12.135762 -0.759463
v 0.553820 12.265416 -0.788982
v 0.465085 12.380252 -0.799132
v 0.093451 12.380252 -0.919882
v 0.015700 12.265416 -0.963827
v -0.050816 12.398448 -0.915500
v -0.068205 12.135761 -0.988302
v -0.138198 12.275748 -0.951055
v -0.204615 12.408582 -0.889193
v -0.152509 11.999352 -0.988302
v -0.226618 12.139411 -0.963861
v -0.296648 12.279469 -0.912981
v -0.357124 12.408582 -0.839639
v -0.230948 11.866319 -0.963829
v -0.309016 11.999351 -0.951057
v -0.383207 12.139411 -0.912982
v -0.447215 12.275749 -0.850649
v -0.497012 12.398448 -0.770520
v -0.298885 11.745418 -0.919883
v -0.379680 11.866319 -0.915503
v -0.457527 11.999352 -0.889196
v -0.525732 12.135761 -0.839642
v -0.579229 12.265416 -0.770522
v -0.616302 12.380252 -0.689266
v -0.845982 12.380250 -0.373136
v -0.911804 12.265415 -0.312769
v -0.886396 12.398446 -0.234577
v -0.961008 12.135761 -0.240533
v -0.947213 12.275747 -0.162458
v -0.908902 12.408580 -0.080178
v -0.987059 11.999352 -0.160355
v -0.986715 12.139410 -0.082322
v -0.959966 12.279469 0.000000
v -0.908902 12.408580 0.080178
v -0.988023 11.866321 -0.078192
v -1.000000 11.999352 0.000000
v -0.986715 12.139411 0.082323
v -0.947213 12.275748 0.162458
v -0.886395 12.398447 0.234577
v -0.967222 11.745420 0.000000
v -0.988023 11.866322 0.078193
v -0.987059 11.999353 0.160356
v -0.961008 12.135762 0.240534
v -0.911803 12.265416 0.312769
v -0.845982 12.380251 0.373136
v -0.616302 12.380252 0.689266
v -0.579229 12.265416 0.770521
v -0.497012 12.398448 0.770520
v -0.525732 12.135761 0.839641
v -0.447216 12.275748 0.850649
v -0.357124 12.408582 0.839639
v -0.457527 11.999351 0.889196
v -0.383208 12.139410 0.912982
v -0.296649 12.279469 0.912981
v -0.204616 12.408582 0.889193
v -0.379681 11.866319 0.915502
v -0.309017 11.999351 0.951056
v -0.226619 12.139410 0.963861
v -0.138199 12.275748 0.951055
v -0.050817 12.398448 0.915500
v -0.298885 11.745418 0.919883
v -0.230948 11.866319 0.963828
v -0.152509 11.999351 0.988302
v -0.068206 12.135761 0.988302
v 0.015699 12.265416 0.963827
v 0.093451 12.380252 0.919882
v 0.465085 12.380252 0.799132
v 0.553820 12.265416 0.788983
v 0.579226 12.398447 0.710788
v 0.636088 12.135761 0.759463
v 0.670820 12.275747 0.688190
v 0.688190 12.408581 0.599104
v 0.704293 11.999351 0.709909
v 0.749882 12.139409 0.646576
v 0.776630 12.279468 0.564252
v 0.782446 12.408580 0.469372
v 0.753368 11.866318 0.644002
v 0.809019 11.999350 0.587783
v 0.846659 12.139408 0.513373
v 0.861804 12.275746 0.425323
v 0.854992 12.398445 0.331230
v 0.782501 11.745417 0.568515
v 0.845289 11.866318 0.517482
v 0.892805 11.999350 0.450444
v 0.918856 12.135759 0.370266
v 0.921508 12.265412 0.282904
v 0.903740 12.380248 0.195377
v 0.298886 12.253285 -0.919883
v 0.379681 12.132384 -0.915502
v 0.230948 12.132384 -0.963828
v 0.457527 11.999352 -0.889196
v 0.309017 11.999352 -0.951056
v 0.152509 11.999352 -0.988302
v 0.525732 11.862941 -0.839641
v 0.383207 11.859292 -0.912982
v 0.226619 11.859292 -0.963861
v 0.068205 11.862941 -0.988302
v 0.579229 11.733287 -0.770521
v 0.447216 11.722954 -0.850648
v 0.296648 11.719233 -0.912980
v 0.138199 11.722954 -0.951055
v -0.015699 11.733287 -0.963827
v 0.616302 11.618451 -0.689265
v 0.497012 11.600255 -0.770520
v 0.357124 11.590121 -0.839639
v 0.204615 11.590121 -0.889192
v 0.050817 11.600255 -0.915500
v -0.093451 11.618451 -0.919881
v -0.782501 12.253285 -0.568515
v -0.753368 12.132384 -0.644002
v -0.845290 12.132383 -0.517482
v -0.704293 11.999352 -0.709910
v -0.809018 11.999352 -0.587783
v -0.892805 11.999352 -0.450444
v -0.636087 11.862941 -0.759464
v -0.749881 11.859292 -0.646577
v -0.846659 11.859292 -0.513374
v -0.918856 11.862942 -0.370265
v -0.553819 11.733287 -0.788983
v -0.670819 11.722954 -0.688191
v -0.776628 11.719234 -0.564253
v -0.861803 11.722955 -0.425324
v -0.921507 11.733289 -0.282904
v -0.465084 11.618451 -0.799132
v -0.579224 11.600255 -0.710789
v -0.688189 11.590122 -0.599106
v -0.782445 11.590122 -0.469374
v -0.854991 11.600257 -0.331231
v -0.903739 11.618454 -0.195378
v -0.782501 12.253285 0.568515
v -0.845290 12.132383 0.517482
v -0.753368 12.132384 0.644002
v -0.892805 11.999352 0.450444
v -0.809018 11.999352 0.587783
v -0.704293 11.999352 0.709910
v -0.918856 11.862942 0.370265
v -0.846659 11.859292 0.513374
v -0.749881 11.859292 0.646577
v -0.636087 11.862941 0.759464
v -0.921508 11.733289 0.282904
v -0.861803 11.722955 0.425324
v -0.776629 11.719234 0.564253
v -0.670819 11.722954 0.688191
v -0.553819 11.733287 0.788983
v -0.903739 11.618454 0.195378
v -0.854991 11.600257 0.331231
v -0.782445 11.590122 0.469374
v -0.688189 11.590122 0.599106
v -0.579224 11.600255 0.710789
v -0.465084 11.618451 0.799132
v 0.298886 12.253285 0.919883
v 0.230948 12.132384 0.963828
v 0.379681 12.132384 0.915502
v 0.152509 11.999352 0.988302
v 0.309017 11.999352 0.951056
v 0.457527 11.999352 0.889196
v 0.068206 11.862941 0.988302
v 0.226619 11.859292 0.963861
v 0.383207 11.859292 0.912982
v 0.525732 11.862941 0.839641
v -0.015699 11.733287 0.963827
v 0.138199 11.722954 0.951055
v 0.296648 11.719233 0.912980
v 0.447216 11.722954 0.850648
v 0.579229 11.733287 0.770521
v -0.093451 11.618451 0.919882
v 0.050817 11.600255 0.915500
v 0.204615 11.590121 0.889192
v 0.357124 11.590121 0.839639
v 0.497012 11.600255 0.770520
v 0.616302 11.618451 0.689266
v 0.967222 12.253283 0.000000
v 0.988023 12.132382 0.078192
v 0.988023 12.132382 -0.078192
v 0.987059 11.999352 0.160355
v 1.000000 11.999352 0.000000
v 0.987059 11.999352 -0.160355
v 0.961008 11.862942 0.240533
v 0.986715 11.859293 0.082322
v 0.986715 11.859293 -0.082322
v 0.961008 11.862942 -0.240533
v 0.911804 11.733288 0.312769
v 0.947213 11.722956 0.162458
v 0.959966 11.719234 0.000000
v 0.947213 11.722956 -0.162458
v 0.911804 11.733288 -0.312769
v 0.845982 11.618452 0.373136
v 0.886396 11.600257 0.234576
v 0.908902 11.590123 0.080178
v 0.908902 11.590123 -0.080178
v 0.886396 11.600257 -0.234576
v 0.845982 11.618452 -0.373136
v 0.577066 11.413017 -0.568513
v 0.497009 11.302791 -0.517479
v 0.455902 11.385007 -0.643999
v 0.399272 11.200800 -0.450441
v 0.361804 11.275740 -0.587779
v 0.314971 11.369408 -0.709905
v 0.288916 11.116497 -0.370263
v 0.253366 11.179439 -0.513370
v 0.210087 11.265998 -0.646572
v 0.162463 11.369409 -0.759459
v 0.174138 11.056143 -0.282902
v 0.138197 11.104922 -0.425321
v 0.096779 11.179440 -0.564250
v 0.052789 11.275741 -0.688186
v 0.009708 11.385008 -0.788979
v 0.063482 11.020680 -0.195377
v 0.025407 11.056144 -0.331229
v -0.016099 11.116497 -0.469371
v -0.058250 11.200801 -0.599103
v -0.097915 11.302792 -0.710786
v -0.132684 11.413018 -0.799129
v -0.362367 11.413017 -0.724501
v -0.338569 11.302791 -0.632593
v -0.471601 11.385007 -0.632593
v -0.305014 11.200800 -0.518923
v -0.447211 11.275740 -0.525727
v -0.577832 11.369409 -0.518924
v -0.262862 11.116496 -0.389192
v -0.409952 11.179439 -0.399603
v -0.550010 11.265999 -0.399603
v -0.672088 11.369410 -0.389192
v -0.215245 11.056143 -0.253036
v -0.361801 11.104922 -0.262863
v -0.506730 11.179440 -0.266402
v -0.638195 11.275742 -0.262863
v -0.747367 11.385010 -0.253036
v -0.166198 11.020680 -0.120749
v -0.307168 11.056144 -0.126518
v -0.451376 11.116498 -0.129730
v -0.587784 11.200803 -0.129730
v -0.706258 11.302794 -0.126518
v -0.801022 11.413021 -0.120749
v -0.801022 11.413021 0.120750
v -0.706258 11.302794 0.126518
v -0.747367 11.385010 0.253037
v -0.587784 11.200803 0.129731
v -0.638195 11.275743 0.262864
v -0.672088 11.369410 0.389193
v -0.451375 11.116498 0.129731
v -0.506730 11.179440 0.266403
v -0.550009 11.265999 0.399605
v -0.577832 11.369410 0.518925
v -0.307168 11.056144 0.126519
v -0.361801 11.104923 0.262864
v -0.409952 11.179440 0.399605
v -0.447211 11.275741 0.525729
v -0.471601 11.385008 0.632594
v -0.166198 11.020680 0.120750
v -0.215246 11.056144 0.253038
v -0.262863 11.116498 0.389194
v -0.305015 11.200801 0.518925
v -0.338569 11.302792 0.632594
v -0.362367 11.413018 0.724502
v 0.719015 11.413018 -0.373135
v 0.753363 11.385008 -0.234576
v 0.645740 11.302792 -0.312768
v 0.772493 11.369410 -0.080177
v 0.670817 11.275741 -0.162457
v 0.551780 11.200801 -0.240532
v 0.772493 11.369410 0.080178
v 0.679849 11.265999 0.000000
v 0.566540 11.179440 -0.082322
v 0.441423 11.116497 -0.160354
v 0.753364 11.385009 0.234576
v 0.670818 11.275742 0.162458
v 0.566541 11.179440 0.082323
v 0.447211 11.104923 0.000001
v 0.322869 11.056143 -0.078191
v 0.719016 11.413019 0.373136
v 0.645741 11.302793 0.312769
v 0.551781 11.200802 0.240533
v 0.441424 11.116498 0.160356
v 0.322870 11.056144 0.078193
v 0.205432 11.020680 0.000001
v -0.132684 11.413017 0.799129
v -0.097915 11.302791 0.710785
v 0.009709 11.385007 0.788978
v -0.058249 11.200800 0.599101
v 0.052790 11.275740 0.688185
v 0.162463 11.369408 0.759458
v -0.016097 11.116496 0.469370
v 0.096780 11.179439 0.564249
v 0.210089 11.265998 0.646572
v 0.314971 11.369409 0.709905
v 0.025409 11.056143 0.331228
v 0.138199 11.104922 0.425321
v 0.253368 11.179440 0.513370
v 0.361805 11.275741 0.587779
v 0.455903 11.385008 0.643999
v 0.063484 11.020680 0.195377
v 0.174140 11.056144 0.282902
v 0.288918 11.116497 0.370264
v 0.399274 11.200801 0.450441
v 0.497011 11.302792 0.517480
v 0.577067 11.413018 0.568513
vn -0.0000 -1.0000 -0.0000
vn 0.7236 -0.4472 0.5257
vn -0.2764 -0.4472 0.8506
vn -0.8944 -0.4472 -0.0000
vn -0.2764 -0.4472 -0.8506
vn 0.7236 -0.4472 -0.5257
vn 0.2764 0.4472 0.8506
vn -0.7236 0.4472 0.5257
vn -0.7236 0.4472 -0.5257
vn 0.2764 0.4472 -0.8506
vn 0.8944 0.4472 -0.0000
vn -0.0000 1.0000 -0.0000
vn -0.2575 -0.5530 0.7924
vn -0.2324 -0.6591 0.7152
vn -0.2004 -0.7612 0.6168
vn -0.1625 -0.8507 0.5000
vn -0.1207 -0.9205 0.3716
vn -0.0782 -0.9674 0.2408
vn -0.0377 -0.9925 0.1161
vn 0.0987 -0.9925 0.0717
vn 0.2048 -0.9674 0.1488
vn 0.3161 -0.9205 0.2297
vn 0.4253 -0.8507 0.3090
vn 0.5247 -0.7612 0.3812
vn 0.6084 -0.6591 0.4420
vn 0.6740 -0.5530 0.4897
vn 0.6363 -0.4776 0.6058
vn 0.5302 -0.5026 0.6828
vn 0.4040 -0.5197 0.7528
vn 0.2629 -0.5257 0.8090
vn 0.1157 -0.5197 0.8465
vn -0.0275 -0.5026 0.8641
vn -0.1587 -0.4776 0.8641
vn 0.7728 -0.4776 -0.4180
vn 0.8133 -0.5026 -0.2932
vn 0.8408 -0.5197 -0.1516
vn 0.8506 -0.5257 -0.0000
vn 0.8408 -0.5197 0.1516
vn 0.8133 -0.5026 0.2932
vn 0.7728 -0.4776 0.4180
vn 0.0987 -0.9925 -0.0717
vn 0.2048 -0.9674 -0.1488
vn 0.3161 -0.9205 -0.2297
vn 0.4253 -0.8507 -0.3090
vn 0.5247 -0.7612 -0.3812
vn 0.6084 -0.6591 -0.4420
vn 0.6740 -0.5530 -0.4897
vn -0.8332 -0.5530 -0.0000
vn -0.7520 -0.6591 -0.0000
vn -0.6486 -0.7612 -0.0000
vn -0.5257 -0.8507 -0.0000
vn -0.3907 -0.9205 -0.0000
vn -0.2532 -0.9674 -0.0000
vn -0.1220 -0.9925 -0.0000
vn -0.3795 -0.4776 0.7924
vn -0.4856 -0.5026 0.7152
vn -0.5912 -0.5197 0.6168
vn -0.6882 -0.5257 0.5000
vn -0.7693 -0.5197 0.3716
vn -0.8303 -0.5026 0.2408
vn -0.8709 -0.4776 0.1161
vn -0.2575 -0.5530 -0.7924
vn -0.2324 -0.6591 -0.7152
vn -0.2004 -0.7612 -0.6168
vn -0.1625 -0.8507 -0.5000
vn -0.1207 -0.9205 -0.3716
vn -0.0782 -0.9674 -0.2408
vn -0.0377 -0.9925 -0.1161
vn -0.8709 -0.4776 -0.1161
vn -0.8303 -0.5026 -0.2408
vn -0.7693 -0.5197 -0.3716
vn -0.6882 -0.5257 -0.5000
vn -0.5912 -0.5197 -0.6168
vn -0.4856 -0.5026 -0.7152
vn -0.3795 -0.4776 -0.7924
vn -0.1587 -0.4776 -0.8641
vn -0.0275 -0.5026 -0.8641
vn 0.1157 -0.5197 -0.8465
vn 0.2629 -0.5257 -0.8090
vn 0.4040 -0.5197 -0.7528
vn 0.5302 -0.5026 -0.6828
vn 0.6363 -0.4776 -0.6058
vn 0.9319 0.3556 0.0717
vn 0.9569 0.2494 0.1488
vn 0.9647 0.1289 0.2297
vn 0.9511 -0.0000 0.3090
vn 0.9155 -0.1289 0.3812
vn 0.8616 -0.2494 0.4420
vn 0.7961 -0.3556 0.4897
vn 0.7961 -0.3556 -0.4897
vn 0.8616 -0.2494 -0.4420
vn 0.9155 -0.1289 -0.3812
vn 0.9511 -0.0000 -0.3090
vn 0.9647 0.1289 -0.2297
vn 0.9569 0.2494 -0.1488
vn 0.9319 0.3556 -0.0717
vn 0.2198 0.3556 0.9084
vn 0.1541 0.2494 0.9560
vn 0.0797 0.1289 0.9884
vn -0.0000 -0.0000 1.0000
vn -0.0797 -0.1289 0.9884
vn -0.1541 -0.2494 0.9560
vn -0.2198 -0.3556 0.9084
vn 0.7118 -0.3556 0.6058
vn 0.6867 -0.2494 0.6829
vn 0.6455 -0.1289 0.7528
vn 0.5878 -0.0000 0.8090
vn 0.5165 0.1289 0.8465
vn 0.4372 0.2494 0.8641
vn 0.3562 0.3556 0.8641
vn -0.7961 0.3556 0.4897
vn -0.8616 0.2494 0.4420
vn -0.9155 0.1289 0.3812
vn -0.9511 -0.0000 0.3090
vn -0.9647 -0.1289 0.2297
vn -0.9569 -0.2494 0.1488
vn -0.9319 -0.3556 0.0717
vn -0.3562 -0.3556 0.8641
vn -0.4372 -0.2494 0.8641
vn -0.5165 -0.1289 0.8465
vn -0.5878 -0.0000 0.8090
vn -0.6455 0.1289 0.7528
vn -0.6867 0.2494 0.6829
vn -0.7118 0.3556 0.6058
vn -0.7118 0.3556 -0.6058
vn -0.6867 0.2494 -0.6829
vn -0.6455 0.1289 -0.7528
vn -0.5878 -0.0000 -0.8090
vn -0.5165 -0.1289 -0.8465
vn -0.4372 -0.2494 -0.8641
vn -0.3562 -0.3556 -0.8641
vn -0.9319 -0.3556 -0.0717
vn -0.9569 -0.2494 -0.1488
vn -0.9647 -0.1289 -0.2297
vn -0.9511 -0.0000 -0.3090
vn -0.9155 0.1289 -0.3812
vn -0.8616 0.2494 -0.4420
vn -0.7961 0.3556 -0.4897
vn 0.3562 0.3556 -0.8641
vn 0.4372 0.2494 -0.8641
vn 0.5165 0.1289 -0.8465
vn 0.5878 -0.0000 -0.8090
vn 0.6455 -0.1289 -0.7528
vn 0.6867 -0.2494 -0.6829
vn 0.7118 -0.3556 -0.6058
vn -0.2198 -0.3556 -0.9084
vn -0.1541 -0.2494 -0.9560
vn -0.0797 -0.1289 -0.9884
vn -0.0000 -0.0000 -1.0000
vn 0.0797 0.1289 -0.9884
vn 0.1541 0.2494 -0.9560
vn 0.2198 0.3556 -0.9084
vn 0.8709 0.4776 0.1161
vn 0.8303 0.5026 0.2408
vn 0.7693 0.5197 0.3716
vn 0.6882 0.5257 0.5000
vn 0.5912 0.5197 0.6168
vn 0.4856 0.5026 0.7152
vn 0.3795 0.4776 0.7924
vn 0.1587 0.4776 0.8641
vn 0.0275 0.5026 0.8641
vn -0.1157 0.5197 0.8465
vn -0.2629 0.5257 0.8090
vn -0.4040 0.5197 0.7528
vn -0.5302 0.5026 0.6828
vn -0.6363 0.4776 0.6058
vn -0.7728 0.4776 0.4180
vn -0.8133 0.5026 0.2932
vn -0.8408 0.5197 0.1515
vn -0.8506 0.5257 -0.0000
vn -0.8408 0.5197 -0.1516
vn -0.8133 0.5026 -0.2932
vn -0.7728 0.4776 -0.4180
vn -0.6363 0.4776 -0.6058
vn -0.5302 0.5026 -0.6828
vn -0.4040 0.5197 -0.7528
vn -0.2629 0.5257 -0.8090
vn -0.1157 0.5197 -0.8465
vn 0.0275 0.5026 -0.8641
vn 0.1587 0.4776 -0.8641
vn 0.3795 0.4776 -0.7924
vn 0.4856 0.5026 -0.7152
vn 0.5912 0.5197 -0.6168
vn 0.6882 0.5257 -0.5000
vn 0.7693 0.5197 -0.3716
vn 0.8303 0.5026 -0.2408
vn 0.8709 0.4776 -0.1161
vn 0.0377 0.9925 0.1161
vn 0.0782 0.9674 0.2408
vn 0.1207 0.9205 0.3716
vn 0.1625 0.8507 0.5000
vn 0.2004 0.7612 0.6168
vn 0.2324 0.6591 0.7152
vn 0.2575 0.5530 0.7924
vn 0.8332 0.5530 -0.0000
vn 0.7520 0.6591 -0.0000
vn 0.6486 0.7612 -0.0000
vn 0.5257 0.8507 -0.0000
vn 0.3907 0.9205 -0.0000
vn 0.2532 0.9674 -0.0000
vn 0.1220 0.9925 -0.0000
vn -0.0987 0.9925 0.0717
vn -0.2048 0.9674 0.1488
vn -0.3161 0.9205 0.2297
vn -0.4253 0.8507 0.3090
vn -0.5247 0.7612 0.3812
vn -0.6084 0.6591 0.4420
vn -0.6740 0.5530 0.4897
vn -0.0987 0.9925 -0.0717
vn -0.2048 0.9674 -0.1488
vn -0.3161 0.9205 -0.2297
vn -0.4253 0.8507 -0.3090
vn -0.5247 0.7612 -0.3812
vn -0.6084 0.6591 -0.4420
vn -0.6740 0.5530 -0.4897
vn 0.0377 0.9925 -0.1161
vn 0.0782 0.9674 -0.2408
vn 0.1207 0.9205 -0.3716
vn 0.1625 0.8507 -0.5000
vn 0.2004 0.7612 -0.6168
vn 0.2324 0.6591 -0.7152
vn 0.2575 0.5530 -0.7924
vn 0.1698 0.9777 -0.1233
vn 0.3095 0.9421 -0.1293
vn 0.2186 0.9421 -0.2544
vn 0.4520 0.8821 -0.1326
vn 0.3635 0.8934 -0.2641
vn 0.2658 0.8821 -0.3889
vn 0.5868 0.7988 -0.1326
vn 0.5066 0.8196 -0.2676
vn 0.4110 0.8196 -0.3991
vn 0.3074 0.7988 -0.5171
vn 0.7042 0.6981 -0.1293
vn 0.6365 0.7247 -0.2641
vn 0.5493 0.7342 -0.3991
vn 0.4479 0.7247 -0.5237
vn 0.3406 0.6981 -0.6298
vn 0.7986 0.5891 -0.1233
vn 0.7449 0.6168 -0.2544
vn 0.6701 0.6322 -0.3889
vn 0.5770 0.6322 -0.5171
vn 0.4721 0.6168 -0.6298
vn 0.3641 0.5891 -0.7214
vn -0.0648 0.9777 -0.1996
vn -0.0273 0.9421 -0.3343
vn -0.1744 0.9421 -0.2865
vn 0.0136 0.8821 -0.4709
vn -0.1389 0.8934 -0.4274
vn -0.2878 0.8821 -0.3730
vn 0.0552 0.7988 -0.5991
vn -0.0980 0.8196 -0.5645
vn -0.2525 0.8196 -0.5142
vn -0.3968 0.7988 -0.4522
vn 0.0947 0.6981 -0.7097
vn -0.0545 0.7247 -0.6869
vn -0.2098 0.7342 -0.6457
vn -0.3597 0.7247 -0.5878
vn -0.4937 0.6981 -0.5185
vn 0.1295 0.5891 -0.7976
vn -0.0118 0.6168 -0.7870
vn -0.1628 0.6322 -0.7575
vn -0.3135 0.6322 -0.7085
vn -0.4531 0.6168 -0.6436
vn -0.5736 0.5891 -0.5692
vn -0.2098 0.9777 -0.0000
vn -0.3264 0.9421 -0.0773
vn -0.3264 0.9421 0.0773
vn -0.4436 0.8821 -0.1584
vn -0.4493 0.8934 -0.0000
vn -0.4436 0.8821 0.1584
vn -0.5527 0.7988 -0.2376
vn -0.5671 0.8196 -0.0812
vn -0.5671 0.8196 0.0812
vn -0.5527 0.7988 0.2377
vn -0.6457 0.6981 -0.3093
vn -0.6702 0.7247 -0.1604
vn -0.6789 0.7342 -0.0000
vn -0.6702 0.7247 0.1604
vn -0.6457 0.6981 0.3093
vn -0.7186 0.5891 -0.3696
vn -0.7521 0.6168 -0.2320
vn -0.7707 0.6322 -0.0792
vn -0.7707 0.6322 0.0792
vn -0.7521 0.6168 0.2320
vn -0.7186 0.5891 0.3696
vn -0.0648 0.9777 0.1996
vn -0.1744 0.9421 0.2865
vn -0.0273 0.9421 0.3343
vn -0.2878 0.8821 0.3730
vn -0.1389 0.8934 0.4274
vn 0.0136 0.8821 0.4709
vn -0.3968 0.7988 0.4522
vn -0.2525 0.8196 0.5142
vn -0.0980 0.8196 0.5645
vn 0.0552 0.7988 0.5991
vn -0.4937 0.6981 0.5185
vn -0.3597 0.7247 0.5878
vn -0.2098 0.7342 0.6457
vn -0.0545 0.7247 0.6869
vn 0.0947 0.6981 0.7097
vn -0.5736 0.5891 0.5692
vn -0.4531 0.6168 0.6436
vn -0.3135 0.6322 0.7085
vn -0.1628 0.6322 0.7575
vn -0.0118 0.6168 0.7870
vn 0.1295 0.5891 0.7976
vn 0.1698 0.9777 0.1233
vn 0.2186 0.9421 0.2544
vn 0.3095 0.9421 0.1293
vn 0.2658 0.8821 0.3889
vn 0.3635 0.8934 0.2641
vn 0.4520 0.8821 0.1326
vn 0.3074 0.7988 0.5171
vn 0.4110 0.8196 0.3991
vn 0.5066 0.8196 0.2676
vn 0.5868 0.7988 0.1326
vn 0.3406 0.6981 0.6298
vn 0.4479 0.7247 0.5237
vn 0.5493 0.7342 0.3991
vn 0.6365 0.7247 0.2641
vn 0.7042 0.6981 0.1293
vn 0.3641 0.5891 0.7214
vn 0.4721 0.6168 0.6298
vn 0.5770 0.6322 0.5171
vn 0.6701 0.6322 0.3889
vn 0.7449 0.6168 0.2544
vn 0.7986 0.5891 0.1233
vn 0.9035 0.3793 -0.1996
vn 0.9206 0.2653 -0.2865
vn 0.8548 0.3969 -0.3343
vn 0.9177 0.1371 -0.3730
vn 0.8611 0.2753 -0.4274
vn 0.7829 0.4066 -0.4709
vn 0.8919 0.0023 -0.4522
vn 0.8460 0.1407 -0.5142
vn 0.7769 0.2789 -0.5645
vn 0.6898 0.4066 -0.5991
vn 0.8452 -0.1294 -0.5185
vn 0.8090 0.0024 -0.5878
vn 0.7505 0.1407 -0.6457
vn 0.6725 0.2753 -0.6869
vn 0.5821 0.3969 -0.7097
vn 0.7834 -0.2496 -0.5692
vn 0.7543 -0.1294 -0.6436
vn 0.7057 0.0023 -0.7085
vn 0.6383 0.1371 -0.7575
vn 0.5570 0.2653 -0.7870
vn 0.4690 0.3793 -0.7976
vn 0.0894 0.3793 -0.9210
vn 0.0120 0.2653 -0.9641
vn -0.0538 0.3969 -0.9163
vn -0.0711 0.1371 -0.9880
vn -0.1403 0.2753 -0.9511
vn -0.2059 0.4066 -0.8901
vn -0.1544 0.0023 -0.9880
vn -0.2276 0.1407 -0.9635
vn -0.2968 0.2789 -0.9133
vn -0.3566 0.4066 -0.8411
vn -0.2319 -0.1294 -0.9641
vn -0.3090 0.0024 -0.9511
vn -0.3822 0.1407 -0.9133
vn -0.4455 0.2753 -0.8519
vn -0.4951 0.3969 -0.7729
vn -0.2992 -0.2496 -0.9210
vn -0.3790 -0.1294 -0.9163
vn -0.4558 0.0023 -0.8901
vn -0.5232 0.1371 -0.8411
vn -0.5764 0.2653 -0.7729
vn -0.6137 0.3793 -0.6925
vn -0.8483 0.3793 -0.3696
vn -0.9132 0.2653 -0.3093
vn -0.8881 0.3969 -0.2320
vn -0.9616 0.1371 -0.2377
vn -0.9479 0.2753 -0.1604
vn -0.9101 0.4066 -0.0792
vn -0.9874 0.0023 -0.1584
vn -0.9867 0.1407 -0.0812
vn -0.9603 0.2789 -0.0000
vn -0.9101 0.4066 0.0792
vn -0.9886 -0.1294 -0.0773
vn -1.0000 0.0024 -0.0000
vn -0.9867 0.1407 0.0812
vn -0.9479 0.2753 0.1604
vn -0.8881 0.3969 0.2320
vn -0.9684 -0.2496 -0.0000
vn -0.9886 -0.1294 0.0773
vn -0.9874 0.0023 0.1584
vn -0.9616 0.1371 0.2377
vn -0.9132 0.2653 0.3093
vn -0.8483 0.3793 0.3696
vn -0.6137 0.3793 0.6925
vn -0.5764 0.2653 0.7729
vn -0.4951 0.3969 0.7729
vn -0.5232 0.1371 0.8411
vn -0.4455 0.2753 0.8519
vn -0.3566 0.4066 0.8411
vn -0.4558 0.0023 0.8901
vn -0.3822 0.1407 0.9133
vn -0.2968 0.2789 0.9133
vn -0.2059 0.4066 0.8901
vn -0.3790 -0.1294 0.9163
vn -0.3090 0.0024 0.9511
vn -0.2276 0.1407 0.9635
vn -0.1403 0.2753 0.9511
vn -0.0538 0.3969 0.9163
vn -0.2992 -0.2496 0.9210
vn -0.2319 -0.1294 0.9641
vn -0.1544 0.0023 0.9880
vn -0.0711 0.1371 0.9880
vn 0.0120 0.2653 0.9641
vn 0.0894 0.3793 0.9210
vn 0.4690 0.3793 0.7976
vn 0.5570 0.2653 0.7870
vn 0.5821 0.3969 0.7097
vn 0.6383 0.1371 0.7575
vn 0.6725 0.2753 0.6869
vn 0.6898 0.4066 0.5991
vn 0.7057 0.0023 0.7085
vn 0.7505 0.1407 0.6457
vn 0.7769 0.2789 0.5645
vn 0.7829 0.4066 0.4709
vn 0.7543 -0.1294 0.6436
vn 0.8090 0.0024 0.5878
vn 0.8460 0.1407 0.5142
vn 0.8611 0.2753 0.4274
vn 0.8548 0.3969 0.3343
vn 0.7834 -0.2496 0.5692
vn 0.8452 -0.1294 0.5185
vn 0.8919 0.0023 0.4522
vn 0.9177 0.1371 0.3730
vn 0.9206 0.2653 0.2865
vn 0.9035 0.3793 0.1996
vn 0.2992 0.2496 -0.9210
vn 0.3790 0.1294 -0.9163
vn 0.2319 0.1294 -0.9641
vn 0.4558 -0.0023 -0.8901
vn 0.3090 -0.0024 -0.9511
vn 0.1544 -0.0023 -0.9880
vn 0.5232 -0.1371 -0.8411
vn 0.3822 -0.1407 -0.9133
vn 0.2276 -0.1407 -0.9635
vn 0.0711 -0.1371 -0.9880
vn 0.5764 -0.2653 -0.7729
vn 0.4455 -0.2753 -0.8519
vn 0.2968 -0.2789 -0.9133
vn 0.1403 -0.2753 -0.9511
vn -0.0120 -0.2653 -0.9641
vn 0.6137 -0.3793 -0.6925
vn 0.4951 -0.3969 -0.7729
vn 0.3566 -0.4066 -0.8411
vn 0.2059 -0.4066 -0.8901
vn 0.0538 -0.3969 -0.9163
vn -0.0894 -0.3793 -0.9210
vn -0.7834 0.2496 -0.5692
vn -0.7543 0.1294 -0.6436
vn -0.8452 0.1294 -0.5185
vn -0.7057 -0.0023 -0.7085
vn -0.8090 -0.0024 -0.5878
vn -0.8919 -0.0023 -0.4522
vn -0.6383 -0.1371 -0.7575
vn -0.7505 -0.1407 -0.6457
vn -0.8460 -0.1407 -0.5142
vn -0.9177 -0.1371 -0.3730
vn -0.5570 -0.2653 -0.7870
vn -0.6725 -0.2753 -0.6869
vn -0.7769 -0.2789 -0.5645
vn -0.8611 -0.2753 -0.4274
vn -0.9206 -0.2653 -0.2865
vn -0.4690 -0.3793 -0.7976
vn -0.5821 -0.3969 -0.7097
vn -0.6898 -0.4066 -0.5991
vn -0.7829 -0.4066 -0.4709
vn -0.8548 -0.3969 -0.3343
vn -0.9035 -0.3793 -0.1996
vn -0.7834 0.2496 0.5692
vn -0.8452 0.1294 0.5185
vn -0.7543 0.1294 0.6436
vn -0.8919 -0.0023 0.4522
vn -0.8090 -0.0024 0.5878
vn -0.7057 -0.0023 0.7085
vn -0.9177 -0.1371 0.3730
vn -0.8460 -0.1407 0.5142
vn -0.7505 -0.1407 0.6457
vn -0.6383 -0.1371 0.7575
vn -0.9206 -0.2653 0.2865
vn -0.8611 -0.2753 0.4274
vn -0.7769 -0.2789 0.5645
vn -0.6725 -0.2753 0.6869
vn -0.5570 -0.2653 0.7870
vn -0.9035 -0.3793 0.1996
vn -0.8548 -0.3969 0.3343
vn -0.7829 -0.4066 0.4709
vn -0.6898 -0.4066 0.5991
vn -0.5821 -0.3969 0.7097
vn -0.4690 -0.3793 0.7976
vn 0.2992 0.2496 0.9210
vn 0.2319 0.1294 0.9641
vn 0.3790 0.1294 0.9163
vn 0.1544 -0.0023 0.9880
vn 0.3090 -0.0024 0.9511
vn 0.4558 -0.0023 0.8901
vn 0.0711 -0.1371 0.9880
vn 0.2276 -0.1407 0.9635
vn 0.3822 -0.1407 0.9133
vn 0.5232 -0.1371 0.8411
vn -0.0120 -0.2653 0.9641
vn 0.1403 -0.2753 0.9511
vn 0.2968 -0.2789 0.9133
vn 0.4455 -0.2753 0.8519
vn 0.5764 -0.2653 0.7729
vn -0.0894 -0.3793 0.9210
vn 0.0538 -0.3969 0.9163
vn 0.2059 -0.4066 0.8901
vn 0.3566 -0.4066 0.8411
vn 0.4951 -0.3969 0.7729
vn 0.6137 -0.3793 0.6925
vn 0.9684 0.2496 -0.0000
vn 0.9886 0.1294 0.0773
vn 0.9886 0.1294 -0.0773
vn 0.9874 -0.0023 0.1584
vn 1.0000 -0.0024 -0.0000
vn 0.9874 -0.0023 -0.1584
vn 0.9616 -0.1371 0.2377
vn 0.9867 -0.1407 0.0812
vn 0.9867 -0.1407 -0.0812
vn 0.9616 -0.1371 -0.2377
vn 0.9132 -0.2653 0.3093
vn 0.9479 -0.2753 0.1604
vn 0.9603 -0.2789 -0.0000
vn 0.9479 -0.2753 -0.1604
vn 0.9132 -0.2653 -0.3093
vn 0.8483 -0.3793 0.3696
vn 0.8881 -0.3969 0.2320
vn 0.9101 -0.4066 0.0792
vn 0.9101 -0.4066 -0.0792
vn 0.8881 -0.3969 -0.2320
vn 0.8483 -0.3793 -0.3696
vn 0.5736 -0.5891 -0.5692
vn 0.4937 -0.6981 -0.5185
vn 0.4531 -0.6168 -0.6436
vn 0.3968 -0.7988 -0.4522
vn 0.3597 -0.7247 -0.5878
vn 0.3135 -0.6322 -0.7085
vn 0.2878 -0.8821 -0.3730
vn 0.2525 -0.8196 -0.5142
vn 0.2098 -0.7342 -0.6457
vn 0.1628 -0.6322 -0.7575
vn 0.1744 -0.9421 -0.2865
vn 0.1389 -0.8934 -0.4274
vn 0.0980 -0.8196 -0.5645
vn 0.0545 -0.7247 -0.6869
vn 0.0118 -0.6168 -0.7870
vn 0.0648 -0.9777 -0.1996
vn 0.0273 -0.9421 -0.3343
vn -0.0136 -0.8821 -0.4709
vn -0.0552 -0.7988 -0.5991
vn -0.0947 -0.6981 -0.7097
vn -0.1295 -0.5891 -0.7976
vn -0.3641 -0.5891 -0.7214
vn -0.3406 -0.6981 -0.6298
vn -0.4721 -0.6168 -0.6298
vn -0.3074 -0.7988 -0.5171
vn -0.4479 -0.7247 -0.5237
vn -0.5770 -0.6322 -0.5171
vn -0.2658 -0.8821 -0.3889
vn -0.4110 -0.8196 -0.3991
vn -0.5493 -0.7342 -0.3991
vn -0.6701 -0.6322 -0.3889
vn -0.2186 -0.9421 -0.2544
vn -0.3635 -0.8934 -0.2641
vn -0.5066 -0.8196 -0.2676
vn -0.6365 -0.7247 -0.2641
vn -0.7449 -0.6168 -0.2544
vn -0.1698 -0.9777 -0.1233
vn -0.3095 -0.9421 -0.1293
vn -0.4520 -0.8821 -0.1326
vn -0.5868 -0.7988 -0.1326
vn -0.7042 -0.6981 -0.1293
vn -0.7986 -0.5891 -0.1233
vn -0.7986 -0.5891 0.1233
vn -0.7042 -0.6981 0.1293
vn -0.7449 -0.6168 0.2544
vn -0.5868 -0.7988 0.1326
vn -0.6365 -0.7247 0.2641
vn -0.6701 -0.6322 0.3889
vn -0.4520 -0.8821 0.1326
vn -0.5066 -0.8196 0.2676
vn -0.5493 -0.7342 0.3991
vn -0.5770 -0.6322 0.5171
vn -0.3095 -0.9421 0.1293
vn -0.3635 -0.8934 0.2641
vn -0.4110 -0.8196 0.3991
vn -0.4479 -0.7247 0.5237
vn -0.4721 -0.6168 0.6298
vn -0.1698 -0.9777 0.1233
vn -0.2186 -0.9421 0.2544
vn -0.2658 -0.8821 0.3889
vn -0.3074 -0.7988 0.5171
vn -0.3406 -0.6981 0.6298
vn -0.3641 -0.5891 0.7214
vn 0.7186 -0.5891 -0.3696
vn 0.7521 -0.6168 -0.2320
vn 0.6457 -0.6981 -0.3093
vn 0.7707 -0.6322 -0.0792
vn 0.6702 -0.7247 -0.1604
vn 0.5527 -0.7988 -0.2376
vn 0.7707 -0.6322 0.0792
vn 0.6789 -0.7342 -0.0000
vn 0.5671 -0.8196 -0.0812
vn 0.4436 -0.8821 -0.1584
vn 0.7521 -0.6168 0.2320
vn 0.6702 -0.7247 0.1604
vn 0.5671 -0.8196 0.0812
vn 0.4493 -0.8934 -0.0000
vn 0.3264 -0.9421 -0.0773
vn 0.7186 -0.5891 0.3696
vn 0.6457 -0.6981 0.3093
vn 0.5527 -0.7988 0.2377
vn 0.4436 -0.8821 0.1584
vn 0.3264 -0.9421 0.0773
vn 0.2098 -0.9777 -0.0000
vn -0.1295 -0.5891 0.7976
vn -0.0947 -0.6981 0.7097
vn 0.0118 -0.6168 0.7870
vn -0.0552 -0.7988 0.5991
vn 0.0545 -0.7247 0.6869
vn 0.1628 -0.6322 0.7575
vn -0.0136 -0.8821 0.4709
vn 0.0980 -0.8196 0.5645
vn 0.2098 -0.7342 0.6457
vn 0.3135 -0.6322 0.7085
vn 0.0273 -0.9421 0.3343
vn 0.1389 -0.8934 0.4274
vn 0.2525 -0.8196 0.5142
vn 0.3597 -0.7247 0.5878
vn 0.4531 -0.6168 0.6436
vn 0.0648 -0.9777 0.1996
vn 0.1744 -0.9421 0.2865
vn 0.2878 -0.8821 0.3730
vn 0.3968 -0.7988 0.4522
vn 0.4937 -0.6981 0.5185
vn 0.5736 -0.5891 0.5692
s 1
f 2665//2096 2684//2115 2683//2114
f 2666//2097 2690//2121 2704//2135
f 2665//2096 2683//2114 2718//2149
f 2665//2096 2718//2149 2732//2163
f 2665//2096 2732//2163 2705//2136
f 2666//2097 2704//2135 2753//2184
f 2667//2098 2697//2128 2767//2198
f 2668//2099 2725//2156 2781//2212
f 2669//2100 2739//2170 2795//2226
f 2670//2101 2746//2177 2809//2240
f 2666//2097 2753//2184 2768//2199
f 2667//2098 2767//2198 2782//2213
f 2668//2099 2781//2212 2796//2227
f 2669//2100 2795//2226 2810//2241
f 2670//2101 2809//2240 2754//2185
f 2671//2102 2823//2254 2858//2289
f 2672//2103 2830//2261 2872//2303
f 2673//2104 2837//2268 2879//2310
f 2674//2105 2844//2275 2886//2317
f 2675//2106 2851//2282 2859//2290
f 2865//2296 2880//2311 2676//2107
f 2864//2295 2887//2318 2865//2296
f 2863//2294 2888//2319 2864//2295
f 2862//2293 2890//2321 2863//2294
f 2861//2292 2893//2324 2862//2293
f 2860//2291 2897//2328 2861//2292
f 2859//2290 2902//2333 2860//2291
f 2865//2296 2887//2318 2880//2311
f 2887//2318 2881//2312 2880//2311
f 2864//2295 2888//2319 2887//2318
f 2888//2319 2889//2320 2887//2318
f 2887//2318 2889//2320 2881//2312
f 2889//2320 2882//2313 2881//2312
f 2863//2294 2890//2321 2888//2319
f 2890//2321 2891//2322 2888//2319
f 2888//2319 2891//2322 2889//2320
f 2891//2322 2892//2323 2889//2320
f 2889//2320 2892//2323 2882//2313
f 2892//2323 2883//2314 2882//2313
f 2862//2293 2893//2324 2890//2321
f 2893//2324 2894//2325 2890//2321
f 2890//2321 2894//2325 2891//2322
f 2894//2325 2895//2326 2891//2322
f 2891//2322 2895//2326 2892//2323
f 2895//2326 2896//2327 2892//2323
f 2892//2323 2896//2327 2883//2314
f 2896//2327 2884//2315 2883//2314
f 2861//2292 2897//2328 2893//2324
f 2897//2328 2898//2329 2893//2324
f 2893//2324 2898//2329 2894//2325
f 2898//2329 2899//2330 2894//2325
f 2894//2325 2899//2330 2895//2326
f 2899//2330 2900//2331 2895//2326
f 2895//2326 2900//2331 2896//2327
f 2900//2331 2901//2332 2896//2327
f 2896//2327 2901//2332 2884//2315
f 2901//2332 2885//2316 2884//2315
f 2860//2291 2902//2333 2897//2328
f 2902//2333 2903//2334 2897//2328
f 2897//2328 2903//2334 2898//2329
f 2903//2334 2904//2335 2898//2329
f 2898//2329 2904//2335 2899//2330
f 2904//2335 2905//2336 2899//2330
f 2899//2330 2905//2336 2900//2331
f 2905//2336 2906//2337 2900//2331
f 2900//2331 2906//2337 2901//2332
f 2906//2337 2907//2338 2901//2332
f 2901//2332 2907//2338 2885//2316
f 2907//2338 2886//2317 2885//2316
f 2859//2290 2851//2282 2902//2333
f 2851//2282 2850//2281 2902//2333
f 2902//2333 2850//2281 2903//2334
f 2850//2281 2849//2280 2903//2334
f 2903//2334 2849//2280 2904//2335
f 2849//2280 2848//2279 2904//2335
f 2904//2335 2848//2279 2905//2336
f 2848//2279 2847//2278 2905//2336
f 2905//2336 2847//2278 2906//2337
f 2847//2278 2846//2277 2906//2337
f 2906//2337 2846//2277 2907//2338
f 2846//2277 2845//2276 2907//2338
f 2907//2338 2845//2276 2886//2317
f 2845//2276 2674//2105 2886//2317
f 2880//2311 2873//2304 2676//2107
f 2881//2312 2908//2339 2880//2311
f 2882//2313 2909//2340 2881//2312
f 2883//2314 2911//2342 2882//2313
f 2884//2315 2914//2345 2883//2314
f 2885//2316 2918//2349 2884//2315
f 2886//2317 2923//2354 2885//2316
f 2880//2311 2908//2339 2873//2304
f 2908//2339 2874//2305 2873//2304
f 2881//2312 2909//2340 2908//2339
f 2909//2340 2910//2341 2908//2339
f 2908//2339 2910//2341 2874//2305
f 2910//2341 2875//2306 2874//2305
f 2882//2313 2911//2342 2909//2340
f 2911//2342 2912//2343 2909//2340
f 2909//2340 2912//2343 2910//2341
f 2912//2343 2913//2344 2910//2341
f 2910//2341 2913//2344 2875//2306
f 2913//2344 2876//2307 2875//2306
f 2883//2314 2914//2345 2911//2342
f 2914//2345 2915//2346 2911//2342
f 2911//2342 2915//2346 2912//2343
f 2915//2346 2916//2347 2912//2343
f 2912//2343 2916//2347 2913//2344
f 2916//2347 2917//2348 2913//2344
f 2913//2344 2917//2348 2876//2307
f 2917//2348 2877//2308 2876//2307
f 2884//2315 2918//2349 2914//2345
f 2918//2349 2919//2350 2914//2345
f 2914//2345 2919//2350 2915//2346
f 2919//2350 2920//2351 2915//2346
f 2915//2346 2920//2351 2916//2347
f 2920//2351 2921//2352 2916//2347
f 2916//2347 2921//2352 2917//2348
f 2921//2352 2922//2353 2917//2348
f 2917//2348 2922//2353 2877//2308
f 2922//2353 2878//2309 2877//2308
f 2885//2316 2923//2354 2918//2349
f 2923//2354 2924//2355 2918//2349
f 2918//2349 2924//2355 2919//2350
f 2924//2355 2925//2356 2919//2350
f 2919//2350 2925//2356 2920//2351
f 2925//2356 2926//2357 2920//2351
f 2920//2351 2926//2357 2921//2352
f 2926//2357 2927//2358 2921//2352
f 2921//2352 2927//2358 2922//2353
f 2927//2358 2928//2359 2922//2353
f 2922//2353 2928//2359 2878//2309
f 2928//2359 2879//2310 2878//2309
f 2886//2317 2844//2275 2923//2354
f 2844//2275 2843//2274 2923//2354
f 2923//2354 2843//2274 2924//2355
f 2843//2274 2842//2273 2924//2355
f 2924//2355 2842//2273 2925//2356
f 2842//2273 2841//2272 2925//2356
f 2925//2356 2841//2272 2926//2357
f 2841//2272 2840//2271 2926//2357
f 2926//2357 2840//2271 2927//2358
f 2840//2271 2839//2270 2927//2358
f 2927//2358 2839//2270 2928//2359
f 2839//2270 2838//2269 2928//2359
f 2928//2359 2838//2269 2879//2310
f 2838//2269 2673//2104 2879//2310
f 2873//2304 2866//2297 2676//2107
f 2874//2305 2929//2360 2873//2304
f 2875//2306 2930//2361 2874//2305
f 2876//2307 2932//2363 2875//2306
f 2877//2308 2935//2366 2876//2307
f 2878//2309 2939//2370 2877//2308
f 2879//2310 2944//2375 2878//2309
f 2873//2304 2929//2360 2866//2297
f 2929//2360 2867//2298 2866//2297
f 2874//2305 2930//2361 2929//2360
f 2930//2361 2931//2362 2929//2360
f 2929//2360 2931//2362 2867//2298
f 2931//2362 2868//2299 2867//2298
f 2875//2306 2932//2363 2930//2361
f 2932//2363 2933//2364 2930//2361
f 2930//2361 2933//2364 2931//2362
f 2933//2364 2934//2365 2931//2362
f 2931//2362 2934//2365 2868//2299
f 2934//2365 2869//2300 2868//2299
f 2876//2307 2935//2366 2932//2363
f 2935//2366 2936//2367 2932//2363
f 2932//2363 2936//2367 2933//2364
f 2936//2367 2937//2368 2933//2364
f 2933//2364 2937//2368 2934//2365
f 2937//2368 2938//2369 2934//2365
f 2934//2365 2938//2369 2869//2300
f 2938//2369 2870//2301 2869//2300
f 2877//2308 2939//2370 2935//2366
f 2939//2370 2940//2371 2935//2366
f 2935//2366 2940//2371 2936//2367
f 2940//2371 2941//2372 2936//2367
f 2936//2367 2941//2372 2937//2368
f 2941//2372 2942//2373 2937//2368
f 2937//2368 2942//2373 2938//2369
f 2942//2373 2943//2374 2938//2369
f 2938//2369 2943//2374 2870//2301
f 2943//2374 2871//2302 2870//2301
f 2878//2309 2944//2375 2939//2370
f 2944//2375 2945//2376 2939//2370
f 2939//2370 2945//2376 2940//2371
f 2945//2376 2946//2377 2940//2371
f 2940//2371 2946//2377 2941//2372
f 2946//2377 2947//2378 2941//2372
f 2941//2372 2947//2378 2942//2373
f 2947//2378 2948//2379 2942//2373
f 2942//2373 2948//2379 2943//2374
f 2948//2379 2949//2380 2943//2374
f 2943//2374 2949//2380 2871//2302
f 2949//2380 2872//2303 2871//2302
f 2879//2310 2837//2268 2944//2375
f 2837//2268 2836//2267 2944//2375
f 2944//2375 2836//2267 2945//2376
f 2836//2267 2835//2266 2945//2376
f 2945//2376 2835//2266 2946//2377
f 2835//2266 2834//2265 2946//2377
f 2946//2377 2834//2265 2947//2378
f 2834//2265 2833//2264 2947//2378
f 2947//2378 2833//2264 2948//2379
f 2833//2264 2832//2263 2948//2379
f 2948//2379 2832//2263 2949//2380
f 2832//2263 2831//2262 2949//2380
f 2949//2380 2831//2262 2872//2303
f 2831//2262 2672//2103 2872//2303
f 2866//2297 2852//2283 2676//2107
f 2867//2298 2950//2381 2866//2297
f 2868//2299 2951//2382 2867//2298
f 2869//2300 2953//2384 2868//2299
f 2870//2301 2956//2387 2869//2300
f 2871//2302 2960//2391 2870//2301
f 2872//2303 2965//2396 2871//2302
f 2866//2297 2950//2381 2852//2283
f 2950//2381 2853//2284 2852//2283
f 2867//2298 2951//2382 2950//2381
f 2951//2382 2952//2383 2950//2381
f 2950//2381 2952//2383 2853//2284
f 2952//2383 2854//2285 2853//2284
f 2868//2299 2953//2384 2951//2382
f 2953//2384 2954//2385 2951//2382
f 2951//2382 2954//2385 2952//2383
f 2954//2385 2955//2386 2952//2383
f 2952//2383 2955//2386 2854//2285
f 2955//2386 2855//2286 2854//2285
f 2869//2300 2956//2387 2953//2384
f 2956//2387 2957//2388 2953//2384
f 2953//2384 2957//2388 2954//2385
f 2957//2388 2958//2389 2954//2385
f 2954//2385 2958//2389 2955//2386
f 2958//2389 2959//2390 2955//2386
f 2955//2386 2959//2390 2855//2286
f 2959//2390 2856//2287 2855//2286
f 2870//2301 2960//2391 2956//2387
f 2960//2391 2961//2392 2956//2387
f 2956//2387 2961//2392 2957//2388
f 2961//2392 2962//2393 2957//2388
f 2957//2388 2962//2393 2958//2389
f 2962//2393 2963//2394 2958//2389
f 2958//2389 2963//2394 2959//2390
f 2963//2394 2964//2395 2959//2390
f 2959//2390 2964//2395 2856//2287
f 2964//2395 2857//2288 2856//2287
f 2871//2302 2965//2396 2960//2391
f 2965//2396 2966//2397 2960//2391
f 2960//2391 2966//2397 2961//2392
f 2966//2397 2967//2398 2961//2392
f 2961//2392 2967//2398 2962//2393
f 2967//2398 2968//2399 2962//2393
f 2962//2393 2968//2399 2963//2394
f 2968//2399 2969//2400 2963//2394
f 2963//2394 2969//2400 2964//2395
f 2969//2400 2970//2401 2964//2395
f 2964//2395 2970//2401 2857//2288
f 2970//2401 2858//2289 2857//2288
f 2872//2303 2830//2261 2965//2396
f 2830//2261 2829//2260 2965//2396
f 2965//2396 2829//2260 2966//2397
f 2829//2260 2828//2259 2966//2397
f 2966//2397 2828//2259 2967//2398
f 2828//2259 2827//2258 2967//2398
f 2967//2398 2827//2258 2968//2399
f 2827//2258 2826//2257 2968//2399
f 2968//2399 2826//2257 2969//2400
f 2826//2257 2825//2256 2969//2400
f 2969//2400 2825//2256 2970//2401
f 2825//2256 2824//2255 2970//2401
f 2970//2401 2824//2255 2858//2289
f 2824//2255 2671//2102 2858//2289
f 2852//2283 2865//2296 2676//2107
f 2853//2284 2971//2402 2852//2283
f 2854//2285 2972//2403 2853//2284
f 2855//2286 2974//2405 2854//2285
f 2856//2287 2977//2408 2855//2286
f 2857//2288 2981//2412 2856//2287
f 2858//2289 2986//2417 2857//2288
f 2852//2283 2971//2402 2865//2296
f 2971//2402 2864//2295 2865//2296
f 2853//2284 2972//2403 2971//2402
f 2972//2403 2973//2404 2971//2402
f 2971//2402 2973//2404 2864//2295
f 2973//2404 2863//2294 2864//2295
f 2854//2285 2974//2405 2972//2403
f 2974//2405 2975//2406 2972//2403
f 2972//2403 2975//2406 2973//2404
f 2975//2406 2976//2407 2973//2404
f 2973//2404 2976//2407 2863//2294
f 2976//2407 2862//2293 2863//2294
f 2855//2286 2977//2408 2974//2405
f 2977//2408 2978//2409 2974//2405
f 2974//2405 2978//2409 2975//2406
f 2978//2409 2979//2410 2975//2406
f 2975//2406 2979//2410 2976//2407
f 2979//2410 2980//2411 2976//2407
f 2976//2407 2980//2411 2862//2293
f 2980//2411 2861//2292 2862//2293
f 2856//2287 2981//2412 2977//2408
f 2981//2412 2982//2413 2977//2408
f 2977//2408 2982//2413 2978//2409
f 2982//2413 2983//2414 2978//2409
f 2978//2409 2983//2414 2979//2410
f 2983//2414 2984//2415 2979//2410
f 2979//2410 2984//2415 2980//2411
f 2984//2415 2985//2416 2980//2411
f 2980//2411 2985//2416 2861//2292
f 2985//2416 2860//2291 2861//2292
f 2857//2288 2986//2417 2981//2412
f 2986//2417 2987//2418 2981//2412
f 2981//2412 2987//2418 2982//2413
f 2987//2418 2988//2419 2982//2413
f 2982//2413 2988//2419 2983//2414
f 2988//2419 2989//2420 2983//2414
f 2983//2414 2989//2420 2984//2415
f 2989//2420 2990//2421 2984//2415
f 2984//2415 2990//2421 2985//2416
f 2990//2421 2991//2422 2985//2416
f 2985//2416 2991//2422 2860//2291
f 2991//2422 2859//2290 2860//2291
f 2858//2289 2823//2254 2986//2417
f 2823//2254 2822//2253 2986//2417
f 2986//2417 2822//2253 2987//2418
f 2822//2253 2821//2252 2987//2418
f 2987//2418 2821//2252 2988//2419
f 2821//2252 2820//2251 2988//2419
f 2988//2419 2820//2251 2989//2420
f 2820//2251 2819//2250 2989//2420
f 2989//2420 2819//2250 2990//2421
f 2819//2250 2818//2249 2990//2421
f 2990//2421 2818//2249 2991//2422
f 2818//2249 2817//2248 2991//2422
f 2991//2422 2817//2248 2859//2290
f 2817//2248 2675//2106 2859//2290
f 2760//2191 2851//2282 2675//2106
f 2759//2190 2992//2423 2760//2191
f 2758//2189 2993//2424 2759//2190
f 2757//2188 2995//2426 2758//2189
f 2756//2187 2998//2429 2757//2188
f 2755//2186 3002//2433 2756//2187
f 2754//2185 3007//2438 2755//2186
f 2760//2191 2992//2423 2851//2282
f 2992//2423 2850//2281 2851//2282
f 2759//2190 2993//2424 2992//2423
f 2993//2424 2994//2425 2992//2423
f 2992//2423 2994//2425 2850//2281
f 2994//2425 2849//2280 2850//2281
f 2758//2189 2995//2426 2993//2424
f 2995//2426 2996//2427 2993//2424
f 2993//2424 2996//2427 2994//2425
f 2996//2427 2997//2428 2994//2425
f 2994//2425 2997//2428 2849//2280
f 2997//2428 2848//2279 2849//2280
f 2757//2188 2998//2429 2995//2426
f 2998//2429 2999//2430 2995//2426
f 2995//2426 2999//2430 2996//2427
f 2999//2430 3000//2431 2996//2427
f 2996//2427 3000//2431 2997//2428
f 3000//2431 3001//2432 2997//2428
f 2997//2428 3001//2432 2848//2279
f 3001//2432 2847//2278 2848//2279
f 2756//2187 3002//2433 2998//2429
f 3002//2433 3003//2434 2998//2429
f 2998//2429 3003//2434 2999//2430
f 3003//2434 3004//2435 2999//2430
f 2999//2430 3004//2435 3000//2431
f 3004//2435 3005//2436 3000//2431
f 3000//2431 3005//2436 3001//2432
f 3005//2436 3006//2437 3001//2432
f 3001//2432 3006//2437 2847//2278
f 3006//2437 2846//2277 2847//2278
f 2755//2186 3007//2438 3002//2433
f 3007//2438 3008//2439 3002//2433
f 3002//2433 3008//2439 3003//2434
f 3008//2439 3009//2440 3003//2434
f 3003//2434 3009//2440 3004//2435
f 3009//2440 3010//2441 3004//2435
f 3004//2435 3010//2441 3005//2436
f 3010//2441 3011//2442 3005//2436
f 3005//2436 3011//2442 3006//2437
f 3011//2442 3012//2443 3006//2437
f 3006//2437 3012//2443 2846//2277
f 3012//2443 2845//2276 2846//2277
f 2754//2185 2809//2240 3007//2438
f 2809//2240 2808//2239 3007//2438
f 3007//2438 2808//2239 3008//2439
f 2808//2239 2807//2238 3008//2439
f 3008//2439 2807//2238 3009//2440
f 2807//2238 2806//2237 3009//2440
f 3009//2440 2806//2237 3010//2441
f 2806//2237 2805//2236 3010//2441
f 3010//2441 2805//2236 3011//2442
f 2805//2236 2804//2235 3011//2442
f 3011//2442 2804//2235 3012//2443
f 2804//2235 2803//2234 3012//2443
f 3012//2443 2803//2234 2845//2276
f 2803//2234 2674//2105 2845//2276
f 2816//2247 2844//2275 2674//2105
f 2815//2246 3013//2444 2816//2247
f 2814//2245 3014//2445 2815//2246
f 2813//2244 3016//2447 2814//2245
f 2812//2243 3019//2450 2813//2244
f 2811//2242 3023//2454 2812//2243
f 2810//2241 3028//2459 2811//2242
f 2816//2247 3013//2444 2844//2275
f 3013//2444 2843//2274 2844//2275
f 2815//2246 3014//2445 3013//2444
f 3014//2445 3015//2446 3013//2444
f 3013//2444 3015//2446 2843//2274
f 3015//2446 2842//2273 2843//2274
f 2814//2245 3016//2447 3014//2445
f 3016//2447 3017//2448 3014//2445
f 3014//2445 3017//2448 3015//2446
f 3017//2448 3018//2449 3015//2446
f 3015//2446 3018//2449 2842//2273
f 3018//2449 2841//2272 2842//2273
f 2813//2244 3019//2450 3016//2447
f 3019//2450 3020//2451 3016//2447
f 3016//2447 3020//2451 3017//2448
f 3020//2451 3021//2452 3017//2448
f 3017//2448 3021//2452 3018//2449
f 3021//2452 3022//2453 3018//2449
f 3018//2449 3022//2453 2841//2272
f 3022//2453 2840//2271 2841//2272
f 2812//2243 3023//2454 3019//2450
f 3023//2454 3024//2455 3019//2450
f 3019//2450 3024//2455 3020//2451
f 3024//2455 3025//2456 3020//2451
f 3020//2451 3025//2456 3021//2452
f 3025//2456 3026//2457 3021//2452
f 3021//2452 3026//2457 3022//2453
f 3026//2457 3027//2458 3022//2453
f 3022//2453 3027//2458 2840//2271
f 3027//2458 2839//2270 2840//2271
f 2811//2242 3028//2459 3023//2454
f 3028//2459 3029//2460 3023//2454
f 3023//2454 3029//2460 3024//2455
f 3029//2460 3030//2461 3024//2455
f 3024//2455 3030//2461 3025//2456
f 3030//2461 3031//2462 3025//2456
f 3025//2456 3031//2462 3026//2457
f 3031//2462 3032//2463 3026//2457
f 3026//2457 3032//2463 3027//2458
f 3032//2463 3033//2464 3027//2458
f 3027//2458 3033//2464 2839//2270
f 3033//2464 2838//2269 2839//2270
f 2810//2241 2795//2226 3028//2459
f 2795//2226 2794//2225 3028//2459
f 3028//2459 2794//2225 3029//2460
f 2794//2225 2793//2224 3029//2460
f 3029//2460 2793//2224 3030//2461
f 2793//2224 2792//2223 3030//2461
f 3030//2461 2792//2223 3031//2462
f 2792//2223 2791//2222 3031//2462
f 3031//2462 2791//2222 3032//2463
f 2791//2222 2790//2221 3032//2463
f 3032//2463 2790//2221 3033//2464
f 2790//2221 2789//2220 3033//2464
f 3033//2464 2789//2220 2838//2269
f 2789//2220 2673//2104 2838//2269
f 2802//2233 2837//2268 2673//2104
f 2801//2232 3034//2465 2802//2233
f 2800//2231 3035//2466 2801//2232
f 2799//2230 3037//2468 2800//2231
f 2798//2229 3040//2471 2799//2230
f 2797//2228 3044//2475 2798//2229
f 2796//2227 3049//2480 2797//2228
f 2802//2233 3034//2465 2837//2268
f 3034//2465 2836//2267 2837//2268
f 2801//2232 3035//2466 3034//2465
f 3035//2466 3036//2467 3034//2465
f 3034//2465 3036//2467 2836//2267
f 3036//2467 2835//2266 2836//2267
f 2800//2231 3037//2468 3035//2466
f 3037//2468 3038//2469 3035//2466
f 3035//2466 3038//2469 3036//2467
f 3038//2469 3039//2470 3036//2467
f 3036//2467 3039//2470 2835//2266
f 3039//2470 2834//2265 2835//2266
f 2799//2230 3040//2471 3037//2468
f 3040//2471 3041//2472 3037//2468
f 3037//2468 3041//2472 3038//2469
f 3041//2472 3042//2473 3038//2469
f 3038//2469 3042//2473 3039//2470
f 3042//2473 3043//2474 3039//2470
f 3039//2470 3043//2474 2834//2265
f 3043//2474 2833//2264 2834//2265
f 2798//2229 3044//2475 3040//2471
f 3044//2475 3045//2476 3040//2471
f 3040//2471 3045//2476 3041//2472
f 3045//2476 3046//2477 3041//2472
f 3041//2472 3046//2477 3042//2473
f 3046//2477 3047//2478 3042//2473
f 3042//2473 3047//2478 3043//2474
f 3047//2478 3048//2479 3043//2474
f 3043//2474 3048//2479 2833//2264
f 3048//2479 2832//2263 2833//2264
f 2797//2228 3049//2480 3044//2475
f 3049//2480 3050//2481 3044//2475
f 3044//2475 3050//2481 3045//2476
f 3050//2481 3051//2482 3045//2476
f 3045//2476 3051//2482 3046//2477
f 3051//2482 3052//2483 3046//2477
f 3046//2477 3052//2483 3047//2478
f 3052//2483 3053//2484 3047//2478
f 3047//2478 3053//2484 3048//2479
f 3053//2484 3054//2485 3048//2479
f 3048//2479 3054//2485 2832//2263
f 3054//2485 2831//2262 2832//2263
f 2796//2227 2781//2212 3049//2480
f 2781//2212 2780//2211 3049//2480
f 3049//2480 2780//2211 3050//2481
f 2780//2211 2779//2210 3050//2481
f 3050//2481 2779//2210 3051//2482
f 2779//2210 2778//2209 3051//2482
f 3051//2482 2778//2209 3052//2483
f 2778//2209 2777//2208 3052//2483
f 3052//2483 2777//2208 3053//2484
f 2777//2208 2776//2207 3053//2484
f 3053//2484 2776//2207 3054//2485
f 2776//2207 2775//2206 3054//2485
f 3054//2485 2775//2206 2831//2262
f 2775//2206 2672//2103 2831//2262
f 2788//2219 2830//2261 2672//2103
f 2787//2218 3055//2486 2788//2219
f 2786//2217 3056//2487 2787//2218
f 2785//2216 3058//2489 2786//2217
f 2784//2215 3061//2492 2785//2216
f 2783//2214 3065//2496 2784//2215
f 2782//2213 3070//2501 2783//2214
f 2788//2219 3055//2486 2830//2261
f 3055//2486 2829//2260 2830//2261
f 2787//2218 3056//2487 3055//2486
f 3056//2487 3057//2488 3055//2486
f 3055//2486 3057//2488 2829//2260
f 3057//2488 2828//2259 2829//2260
f 2786//2217 3058//2489 3056//2487
f 3058//2489 3059//2490 3056//2487
f 3056//2487 3059//2490 3057//2488
f 3059//2490 3060//2491 3057//2488
f 3057//2488 3060//2491 2828//2259
f 3060//2491 2827//2258 2828//2259
f 2785//2216 3061//2492 3058//2489
f 3061//2492 3062//2493 3058//2489
f 3058//2489 3062//2493 3059//2490
f 3062//2493 3063//2494 3059//2490
f 3059//2490 3063//2494 3060//2491
f 3063//2494 3064//2495 3060//2491
f 3060//2491 3064//2495 2827//2258
f 3064//2495 2826//2257 2827//2258
f 2784//2215 3065//2496 3061//2492
f 3065//2496 3066//2497 3061//2492
f 3061//2492 3066//2497 3062//2493
f 3066//2497 3067//2498 3062//2493
f 3062//2493 3067//2498 3063//2494
f 3067//2498 3068//2499 3063//2494
f 3063//2494 3068//2499 3064//2495
f 3068//2499 3069//2500 3064//2495
f 3064//2495 3069//2500 2826//2257
f 3069//2500 2825//2256 2826//2257
f 2783//2214 3070//2501 3065//2496
f 3070//2501 3071//2502 3065//2496
f 3065//2496 3071//2502 3066//2497
f 3071//2502 3072//2503 3066//2497
f 3066//2497 3072//2503 3067//2498
f 3072//2503 3073//2504 3067//2498
f 3067//2498 3073//2504 3068//2499
f 3073//2504 3074//2505 3068//2499
f 3068//2499 3074//2505 3069//2500
f 3074//2505 3075//2506 3069//2500
f 3069//2500 3075//2506 2825//2256
f 3075//2506 2824//2255 2825//2256
f 2782//2213 2767//2198 3070//2501
f 2767//2198 2766//2197 3070//2501
f 3070//2501 2766//2197 3071//2502
f 2766//2197 2765//2196 3071//2502
f 3071//2502 2765//2196 3072//2503
f 2765//2196 2764//2195 3072//2503
f 3072//2503 2764//2195 3073//2504
f 2764//2195 2763//2194 3073//2504
f 3073//2504 2763//2194 3074//2505
f 2763//2194 2762//2193 3074//2505
f 3074//2505 2762//2193 3075//2506
f 2762//2193 2761//2192 3075//2506
f 3075//2506 2761//2192 2824//2255
f 2761//2192 2671//2102 2824//2255
f 2774//2205 2823//2254 2671//2102
f 2773//2204 3076//2507 2774//2205
f 2772//2203 3077//2508 2773//2204
f 2771//2202 3079//2510 2772//2203
f 2770//2201 3082//2513 2771//2202
f 2769//2200 3086//2517 2770//2201
f 2768//2199 3091//2522 2769//2200
f 2774//2205 3076//2507 2823//2254
f 3076//2507 2822//2253 2823//2254
f 2773//2204 3077//2508 3076//2507
f 3077//2508 3078//2509 3076//2507
f 3076//2507 3078//2509 2822//2253
f 3078//2509 2821//2252 2822//2253
f 2772//2203 3079//2510 3077//2508
f 3079//2510 3080//2511 3077//2508
f 3077//2508 3080//2511 3078//2509
f 3080//2511 3081//2512 3078//2509
f 3078//2509 3081//2512 2821//2252
f 3081//2512 2820//2251 2821//2252
f 2771//2202 3082//2513 3079//2510
f 3082//2513 3083//2514 3079//2510
f 3079//2510 3083//2514 3080//2511
f 3083//2514 3084//2515 3080//2511
f 3080//2511 3084//2515 3081//2512
f 3084//2515 3085//2516 3081//2512
f 3081//2512 3085//2516 2820//2251
f 3085//2516 2819//2250 2820//2251
f 2770//2201 3086//2517 3082//2513
f 3086//2517 3087//2518 3082//2513
f 3082//2513 3087//2518 3083//2514
f 3087//2518 3088//2519 3083//2514
f 3083//2514 3088//2519 3084//2515
f 3088//2519 3089//2520 3084//2515
f 3084//2515 3089//2520 3085//2516
f 3089//2520 3090//2521 3085//2516
f 3085//2516 3090//2521 2819//2250
f 3090//2521 2818//2249 2819//2250
f 2769//2200 3091//2522 3086//2517
f 3091//2522 3092//2523 3086//2517
f 3086//2517 3092//2523 3087//2518
f 3092//2523 3093//2524 3087//2518
f 3087//2518 3093//2524 3088//2519
f 3093//2524 3094//2525 3088//2519
f 3088//2519 3094//2525 3089//2520
f 3094//2525 3095//2526 3089//2520
f 3089//2520 3095//2526 3090//2521
f 3095//2526 3096//2527 3090//2521
f 3090//2521 3096//2527 2818//2249
f 3096//2527 2817//2248 2818//2249
f 2768//2199 2753//2184 3091//2522
f 2753//2184 2752//2183 3091//2522
f 3091//2522 2752//2183 3092//2523
f 2752//2183 2751//2182 3092//2523
f 3092//2523 2751//2182 3093//2524
f 2751//2182 2750//2181 3093//2524
f 3093//2524 2750//2181 3094//2525
f 2750//2181 2749//2180 3094//2525
f 3094//2525 2749//2180 3095//2526
f 2749//2180 2748//2179 3095//2526
f 3095//2526 2748//2179 3096//2527
f 2748//2179 2747//2178 3096//2527
f 3096//2527 2747//2178 2817//2248
f 2747//2178 2675//2106 2817//2248
f 2803//2234 2816//2247 2674//2105
f 2804//2235 3097//2528 2803//2234
f 2805//2236 3098//2529 2804//2235
f 2806//2237 3100//2531 2805//2236
f 2807//2238 3103//2534 2806//2237
f 2808//2239 3107//2538 2807//2238
f 2809//2240 3112//2543 2808//2239
f 2803//2234 3097//2528 2816//2247
f 3097//2528 2815//2246 2816//2247
f 2804//2235 3098//2529 3097//2528
f 3098//2529 3099//2530 3097//2528
f 3097//2528 3099//2530 2815//2246
f 3099//2530 2814//2245 2815//2246
f 2805//2236 3100//2531 3098//2529
f 3100//2531 3101//2532 3098//2529
f 3098//2529 3101//2532 3099//2530
f 3101//2532 3102//2533 3099//2530
f 3099//2530 3102//2533 2814//2245
f 3102//2533 2813//2244 2814//2245
f 2806//2237 3103//2534 3100//2531
f 3103//2534 3104//2535 3100//2531
f 3100//2531 3104//2535 3101//2532
f 3104//2535 3105//2536 3101//2532
f 3101//2532 3105//2536 3102//2533
f 3105//2536 3106//2537 3102//2533
f 3102//2533 3106//2537 2813//2244
f 3106//2537 2812//2243 2813//2244
f 2807//2238 3107//2538 3103//2534
f 3107//2538 3108//2539 3103//2534
f 3103//2534 3108//2539 3104//2535
f 3108//2539 3109//2540 3104//2535
f 3104//2535 3109//2540 3105//2536
f 3109//2540 3110//2541 3105//2536
f 3105//2536 3110//2541 3106//2537
f 3110//2541 3111//2542 3106//2537
f 3106//2537 3111//2542 2812//2243
f 3111//2542 2811//2242 2812//2243
f 2808//2239 3112//2543 3107//2538
f 3112//2543 3113//2544 3107//2538
f 3107//2538 3113//2544 3108//2539
f 3113//2544 3114//2545 3108//2539
f 3108//2539 3114//2545 3109//2540
f 3114//2545 3115//2546 3109//2540
f 3109//2540 3115//2546 3110//2541
f 3115//2546 3116//2547 3110//2541
f 3110//2541 3116//2547 3111//2542
f 3116//2547 3117//2548 3111//2542
f 3111//2542 3117//2548 2811//2242
f 3117//2548 2810//2241 2811//2242
f 2809//2240 2746//2177 3112//2543
f 2746//2177 2745//2176 3112//2543
f 3112//2543 2745//2176 3113//2544
f 2745//2176 2744//2175 3113//2544
f 3113//2544 2744//2175 3114//2545
f 2744//2175 2743//2174 3114//2545
f 3114//2545 2743//2174 3115//2546
f 2743//2174 2742//2173 3115//2546
f 3115//2546 2742//2173 3116//2547
f 2742//2173 2741//2172 3116//2547
f 3116//2547 2741//2172 3117//2548
f 2741//2172 2740//2171 3117//2548
f 3117//2548 2740//2171 2810//2241
f 2740//2171 2669//2100 2810//2241
f 2789//2220 2802//2233 2673//2104
f 2790//2221 3118//2549 2789//2220
f 2791//2222 3119//2550 2790//2221
f 2792//2223 3121//2552 2791//2222
f 2793//2224 3124//2555 2792//2223
f 2794//2225 3128//2559 2793//2224
f 2795//2226 3133//2564 2794//2225
f 2789//2220 3118//2549 2802//2233
f 3118//2549 2801//2232 2802//2233
f 2790//2221 3119//2550 3118//2549
f 3119//2550 3120//2551 3118//2549
f 3118//2549 3120//2551 2801//2232
f 3120//2551 2800//2231 2801//2232
f 2791//2222 3121//2552 3119//2550
f 3121//2552 3122//2553 3119//2550
f 3119//2550 3122//2553 3120//2551
f 3122//2553 3123//2554 3120//2551
f 3120//2551 3123//2554 2800//2231
f 3123//2554 2799//2230 2800//2231
f 2792//2223 3124//2555 3121//2552
f 3124//2555 3125//2556 3121//2552
f 3121//2552 3125//2556 3122//2553
f 3125//2556 3126//2557 3122//2553
f 3122//2553 3126//2557 3123//2554
f 3126//2557 3127//2558 3123//2554
f 3123//2554 3127//2558 2799//2230
f 3127//2558 2798//2229 2799//2230
f 2793//2224 3128//2559 3124//2555
f 3128//2559 3129//2560 3124//2555
f 3124//2555 3129//2560 3125//2556
f 3129//2560 3130//2561 3125//2556
f 3125//2556 3130//2561 3126//2557
f 3130//2561 3131//2562 3126//2557
f 3126//2557 3131//2562 3127//2558
f 3131//2562 3132//2563 3127//2558
f 3127//2558 3132//2563 2798//2229
f 3132//2563 2797//2228 2798//2229
f 2794//2225 3133//2564 3128//2559
f 3133//2564 3134//2565 3128//2559
f 3128//2559 3134//2565 3129//2560
f 3134//2565 3135//2566 3129//2560
f 3129//2560 3135//2566 3130//2561
f 3135//2566 3136//2567 3130//2561
f 3130//2561 3136//2567 3131//2562
f 3136//2567 3137//2568 3131//2562
f 3131//2562 3137//2568 3132//2563
f 3137//2568 3138//2569 3132//2563
f 3132//2563 3138//2569 2797//2228
f 3138//2569 2796//2227 2797//2228
f 2795//2226 2739//2170 3133//2564
f 2739//2170 2738//2169 3133//2564
f 3133//2564 2738//2169 3134//2565
f 2738//2169 2737//2168 3134//2565
f 3134//2565 2737//2168 3135//2566
f 2737//2168 2736//2167 3135//2566
f 3135//2566 2736//2167 3136//2567
f 2736//2167 2735//2166 3136//2567
f 3136//2567 2735//2166 3137//2568
f 2735//2166 2734//2165 3137//2568
f 3137//2568 2734//2165 3138//2569
f 2734//2165 2733//2164 3138//2569
f 3138//2569 2733//2164 2796//2227
f 2733//2164 2668//2099 2796//2227
f 2775//2206 2788//2219 2672//2103
f 2776//2207 3139//2570 2775//2206
f 2777//2208 3140//2571 2776//2207
f 2778//2209 3142//2573 2777//2208
f 2779//2210 3145//2576 2778//2209
f 2780//2211 3149//2580 2779//2210
f 2781//2212 3154//2585 2780//2211
f 2775//2206 3139//2570 2788//2219
f 3139//2570 2787//2218 2788//2219
f 2776//2207 3140//2571 3139//2570
f 3140//2571 3141//2572 3139//2570
f 3139//2570 3141//2572 2787//2218
f 3141//2572 2786//2217 2787//2218
f 2777//2208 3142//2573 3140//2571
f 3142//2573 3143//2574 3140//2571
f 3140//2571 3143//2574 3141//2572
f 3143//2574 3144//2575 3141//2572
f 3141//2572 3144//2575 2786//2217
f 3144//2575 2785//2216 2786//2217
f 2778//2209 3145//2576 3142//2573
f 3145//2576 3146//2577 3142//2573
f 3142//2573 3146//2577 3143//2574
f 3146//2577 3147//2578 3143//2574
f 3143//2574 3147//2578 3144//2575
f 3147//2578 3148//2579 3144//2575
f 3144//2575 3148//2579 2785//2216
f 3148//2579 2784//2215 2785//2216
f 2779//2210 3149//2580 3145//2576
f 3149//2580 3150//2581 3145//2576
f 3145//2576 3150//2581 3146//2577
f 3150//2581 3151//2582 3146//2577
f 3146//2577 3151//2582 3147//2578
f 3151//2582 3152//2583 3147//2578
f 3147//2578 3152//2583 3148//2579
f 3152//2583 3153//2584 3148//2579
f 3148//2579 3153//2584 2784//2215
f 3153//2584 2783//2214 2784//2215
f 2780//2211 3154//2585 3149//2580
f 3154//2585 3155//2586 3149//2580
f 3149//2580 3155//2586 3150//2581
f 3155//2586 3156//2587 3150//2581
f 3150//2581 3156//2587 3151//2582
f 3156//2587 3157//2588 3151//2582
f 3151//2582 3157//2588 3152//2583
f 3157//2588 3158//2589 3152//2583
f 3152//2583 3158//2589 3153//2584
f 3158//2589 3159//2590 3153//2584
f 3153//2584 3159//2590 2783//2214
f 3159//2590 2782//2213 2783//2214
f 2781//2212 2725//2156 3154//2585
f 2725//2156 2724//2155 3154//2585
f 3154//2585 2724//2155 3155//2586
f 2724//2155 2723//2154 3155//2586
f 3155//2586 2723//2154 3156//2587
f 2723//2154 2722//2153 3156//2587
f 3156//2587 2722//2153 3157//2588
f 2722//2153 2721//2152 3157//2588
f 3157//2588 2721//2152 3158//2589
f 2721//2152 2720//2151 3158//2589
f 3158//2589 2720//2151 3159//2590
f 2720//2151 2719//2150 3159//2590
f 3159//2590 2719//2150 2782//2213
f 2719//2150 2667//2098 2782//2213
f 2761//2192 2774//2205 2671//2102
f 2762//2193 3160//2591 2761//2192
f 2763//2194 3161//2592 2762//2193
f 2764//2195 3163//2594 2763//2194
f 2765//2196 3166//2597 2764//2195
f 2766//2197 3170//2601 2765//2196
f 2767//2198 3175//2606 2766//2197
f 2761//2192 3160//2591 2774//2205
f 3160//2591 2773//2204 2774//2205
f 2762//2193 3161//2592 3160//2591
f 3161//2592 3162//2593 3160//2591
f 3160//2591 3162//2593 2773//2204
f 3162//2593 2772//2203 2773//2204
f 2763//2194 3163//2594 3161//2592
f 3163//2594 3164//2595 3161//2592
f 3161//2592 3164//2595 3162//2593
f 3164//2595 3165//2596 3162//2593
f 3162//2593 3165//2596 2772//2203
f 3165//2596 2771//2202 2772//2203
f 2764//2195 3166//2597 3163//2594
f 3166//2597 3167//2598 3163//2594
f 3163//2594 3167//2598 3164//2595
f 3167//2598 3168//2599 3164//2595
f 3164//2595 3168//2599 3165//2596
f 3168//2599 3169//2600 3165//2596
f 3165//2596 3169//2600 2771//2202
f 3169//2600 2770//2201 2771//2202
f 2765//2196 3170//2601 3166//2597
f 3170//2601 3171//2602 3166//2597
f 3166//2597 3171//2602 3167//2598
f 3171//2602 3172//2603 3167//2598
f 3167//2598 3172//2603 3168//2599
f 3172//2603 3173//2604 3168//2599
f 3168//2599 3173//2604 3169//2600
f 3173//2604 3174//2605 3169//2600
f 3169//2600 3174//2605 2770//2201
f 3174//2605 2769//2200 2770//2201
f 2766//2197 3175//2606 3170//2601
f 3175//2606 3176//2607 3170//2601
f 3170//2601 3176//2607 3171//2602
f 3176//2607 3177//2608 3171//2602
f 3171//2602 3177//2608 3172//2603
f 3177//2608 3178//2609 3172//2603
f 3172//2603 3178//2609 3173//2604
f 3178//2609 3179//2610 3173//2604
f 3173//2604 3179//2610 3174//2605
f 3179//2610 3180//2611 3174//2605
f 3174//2605 3180//2611 2769//2200
f 3180//2611 2768//2199 2769//2200
f 2767//2198 2697//2128 3175//2606
f 2697//2128 2696//2127 3175//2606
f 3175//2606 2696//2127 3176//2607
f 2696//2127 2695//2126 3176//2607
f 3176//2607 2695//2126 3177//2608
f 2695//2126 2694//2125 3177//2608
f 3177//2608 2694//2125 3178//2609
f 2694//2125 2693//2124 3178//2609
f 3178//2609 2693//2124 3179//2610
f 2693//2124 2692//2123 3179//2610
f 3179//2610 2692//2123 3180//2611
f 2692//2123 2691//2122 3180//2611
f 3180//2611 2691//2122 2768//2199
f 2691//2122 2666//2097 2768//2199
f 2747//2178 2760//2191 2675//2106
f 2748//2179 3181//2612 2747//2178
f 2749//2180 3182//2613 2748//2179
f 2750//2181 3184//2615 2749//2180
f 2751//2182 3187//2618 2750//2181
f 2752//2183 3191//2622 2751//2182
f 2753//2184 3196//2627 2752//2183
f 2747//2178 3181//2612 2760//2191
f 3181//2612 2759//2190 2760//2191
f 2748//2179 3182//2613 3181//2612
f 3182//2613 3183//2614 3181//2612
f 3181//2612 3183//2614 2759//2190
f 3183//2614 2758//2189 2759//2190
f 2749//2180 3184//2615 3182//2613
f 3184//2615 3185//2616 3182//2613
f 3182//2613 3185//2616 3183//2614
f 3185//2616 3186//2617 3183//2614
f 3183//2614 3186//2617 2758//2189
f 3186//2617 2757//2188 2758//2189
f 2750//2181 3187//2618 3184//2615
f 3187//2618 3188//2619 3184//2615
f 3184//2615 3188//2619 3185//2616
f 3188//2619 3189//2620 3185//2616
f 3185//2616 3189//2620 3186//2617
f 3189//2620 3190//2621 3186//2617
f 3186//2617 3190//2621 2757//2188
f 3190//2621 2756//2187 2757//2188
f 2751//2182 3191//2622 3187//2618
f 3191//2622 3192//2623 3187//2618
f 3187//2618 3192//2623 3188//2619
f 3192//2623 3193//2624 3188//2619
f 3188//2619 3193//2624 3189//2620
f 3193//2624 3194//2625 3189//2620
f 3189//2620 3194//2625 3190//2621
f 3194//2625 3195//2626 3190//2621
f 3190//2621 3195//2626 2756//2187
f 3195//2626 2755//2186 2756//2187
f 2752//2183 3196//2627 3191//2622
f 3196//2627 3197//2628 3191//2622
f 3191//2622 3197//2628 3192//2623
f 3197//2628 3198//2629 3192//2623
f 3192//2623 3198//2629 3193//2624
f 3198//2629 3199//2630 3193//2624
f 3193//2624 3199//2630 3194//2625
f 3199//2630 3200//2631 3194//2625
f 3194//2625 3200//2631 3195//2626
f 3200//2631 3201//2632 3195//2626
f 3195//2626 3201//2632 2755//2186
f 3201//2632 2754//2185 2755//2186
f 2753//2184 2704//2135 3196//2627
f 2704//2135 2703//2134 3196//2627
f 3196//2627 2703//2134 3197//2628
f 2703//2134 2702//2133 3197//2628
f 3197//2628 2702//2133 3198//2629
f 2702//2133 2701//2132 3198//2629
f 3198//2629 2701//2132 3199//2630
f 2701//2132 2700//2131 3199//2630
f 3199//2630 2700//2131 3200//2631
f 2700//2131 2699//2130 3200//2631
f 3200//2631 2699//2130 3201//2632
f 2699//2130 2698//2129 3201//2632
f 3201//2632 2698//2129 2754//2185
f 2698//2129 2670//2101 2754//2185
f 2711//2142 2746//2177 2670//2101
f 2710//2141 3202//2633 2711//2142
f 2709//2140 3203//2634 2710//2141
f 2708//2139 3205//2636 2709//2140
f 2707//2138 3208//2639 2708//2139
f 2706//2137 3212//2643 2707//2138
f 2705//2136 3217//2648 2706//2137
f 2711//2142 3202//2633 2746//2177
f 3202//2633 2745//2176 2746//2177
f 2710//2141 3203//2634 3202//2633
f 3203//2634 3204//2635 3202//2633
f 3202//2633 3204//2635 2745//2176
f 3204//2635 2744//2175 2745//2176
f 2709//2140 3205//2636 3203//2634
f 3205//2636 3206//2637 3203//2634
f 3203//2634 3206//2637 3204//2635
f 3206//2637 3207//2638 3204//2635
f 3204//2635 3207//2638 2744//2175
f 3207//2638 2743//2174 2744//2175
f 2708//2139 3208//2639 3205//2636
f 3208//2639 3209//2640 3205//2636
f 3205//2636 3209//2640 3206//2637
f 3209//2640 3210//2641 3206//2637
f 3206//2637 3210//2641 3207//2638
f 3210//2641 3211//2642 3207//2638
f 3207//2638 3211//2642 2743//2174
f 3211//2642 2742//2173 2743//2174
f 2707//2138 3212//2643 3208//2639
f 3212//2643 3213//2644 3208//2639
f 3208//2639 3213//2644 3209//2640
f 3213//2644 3214//2645 3209//2640
f 3209//2640 3214//2645 3210//2641
f 3214//2645 3215//2646 3210//2641
f 3210//2641 3215//2646 3211//2642
f 3215//2646 3216//2647 3211//2642
f 3211//2642 3216//2647 2742//2173
f 3216//2647 2741//2172 2742//2173
f 2706//2137 3217//2648 3212//2643
f 3217//2648 3218//2649 3212//2643
f 3212//2643 3218//2649 3213//2644
f 3218//2649 3219//2650 3213//2644
f 3213//2644 3219//2650 3214//2645
f 3219//2650 3220//2651 3214//2645
f 3214//2645 3220//2651 3215//2646
f 3220//2651 3221//2652 3215//2646
f 3215//2646 3221//2652 3216//2647
f 3221//2652 3222//2653 3216//2647
f 3216//2647 3222//2653 2741//2172
f 3222//2653 2740//2171 2741//2172
f 2705//2136 2732//2163 3217//2648
f 2732//2163 2731//2162 3217//2648
f 3217//2648 2731//2162 3218//2649
f 2731//2162 2730//2161 3218//2649
f 3218//2649 2730//2161 3219//2650
f 2730//2161 2729//2160 3219//2650
f 3219//2650 2729//2160 3220//2651
f 2729//2160 2728//2159 3220//2651
f 3220//2651 2728//2159 3221//2652
f 2728//2159 2727//2158 3221//2652
f 3221//2652 2727//2158 3222//2653
f 2727//2158 2726//2157 3222//2653
f 3222//2653 2726//2157 2740//2171
f 2726//2157 2669//2100 2740//2171
f 2726//2157 2739//2170 2669//2100
f 2727//2158 3223//2654 2726//2157
f 2728//2159 3224//2655 2727//2158
f 2729//2160 3226//2657 2728//2159
f 2730//2161 3229//2660 2729//2160
f 2731//2162 3233//2664 2730//2161
f 2732//2163 3238//2669 2731//2162
f 2726//2157 3223//2654 2739//2170
f 3223//2654 2738//2169 2739//2170
f 2727//2158 3224//2655 3223//2654
f 3224//2655 3225//2656 3223//2654
f 3223//2654 3225//2656 2738//2169
f 3225//2656 2737//2168 2738//2169
f 2728//2159 3226//2657 3224//2655
f 3226//2657 3227//2658 3224//2655
f 3224//2655 3227//2658 3225//2656
f 3227//2658 3228//2659 3225//2656
f 3225//2656 3228//2659 2737//2168
f 3228//2659 2736//2167 2737//2168
f 2729//2160 3229//2660 3226//2657
f 3229//2660 3230//2661 3226//2657
f 3226//2657 3230//2661 3227//2658
f 3230//2661 3231//2662 3227//2658
f 3227//2658 3231//2662 3228//2659
f 3231//2662 3232//2663 3228//2659
f 3228//2659 3232//2663 2736//2167
f 3232//2663 2735//2166 2736//2167
f 2730//2161 3233//2664 3229//2660
f 3233//2664 3234//2665 3229//2660
f 3229//2660 3234//2665 3230//2661
f 3234//2665 3235//2666 3230//2661
f 3230//2661 3235//2666 3231//2662
f 3235//2666 3236//2667 3231//2662
f 3231//2662 3236//2667 3232//2663
f 3236//2667 3237//2668 3232//2663
f 3232//2663 3237//2668 2735//2166
f 3237//2668 2734//2165 2735//2166
f 2731//2162 3238//2669 3233//2664
f 3238//2669 3239//2670 3233//2664
f 3233//2664 3239//2670 3234//2665
f 3239//2670 3240//2671 3234//2665
f 3234//2665 3240//2671 3235//2666
f 3240//2671 3241//2672 3235//2666
f 3235//2666 3241//2672 3236//2667
f 3241//2672 3242//2673 3236//2667
f 3236//2667 3242//2673 3237//2668
f 3242//2673 3243//2674 3237//2668
f 3237//2668 3243//2674 2734//2165
f 3243//2674 2733//2164 2734//2165
f 2732//2163 2718//2149 3238//2669
f 2718//2149 2717//2148 3238//2669
f 3238//2669 2717//2148 3239//2670
f 2717//2148 2716//2147 3239//2670
f 3239//2670 2716//2147 3240//2671
f 2716//2147 2715//2146 3240//2671
f 3240//2671 2715//2146 3241//2672
f 2715//2146 2714//2145 3241//2672
f 3241//2672 2714//2145 3242//2673
f 2714//2145 2713//2144 3242//2673
f 3242//2673 2713//2144 3243//2674
f 2713//2144 2712//2143 3243//2674
f 3243//2674 2712//2143 2733//2164
f 2712//2143 2668//2099 2733//2164
f 2712//2143 2725//2156 2668//2099
f 2713//2144 3244//2675 2712//2143
f 2714//2145 3245//2676 2713//2144
f 2715//2146 3247//2678 2714//2145
f 2716//2147 3250//2681 2715//2146
f 2717//2148 3254//2685 2716//2147
f 2718//2149 3259//2690 2717//2148
f 2712//2143 3244//2675 2725//2156
f 3244//2675 2724//2155 2725//2156
f 2713//2144 3245//2676 3244//2675
f 3245//2676 3246//2677 3244//2675
f 3244//2675 3246//2677 2724//2155
f 3246//2677 2723//2154 2724//2155
f 2714//2145 3247//2678 3245//2676
f 3247//2678 3248//2679 3245//2676
f 3245//2676 3248//2679 3246//2677
f 3248//2679 3249//2680 3246//2677
f 3246//2677 3249//2680 2723//2154
f 3249//2680 2722//2153 2723//2154
f 2715//2146 3250//2681 3247//2678
f 3250//2681 3251//2682 3247//2678
f 3247//2678 3251//2682 3248//2679
f 3251//2682 3252//2683 3248//2679
f 3248//2679 3252//2683 3249//2680
f 3252//2683 3253//2684 3249//2680
f 3249//2680 3253//2684 2722//2153
f 3253//2684 2721//2152 2722//2153
f 2716//2147 3254//2685 3250//2681
f 3254//2685 3255//2686 3250//2681
f 3250//2681 3255//2686 3251//2682
f 3255//2686 3256//2687 3251//2682
f 3251//2682 3256//2687 3252//2683
f 3256//2687 3257//2688 3252//2683
f 3252//2683 3257//2688 3253//2684
f 3257//2688 3258//2689 3253//2684
f 3253//2684 3258//2689 2721//2152
f 3258//2689 2720//2151 2721//2152
f 2717//2148 3259//2690 3254//2685
f 3259//2690 3260//2691 3254//2685
f 3254//2685 3260//2691 3255//2686
f 3260//2691 3261//2692 3255//2686
f 3255//2686 3261//2692 3256//2687
f 3261//2692 3262//2693 3256//2687
f 3256//2687 3262//2693 3257//2688
f 3262//2693 3263//2694 3257//2688
f 3257//2688 3263//2694 3258//2689
f 3263//2694 3264//2695 3258//2689
f 3258//2689 3264//2695 2720//2151
f 3264//2695 2719//2150 2720//2151
f 2718//2149 2683//2114 3259//2690
f 2683//2114 2682//2113 3259//2690
f 3259//2690 2682//2113 3260//2691
f 2682//2113 2681//2112 3260//2691
f 3260//2691 2681//2112 3261//2692
f 2681//2112 2680//2111 3261//2692
f 3261//2692 2680//2111 3262//2693
f 2680//2111 2679//2110 3262//2693
f 3262//2693 2679//2110 3263//2694
f 2679//2110 2678//2109 3263//2694
f 3263//2694 2678//2109 3264//2695
f 2678//2109 2677//2108 3264//2695
f 3264//2695 2677//2108 2719//2150
f 2677//2108 2667//2098 2719//2150
f 2698//2129 2711//2142 2670//2101
f 2699//2130 3265//2696 2698//2129
f 2700//2131 3266//2697 2699//2130
f 2701//2132 3268//2699 2700//2131
f 2702//2133 3271//2702 2701//2132
f 2703//2134 3275//2706 2702//2133
f 2704//2135 3280//2711 2703//2134
f 2698//2129 3265//2696 2711//2142
f 3265//2696 2710//2141 2711//2142
f 2699//2130 3266//2697 3265//2696
f 3266//2697 3267//2698 3265//2696
f 3265//2696 3267//2698 2710//2141
f 3267//2698 2709//2140 2710//2141
f 2700//2131 3268//2699 3266//2697
f 3268//2699 3269//2700 3266//2697
f 3266//2697 3269//2700 3267//2698
f 3269//2700 3270//2701 3267//2698
f 3267//2698 3270//2701 2709//2140
f 3270//2701 2708//2139 2709//2140
f 2701//2132 3271//2702 3268//2699
f 3271//2702 3272//2703 3268//2699
f 3268//2699 3272//2703 3269//2700
f 3272//2703 3273//2704 3269//2700
f 3269//2700 3273//2704 3270//2701
f 3273//2704 3274//2705 3270//2701
f 3270//2701 3274//2705 2708//2139
f 3274//2705 2707//2138 2708//2139
f 2702//2133 3275//2706 3271//2702
f 3275//2706 3276//2707 3271//2702
f 3271//2702 3276//2707 3272//2703
f 3276//2707 3277//2708 3272//2703
f 3272//2703 3277//2708 3273//2704
f 3277//2708 3278//2709 3273//2704
f 3273//2704 3278//2709 3274//2705
f 3278//2709 3279//2710 3274//2705
f 3274//2705 3279//2710 2707//2138
f 3279//2710 2706//2137 2707//2138
f 2703//2134 3280//2711 3275//2706
f 3280//2711 3281//2712 3275//2706
f 3275//2706 3281//2712 3276//2707
f 3281//2712 3282//2713 3276//2707
f 3276//2707 3282//2713 3277//2708
f 3282//2713 3283//2714 3277//2708
f 3277//2708 3283//2714 3278//2709
f 3283//2714 3284//2715 3278//2709
f 3278//2709 3284//2715 3279//2710
f 3284//2715 3285//2716 3279//2710
f 3279//2710 3285//2716 2706//2137
f 3285//2716 2705//2136 2706//2137
f 2704//2135 2690//2121 3280//2711
f 2690//2121 2689//2120 3280//2711
f 3280//2711 2689//2120 3281//2712
f 2689//2120 2688//2119 3281//2712
f 3281//2712 2688//2119 3282//2713
f 2688//2119 2687//2118 3282//2713
f 3282//2713 2687//2118 3283//2714
f 2687//2118 2686//2117 3283//2714
f 3283//2714 2686//2117 3284//2715
f 2686//2117 2685//2116 3284//2715
f 3284//2715 2685//2116 3285//2716
f 2685//2116 2684//2115 3285//2716
f 3285//2716 2684//2115 2705//2136
f 2684//2115 2665//2096 2705//2136
f 2677//2108 2697//2128 2667//2098
f 2678//2109 3286//2717 2677//2108
f 2679//2110 3287//2718 2678//2109
f 2680//2111 3289//2720 2679//2110
f 2681//2112 3292//2723 2680//2111
f 2682//2113 3296//2727 2681//2112
f 2683//2114 3301//2732 2682//2113
f 2677//2108 3286//2717 2697//2128
f 3286//2717 2696//2127 2697//2128
f 2678//2109 3287//2718 3286//2717
f 3287//2718 3288//2719 3286//2717
f 3286//2717 3288//2719 2696//2127
f 3288//2719 2695//2126 2696//2127
f 2679//2110 3289//2720 3287//2718
f 3289//2720 3290//2721 3287//2718
f 3287//2718 3290//2721 3288//2719
f 3290//2721 3291//2722 3288//2719
f 3288//2719 3291//2722 2695//2126
f 3291//2722 2694//2125 2695//2126
f 2680//2111 3292//2723 3289//2720
f 3292//2723 3293//2724 3289//2720
f 3289//2720 3293//2724 3290//2721
f 3293//2724 3294//2725 3290//2721
f 3290//2721 3294//2725 3291//2722
f 3294//2725 3295//2726 3291//2722
f 3291//2722 3295//2726 2694//2125
f 3295//2726 2693//2124 2694//2125
f 2681//2112 3296//2727 3292//2723
f 3296//2727 3297//2728 3292//2723
f 3292//2723 3297//2728 3293//2724
f 3297//2728 3298//2729 3293//2724
f 3293//2724 3298//2729 3294//2725
f 3298//2729 3299//2730 3294//2725
f 3294//2725 3299//2730 3295//2726
f 3299//2730 3300//2731 3295//2726
f 3295//2726 3300//2731 2693//2124
f 3300//2731 2692//2123 2693//2124
f 2682//2113 3301//2732 3296//2727
f 3301//2732 3302//2733 3296//2727
f 3296//2727 3302//2733 3297//2728
f 3302//2733 3303//2734 3297//2728
f 3297//2728 3303//2734 3298//2729
f 3303//2734 3304//2735 3298//2729
f 3298//2729 3304//2735 3299//2730
f 3304//2735 3305//2736 3299//2730
f 3299//2730 3305//2736 3300//2731
f 3305//2736 3306//2737 3300//2731
f 3300//2731 3306//2737 2692//2123
f 3306//2737 2691//2122 2692//2123
f 2683//2114 2684//2115 3301//2732
f 2684//2115 2685//2116 3301//2732
f 3301//2732 2685//2116 3302//2733
f 2685//2116 2686//2117 3302//2733
f 3302//2733 2686//2117 3303//2734
f 2686//2117 2687//2118 3303//2734
f 3303//2734 2687//2118 3304//2735
f 2687//2118 2688//2119 3304//2735
f 3304//2735 2688//2119 3305//2736
f 2688//2119 2689//2120 3305//2736
f 3305//2736 2689//2120 3306//2737
f 2689//2120 2690//2121 3306//2737
f 3306//2737 2690//2121 2691//2122
f 2690//2121 2666//2097 2691//2122
o Orb4
v -10.442025 0.956316 -5.038292
v -9.718418 1.509096 -4.512567
v -10.718413 1.509096 -4.187643
v -11.336452 1.509100 -5.038292
v -10.718413 1.509096 -5.888942
v -9.718418 1.509096 -5.564018
v -10.165637 2.403535 -4.187643
v -11.165632 2.403535 -4.512567
v -11.165632 2.403535 -5.564018
v -10.165637 2.403535 -5.888942
v -9.547599 2.403531 -5.038292
v -10.442025 2.956316 -5.038292
v -10.699962 1.405630 -4.244432
v -10.674847 1.298796 -4.321729
v -10.642714 1.195913 -4.420626
v -10.604481 1.105661 -4.538297
v -10.562438 1.035361 -4.667694
v -10.519631 0.988366 -4.799439
v -10.478873 0.963450 -4.924885
v -10.345554 0.963451 -4.968203
v -10.238844 0.988366 -4.890675
v -10.126775 1.035361 -4.809252
v -10.016703 1.105661 -4.729281
v -9.916606 1.195913 -4.656557
v -9.832479 1.298797 -4.595436
v -9.766726 1.405631 -4.547664
v -9.803573 1.479328 -4.434255
v -9.910085 1.454014 -4.356580
v -10.037017 1.436743 -4.285954
v -10.179156 1.430578 -4.229280
v -10.327461 1.436743 -4.191581
v -10.471664 1.454014 -4.174108
v -10.603491 1.479328 -4.174341
v -9.670254 1.479329 -5.458831
v -9.629296 1.454015 -5.333530
v -9.601353 1.436745 -5.190987
v -9.591377 1.430580 -5.038292
v -9.601353 1.436745 -4.885598
v -9.629296 1.454015 -4.743055
v -9.670254 1.479329 -4.617754
v -10.345554 0.963451 -5.108382
v -10.238844 0.988366 -5.185910
v -10.126775 1.035361 -5.267333
v -10.016703 1.105661 -5.347304
v -9.916606 1.195913 -5.420028
v -9.832479 1.298797 -5.481149
v -9.766726 1.405631 -5.528921
v -11.276741 1.405635 -5.038292
v -11.195467 1.298801 -5.038292
v -11.091481 1.195916 -5.038292
v -10.967755 1.105664 -5.038292
v -10.831698 1.035362 -5.038292
v -10.693172 0.988366 -5.038292
v -10.561270 0.963451 -5.038292
v -10.819208 1.479328 -4.244431
v -10.925997 1.454014 -4.321728
v -11.032391 1.436744 -4.420625
v -11.130215 1.430579 -4.538296
v -11.211897 1.436745 -4.667693
v -11.273076 1.454017 -4.799439
v -11.313590 1.479332 -4.924885
v -10.699962 1.405630 -5.832153
v -10.674847 1.298796 -5.754856
v -10.642714 1.195913 -5.655959
v -10.604481 1.105661 -5.538288
v -10.562438 1.035361 -5.408891
v -10.519631 0.988366 -5.277145
v -10.478873 0.963450 -5.151700
v -11.313590 1.479332 -5.151700
v -11.273076 1.454017 -5.277146
v -11.211897 1.436745 -5.408892
v -11.130215 1.430579 -5.538290
v -11.032391 1.436744 -5.655960
v -10.925997 1.454014 -5.754857
v -10.819208 1.479328 -5.832154
v -10.603491 1.479328 -5.902244
v -10.471664 1.454014 -5.902476
v -10.327461 1.436743 -5.885004
v -10.179156 1.430578 -5.847304
v -10.037017 1.436743 -5.790630
v -9.910085 1.454014 -5.720005
v -9.803573 1.479328 -5.642330
v -9.510838 2.314054 -4.968203
v -9.485399 2.207465 -4.890674
v -9.477314 2.086208 -4.809251
v -9.490968 1.956316 -4.729280
v -9.526927 1.826423 -4.656556
v -9.581327 1.705165 -4.595435
v -9.647478 1.598575 -4.547663
v -9.647478 1.598575 -5.528921
v -9.581327 1.705165 -5.481150
v -9.526927 1.826423 -5.420029
v -9.490968 1.956316 -5.347305
v -9.477314 2.086208 -5.267334
v -9.485399 2.207465 -5.185911
v -9.510838 2.314054 -5.108382
v -10.220936 2.314057 -4.131021
v -10.286810 2.207467 -4.082870
v -10.361750 2.086209 -4.050019
v -10.442025 1.956316 -4.038292
v -10.522301 1.826422 -4.050019
v -10.597240 1.705164 -4.082870
v -10.663115 1.598574 -4.131021
v -9.729875 1.598574 -4.434254
v -9.754867 1.705164 -4.356577
v -9.796185 1.826422 -4.285950
v -9.854239 1.956316 -4.229276
v -9.926080 2.086209 -4.191576
v -10.006019 2.207468 -4.174105
v -10.087616 2.314057 -4.174339
v -11.236572 2.314056 -4.547664
v -11.302723 2.207466 -4.595435
v -11.357123 2.086209 -4.656556
v -11.393083 1.956316 -4.729280
v -11.406736 1.826423 -4.809251
v -11.398651 1.705166 -4.890674
v -11.373213 1.598578 -4.968203
v -10.796434 1.598574 -4.174339
v -10.878032 1.705163 -4.174105
v -10.957971 1.826422 -4.191576
v -11.029811 1.956316 -4.229276
v -11.087865 2.086209 -4.285950
v -11.129184 2.207468 -4.356577
v -11.154176 2.314057 -4.434254
v -11.154176 2.314057 -5.642331
v -11.129184 2.207468 -5.720008
v -11.087865 2.086209 -5.790635
v -11.029811 1.956316 -5.847309
v -10.957971 1.826422 -5.885008
v -10.878032 1.705163 -5.902480
v -10.796434 1.598574 -5.902246
v -11.373213 1.598578 -5.108382
v -11.398651 1.705166 -5.185911
v -11.406736 1.826423 -5.267334
v -11.393083 1.956316 -5.347305
v -11.357123 2.086209 -5.420029
v -11.302723 2.207466 -5.481150
v -11.236572 2.314056 -5.528922
v -10.087616 2.314057 -5.902246
v -10.006019 2.207468 -5.902480
v -9.926080 2.086209 -5.885008
v -9.854239 1.956316 -5.847309
v -9.796185 1.826422 -5.790635
v -9.754867 1.705164 -5.720008
v -9.729875 1.598574 -5.642331
v -10.663115 1.598574 -5.945563
v -10.597240 1.705164 -5.993714
v -10.522301 1.826422 -6.026566
v -10.442025 1.956316 -6.038292
v -10.361750 2.086209 -6.026566
v -10.286810 2.207467 -5.993714
v -10.220936 2.314057 -5.945563
v -9.570460 2.433299 -4.924885
v -9.610974 2.458614 -4.799439
v -9.672153 2.475886 -4.667693
v -9.753836 2.482052 -4.538295
v -9.851660 2.475887 -4.420625
v -9.958054 2.458617 -4.321728
v -10.064842 2.433303 -4.244431
v -10.280560 2.433303 -4.174341
v -10.412386 2.458617 -4.174109
v -10.556589 2.475888 -4.191581
v -10.704894 2.482053 -4.229281
v -10.847034 2.475888 -4.285954
v -10.973966 2.458617 -4.356580
v -11.080478 2.433303 -4.434255
v -11.213797 2.433302 -4.617754
v -11.254754 2.458616 -4.743055
v -11.282698 2.475886 -4.885598
v -11.292673 2.482051 -5.038292
v -11.282698 2.475886 -5.190987
v -11.254754 2.458616 -5.333530
v -11.213797 2.433302 -5.458831
v -11.080478 2.433303 -5.642330
v -10.973966 2.458617 -5.720005
v -10.847034 2.475888 -5.790630
v -10.704894 2.482053 -5.847304
v -10.556589 2.475888 -5.885004
v -10.412386 2.458617 -5.902477
v -10.280560 2.433303 -5.902244
v -10.064842 2.433303 -5.832154
v -9.958054 2.458617 -5.754857
v -9.851660 2.475887 -5.655960
v -9.753836 2.482052 -5.538289
v -9.672153 2.475886 -5.408892
v -9.610974 2.458614 -5.277146
v -9.570460 2.433299 -5.151700
v -10.405177 2.949181 -4.924885
v -10.364419 2.924265 -4.799439
v -10.321612 2.877270 -4.667694
v -10.279570 2.806970 -4.538297
v -10.241337 2.716718 -4.420626
v -10.209204 2.613835 -4.321729
v -10.184089 2.507001 -4.244432
v -9.607309 2.506996 -5.038292
v -9.688583 2.613830 -5.038292
v -9.792569 2.716715 -5.038292
v -9.916295 2.806967 -5.038292
v -10.052352 2.877269 -5.038292
v -10.190878 2.924264 -5.038292
v -10.322781 2.949180 -5.038292
v -10.538496 2.949181 -4.968203
v -10.645206 2.924265 -4.890675
v -10.757276 2.877270 -4.809252
v -10.867348 2.806970 -4.729281
v -10.967444 2.716718 -4.656557
v -11.051572 2.613834 -4.595436
v -11.117325 2.507000 -4.547664
v -10.538496 2.949181 -5.108382
v -10.645206 2.924265 -5.185910
v -10.757276 2.877270 -5.267333
v -10.867348 2.806970 -5.347304
v -10.967444 2.716718 -5.420028
v -11.051572 2.613834 -5.481149
v -11.117325 2.507000 -5.528921
v -10.405177 2.949181 -5.151700
v -10.364419 2.924265 -5.277145
v -10.321612 2.877270 -5.408891
v -10.279570 2.806970 -5.538288
v -10.241337 2.716718 -5.655959
v -10.209204 2.613835 -5.754856
v -10.184089 2.507001 -5.832153
v -10.275827 2.934987 -5.159042
v -10.134858 2.899523 -5.164810
v -10.226780 2.899524 -5.291328
v -9.990650 2.839169 -5.168023
v -10.080225 2.850745 -5.301156
v -10.179163 2.839171 -5.427485
v -9.854242 2.754865 -5.168023
v -9.935297 2.776227 -5.304695
v -10.032074 2.776228 -5.437896
v -10.137012 2.754867 -5.557216
v -9.735767 2.652874 -5.164811
v -9.803832 2.679925 -5.301157
v -9.892017 2.689669 -5.437897
v -9.994816 2.679927 -5.564021
v -10.103456 2.652877 -5.670886
v -9.641004 2.542646 -5.159043
v -9.694659 2.570657 -5.291330
v -9.769938 2.586257 -5.427487
v -9.864195 2.586258 -5.557218
v -9.970427 2.570660 -5.670887
v -10.079659 2.542650 -5.762794
v -10.505507 2.934987 -5.233668
v -10.467433 2.899524 -5.369520
v -10.616163 2.899524 -5.321194
v -10.425927 2.839171 -5.507661
v -10.580222 2.850745 -5.463612
v -10.730941 2.839171 -5.408555
v -10.383776 2.754868 -5.637393
v -10.538804 2.776229 -5.602540
v -10.695392 2.776229 -5.551661
v -10.841297 2.754868 -5.488733
v -10.344110 2.652877 -5.749077
v -10.494815 2.679928 -5.726477
v -10.652113 2.689670 -5.684864
v -10.803829 2.679928 -5.626071
v -10.939034 2.652877 -5.555771
v -10.309340 2.542650 -5.837421
v -10.451734 2.570660 -5.827271
v -10.604488 2.586259 -5.797750
v -10.756996 2.586259 -5.748197
v -10.897927 2.570660 -5.682291
v -11.019092 2.542650 -5.606805
v -10.647457 2.934987 -5.038292
v -10.764894 2.899524 -5.116484
v -10.764894 2.899524 -4.960101
v -10.883448 2.839170 -5.198647
v -10.889235 2.850745 -5.038292
v -10.883448 2.839170 -4.877938
v -10.993805 2.754867 -5.278824
v -11.008565 2.776228 -5.120615
v -11.008565 2.776228 -4.955970
v -10.993805 2.754867 -4.797760
v -11.087765 2.652876 -5.351060
v -11.112842 2.679926 -5.200749
v -11.121873 2.689669 -5.038292
v -11.112842 2.679926 -4.875835
v -11.087765 2.652876 -4.725524
v -11.161040 2.542649 -5.411427
v -11.195389 2.570659 -5.272869
v -11.214518 2.586258 -5.118470
v -11.214518 2.586258 -4.958115
v -11.195389 2.570659 -4.803716
v -11.161040 2.542649 -4.665157
v -10.505507 2.934987 -4.842916
v -10.616163 2.899524 -4.755391
v -10.467433 2.899524 -4.707065
v -10.730941 2.839171 -4.668030
v -10.580222 2.850745 -4.612973
v -10.425927 2.839171 -4.568923
v -10.841297 2.754868 -4.587852
v -10.695392 2.776229 -4.524924
v -10.538804 2.776229 -4.474045
v -10.383776 2.754868 -4.439192
v -10.939034 2.652877 -4.520813
v -10.803829 2.679928 -4.450514
v -10.652113 2.689670 -4.391721
v -10.494815 2.679928 -4.350108
v -10.344110 2.652877 -4.327508
v -11.019092 2.542650 -4.469779
v -10.897927 2.570660 -4.394294
v -10.756996 2.586260 -4.328388
v -10.604488 2.586260 -4.278834
v -10.451734 2.570660 -4.249314
v -10.309340 2.542650 -4.239164
v -10.275827 2.934987 -4.917543
v -10.226780 2.899524 -4.785256
v -10.134858 2.899523 -4.911775
v -10.179163 2.839171 -4.649100
v -10.080225 2.850745 -4.775429
v -9.990650 2.839169 -4.908562
v -10.137012 2.754867 -4.519369
v -10.032074 2.776228 -4.638689
v -9.935297 2.776227 -4.771890
v -9.854242 2.754865 -4.908562
v -10.103456 2.652877 -4.405699
v -9.994816 2.679927 -4.512564
v -9.892017 2.689669 -4.638688
v -9.803832 2.679925 -4.775428
v -9.735767 2.652874 -4.911774
v -10.079659 2.542650 -4.313790
v -9.970427 2.570660 -4.405698
v -9.864195 2.586258 -4.519366
v -9.769938 2.586258 -4.649098
v -9.694659 2.570657 -4.785254
v -9.641004 2.542646 -4.917542
v -9.538285 2.337213 -5.233669
v -9.520517 2.222378 -5.321195
v -9.587033 2.355410 -5.369521
v -9.523169 2.092725 -5.408556
v -9.580221 2.232712 -5.463614
v -9.659578 2.365544 -5.507664
v -9.549220 1.956316 -5.488735
v -9.595366 2.096375 -5.551664
v -9.665395 2.236434 -5.602544
v -9.753835 2.365545 -5.637396
v -9.596735 1.823283 -5.555774
v -9.633006 1.956316 -5.626074
v -9.692142 2.096375 -5.684868
v -9.771205 2.232713 -5.726481
v -9.862800 2.355412 -5.749080
v -9.659524 1.702382 -5.606807
v -9.688657 1.823283 -5.682294
v -9.737732 1.956316 -5.748201
v -9.805937 2.092726 -5.797755
v -9.888206 2.222381 -5.827275
v -9.976940 2.337216 -5.837424
v -10.348574 2.337215 -5.958174
v -10.426326 2.222380 -6.002120
v -10.492842 2.355412 -5.953792
v -10.510230 2.092726 -6.026594
v -10.580224 2.232713 -5.989347
v -10.646640 2.365546 -5.927485
v -10.594534 1.956315 -6.026595
v -10.668643 2.096375 -6.002153
v -10.738673 2.236434 -5.951273
v -10.799149 2.365546 -5.877931
v -10.672973 1.823283 -6.002121
v -10.751041 1.956315 -5.989349
v -10.825232 2.096375 -5.951274
v -10.889240 2.232713 -5.888941
v -10.939037 2.355412 -5.808813
v -10.740911 1.702381 -5.958176
v -10.821706 1.823283 -5.953795
v -10.899552 1.956315 -5.927488
v -10.967757 2.092726 -5.877934
v -11.021254 2.222380 -5.808814
v -11.058327 2.337216 -5.727558
v -11.288008 2.337214 -5.411428
v -11.353828 2.222379 -5.351061
v -11.328421 2.355410 -5.272869
v -11.403033 2.092725 -5.278825
v -11.389238 2.232711 -5.200750
v -11.350927 2.365544 -5.118470
v -11.429085 1.956316 -5.198647
v -11.428741 2.096374 -5.120615
v -11.401991 2.236433 -5.038292
v -11.350927 2.365544 -4.958115
v -11.430048 1.823285 -5.116484
v -11.442025 1.956316 -5.038292
v -11.428741 2.096375 -4.955970
v -11.389238 2.232712 -4.875834
v -11.328421 2.355411 -4.803716
v -11.409247 1.702385 -5.038292
v -11.430048 1.823285 -4.960100
v -11.429085 1.956317 -4.877936
v -11.403033 2.092726 -4.797759
v -11.353828 2.222380 -4.725523
v -11.288007 2.337215 -4.665156
v -11.058328 2.337215 -4.349027
v -11.021255 2.222380 -4.267771
v -10.939037 2.355412 -4.267773
v -10.967757 2.092726 -4.198651
v -10.889241 2.232712 -4.187644
v -10.799150 2.365546 -4.198654
v -10.899552 1.956315 -4.149097
v -10.825233 2.096374 -4.125311
v -10.738674 2.236434 -4.125312
v -10.646641 2.365546 -4.149100
v -10.821706 1.823282 -4.122790
v -10.751042 1.956315 -4.087236
v -10.668644 2.096374 -4.074432
v -10.580224 2.232712 -4.087237
v -10.492842 2.355412 -4.122793
v -10.740911 1.702381 -4.118409
v -10.672974 1.823283 -4.074464
v -10.594534 1.956315 -4.049990
v -10.510231 2.092726 -4.049991
v -10.426326 2.222380 -4.074465
v -10.348575 2.337215 -4.118411
v -9.976940 2.337216 -4.239161
v -9.888206 2.222380 -4.249310
v -9.862800 2.355411 -4.327504
v -9.805937 2.092725 -4.278829
v -9.771205 2.232712 -4.350102
v -9.753835 2.365544 -4.439188
v -9.737732 1.956314 -4.328383
v -9.692143 2.096373 -4.391716
v -9.665396 2.236432 -4.474040
v -9.659579 2.365543 -4.568920
v -9.688658 1.823282 -4.394290
v -9.633007 1.956314 -4.450509
v -9.595366 2.096372 -4.524919
v -9.580221 2.232710 -4.612969
v -9.587033 2.355409 -4.707063
v -9.659524 1.702381 -4.469777
v -9.596736 1.823282 -4.520810
v -9.549220 1.956313 -4.587849
v -9.523170 2.092723 -4.668027
v -9.520517 2.222377 -4.755389
v -9.538285 2.337212 -4.842915
v -10.143140 2.210249 -5.958176
v -10.062345 2.089348 -5.953795
v -10.211077 2.089348 -6.002121
v -9.984498 1.956316 -5.927488
v -10.133008 1.956316 -5.989349
v -10.289516 1.956316 -6.026595
v -9.916293 1.819905 -5.877934
v -10.058818 1.816256 -5.951274
v -10.215406 1.816256 -6.002153
v -10.373819 1.819905 -6.026594
v -9.862796 1.690251 -5.808814
v -9.994809 1.679918 -5.888941
v -10.145377 1.676197 -5.951273
v -10.303826 1.679918 -5.989347
v -10.457725 1.690251 -6.002120
v -9.825724 1.575415 -5.727558
v -9.945013 1.557219 -5.808812
v -10.084902 1.547085 -5.877931
v -10.237410 1.547085 -5.927485
v -10.391209 1.557219 -5.953792
v -10.535476 1.575415 -5.958174
v -11.224526 2.210249 -5.606808
v -11.195393 2.089348 -5.682295
v -11.287315 2.089348 -5.555774
v -11.146317 1.956316 -5.748202
v -11.251043 1.956316 -5.626076
v -11.334830 1.956316 -5.488736
v -11.078113 1.819905 -5.797756
v -11.191906 1.816256 -5.684869
v -11.288684 1.816256 -5.551666
v -11.360881 1.819906 -5.408558
v -10.995844 1.690251 -5.827275
v -11.112844 1.679918 -5.726483
v -11.218654 1.676197 -5.602546
v -11.303828 1.679919 -5.463616
v -11.363533 1.690253 -5.321196
v -10.907109 1.575415 -5.837424
v -11.021250 1.557219 -5.749082
v -11.130214 1.547086 -5.637398
v -11.224470 1.547087 -5.507666
v -11.297016 1.557221 -5.369523
v -11.345764 1.575418 -5.233670
v -11.224526 2.210249 -4.469777
v -11.287315 2.089348 -4.520811
v -11.195394 2.089348 -4.394290
v -11.334830 1.956316 -4.587849
v -11.251043 1.956316 -4.450509
v -11.146317 1.956316 -4.328383
v -11.360881 1.819906 -4.668027
v -11.288684 1.816256 -4.524919
v -11.191906 1.816256 -4.391716
v -11.078113 1.819905 -4.278829
v -11.363533 1.690253 -4.755389
v -11.303828 1.679919 -4.612968
v -11.218654 1.676197 -4.474039
v -11.112844 1.679918 -4.350102
v -10.995844 1.690251 -4.249310
v -11.345764 1.575418 -4.842915
v -11.297016 1.557221 -4.707062
v -11.224470 1.547086 -4.568919
v -11.130214 1.547086 -4.439187
v -11.021250 1.557219 -4.327503
v -10.907109 1.575415 -4.239161
v -10.143140 2.210249 -4.118409
v -10.211077 2.089348 -4.074464
v -10.062345 2.089348 -4.122790
v -10.289516 1.956316 -4.049990
v -10.133008 1.956316 -4.087236
v -9.984498 1.956316 -4.149097
v -10.373819 1.819905 -4.049991
v -10.215406 1.816256 -4.074432
v -10.058818 1.816256 -4.125311
v -9.916293 1.819905 -4.198651
v -10.457725 1.690251 -4.074465
v -10.303826 1.679918 -4.087237
v -10.145377 1.676197 -4.125312
v -9.994810 1.679918 -4.187644
v -9.862796 1.690251 -4.267771
v -10.535476 1.575415 -4.118411
v -10.391209 1.557219 -4.122793
v -10.237410 1.547085 -4.149100
v -10.084902 1.547085 -4.198654
v -9.945013 1.557219 -4.267773
v -9.825724 1.575415 -4.349027
v -9.474803 2.210247 -5.038292
v -9.454002 2.089347 -4.960101
v -9.454002 2.089347 -5.116484
v -9.454966 1.956316 -4.877937
v -9.442025 1.956316 -5.038292
v -9.454966 1.956316 -5.198647
v -9.481017 1.819906 -4.797760
v -9.455310 1.816257 -4.955970
v -9.455310 1.816257 -5.120615
v -9.481017 1.819906 -5.278825
v -9.530222 1.690252 -4.725523
v -9.494812 1.679919 -4.875835
v -9.482059 1.676198 -5.038292
v -9.494812 1.679919 -5.200750
v -9.530222 1.690252 -5.351061
v -9.596043 1.575416 -4.665157
v -9.555630 1.557220 -4.803716
v -9.533123 1.547087 -4.958115
v -9.533123 1.547087 -5.118470
v -9.555630 1.557220 -5.272869
v -9.596043 1.575416 -5.411428
v -9.864959 1.369981 -5.606805
v -9.945016 1.259755 -5.555772
v -9.986123 1.341971 -5.682291
v -10.042753 1.157764 -5.488733
v -10.080222 1.232704 -5.626071
v -10.127054 1.326372 -5.748197
v -10.153110 1.073461 -5.408556
v -10.188660 1.136403 -5.551662
v -10.231938 1.222962 -5.684865
v -10.279563 1.326372 -5.797751
v -10.267887 1.013107 -5.321195
v -10.303828 1.061886 -5.463614
v -10.345246 1.136403 -5.602542
v -10.389236 1.232704 -5.726479
v -10.432317 1.341972 -5.827271
v -10.378543 0.977644 -5.233669
v -10.416617 1.013107 -5.369522
v -10.458124 1.073462 -5.507664
v -10.500276 1.157765 -5.637395
v -10.539941 1.259756 -5.749079
v -10.574710 1.369982 -5.837422
v -10.804392 1.369981 -5.762794
v -10.780595 1.259754 -5.670885
v -10.913626 1.341971 -5.670886
v -10.747040 1.157764 -5.557216
v -10.889235 1.232704 -5.564020
v -11.019857 1.326373 -5.557217
v -10.704887 1.073460 -5.427484
v -10.851977 1.136403 -5.437896
v -10.992035 1.222963 -5.437896
v -11.114114 1.326374 -5.427485
v -10.657270 1.013107 -5.291328
v -10.803826 1.061887 -5.301155
v -10.948755 1.136404 -5.304694
v -11.080220 1.232706 -5.301155
v -11.189392 1.341974 -5.291328
v -10.608223 0.977644 -5.159041
v -10.749193 1.013108 -5.164810
v -10.893401 1.073462 -5.168023
v -11.029809 1.157767 -5.168023
v -11.148284 1.259758 -5.164810
v -11.243048 1.369985 -5.159042
v -11.243047 1.369985 -4.917543
v -11.148283 1.259758 -4.911774
v -11.189392 1.341974 -4.785256
v -11.029809 1.157767 -4.908561
v -11.080219 1.232706 -4.775429
v -11.114114 1.326374 -4.649099
v -10.893400 1.073462 -4.908561
v -10.948755 1.136404 -4.771889
v -10.992035 1.222963 -4.638688
v -11.019857 1.326373 -4.519368
v -10.749193 1.013108 -4.911774
v -10.803826 1.061887 -4.775428
v -10.851977 1.136404 -4.638688
v -10.889235 1.232705 -4.512564
v -10.913626 1.341972 -4.405698
v -10.608223 0.977644 -4.917542
v -10.657270 1.013108 -4.785255
v -10.704888 1.073462 -4.649098
v -10.747040 1.157765 -4.519367
v -10.780595 1.259756 -4.405698
v -10.804392 1.369982 -4.313790
v -9.723010 1.369982 -5.411427
v -9.688662 1.341972 -5.272869
v -9.796286 1.259755 -5.351060
v -9.669533 1.326373 -5.118470
v -9.771208 1.232705 -5.200749
v -9.890245 1.157764 -5.278824
v -9.669533 1.326374 -4.958115
v -9.762177 1.222963 -5.038292
v -9.875485 1.136404 -5.120614
v -10.000602 1.073461 -5.198647
v -9.688662 1.341973 -4.803716
v -9.771208 1.232705 -4.875834
v -9.875484 1.136404 -4.955969
v -9.994814 1.061887 -5.038291
v -10.119156 1.013107 -5.116484
v -9.723009 1.369983 -4.665157
v -9.796285 1.259756 -4.725523
v -9.890244 1.157766 -4.797760
v -10.000601 1.073462 -4.877937
v -10.119155 1.013108 -4.960100
v -10.236593 0.977644 -5.038292
v -10.574709 1.369981 -4.239163
v -10.539940 1.259754 -4.327507
v -10.432317 1.341971 -4.249314
v -10.500275 1.157764 -4.439191
v -10.389235 1.232704 -4.350107
v -10.279562 1.326372 -4.278834
v -10.458122 1.073460 -4.568923
v -10.345244 1.136403 -4.474044
v -10.231936 1.222962 -4.391721
v -10.127054 1.326372 -4.328388
v -10.416616 1.013107 -4.707065
v -10.303826 1.061886 -4.612972
v -10.188658 1.136403 -4.524922
v -10.080220 1.232705 -4.450513
v -9.986122 1.341972 -4.394294
v -10.378542 0.977644 -4.842916
v -10.267885 1.013107 -4.755390
v -10.153108 1.073462 -4.668029
v -10.042751 1.157765 -4.587851
v -9.945015 1.259756 -4.520813
v -9.864959 1.369982 -4.469779
vn -0.0000 -1.0000 -0.0000
vn 0.7236 -0.4472 0.5257
vn -0.2764 -0.4472 0.8506
vn -0.8944 -0.4472 -0.0000
vn -0.2764 -0.4472 -0.8506
vn 0.7236 -0.4472 -0.5257
vn 0.2764 0.4472 0.8506
vn -0.7236 0.4472 0.5257
vn -0.7236 0.4472 -0.5257
vn 0.2764 0.4472 -0.8506
vn 0.8944 0.4472 -0.0000
vn -0.0000 1.0000 -0.0000
vn -0.2575 -0.5530 0.7924
vn -0.2324 -0.6591 0.7152
vn -0.2004 -0.7612 0.6168
vn -0.1625 -0.8507 0.5000
vn -0.1207 -0.9205 0.3716
vn -0.0782 -0.9674 0.2408
vn -0.0377 -0.9925 0.1161
vn 0.0987 -0.9925 0.0717
vn 0.2048 -0.9674 0.1488
vn 0.3161 -0.9205 0.2297
vn 0.4253 -0.8507 0.3090
vn 0.5247 -0.7612 0.3812
vn 0.6084 -0.6591 0.4420
vn 0.6740 -0.5530 0.4897
vn 0.6363 -0.4776 0.6058
vn 0.5302 -0.5026 0.6828
vn 0.4040 -0.5197 0.7528
vn 0.2629 -0.5257 0.8090
vn 0.1157 -0.5197 0.8465
vn -0.0275 -0.5026 0.8641
vn -0.1587 -0.4776 0.8641
vn 0.7728 -0.4776 -0.4180
vn 0.8133 -0.5026 -0.2932
vn 0.8408 -0.5197 -0.1516
vn 0.8506 -0.5257 -0.0000
vn 0.8408 -0.5197 0.1516
vn 0.8133 -0.5026 0.2932
vn 0.7728 -0.4776 0.4180
vn 0.0987 -0.9925 -0.0717
vn 0.2048 -0.9674 -0.1488
vn 0.3161 -0.9205 -0.2297
vn 0.4253 -0.8507 -0.3090
vn 0.5247 -0.7612 -0.3812
vn 0.6084 -0.6591 -0.4420
vn 0.6740 -0.5530 -0.4897
vn -0.8332 -0.5530 -0.0000
vn -0.7520 -0.6591 -0.0000
vn -0.6486 -0.7612 -0.0000
vn -0.5257 -0.8507 -0.0000
vn -0.3907 -0.9205 -0.0000
vn -0.2532 -0.9674 -0.0000
vn -0.1220 -0.9925 -0.0000
vn -0.3795 -0.4776 0.7924
vn -0.4856 -0.5026 0.7152
vn -0.5912 -0.5197 0.6168
vn -0.6882 -0.5257 0.5000
vn -0.7693 -0.5197 0.3716
vn -0.8303 -0.5026 0.2408
vn -0.8709 -0.4776 0.1161
vn -0.2575 -0.5530 -0.7924
vn -0.2324 -0.6591 -0.7152
vn -0.2004 -0.7612 -0.6168
vn -0.1625 -0.8507 -0.5000
vn -0.1207 -0.9205 -0.3716
vn -0.0782 -0.9674 -0.2408
vn -0.0377 -0.9925 -0.1161
vn -0.8709 -0.4776 -0.1161
vn -0.8303 -0.5026 -0.2408
vn -0.7693 -0.5197 -0.3716
vn -0.6882 -0.5257 -0.5000
vn -0.5912 -0.5197 -0.6168
vn -0.4856 -0.5026 -0.7152
vn -0.3795 -0.4776 -0.7924
vn -0.1587 -0.4776 -0.8641
vn -0.0275 -0.5026 -0.8641
vn 0.1157 -0.5197 -0.8465
vn 0.2629 -0.5257 -0.8090
vn 0.4040 -0.5197 -0.7528
vn 0.5302 -0.5026 -0.6828
vn 0.6363 -0.4776 -0.6058
vn 0.9319 0.3556 0.0717
vn 0.9569 0.2494 0.1488
vn 0.9647 0.1289 0.2297
vn 0.9511 -0.0000 0.3090
vn 0.9155 -0.1289 0.3812
vn 0.8616 -0.2494 0.4420
vn 0.7961 -0.3556 0.4897
vn 0.7961 -0.3556 -0.4897
vn 0.8616 -0.2494 -0.4420
vn 0.9155 -0.1289 -0.3812
vn 0.9511 -0.0000 -0.3090
vn 0.9647 0.1289 -0.2297
vn 0.9569 0.2494 -0.1488
vn 0.9319 0.3556 -0.0717
vn 0.2198 0.3556 0.9084
vn 0.1541 0.2494 0.9560
vn 0.0797 0.1289 0.9884
vn -0.0000 -0.0000 1.0000
vn -0.0797 -0.1289 0.9884
vn -0.1541 -0.2494 0.9560
vn -0.2198 -0.3556 0.9084
vn 0.7118 -0.3556 0.6058
vn 0.6867 -0.2494 0.6829
vn 0.6455 -0.1289 0.7528
vn 0.5878 -0.0000 0.8090
vn 0.5165 0.1289 0.8465
vn 0.4372 0.2494 0.8641
vn 0.3562 0.3556 0.8641
vn -0.7961 0.3556 0.4897
vn -0.8616 0.2494 0.4420
vn -0.9155 0.1289 0.3812
vn -0.9511 -0.0000 0.3090
vn -0.9647 -0.1289 0.2297
vn -0.9569 -0.2494 0.1488
vn -0.9319 -0.3556 0.0717
vn -0.3562 -0.3556 0.8641
vn -0.4372 -0.2494 0.8641
vn -0.5165 -0.1289 0.8465
vn -0.5878 -0.0000 0.8090
vn -0.6455 0.1289 0.7528
vn -0.6867 0.2494 0.6829
vn -0.7118 0.3556 0.6058
vn -0.7118 0.3556 -0.6058
vn -0.6867 0.2494 -0.6829
vn -0.6455 0.1289 -0.7528
vn -0.5878 -0.0000 -0.8090
vn -0.5165 -0.1289 -0.8465
vn -0.4372 -0.2494 -0.8641
vn -0.3562 -0.3556 -0.8641
vn -0.9319 -0.3556 -0.0717
vn -0.9569 -0.2494 -0.1488
vn -0.9647 -0.1289 -0.2297
vn -0.9511 -0.0000 -0.3090
vn -0.9155 0.1289 -0.3812
vn -0.8616 0.2494 -0.4420
vn -0.7961 0.3556 -0.4897
vn 0.3562 0.3556 -0.8641
vn 0.4372 0.2494 -0.8641
vn 0.5165 0.1289 -0.8465
vn 0.5878 -0.0000 -0.8090
vn 0.6455 -0.1289 -0.7528
vn 0.6867 -0.2494 -0.6829
vn 0.7118 -0.3556 -0.6058
vn -0.2198 -0.3556 -0.9084
vn -0.1541 -0.2494 -0.9560
vn -0.0797 -0.1289 -0.9884
vn -0.0000 -0.0000 -1.0000
vn 0.0797 0.1289 -0.9884
vn 0.1541 0.2494 -0.9560
vn 0.2198 0.3556 -0.9084
vn 0.8709 0.4776 0.1161
vn 0.8303 0.5026 0.2408
vn 0.7693 0.5197 0.3716
vn 0.6882 0.5257 0.5000
vn 0.5912 0.5197 0.6168
vn 0.4856 0.5026 0.7152
vn 0.3795 0.4776 0.7924
vn 0.1587 0.4776 0.8641
vn 0.0275 0.5026 0.8641
vn -0.1157 0.5197 0.8465
vn -0.2629 0.5257 0.8090
vn -0.4040 0.5197 0.7528
vn -0.5302 0.5026 0.6828
vn -0.6363 0.4776 0.6058
vn -0.7728 0.4776 0.4180
vn -0.8133 0.5026 0.2932
vn -0.8408 0.5197 0.1515
vn -0.8506 0.5257 -0.0000
vn -0.8408 0.5197 -0.1516
vn -0.8133 0.5026 -0.2932
vn -0.7728 0.4776 -0.4180
vn -0.6363 0.4776 -0.6058
vn -0.5302 0.5026 -0.6828
vn -0.4040 0.5197 -0.7528
vn -0.2629 0.5257 -0.8090
vn -0.1157 0.5197 -0.8465
vn 0.0275 0.5026 -0.8641
vn 0.1587 0.4776 -0.8641
vn 0.3795 0.4776 -0.7924
vn 0.4856 0.5026 -0.7152
vn 0.5912 0.5197 -0.6168
vn 0.6882 0.5257 -0.5000
vn 0.7693 0.5197 -0.3716
vn 0.8303 0.5026 -0.2408
vn 0.8709 0.4776 -0.1161
vn 0.0377 0.9925 0.1161
vn 0.0782 0.9674 0.2408
vn 0.1207 0.9205 0.3716
vn 0.1625 0.8507 0.5000
vn 0.2004 0.7612 0.6168
vn 0.2324 0.6591 0.7152
vn 0.2575 0.5530 0.7924
vn 0.8332 0.5530 -0.0000
vn 0.7520 0.6591 -0.0000
vn 0.6486 0.7612 -0.0000
vn 0.5257 0.8507 -0.0000
vn 0.3907 0.9205 -0.0000
vn 0.2532 0.9674 -0.0000
vn 0.1220 0.9925 -0.0000
vn -0.0987 0.9925 0.0717
vn -0.2048 0.9674 0.1488
vn -0.3161 0.9205 0.2297
vn -0.4253 0.8507 0.3090
vn -0.5247 0.7612 0.3812
vn -0.6084 0.6591 0.4420
vn -0.6740 0.5530 0.4897
vn -0.0987 0.9925 -0.0717
vn -0.2048 0.9674 -0.1488
vn -0.3161 0.9205 -0.2297
vn -0.4253 0.8507 -0.3090
vn -0.5247 0.7612 -0.3812
vn -0.6084 0.6591 -0.4420
vn -0.6740 0.5530 -0.4897
vn 0.0377 0.9925 -0.1161
vn 0.0782 0.9674 -0.2408
vn 0.1207 0.9205 -0.3716
vn 0.1625 0.8507 -0.5000
vn 0.2004 0.7612 -0.6168
vn 0.2324 0.6591 -0.7152
vn 0.2575 0.5530 -0.7924
vn 0.1698 0.9777 -0.1233
vn 0.3095 0.9421 -0.1293
vn 0.2186 0.9421 -0.2544
vn 0.4520 0.8821 -0.1326
vn 0.3635 0.8934 -0.2641
vn 0.2658 0.8821 -0.3889
vn 0.5868 0.7988 -0.1326
vn 0.5066 0.8196 -0.2676
vn 0.4110 0.8196 -0.3991
vn 0.3074 0.7988 -0.5171
vn 0.7042 0.6981 -0.1293
vn 0.6365 0.7247 -0.2641
vn 0.5493 0.7342 -0.3991
vn 0.4479 0.7247 -0.5237
vn 0.3406 0.6981 -0.6298
vn 0.7986 0.5891 -0.1233
vn 0.7449 0.6168 -0.2544
vn 0.6701 0.6322 -0.3889
vn 0.5770 0.6322 -0.5171
vn 0.4721 0.6168 -0.6298
vn 0.3641 0.5891 -0.7214
vn -0.0648 0.9777 -0.1996
vn -0.0273 0.9421 -0.3343
vn -0.1744 0.9421 -0.2865
vn 0.0136 0.8821 -0.4709
vn -0.1389 0.8934 -0.4274
vn -0.2878 0.8821 -0.3730
vn 0.0552 0.7988 -0.5991
vn -0.0980 0.8196 -0.5645
vn -0.2525 0.8196 -0.5142
vn -0.3968 0.7988 -0.4522
vn 0.0947 0.6981 -0.7097
vn -0.0545 0.7247 -0.6869
vn -0.2098 0.7342 -0.6457
vn -0.3597 0.7247 -0.5878
vn -0.4937 0.6981 -0.5185
vn 0.1295 0.5891 -0.7976
vn -0.0118 0.6168 -0.7870
vn -0.1628 0.6322 -0.7575
vn -0.3135 0.6322 -0.7085
vn -0.4531 0.6168 -0.6436
vn -0.5736 0.5891 -0.5692
vn -0.2098 0.9777 -0.0000
vn -0.3264 0.9421 -0.0773
vn -0.3264 0.9421 0.0773
vn -0.4436 0.8821 -0.1584
vn -0.4493 0.8934 -0.0000
vn -0.4436 0.8821 0.1584
vn -0.5527 0.7988 -0.2376
vn -0.5671 0.8196 -0.0812
vn -0.5671 0.8196 0.0812
vn -0.5527 0.7988 0.2377
vn -0.6457 0.6981 -0.3093
vn -0.6702 0.7247 -0.1604
vn -0.6789 0.7342 -0.0000
vn -0.6702 0.7247 0.1604
vn -0.6457 0.6981 0.3093
vn -0.7186 0.5891 -0.3696
vn -0.7521 0.6168 -0.2320
vn -0.7707 0.6322 -0.0792
vn -0.7707 0.6322 0.0792
vn -0.7521 0.6168 0.2320
vn -0.7186 0.5891 0.3696
vn -0.0648 0.9777 0.1996
vn -0.1744 0.9421 0.2865
vn -0.0273 0.9421 0.3343
vn -0.2878 0.8821 0.3730
vn -0.1389 0.8934 0.4274
vn 0.0136 0.8821 0.4709
vn -0.3968 0.7988 0.4522
vn -0.2525 0.8196 0.5142
vn -0.0980 0.8196 0.5645
vn 0.0552 0.7988 0.5991
vn -0.4937 0.6981 0.5185
vn -0.3597 0.7247 0.5878
vn -0.2098 0.7342 0.6457
vn -0.0545 0.7247 0.6869
vn 0.0947 0.6981 0.7097
vn -0.5736 0.5891 0.5692
vn -0.4531 0.6168 0.6436
vn -0.3135 0.6322 0.7085
vn -0.1628 0.6322 0.7575
vn -0.0118 0.6168 0.7870
vn 0.1295 0.5891 0.7976
vn 0.1698 0.9777 0.1233
vn 0.2186 0.9421 0.2544
vn 0.3095 0.9421 0.1293
vn 0.2658 0.8821 0.3889
vn 0.3635 0.8934 0.2641
vn 0.4520 0.8821 0.1326
vn 0.3074 0.7988 0.5171
vn 0.4110 0.8196 0.3991
vn 0.5066 0.8196 0.2676
vn 0.5868 0.7988 0.1326
vn 0.3406 0.6981 0.6298
vn 0.4479 0.7247 0.5237
vn 0.5493 0.7342 0.3991
vn 0.6365 0.7247 0.2641
vn 0.7042 0.6981 0.1293
vn 0.3641 0.5891 0.7214
vn 0.4721 0.6168 0.6298
vn 0.5770 0.6322 0.5171
vn 0.6701 0.6322 0.3889
vn 0.7449 0.6168 0.2544
vn 0.7986 0.5891 0.1233
vn 0.9035 0.3793 -0.1996
vn 0.9206 0.2653 -0.2865
vn 0.8548 0.3969 -0.3343
vn 0.9177 0.1371 -0.3730
vn 0.8611 0.2753 -0.4274
vn 0.7829 0.4066 -0.4709
vn 0.8919 0.0023 -0.4522
vn 0.8460 0.1407 -0.5142
vn 0.7769 0.2789 -0.5645
vn 0.6898 0.4066 -0.5991
vn 0.8452 -0.1294 -0.5185
vn 0.8090 0.0024 -0.5878
vn 0.7505 0.1407 -0.6457
vn 0.6725 0.2753 -0.6869
vn 0.5821 0.3969 -0.7097
vn 0.7834 -0.2496 -0.5692
vn 0.7543 -0.1294 -0.6436
vn 0.7057 0.0023 -0.7085
vn 0.6383 0.1371 -0.7575
vn 0.5570 0.2653 -0.7870
vn 0.4690 0.3793 -0.7976
vn 0.0894 0.3793 -0.9210
vn 0.0120 0.2653 -0.9641
vn -0.0538 0.3969 -0.9163
vn -0.0711 0.1371 -0.9880
vn -0.1403 0.2753 -0.9511
vn -0.2059 0.4066 -0.8901
vn -0.1544 0.0023 -0.9880
vn -0.2276 0.1407 -0.9635
vn -0.2968 0.2789 -0.9133
vn -0.3566 0.4066 -0.8411
vn -0.2319 -0.1294 -0.9641
vn -0.3090 0.0024 -0.9511
vn -0.3822 0.1407 -0.9133
vn -0.4455 0.2753 -0.8519
vn -0.4951 0.3969 -0.7729
vn -0.2992 -0.2496 -0.9210
vn -0.3790 -0.1294 -0.9163
vn -0.4558 0.0023 -0.8901
vn -0.5232 0.1371 -0.8411
vn -0.5764 0.2653 -0.7729
vn -0.6137 0.3793 -0.6925
vn -0.8483 0.3793 -0.3696
vn -0.9132 0.2653 -0.3093
vn -0.8881 0.3969 -0.2320
vn -0.9616 0.1371 -0.2377
vn -0.9479 0.2753 -0.1604
vn -0.9101 0.4066 -0.0792
vn -0.9874 0.0023 -0.1584
vn -0.9867 0.1407 -0.0812
vn -0.9603 0.2789 -0.0000
vn -0.9101 0.4066 0.0792
vn -0.9886 -0.1294 -0.0773
vn -1.0000 0.0024 -0.0000
vn -0.9867 0.1407 0.0812
vn -0.9479 0.2753 0.1604
vn -0.8881 0.3969 0.2320
vn -0.9684 -0.2496 -0.0000
vn -0.9886 -0.1294 0.0773
vn -0.9874 0.0023 0.1584
vn -0.9616 0.1371 0.2377
vn -0.9132 0.2653 0.3093
vn -0.8483 0.3793 0.3696
vn -0.6137 0.3793 0.6925
vn -0.5764 0.2653 0.7729
vn -0.4951 0.3969 0.7729
vn -0.5232 0.1371 0.8411
vn -0.4455 0.2753 0.8519
vn -0.3566 0.4066 0.8411
vn -0.4558 0.0023 0.8901
vn -0.3822 0.1407 0.9133
vn -0.2968 0.2789 0.9133
vn -0.2059 0.4066 0.8901
vn -0.3790 -0.1294 0.9163
vn -0.3090 0.0024 0.9511
vn -0.2276 0.1407 0.9635
vn -0.1403 0.2753 0.9511
vn -0.0538 0.3969 0.9163
vn -0.2992 -0.2496 0.9210
vn -0.2319 -0.1294 0.9641
vn -0.1544 0.0023 0.9880
vn -0.0711 0.1371 0.9880
vn 0.0120 0.2653 0.9641
vn 0.0894 0.3793 0.9210
vn 0.4690 0.3793 0.7976
vn 0.5570 0.2653 0.7870
vn 0.5821 0.3969 0.7097
vn 0.6383 0.1371 0.7575
vn 0.6725 0.2753 0.6869
vn 0.6898 0.4066 0.5991
vn 0.7057 0.0023 0.7085
vn 0.7505 0.1407 0.6457
vn 0.7769 0.2789 0.5645
vn 0.7829 0.4066 0.4709
vn 0.7543 -0.1294 0.6436
vn 0.8090 0.0024 0.5878
vn 0.8460 0.1407 0.5142
vn 0.8611 0.2753 0.4274
vn 0.8548 0.3969 0.3343
vn 0.7834 -0.2496 0.5692
vn 0.8452 -0.1294 0.5185
vn 0.8919 0.0023 0.4522
vn 0.9177 0.1371 0.3730
vn 0.9206 0.2653 0.2865
vn 0.9035 0.3793 0.1996
vn 0.2992 0.2496 -0.9210
vn 0.3790 0.1294 -0.9163
vn 0.2319 0.1294 -0.9641
vn 0.4558 -0.0023 -0.8901
vn 0.3090 -0.0024 -0.9511
vn 0.1544 -0.0023 -0.9880
vn 0.5232 -0.1371 -0.8411
vn 0.3822 -0.1407 -0.9133
vn 0.2276 -0.1407 -0.9635
vn 0.0711 -0.1371 -0.9880
vn 0.5764 -0.2653 -0.7729
vn 0.4455 -0.2753 -0.8519
vn 0.2968 -0.2789 -0.9133
vn 0.1403 -0.2753 -0.9511
vn -0.0120 -0.2653 -0.9641
vn 0.6137 -0.3793 -0.6925
vn 0.4951 -0.3969 -0.7729
vn 0.3566 -0.4066 -0.8411
vn 0.2059 -0.4066 -0.8901
vn 0.0538 -0.3969 -0.9163
vn -0.0894 -0.3793 -0.9210
vn -0.7834 0.2496 -0.5692
vn -0.7543 0.1294 -0.6436
vn -0.8452 0.1294 -0.5185
vn -0.7057 -0.0023 -0.7085
vn -0.8090 -0.0024 -0.5878
vn -0.8919 -0.0023 -0.4522
vn -0.6383 -0.1371 -0.7575
vn -0.7505 -0.1407 -0.6457
vn -0.8460 -0.1407 -0.5142
vn -0.9177 -0.1371 -0.3730
vn -0.5570 -0.2653 -0.7870
vn -0.6725 -0.2753 -0.6869
vn -0.7769 -0.2789 -0.5645
vn -0.8611 -0.2753 -0.4274
vn -0.9206 -0.2653 -0.2865
vn -0.4690 -0.3793 -0.7976
vn -0.5821 -0.3969 -0.7097
vn -0.6898 -0.4066 -0.5991
vn -0.7829 -0.4066 -0.4709
vn -0.8548 -0.3969 -0.3343
vn -0.9035 -0.3793 -0.1996
vn -0.7834 0.2496 0.5692
vn -0.8452 0.1294 0.5185
vn -0.7543 0.1294 0.6436
vn -0.8919 -0.0023 0.4522
vn -0.8090 -0.0024 0.5878
vn -0.7057 -0.0023 0.7085
vn -0.9177 -0.1371 0.3730
vn -0.8460 -0.1407 0.5142
vn -0.7505 -0.1407 0.6457
vn -0.6383 -0.1371 0.7575
vn -0.9206 -0.2653 0.2865
vn -0.8611 -0.2753 0.4274
vn -0.7769 -0.2789 0.5645
vn -0.6725 -0.2753 0.6869
vn -0.5570 -0.2653 0.7870
vn -0.9035 -0.3793 0.1996
vn -0.8548 -0.3969 0.3343
vn -0.7829 -0.4066 0.4709
vn -0.6898 -0.4066 0.5991
vn -0.5821 -0.3969 0.7097
vn -0.4690 -0.3793 0.7976
vn 0.2992 0.2496 0.9210
vn 0.2319 0.1294 0.9641
vn 0.3790 0.1294 0.9163
vn 0.1544 -0.0023 0.9880
vn 0.3090 -0.0024 0.9511
vn 0.4558 -0.0023 0.8901
vn 0.0711 -0.1371 0.9880
vn 0.2276 -0.1407 0.9635
vn 0.3822 -0.1407 0.9133
vn 0.5232 -0.1371 0.8411
vn -0.0120 -0.2653 0.9641
vn 0.1403 -0.2753 0.9511
vn 0.2968 -0.2789 0.9133
vn 0.4455 -0.2753 0.8519
vn 0.5764 -0.2653 0.7729
vn -0.0894 -0.3793 0.9210
vn 0.0538 -0.3969 0.9163
vn 0.2059 -0.4066 0.8901
vn 0.3566 -0.4066 0.8411
vn 0.4951 -0.3969 0.7729
vn 0.6137 -0.3793 0.6925
vn 0.9684 0.2496 -0.0000
vn 0.9886 0.1294 0.0773
vn 0.9886 0.1294 -0.0773
vn 0.9874 -0.0023 0.1584
vn 1.0000 -0.0024 -0.0000
vn 0.9874 -0.0023 -0.1584
vn 0.9616 -0.1371 0.2377
vn 0.9867 -0.1407 0.0812
vn 0.9867 -0.1407 -0.0812
vn 0.9616 -0.1371 -0.2377
vn 0.9132 -0.2653 0.3093
vn 0.9479 -0.2753 0.1604
vn 0.9603 -0.2789 -0.0000
vn 0.9479 -0.2753 -0.1604
vn 0.9132 -0.2653 -0.3093
vn 0.8483 -0.3793 0.3696
vn 0.8881 -0.3969 0.2320
vn 0.9101 -0.4066 0.0792
vn 0.9101 -0.4066 -0.0792
vn 0.8881 -0.3969 -0.2320
vn 0.8483 -0.3793 -0.3696
vn 0.5736 -0.5891 -0.5692
vn 0.4937 -0.6981 -0.5185
vn 0.4531 -0.6168 -0.6436
vn 0.3968 -0.7988 -0.4522
vn 0.3597 -0.7247 -0.5878
vn 0.3135 -0.6322 -0.7085
vn 0.2878 -0.8821 -0.3730
vn 0.2525 -0.8196 -0.5142
vn 0.2098 -0.7342 -0.6457
vn 0.1628 -0.6322 -0.7575
vn 0.1744 -0.9421 -0.2865
vn 0.1389 -0.8934 -0.4274
vn 0.0980 -0.8196 -0.5645
vn 0.0545 -0.7247 -0.6869
vn 0.0118 -0.6168 -0.7870
vn 0.0648 -0.9777 -0.1996
vn 0.0273 -0.9421 -0.3343
vn -0.0136 -0.8821 -0.4709
vn -0.0552 -0.7988 -0.5991
vn -0.0947 -0.6981 -0.7097
vn -0.1295 -0.5891 -0.7976
vn -0.3641 -0.5891 -0.7214
vn -0.3406 -0.6981 -0.6298
vn -0.4721 -0.6168 -0.6298
vn -0.3074 -0.7988 -0.5171
vn -0.4479 -0.7247 -0.5237
vn -0.5770 -0.6322 -0.5171
vn -0.2658 -0.8821 -0.3889
vn -0.4110 -0.8196 -0.3991
vn -0.5493 -0.7342 -0.3991
vn -0.6701 -0.6322 -0.3889
vn -0.2186 -0.9421 -0.2544
vn -0.3635 -0.8934 -0.2641
vn -0.5066 -0.8196 -0.2676
vn -0.6365 -0.7247 -0.2641
vn -0.7449 -0.6168 -0.2544
vn -0.1698 -0.9777 -0.1233
vn -0.3095 -0.9421 -0.1293
vn -0.4520 -0.8821 -0.1326
vn -0.5868 -0.7988 -0.1326
vn -0.7042 -0.6981 -0.1293
vn -0.7986 -0.5891 -0.1233
vn -0.7986 -0.5891 0.1233
vn -0.7042 -0.6981 0.1293
vn -0.7449 -0.6168 0.2544
vn -0.5868 -0.7988 0.1326
vn -0.6365 -0.7247 0.2641
vn -0.6701 -0.6322 0.3889
vn -0.4520 -0.8821 0.1326
vn -0.5066 -0.8196 0.2676
vn -0.5493 -0.7342 0.3991
vn -0.5770 -0.6322 0.5171
vn -0.3095 -0.9421 0.1293
vn -0.3635 -0.8934 0.2641
vn -0.4110 -0.8196 0.3991
vn -0.4479 -0.7247 0.5237
vn -0.4721 -0.6168 0.6298
vn -0.1698 -0.9777 0.1233
vn -0.2186 -0.9421 0.2544
vn -0.2658 -0.8821 0.3889
vn -0.3074 -0.7988 0.5171
vn -0.3406 -0.6981 0.6298
vn -0.3641 -0.5891 0.7214
vn 0.7186 -0.5891 -0.3696
vn 0.7521 -0.6168 -0.2320
vn 0.6457 -0.6981 -0.3093
vn 0.7707 -0.6322 -0.0792
vn 0.6702 -0.7247 -0.1604
vn 0.5527 -0.7988 -0.2376
vn 0.7707 -0.6322 0.0792
vn 0.6789 -0.7342 -0.0000
vn 0.5671 -0.8196 -0.0812
vn 0.4436 -0.8821 -0.1584
vn 0.7521 -0.6168 0.2320
vn 0.6702 -0.7247 0.1604
vn 0.5671 -0.8196 0.0812
vn 0.4493 -0.8934 -0.0000
vn 0.3264 -0.9421 -0.0773
vn 0.7186 -0.5891 0.3696
vn 0.6457 -0.6981 0.3093
vn 0.5527 -0.7988 0.2377
vn 0.4436 -0.8821 0.1584
vn 0.3264 -0.9421 0.0773
vn 0.2098 -0.9777 -0.0000
vn -0.1295 -0.5891 0.7976
vn -0.0947 -0.6981 0.7097
vn 0.0118 -0.6168 0.7870
vn -0.0552 -0.7988 0.5991
vn 0.0545 -0.7247 0.6869
vn 0.1628 -0.6322 0.7575
vn -0.0136 -0.8821 0.4709
vn 0.0980 -0.8196 0.5645
vn 0.2098 -0.7342 0.6457
vn 0.3135 -0.6322 0.7085
vn 0.0273 -0.9421 0.3343
vn 0.1389 -0.8934 0.4274
vn 0.2525 -0.8196 0.5142
vn 0.3597 -0.7247 0.5878
vn 0.4531 -0.6168 0.6436
vn 0.0648 -0.9777 0.1996
vn 0.1744 -0.9421 0.2865
vn 0.2878 -0.8821 0.3730
vn 0.3968 -0.7988 0.4522
vn 0.4937 -0.6981 0.5185
vn 0.5736 -0.5891 0.5692
s 1
f 3307//2738 3326//2757 3325//2756
f 3308//2739 3332//2763 3346//2777
f 3307//2738 3325//2756 3360//2791
f 3307//2738 3360//2791 3374//2805
f 3307//2738 3374//2805 3347//2778
f 3308//2739 3346//2777 3395//2826
f 3309//2740 3339//2770 3409//2840
f 3310//2741 3367//2798 3423//2854
f 3311//2742 3381//2812 3437//2868
f 3312//2743 3388//2819 3451//2882
f 3308//2739 3395//2826 3410//2841
f 3309//2740 3409//2840 3424//2855
f 3310//2741 3423//2854 3438//2869
f 3311//2742 3437//2868 3452//2883
f 3312//2743 3451//2882 3396//2827
f 3313//2744 3465//2896 3500//2931
f 3314//2745 3472//2903 3514//2945
f 3315//2746 3479//2910 3521//2952
f 3316//2747 3486//2917 3528//2959
f 3317//2748 3493//2924 3501//2932
f 3507//2938 3522//2953 3318//2749
f 3506//2937 3529//2960 3507//2938
f 3505//2936 3530//2961 3506//2937
f 3504//2935 3532//2963 3505//2936
f 3503//2934 3535//2966 3504//2935
f 3502//2933 3539//2970 3503//2934
f 3501//2932 3544//2975 3502//2933
f 3507//2938 3529//2960 3522//2953
f 3529//2960 3523//2954 3522//2953
f 3506//2937 3530//2961 3529//2960
f 3530//2961 3531//2962 3529//2960
f 3529//2960 3531//2962 3523//2954
f 3531//2962 3524//2955 3523//2954
f 3505//2936 3532//2963 3530//2961
f 3532//2963 3533//2964 3530//2961
f 3530//2961 3533//2964 3531//2962
f 3533//2964 3534//2965 3531//2962
f 3531//2962 3534//2965 3524//2955
f 3534//2965 3525//2956 3524//2955
f 3504//2935 3535//2966 3532//2963
f 3535//2966 3536//2967 3532//2963
f 3532//2963 3536//2967 3533//2964
f 3536//2967 3537//2968 3533//2964
f 3533//2964 3537//2968 3534//2965
f 3537//2968 3538//2969 3534//2965
f 3534//2965 3538//2969 3525//2956
f 3538//2969 3526//2957 3525//2956
f 3503//2934 3539//2970 3535//2966
f 3539//2970 3540//2971 3535//2966
f 3535//2966 3540//2971 3536//2967
f 3540//2971 3541//2972 3536//2967
f 3536//2967 3541//2972 3537//2968
f 3541//2972 3542//2973 3537//2968
f 3537//2968 3542//2973 3538//2969
f 3542//2973 3543//2974 3538//2969
f 3538//2969 3543//2974 3526//2957
f 3543//2974 3527//2958 3526//2957
f 3502//2933 3544//2975 3539//2970
f 3544//2975 3545//2976 3539//2970
f 3539//2970 3545//2976 3540//2971
f 3545//2976 3546//2977 3540//2971
f 3540//2971 3546//2977 3541//2972
f 3546//2977 3547//2978 3541//2972
f 3541//2972 3547//2978 3542//2973
f 3547//2978 3548//2979 3542//2973
f 3542//2973 3548//2979 3543//2974
f 3548//2979 3549//2980 3543//2974
f 3543//2974 3549//2980 3527//2958
f 3549//2980 3528//2959 3527//2958
f 3501//2932 3493//2924 3544//2975
f 3493//2924 3492//2923 3544//2975
f 3544//2975 3492//2923 3545//2976
f 3492//2923 3491//2922 3545//2976
f 3545//2976 3491//2922 3546//2977
f 3491//2922 3490//2921 3546//2977
f 3546//2977 3490//2921 3547//2978
f 3490//2921 3489//2920 3547//2978
f 3547//2978 3489//2920 3548//2979
f 3489//2920 3488//2919 3548//2979
f 3548//2979 3488//2919 3549//2980
f 3488//2919 3487//2918 3549//2980
f 3549//2980 3487//2918 3528//2959
f 3487//2918 3316//2747 3528//2959
f 3522//2953 3515//2946 3318//2749
f 3523//2954 3550//2981 3522//2953
f 3524//2955 3551//2982 3523//2954
f 3525//2956 3553//2984 3524//2955
f 3526//2957 3556//2987 3525//2956
f 3527//2958 3560//2991 3526//2957
f 3528//2959 3565//2996 3527//2958
f 3522//2953 3550//2981 3515//2946
f 3550//2981 3516//2947 3515//2946
f 3523//2954 3551//2982 3550//2981
f 3551//2982 3552//2983 3550//2981
f 3550//2981 3552//2983 3516//2947
f 3552//2983 3517//2948 3516//2947
f 3524//2955 3553//2984 3551//2982
f 3553//2984 3554//2985 3551//2982
f 3551//2982 3554//2985 3552//2983
f 3554//2985 3555//2986 3552//2983
f 3552//2983 3555//2986 3517//2948
f 3555//2986 3518//2949 3517//2948
f 3525//2956 3556//2987 3553//2984
f 3556//2987 3557//2988 3553//2984
f 3553//2984 3557//2988 3554//2985
f 3557//2988 3558//2989 3554//2985
f 3554//2985 3558//2989 3555//2986
f 3558//2989 3559//2990 3555//2986
f 3555//2986 3559//2990 3518//2949
f 3559//2990 3519//2950 3518//2949
f 3526//2957 3560//2991 3556//2987
f 3560//2991 3561//2992 3556//2987
f 3556//2987 3561//2992 3557//2988
f 3561//2992 3562//2993 3557//2988
f 3557//2988 3562//2993 3558//2989
f 3562//2993 3563//2994 3558//2989
f 3558//2989 3563//2994 3559//2990
f 3563//2994 3564//2995 3559//2990
f 3559//2990 3564//2995 3519//2950
f 3564//2995 3520//2951 3519//2950
f 3527//2958 3565//2996 3560//2991
f 3565//2996 3566//2997 3560//2991
f 3560//2991 3566//2997 3561//2992
f 3566//2997 3567//2998 3561//2992
f 3561//2992 3567//2998 3562//2993
f 3567//2998 3568//2999 3562//2993
f 3562//2993 3568//2999 3563//2994
f 3568//2999 3569//3000 3563//2994
f 3563//2994 3569//3000 3564//2995
f 3569//3000 3570//3001 3564//2995
f 3564//2995 3570//3001 3520//2951
f 3570//3001 3521//2952 3520//2951
f 3528//2959 3486//2917 3565//2996
f 3486//2917 3485//2916 3565//2996
f 3565//2996 3485//2916 3566//2997
f 3485//2916 3484//2915 3566//2997
f 3566//2997 3484//2915 3567//2998
f 3484//2915 3483//2914 3567//2998
f 3567//2998 3483//2914 3568//2999
f 3483//2914 3482//2913 3568//2999
f 3568//2999 3482//2913 3569//3000
f 3482//2913 3481//2912 3569//3000
f 3569//3000 3481//2912 3570//3001
f 3481//2912 3480//2911 3570//3001
f 3570//3001 3480//2911 3521//2952
f 3480//2911 3315//2746 3521//2952
f 3515//2946 3508//2939 3318//2749
f 3516//2947 3571//3002 3515//2946
f 3517//2948 3572//3003 3516//2947
f 3518//2949 3574//3005 3517//2948
f 3519//2950 3577//3008 3518//2949
f 3520//2951 3581//3012 3519//2950
f 3521//2952 3586//3017 3520//2951
f 3515//2946 3571//3002 3508//2939
f 3571//3002 3509//2940 3508//2939
f 3516//2947 3572//3003 3571//3002
f 3572//3003 3573//3004 3571//3002
f 3571//3002 3573//3004 3509//2940
f 3573//3004 3510//2941 3509//2940
f 3517//2948 3574//3005 3572//3003
f 3574//3005 3575//3006 3572//3003
f 3572//3003 3575//3006 3573//3004
f 3575//3006 3576//3007 3573//3004
f 3573//3004 3576//3007 3510//2941
f 3576//3007 3511//2942 3510//2941
f 3518//2949 3577//3008 3574//3005
f 3577//3008 3578//3009 3574//3005
f 3574//3005 3578//3009 3575//3006
f 3578//3009 3579//3010 3575//3006
f 3575//3006 3579//3010 3576//3007
f 3579//3010 3580//3011 3576//3007
f 3576//3007 3580//3011 3511//2942
f 3580//3011 3512//2943 3511//2942
f 3519//2950 3581//3012 3577//3008
f 3581//3012 3582//3013 3577//3008
f 3577//3008 3582//3013 3578//3009
f 3582//3013 3583//3014 3578//3009
f 3578//3009 3583//3014 3579//3010
f 3583//3014 3584//3015 3579//3010
f 3579//3010 3584//3015 3580//3011
f 3584//3015 3585//3016 3580//3011
f 3580//3011 3585//3016 3512//2943
f 3585//3016 3513//2944 3512//2943
f 3520//2951 3586//3017 3581//3012
f 3586//3017 3587//3018 3581//3012
f 3581//3012 3587//3018 3582//3013
f 3587//3018 3588//3019 3582//3013
f 3582//3013 3588//3019 3583//3014
f 3588//3019 3589//3020 3583//3014
f 3583//3014 3589//3020 3584//3015
f 3589//3020 3590//3021 3584//3015
f 3584//3015 3590//3021 3585//3016
f 3590//3021 3591//3022 3585//3016
f 3585//3016 3591//3022 3513//2944
f 3591//3022 3514//2945 3513//2944
f 3521//2952 3479//2910 3586//3017
f 3479//2910 3478//2909 3586//3017
f 3586//3017 3478//2909 3587//3018
f 3478//2909 3477//2908 3587//3018
f 3587//3018 3477//2908 3588//3019
f 3477//2908 3476//2907 3588//3019
f 3588//3019 3476//2907 3589//3020
f 3476//2907 3475//2906 3589//3020
f 3589//3020 3475//2906 3590//3021
f 3475//2906 3474//2905 3590//3021
f 3590//3021 3474//2905 3591//3022
f 3474//2905 3473//2904 3591//3022
f 3591//3022 3473//2904 3514//2945
f 3473//2904 3314//2745 3514//2945
f 3508//2939 3494//2925 3318//2749
f 3509//2940 3592//3023 3508//2939
f 3510//2941 3593//3024 3509//2940
f 3511//2942 3595//3026 3510//2941
f 3512//2943 3598//3029 3511//2942
f 3513//2944 3602//3033 3512//2943
f 3514//2945 3607//3038 3513//2944
f 3508//2939 3592//3023 3494//2925
f 3592//3023 3495//2926 3494//2925
f 3509//2940 3593//3024 3592//3023
f 3593//3024 3594//3025 3592//3023
f 3592//3023 3594//3025 3495//2926
f 3594//3025 3496//2927 3495//2926
f 3510//2941 3595//3026 3593//3024
f 3595//3026 3596//3027 3593//3024
f 3593//3024 3596//3027 3594//3025
f 3596//3027 3597//3028 3594//3025
f 3594//3025 3597//3028 3496//2927
f 3597//3028 3497//2928 3496//2927
f 3511//2942 3598//3029 3595//3026
f 3598//3029 3599//3030 3595//3026
f 3595//3026 3599//3030 3596//3027
f 3599//3030 3600//3031 3596//3027
f 3596//3027 3600//3031 3597//3028
f 3600//3031 3601//3032 3597//3028
f 3597//3028 3601//3032 3497//2928
f 3601//3032 3498//2929 3497//2928
f 3512//2943 3602//3033 3598//3029
f 3602//3033 3603//3034 3598//3029
f 3598//3029 3603//3034 3599//3030
f 3603//3034 3604//3035 3599//3030
f 3599//3030 3604//3035 3600//3031
f 3604//3035 3605//3036 3600//3031
f 3600//3031 3605//3036 3601//3032
f 3605//3036 3606//3037 3601//3032
f 3601//3032 3606//3037 3498//2929
f 3606//3037 3499//2930 3498//2929
f 3513//2944 3607//3038 3602//3033
f 3607//3038 3608//3039 3602//3033
f 3602//3033 3608//3039 3603//3034
f 3608//3039 3609//3040 3603//3034
f 3603//3034 3609//3040 3604//3035
f 3609//3040 3610//3041 3604//3035
f 3604//3035 3610//3041 3605//3036
f 3610//3041 3611//3042 3605//3036
f 3605//3036 3611//3042 3606//3037
f 3611//3042 3612//3043 3606//3037
f 3606//3037 3612//3043 3499//2930
f 3612//3043 3500//2931 3499//2930
f 3514//2945 3472//2903 3607//3038
f 3472//2903 3471//2902 3607//3038
f 3607//3038 3471//2902 3608//3039
f 3471//2902 3470//2901 3608//3039
f 3608//3039 3470//2901 3609//3040
f 3470//2901 3469//2900 3609//3040
f 3609//3040 3469//2900 3610//3041
f 3469//2900 3468//2899 3610//3041
f 3610//3041 3468//2899 3611//3042
f 3468//2899 3467//2898 3611//3042
f 3611//3042 3467//2898 3612//3043
f 3467//2898 3466//2897 3612//3043
f 3612//3043 3466//2897 3500//2931
f 3466//2897 3313//2744 3500//2931
f 3494//2925 3507//2938 3318//2749
f 3495//2926 3613//3044 3494//2925
f 3496//2927 3614//3045 3495//2926
f 3497//2928 3616//3047 3496//2927
f 3498//2929 3619//3050 3497//2928
f 3499//2930 3623//3054 3498//2929
f 3500//2931 3628//3059 3499//2930
f 3494//2925 3613//3044 3507//2938
f 3613//3044 3506//2937 3507//2938
f 3495//2926 3614//3045 3613//3044
f 3614//3045 3615//3046 3613//3044
f 3613//3044 3615//3046 3506//2937
f 3615//3046 3505//2936 3506//2937
f 3496//2927 3616//3047 3614//3045
f 3616//3047 3617//3048 3614//3045
f 3614//3045 3617//3048 3615//3046
f 3617//3048 3618//3049 3615//3046
f 3615//3046 3618//3049 3505//2936
f 3618//3049 3504//2935 3505//2936
f 3497//2928 3619//3050 3616//3047
f 3619//3050 3620//3051 3616//3047
f 3616//3047 3620//3051 3617//3048
f 3620//3051 3621//3052 3617//3048
f 3617//3048 3621//3052 3618//3049
f 3621//3052 3622//3053 3618//3049
f 3618//3049 3622//3053 3504//2935
f 3622//3053 3503//2934 3504//2935
f 3498//2929 3623//3054 3619//3050
f 3623//3054 3624//3055 3619//3050
f 3619//3050 3624//3055 3620//3051
f 3624//3055 3625//3056 3620//3051
f 3620//3051 3625//3056 3621//3052
f 3625//3056 3626//3057 3621//3052
f 3621//3052 3626//3057 3622//3053
f 3626//3057 3627//3058 3622//3053
f 3622//3053 3627//3058 3503//2934
f 3627//3058 3502//2933 3503//2934
f 3499//2930 3628//3059 3623//3054
f 3628//3059 3629//3060 3623//3054
f 3623//3054 3629//3060 3624//3055
f 3629//3060 3630//3061 3624//3055
f 3624//3055 3630//3061 3625//3056
f 3630//3061 3631//3062 3625//3056
f 3625//3056 3631//3062 3626//3057
f 3631//3062 3632//3063 3626//3057
f 3626//3057 3632//3063 3627//3058
f 3632//3063 3633//3064 3627//3058
f 3627//3058 3633//3064 3502//2933
f 3633//3064 3501//2932 3502//2933
f 3500//2931 3465//2896 3628//3059
f 3465//2896 3464//2895 3628//3059
f 3628//3059 3464//2895 3629//3060
f 3464//2895 3463//2894 3629//3060
f 3629//3060 3463//2894 3630//3061
f 3463//2894 3462//2893 3630//3061
f 3630//3061 3462//2893 3631//3062
f 3462//2893 3461//2892 3631//3062
f 3631//3062 3461//2892 3632//3063
f 3461//2892 3460//2891 3632//3063
f 3632//3063 3460//2891 3633//3064
f 3460//2891 3459//2890 3633//3064
f 3633//3064 3459//2890 3501//2932
f 3459//2890 3317//2748 3501//2932
f 3402//2833 3493//2924 3317//2748
f 3401//2832 3634//3065 3402//2833
f 3400//2831 3635//3066 3401//2832
f 3399//2830 3637//3068 3400//2831
f 3398//2829 3640//3071 3399//2830
f 3397//2828 3644//3075 3398//2829
f 3396//2827 3649//3080 3397//2828
f 3402//2833 3634//3065 3493//2924
f 3634//3065 3492//2923 3493//2924
f 3401//2832 3635//3066 3634//3065
f 3635//3066 3636//3067 3634//3065
f 3634//3065 3636//3067 3492//2923
f 3636//3067 3491//2922 3492//2923
f 3400//2831 3637//3068 3635//3066
f 3637//3068 3638//3069 3635//3066
f 3635//3066 3638//3069 3636//3067
f 3638//3069 3639//3070 3636//3067
f 3636//3067 3639//3070 3491//2922
f 3639//3070 3490//2921 3491//2922
f 3399//2830 3640//3071 3637//3068
f 3640//3071 3641//3072 3637//3068
f 3637//3068 3641//3072 3638//3069
f 3641//3072 3642//3073 3638//3069
f 3638//3069 3642//3073 3639//3070
f 3642//3073 3643//3074 3639//3070
f 3639//3070 3643//3074 3490//2921
f 3643//3074 3489//2920 3490//2921
f 3398//2829 3644//3075 3640//3071
f 3644//3075 3645//3076 3640//3071
f 3640//3071 3645//3076 3641//3072
f 3645//3076 3646//3077 3641//3072
f 3641//3072 3646//3077 3642//3073
f 3646//3077 3647//3078 3642//3073
f 3642//3073 3647//3078 3643//3074
f 3647//3078 3648//3079 3643//3074
f 3643//3074 3648//3079 3489//2920
f 3648//3079 3488//2919 3489//2920
f 3397//2828 3649//3080 3644//3075
f 3649//3080 3650//3081 3644//3075
f 3644//3075 3650//3081 3645//3076
f 3650//3081 3651//3082 3645//3076
f 3645//3076 3651//3082 3646//3077
f 3651//3082 3652//3083 3646//3077
f 3646//3077 3652//3083 3647//3078
f 3652//3083 3653//3084 3647//3078
f 3647//3078 3653//3084 3648//3079
f 3653//3084 3654//3085 3648//3079
f 3648//3079 3654//3085 3488//2919
f 3654//3085 3487//2918 3488//2919
f 3396//2827 3451//2882 3649//3080
f 3451//2882 3450//2881 3649//3080
f 3649//3080 3450//2881 3650//3081
f 3450//2881 3449//2880 3650//3081
f 3650//3081 3449//2880 3651//3082
f 3449//2880 3448//2879 3651//3082
f 3651//3082 3448//2879 3652//3083
f 3448//2879 3447//2878 3652//3083
f 3652//3083 3447//2878 3653//3084
f 3447//2878 3446//2877 3653//3084
f 3653//3084 3446//2877 3654//3085
f 3446//2877 3445//2876 3654//3085
f 3654//3085 3445//2876 3487//2918
f 3445//2876 3316//2747 3487//2918
f 3458//2889 3486//2917 3316//2747
f 3457//2888 3655//3086 3458//2889
f 3456//2887 3656//3087 3457//2888
f 3455//2886 3658//3089 3456//2887
f 3454//2885 3661//3092 3455//2886
f 3453//2884 3665//3096 3454//2885
f 3452//2883 3670//3101 3453//2884
f 3458//2889 3655//3086 3486//2917
f 3655//3086 3485//2916 3486//2917
f 3457//2888 3656//3087 3655//3086
f 3656//3087 3657//3088 3655//3086
f 3655//3086 3657//3088 3485//2916
f 3657//3088 3484//2915 3485//2916
f 3456//2887 3658//3089 3656//3087
f 3658//3089 3659//3090 3656//3087
f 3656//3087 3659//3090 3657//3088
f 3659//3090 3660//3091 3657//3088
f 3657//3088 3660//3091 3484//2915
f 3660//3091 3483//2914 3484//2915
f 3455//2886 3661//3092 3658//3089
f 3661//3092 3662//3093 3658//3089
f 3658//3089 3662//3093 3659//3090
f 3662//3093 3663//3094 3659//3090
f 3659//3090 3663//3094 3660//3091
f 3663//3094 3664//3095 3660//3091
f 3660//3091 3664//3095 3483//2914
f 3664//3095 3482//2913 3483//2914
f 3454//2885 3665//3096 3661//3092
f 3665//3096 3666//3097 3661//3092
f 3661//3092 3666//3097 3662//3093
f 3666//3097 3667//3098 3662//3093
f 3662//3093 3667//3098 3663//3094
f 3667//3098 3668//3099 3663//3094
f 3663//3094 3668//3099 3664//3095
f 3668//3099 3669//3100 3664//3095
f 3664//3095 3669//3100 3482//2913
f 3669//3100 3481//2912 3482//2913
f 3453//2884 3670//3101 3665//3096
f 3670//3101 3671//3102 3665//3096
f 3665//3096 3671//3102 3666//3097
f 3671//3102 3672//3103 3666//3097
f 3666//3097 3672//3103 3667//3098
f 3672//3103 3673//3104 3667//3098
f 3667//3098 3673//3104 3668//3099
f 3673//3104 3674//3105 3668//3099
f 3668//3099 3674//3105 3669//3100
f 3674//3105 3675//3106 3669//3100
f 3669//3100 3675//3106 3481//2912
f 3675//3106 3480//2911 3481//2912
f 3452//2883 3437//2868 3670//3101
f 3437//2868 3436//2867 3670//3101
f 3670//3101 3436//2867 3671//3102
f 3436//2867 3435//2866 3671//3102
f 3671//3102 3435//2866 3672//3103
f 3435//2866 3434//2865 3672//3103
f 3672//3103 3434//2865 3673//3104
f 3434//2865 3433//2864 3673//3104
f 3673//3104 3433//2864 3674//3105
f 3433//2864 3432//2863 3674//3105
f 3674//3105 3432//2863 3675//3106
f 3432//2863 3431//2862 3675//3106
f 3675//3106 3431//2862 3480//2911
f 3431//2862 3315//2746 3480//2911
f 3444//2875 3479//2910 3315//2746
f 3443//2874 3676//3107 3444//2875
f 3442//2873 3677//3108 3443//2874
f 3441//2872 3679//3110 3442//2873
f 3440//2871 3682//3113 3441//2872
f 3439//2870 3686//3117 3440//2871
f 3438//2869 3691//3122 3439//2870
f 3444//2875 3676//3107 3479//2910
f 3676//3107 3478//2909 3479//2910
f 3443//2874 3677//3108 3676//3107
f 3677//3108 3678//3109 3676//3107
f 3676//3107 3678//3109 3478//2909
f 3678//3109 3477//2908 3478//2909
f 3442//2873 3679//3110 3677//3108
f 3679//3110 3680//3111 3677//3108
f 3677//3108 3680//3111 3678//3109
f 3680//3111 3681//3112 3678//3109
f 3678//3109 3681//3112 3477//2908
f 3681//3112 3476//2907 3477//2908
f 3441//2872 3682//3113 3679//3110
f 3682//3113 3683//3114 3679//3110
f 3679//3110 3683//3114 3680//3111
f 3683//3114 3684//3115 3680//3111
f 3680//3111 3684//3115 3681//3112
f 3684//3115 3685//3116 3681//3112
f 3681//3112 3685//3116 3476//2907
f 3685//3116 3475//2906 3476//2907
f 3440//2871 3686//3117 3682//3113
f 3686//3117 3687//3118 3682//3113
f 3682//3113 3687//3118 3683//3114
f 3687//3118 3688//3119 3683//3114
f 3683//3114 3688//3119 3684//3115
f 3688//3119 3689//3120 3684//3115
f 3684//3115 3689//3120 3685//3116
f 3689//3120 3690//3121 3685//3116
f 3685//3116 3690//3121 3475//2906
f 3690//3121 3474//2905 3475//2906
f 3439//2870 3691//3122 3686//3117
f 3691//3122 3692//3123 3686//3117
f 3686//3117 3692//3123 3687//3118
f 3692//3123 3693//3124 3687//3118
f 3687//3118 3693//3124 3688//3119
f 3693//3124 3694//3125 3688//3119
f 3688//3119 3694//3125 3689//3120
f 3694//3125 3695//3126 3689//3120
f 3689//3120 3695//3126 3690//3121
f 3695//3126 3696//3127 3690//3121
f 3690//3121 3696//3127 3474//2905
f 3696//3127 3473//2904 3474//2905
f 3438//2869 3423//2854 3691//3122
f 3423//2854 3422//2853 3691//3122
f 3691//3122 3422//2853 3692//3123
f 3422//2853 3421//2852 3692//3123
f 3692//3123 3421//2852 3693//3124
f 3421//2852 3420//2851 3693//3124
f 3693//3124 3420//2851 3694//3125
f 3420//2851 3419//2850 3694//3125
f 3694//3125 3419//2850 3695//3126
f 3419//2850 3418//2849 3695//3126
f 3695//3126 3418//2849 3696//3127
f 3418//2849 3417//2848 3696//3127
f 3696//3127 3417//2848 3473//2904
f 3417//2848 3314//2745 3473//2904
f 3430//2861 3472//2903 3314//2745
f 3429//2860 3697//3128 3430//2861
f 3428//2859 3698//3129 3429//2860
f 3427//2858 3700//3131 3428//2859
f 3426//2857 3703//3134 3427//2858
f 3425//2856 3707//3138 3426//2857
f 3424//2855 3712//3143 3425//2856
f 3430//2861 3697//3128 3472//2903
f 3697//3128 3471//2902 3472//2903
f 3429//2860 3698//3129 3697//3128
f 3698//3129 3699//3130 3697//3128
f 3697//3128 3699//3130 3471//2902
f 3699//3130 3470//2901 3471//2902
f 3428//2859 3700//3131 3698//3129
f 3700//3131 3701//3132 3698//3129
f 3698//3129 3701//3132 3699//3130
f 3701//3132 3702//3133 3699//3130
f 3699//3130 3702//3133 3470//2901
f 3702//3133 3469//2900 3470//2901
f 3427//2858 3703//3134 3700//3131
f 3703//3134 3704//3135 3700//3131
f 3700//3131 3704//3135 3701//3132
f 3704//3135 3705//3136 3701//3132
f 3701//3132 3705//3136 3702//3133
f 3705//3136 3706//3137 3702//3133
f 3702//3133 3706//3137 3469//2900
f 3706//3137 3468//2899 3469//2900
f 3426//2857 3707//3138 3703//3134
f 3707//3138 3708//3139 3703//3134
f 3703//3134 3708//3139 3704//3135
f 3708//3139 3709//3140 3704//3135
f 3704//3135 3709//3140 3705//3136
f 3709//3140 3710//3141 3705//3136
f 3705//3136 3710//3141 3706//3137
f 3710//3141 3711//3142 3706//3137
f 3706//3137 3711//3142 3468//2899
f 3711//3142 3467//2898 3468//2899
f 3425//2856 3712//3143 3707//3138
f 3712//3143 3713//3144 3707//3138
f 3707//3138 3713//3144 3708//3139
f 3713//3144 3714//3145 3708//3139
f 3708//3139 3714//3145 3709//3140
f 3714//3145 3715//3146 3709//3140
f 3709//3140 3715//3146 3710//3141
f 3715//3146 3716//3147 3710//3141
f 3710//3141 3716//3147 3711//3142
f 3716//3147 3717//3148 3711//3142
f 3711//3142 3717//3148 3467//2898
f 3717//3148 3466//2897 3467//2898
f 3424//2855 3409//2840 3712//3143
f 3409//2840 3408//2839 3712//3143
f 3712//3143 3408//2839 3713//3144
f 3408//2839 3407//2838 3713//3144
f 3713//3144 3407//2838 3714//3145
f 3407//2838 3406//2837 3714//3145
f 3714//3145 3406//2837 3715//3146
f 3406//2837 3405//2836 3715//3146
f 3715//3146 3405//2836 3716//3147
f 3405//2836 3404//2835 3716//3147
f 3716//3147 3404//2835 3717//3148
f 3404//2835 3403//2834 3717//3148
f 3717//3148 3403//2834 3466//2897
f 3403//2834 3313//2744 3466//2897
f 3416//2847 3465//2896 3313//2744
f 3415//2846 3718//3149 3416//2847
f 3414//2845 3719//3150 3415//2846
f 3413//2844 3721//3152 3414//2845
f 3412//2843 3724//3155 3413//2844
f 3411//2842 3728//3159 3412//2843
f 3410//2841 3733//3164 3411//2842
f 3416//2847 3718//3149 3465//2896
f 3718//3149 3464//2895 3465//2896
f 3415//2846 3719//3150 3718//3149
f 3719//3150 3720//3151 3718//3149
f 3718//3149 3720//3151 3464//2895
f 3720//3151 3463//2894 3464//2895
f 3414//2845 3721//3152 3719//3150
f 3721//3152 3722//3153 3719//3150
f 3719//3150 3722//3153 3720//3151
f 3722//3153 3723//3154 3720//3151
f 3720//3151 3723//3154 3463//2894
f 3723//3154 3462//2893 3463//2894
f 3413//2844 3724//3155 3721//3152
f 3724//3155 3725//3156 3721//3152
f 3721//3152 3725//3156 3722//3153
f 3725//3156 3726//3157 3722//3153
f 3722//3153 3726//3157 3723//3154
f 3726//3157 3727//3158 3723//3154
f 3723//3154 3727//3158 3462//2893
f 3727//3158 3461//2892 3462//2893
f 3412//2843 3728//3159 3724//3155
f 3728//3159 3729//3160 3724//3155
f 3724//3155 3729//3160 3725//3156
f 3729//3160 3730//3161 3725//3156
f 3725//3156 3730//3161 3726//3157
f 3730//3161 3731//3162 3726//3157
f 3726//3157 3731//3162 3727//3158
f 3731//3162 3732//3163 3727//3158
f 3727//3158 3732//3163 3461//2892
f 3732//3163 3460//2891 3461//2892
f 3411//2842 3733//3164 3728//3159
f 3733//3164 3734//3165 3728//3159
f 3728//3159 3734//3165 3729//3160
f 3734//3165 3735//3166 3729//3160
f 3729//3160 3735//3166 3730//3161
f 3735//3166 3736//3167 3730//3161
f 3730//3161 3736//3167 3731//3162
f 3736//3167 3737//3168 3731//3162
f 3731//3162 3737//3168 3732//3163
f 3737//3168 3738//3169 3732//3163
f 3732//3163 3738//3169 3460//2891
f 3738//3169 3459//2890 3460//2891
f 3410//2841 3395//2826 3733//3164
f 3395//2826 3394//2825 3733//3164
f 3733//3164 3394//2825 3734//3165
f 3394//2825 3393//2824 3734//3165
f 3734//3165 3393//2824 3735//3166
f 3393//2824 3392//2823 3735//3166
f 3735//3166 3392//2823 3736//3167
f 3392//2823 3391//2822 3736//3167
f 3736//3167 3391//2822 3737//3168
f 3391//2822 3390//2821 3737//3168
f 3737//3168 3390//2821 3738//3169
f 3390//2821 3389//2820 3738//3169
f 3738//3169 3389//2820 3459//2890
f 3389//2820 3317//2748 3459//2890
f 3445//2876 3458//2889 3316//2747
f 3446//2877 3739//3170 3445//2876
f 3447//2878 3740//3171 3446//2877
f 3448//2879 3742//3173 3447//2878
f 3449//2880 3745//3176 3448//2879
f 3450//2881 3749//3180 3449//2880
f 3451//2882 3754//3185 3450//2881
f 3445//2876 3739//3170 3458//2889
f 3739//3170 3457//2888 3458//2889
f 3446//2877 3740//3171 3739//3170
f 3740//3171 3741//3172 3739//3170
f 3739//3170 3741//3172 3457//2888
f 3741//3172 3456//2887 3457//2888
f 3447//2878 3742//3173 3740//3171
f 3742//3173 3743//3174 3740//3171
f 3740//3171 3743//3174 3741//3172
f 3743//3174 3744//3175 3741//3172
f 3741//3172 3744//3175 3456//2887
f 3744//3175 3455//2886 3456//2887
f 3448//2879 3745//3176 3742//3173
f 3745//3176 3746//3177 3742//3173
f 3742//3173 3746//3177 3743//3174
f 3746//3177 3747//3178 3743//3174
f 3743//3174 3747//3178 3744//3175
f 3747//3178 3748//3179 3744//3175
f 3744//3175 3748//3179 3455//2886
f 3748//3179 3454//2885 3455//2886
f 3449//2880 3749//3180 3745//3176
f 3749//3180 3750//3181 3745//3176
f 3745//3176 3750//3181 3746//3177
f 3750//3181 3751//3182 3746//3177
f 3746//3177 3751//3182 3747//3178
f 3751//3182 3752//3183 3747//3178
f 3747//3178 3752//3183 3748//3179
f 3752//3183 3753//3184 3748//3179
f 3748//3179 3753//3184 3454//2885
f 3753//3184 3453//2884 3454//2885
f 3450//2881 3754//3185 3749//3180
f 3754//3185 3755//3186 3749//3180
f 3749//3180 3755//3186 3750//3181
f 3755//3186 3756//3187 3750//3181
f 3750//3181 3756//3187 3751//3182
f 3756//3187 3757//3188 3751//3182
f 3751//3182 3757//3188 3752//3183
f 3757//3188 3758//3189 3752//3183
f 3752//3183 3758//3189 3753//3184
f 3758//3189 3759//3190 3753//3184
f 3753//3184 3759//3190 3453//2884
f 3759//3190 3452//2883 3453//2884
f 3451//2882 3388//2819 3754//3185
f 3388//2819 3387//2818 3754//3185
f 3754//3185 3387//2818 3755//3186
f 3387//2818 3386//2817 3755//3186
f 3755//3186 3386//2817 3756//3187
f 3386//2817 3385//2816 3756//3187
f 3756//3187 3385//2816 3757//3188
f 3385//2816 3384//2815 3757//3188
f 3757//3188 3384//2815 3758//3189
f 3384//2815 3383//2814 3758//3189
f 3758//3189 3383//2814 3759//3190
f 3383//2814 3382//2813 3759//3190
f 3759//3190 3382//2813 3452//2883
f 3382//2813 3311//2742 3452//2883
f 3431//2862 3444//2875 3315//2746
f 3432//2863 3760//3191 3431//2862
f 3433//2864 3761//3192 3432//2863
f 3434//2865 3763//3194 3433//2864
f 3435//2866 3766//3197 3434//2865
f 3436//2867 3770//3201 3435//2866
f 3437//2868 3775//3206 3436//2867
f 3431//2862 3760//3191 3444//2875
f 3760//3191 3443//2874 3444//2875
f 3432//2863 3761//3192 3760//3191
f 3761//3192 3762//3193 3760//3191
f 3760//3191 3762//3193 3443//2874
f 3762//3193 3442//2873 3443//2874
f 3433//2864 3763//3194 3761//3192
f 3763//3194 3764//3195 3761//3192
f 3761//3192 3764//3195 3762//3193
f 3764//3195 3765//3196 3762//3193
f 3762//3193 3765//3196 3442//2873
f 3765//3196 3441//2872 3442//2873
f 3434//2865 3766//3197 3763//3194
f 3766//3197 3767//3198 3763//3194
f 3763//3194 3767//3198 3764//3195
f 3767//3198 3768//3199 3764//3195
f 3764//3195 3768//3199 3765//3196
f 3768//3199 3769//3200 3765//3196
f 3765//3196 3769//3200 3441//2872
f 3769//3200 3440//2871 3441//2872
f 3435//2866 3770//3201 3766//3197
f 3770//3201 3771//3202 3766//3197
f 3766//3197 3771//3202 3767//3198
f 3771//3202 3772//3203 3767//3198
f 3767//3198 3772//3203 3768//3199
f 3772//3203 3773//3204 3768//3199
f 3768//3199 3773//3204 3769//3200
f 3773//3204 3774//3205 3769//3200
f 3769//3200 3774//3205 3440//2871
f 3774//3205 3439//2870 3440//2871
f 3436//2867 3775//3206 3770//3201
f 3775//3206 3776//3207 3770//3201
f 3770//3201 3776//3207 3771//3202
f 3776//3207 3777//3208 3771//3202
f 3771//3202 3777//3208 3772//3203
f 3777//3208 3778//3209 3772//3203
f 3772//3203 3778//3209 3773//3204
f 3778//3209 3779//3210 3773//3204
f 3773//3204 3779//3210 3774//3205
f 3779//3210 3780//3211 3774//3205
f 3774//3205 3780//3211 3439//2870
f 3780//3211 3438//2869 3439//2870
f 3437//2868 3381//2812 3775//3206
f 3381//2812 3380//2811 3775//3206
f 3775//3206 3380//2811 3776//3207
f 3380//2811 3379//2810 3776//3207
f 3776//3207 3379//2810 3777//3208
f 3379//2810 3378//2809 3777//3208
f 3777//3208 3378//2809 3778//3209
f 3378//2809 3377//2808 3778//3209
f 3778//3209 3377//2808 3779//3210
f 3377//2808 3376//2807 3779//3210
f 3779//3210 3376//2807 3780//3211
f 3376//2807 3375//2806 3780//3211
f 3780//3211 3375//2806 3438//2869
f 3375//2806 3310//2741 3438//2869
f 3417//2848 3430//2861 3314//2745
f 3418//2849 3781//3212 3417//2848
f 3419//2850 3782//3213 3418//2849
f 3420//2851 3784//3215 3419//2850
f 3421//2852 3787//3218 3420//2851
f 3422//2853 3791//3222 3421//2852
f 3423//2854 3796//3227 3422//2853
f 3417//2848 3781//3212 3430//2861
f 3781//3212 3429//2860 3430//2861
f 3418//2849 3782//3213 3781//3212
f 3782//3213 3783//3214 3781//3212
f 3781//3212 3783//3214 3429//2860
f 3783//3214 3428//2859 3429//2860
f 3419//2850 3784//3215 3782//3213
f 3784//3215 3785//3216 3782//3213
f 3782//3213 3785//3216 3783//3214
f 3785//3216 3786//3217 3783//3214
f 3783//3214 3786//3217 3428//2859
f 3786//3217 3427//2858 3428//2859
f 3420//2851 3787//3218 3784//3215
f 3787//3218 3788//3219 3784//3215
f 3784//3215 3788//3219 3785//3216
f 3788//3219 3789//3220 3785//3216
f 3785//3216 3789//3220 3786//3217
f 3789//3220 3790//3221 3786//3217
f 3786//3217 3790//3221 3427//2858
f 3790//3221 3426//2857 3427//2858
f 3421//2852 3791//3222 3787//3218
f 3791//3222 3792//3223 3787//3218
f 3787//3218 3792//3223 3788//3219
f 3792//3223 3793//3224 3788//3219
f 3788//3219 3793//3224 3789//3220
f 3793//3224 3794//3225 3789//3220
f 3789//3220 3794//3225 3790//3221
f 3794//3225 3795//3226 3790//3221
f 3790//3221 3795//3226 3426//2857
f 3795//3226 3425//2856 3426//2857
f 3422//2853 3796//3227 3791//3222
f 3796//3227 3797//3228 3791//3222
f 3791//3222 3797//3228 3792//3223
f 3797//3228 3798//3229 3792//3223
f 3792//3223 3798//3229 3793//3224
f 3798//3229 3799//3230 3793//3224
f 3793//3224 3799//3230 3794//3225
f 3799//3230 3800//3231 3794//3225
f 3794//3225 3800//3231 3795//3226
f 3800//3231 3801//3232 3795//3226
f 3795//3226 3801//3232 3425//2856
f 3801//3232 3424//2855 3425//2856
f 3423//2854 3367//2798 3796//3227
f 3367//2798 3366//2797 3796//3227
f 3796//3227 3366//2797 3797//3228
f 3366//2797 3365//2796 3797//3228
f 3797//3228 3365//2796 3798//3229
f 3365//2796 3364//2795 3798//3229
f 3798//3229 3364//2795 3799//3230
f 3364//2795 3363//2794 3799//3230
f 3799//3230 3363//2794 3800//3231
f 3363//2794 3362//2793 3800//3231
f 3800//3231 3362//2793 3801//3232
f 3362//2793 3361//2792 3801//3232
f 3801//3232 3361//2792 3424//2855
f 3361//2792 3309//2740 3424//2855
f 3403//2834 3416//2847 3313//2744
f 3404//2835 3802//3233 3403//2834
f 3405//2836 3803//3234 3404//2835
f 3406//2837 3805//3236 3405//2836
f 3407//2838 3808//3239 3406//2837
f 3408//2839 3812//3243 3407//2838
f 3409//2840 3817//3248 3408//2839
f 3403//2834 3802//3233 3416//2847
f 3802//3233 3415//2846 3416//2847
f 3404//2835 3803//3234 3802//3233
f 3803//3234 3804//3235 3802//3233
f 3802//3233 3804//3235 3415//2846
f 3804//3235 3414//2845 3415//2846
f 3405//2836 3805//3236 3803//3234
f 3805//3236 3806//3237 3803//3234
f 3803//3234 3806//3237 3804//3235
f 3806//3237 3807//3238 3804//3235
f 3804//3235 3807//3238 3414//2845
f 3807//3238 3413//2844 3414//2845
f 3406//2837 3808//3239 3805//3236
f 3808//3239 3809//3240 3805//3236
f 3805//3236 3809//3240 3806//3237
f 3809//3240 3810//3241 3806//3237
f 3806//3237 3810//3241 3807//3238
f 3810//3241 3811//3242 3807//3238
f 3807//3238 3811//3242 3413//2844
f 3811//3242 3412//2843 3413//2844
f 3407//2838 3812//3243 3808//3239
f 3812//3243 3813//3244 3808//3239
f 3808//3239 3813//3244 3809//3240
f 3813//3244 3814//3245 3809//3240
f 3809//3240 3814//3245 3810//3241
f 3814//3245 3815//3246 3810//3241
f 3810//3241 3815//3246 3811//3242
f 3815//3246 3816//3247 3811//3242
f 3811//3242 3816//3247 3412//2843
f 3816//3247 3411//2842 3412//2843
f 3408//2839 3817//3248 3812//3243
f 3817//3248 3818//3249 3812//3243
f 3812//3243 3818//3249 3813//3244
f 3818//3249 3819//3250 3813//3244
f 3813//3244 3819//3250 3814//3245
f 3819//3250 3820//3251 3814//3245
f 3814//3245 3820//3251 3815//3246
f 3820//3251 3821//3252 3815//3246
f 3815//3246 3821//3252 3816//3247
f 3821//3252 3822//3253 3816//3247
f 3816//3247 3822//3253 3411//2842
f 3822//3253 3410//2841 3411//2842
f 3409//2840 3339//2770 3817//3248
f 3339//2770 3338//2769 3817//3248
f 3817//3248 3338//2769 3818//3249
f 3338//2769 3337//2768 3818//3249
f 3818//3249 3337//2768 3819//3250
f 3337//2768 3336//2767 3819//3250
f 3819//3250 3336//2767 3820//3251
f 3336//2767 3335//2766 3820//3251
f 3820//3251 3335//2766 3821//3252
f 3335//2766 3334//2765 3821//3252
f 3821//3252 3334//2765 3822//3253
f 3334//2765 3333//2764 3822//3253
f 3822//3253 3333//2764 3410//2841
f 3333//2764 3308//2739 3410//2841
f 3389//2820 3402//2833 3317//2748
f 3390//2821 3823//3254 3389//2820
f 3391//2822 3824//3255 3390//2821
f 3392//2823 3826//3257 3391//2822
f 3393//2824 3829//3260 3392//2823
f 3394//2825 3833//3264 3393//2824
f 3395//2826 3838//3269 3394//2825
f 3389//2820 3823//3254 3402//2833
f 3823//3254 3401//2832 3402//2833
f 3390//2821 3824//3255 3823//3254
f 3824//3255 3825//3256 3823//3254
f 3823//3254 3825//3256 3401//2832
f 3825//3256 3400//2831 3401//2832
f 3391//2822 3826//3257 3824//3255
f 3826//3257 3827//3258 3824//3255
f 3824//3255 3827//3258 3825//3256
f 3827//3258 3828//3259 3825//3256
f 3825//3256 3828//3259 3400//2831
f 3828//3259 3399//2830 3400//2831
f 3392//2823 3829//3260 3826//3257
f 3829//3260 3830//3261 3826//3257
f 3826//3257 3830//3261 3827//3258
f 3830//3261 3831//3262 3827//3258
f 3827//3258 3831//3262 3828//3259
f 3831//3262 3832//3263 3828//3259
f 3828//3259 3832//3263 3399//2830
f 3832//3263 3398//2829 3399//2830
f 3393//2824 3833//3264 3829//3260
f 3833//3264 3834//3265 3829//3260
f 3829//3260 3834//3265 3830//3261
f 3834//3265 3835//3266 3830//3261
f 3830//3261 3835//3266 3831//3262
f 3835//3266 3836//3267 3831//3262
f 3831//3262 3836//3267 3832//3263
f 3836//3267 3837//3268 3832//3263
f 3832//3263 3837//3268 3398//2829
f 3837//3268 3397//2828 3398//2829
f 3394//2825 3838//3269 3833//3264
f 3838//3269 3839//3270 3833//3264
f 3833//3264 3839//3270 3834//3265
f 3839//3270 3840//3271 3834//3265
f 3834//3265 3840//3271 3835//3266
f 3840//3271 3841//3272 3835//3266
f 3835//3266 3841//3272 3836//3267
f 3841//3272 3842//3273 3836//3267
f 3836//3267 3842//3273 3837//3268
f 3842//3273 3843//3274 3837//3268
f 3837//3268 3843//3274 3397//2828
f 3843//3274 3396//2827 3397//2828
f 3395//2826 3346//2777 3838//3269
f 3346//2777 3345//2776 3838//3269
f 3838//3269 3345//2776 3839//3270
f 3345//2776 3344//2775 3839//3270
f 3839//3270 3344//2775 3840//3271
f 3344//2775 3343//2774 3840//3271
f 3840//3271 3343//2774 3841//3272
f 3343//2774 3342//2773 3841//3272
f 3841//3272 3342//2773 3842//3273
f 3342//2773 3341//2772 3842//3273
f 3842//3273 3341//2772 3843//3274
f 3341//2772 3340//2771 3843//3274
f 3843//3274 3340//2771 3396//2827
f 3340//2771 3312//2743 3396//2827
f 3353//2784 3388//2819 3312//2743
f 3352//2783 3844//3275 3353//2784
f 3351//2782 3845//3276 3352//2783
f 3350//2781 3847//3278 3351//2782
f 3349//2780 3850//3281 3350//2781
f 3348//2779 3854//3285 3349//2780
f 3347//2778 3859//3290 3348//2779
f 3353//2784 3844//3275 3388//2819
f 3844//3275 3387//2818 3388//2819
f 3352//2783 3845//3276 3844//3275
f 3845//3276 3846//3277 3844//3275
f 3844//3275 3846//3277 3387//2818
f 3846//3277 3386//2817 3387//2818
f 3351//2782 3847//3278 3845//3276
f 3847//3278 3848//3279 3845//3276
f 3845//3276 3848//3279 3846//3277
f 3848//3279 3849//3280 3846//3277
f 3846//3277 3849//3280 3386//2817
f 3849//3280 3385//2816 3386//2817
f 3350//2781 3850//3281 3847//3278
f 3850//3281 3851//3282 3847//3278
f 3847//3278 3851//3282 3848//3279
f 3851//3282 3852//3283 3848//3279
f 3848//3279 3852//3283 3849//3280
f 3852//3283 3853//3284 3849//3280
f 3849//3280 3853//3284 3385//2816
f 3853//3284 3384//2815 3385//2816
f 3349//2780 3854//3285 3850//3281
f 3854//3285 3855//3286 3850//3281
f 3850//3281 3855//3286 3851//3282
f 3855//3286 3856//3287 3851//3282
f 3851//3282 3856//3287 3852//3283
f 3856//3287 3857//3288 3852//3283
f 3852//3283 3857//3288 3853//3284
f 3857//3288 3858//3289 3853//3284
f 3853//3284 3858//3289 3384//2815
f 3858//3289 3383//2814 3384//2815
f 3348//2779 3859//3290 3854//3285
f 3859//3290 3860//3291 3854//3285
f 3854//3285 3860//3291 3855//3286
f 3860//3291 3861//3292 3855//3286
f 3855//3286 3861//3292 3856//3287
f 3861//3292 3862//3293 3856//3287
f 3856//3287 3862//3293 3857//3288
f 3862//3293 3863//3294 3857//3288
f 3857//3288 3863//3294 3858//3289
f 3863//3294 3864//3295 3858//3289
f 3858//3289 3864//3295 3383//2814
f 3864//3295 3382//2813 3383//2814
f 3347//2778 3374//2805 3859//3290
f 3374//2805 3373//2804 3859//3290
f 3859//3290 3373//2804 3860//3291
f 3373//2804 3372//2803 3860//3291
f 3860//3291 3372//2803 3861//3292
f 3372//2803 3371//2802 3861//3292
f 3861//3292 3371//2802 3862//3293
f 3371//2802 3370//2801 3862//3293
f 3862//3293 3370//2801 3863//3294
f 3370//2801 3369//2800 3863//3294
f 3863//3294 3369//2800 3864//3295
f 3369//2800 3368//2799 3864//3295
f 3864//3295 3368//2799 3382//2813
f 3368//2799 3311//2742 3382//2813
f 3368//2799 3381//2812 3311//2742
f 3369//2800 3865//3296 3368//2799
f 3370//2801 3866//3297 3369//2800
f 3371//2802 3868//3299 3370//2801
f 3372//2803 3871//3302 3371//2802
f 3373//2804 3875//3306 3372//2803
f 3374//2805 3880//3311 3373//2804
f 3368//2799 3865//3296 3381//2812
f 3865//3296 3380//2811 3381//2812
f 3369//2800 3866//3297 3865//3296
f 3866//3297 3867//3298 3865//3296
f 3865//3296 3867//3298 3380//2811
f 3867//3298 3379//2810 3380//2811
f 3370//2801 3868//3299 3866//3297
f 3868//3299 3869//3300 3866//3297
f 3866//3297 3869//3300 3867//3298
f 3869//3300 3870//3301 3867//3298
f 3867//3298 3870//3301 3379//2810
f 3870//3301 3378//2809 3379//2810
f 3371//2802 3871//3302 3868//3299
f 3871//3302 3872//3303 3868//3299
f 3868//3299 3872//3303 3869//3300
f 3872//3303 3873//3304 3869//3300
f 3869//3300 3873//3304 3870//3301
f 3873//3304 3874//3305 3870//3301
f 3870//3301 3874//3305 3378//2809
f 3874//3305 3377//2808 3378//2809
f 3372//2803 3875//3306 3871//3302
f 3875//3306 3876//3307 3871//3302
f 3871//3302 3876//3307 3872//3303
f 3876//3307 3877//3308 3872//3303
f 3872//3303 3877//3308 3873//3304
f 3877//3308 3878//3309 3873//3304
f 3873//3304 3878//3309 3874//3305
f 3878//3309 3879//3310 3874//3305
f 3874//3305 3879//3310 3377//2808
f 3879//3310 3376//2807 3377//2808
f 3373//2804 3880//3311 3875//3306
f 3880//3311 3881//3312 3875//3306
f 3875//3306 3881//3312 3876//3307
f 3881//3312 3882//3313 3876//3307
f 3876//3307 3882//3313 3877//3308
f 3882//3313 3883//3314 3877//3308
f 3877//3308 3883//3314 3878//3309
f 3883//3314 3884//3315 3878//3309
f 3878//3309 3884//3315 3879//3310
f 3884//3315 3885//3316 3879//3310
f 3879//3310 3885//3316 3376//2807
f 3885//3316 3375//2806 3376//2807
f 3374//2805 3360//2791 3880//3311
f 3360//2791 3359//2790 3880//3311
f 3880//3311 3359//2790 3881//3312
f 3359//2790 3358//2789 3881//3312
f 3881//3312 3358//2789 3882//3313
f 3358//2789 3357//2788 3882//3313
f 3882//3313 3357//2788 3883//3314
f 3357//2788 3356//2787 3883//3314
f 3883//3314 3356//2787 3884//3315
f 3356//2787 3355//2786 3884//3315
f 3884//3315 3355//2786 3885//3316
f 3355//2786 3354//2785 3885//3316
f 3885//3316 3354//2785 3375//2806
f 3354//2785 3310//2741 3375//2806
f 3354//2785 3367//2798 3310//2741
f 3355//2786 3886//3317 3354//2785
f 3356//2787 3887//3318 3355//2786
f 3357//2788 3889//3320 3356//2787
f 3358//2789 3892//3323 3357//2788
f 3359//2790 3896//3327 3358//2789
f 3360//2791 3901//3332 3359//2790
f 3354//2785 3886//3317 3367//2798
f 3886//3317 3366//2797 3367//2798
f 3355//2786 3887//3318 3886//3317
f 3887//3318 3888//3319 3886//3317
f 3886//3317 3888//3319 3366//2797
f 3888//3319 3365//2796 3366//2797
f 3356//2787 3889//3320 3887//3318
f 3889//3320 3890//3321 3887//3318
f 3887//3318 3890//3321 3888//3319
f 3890//3321 3891//3322 3888//3319
f 3888//3319 3891//3322 3365//2796
f 3891//3322 3364//2795 3365//2796
f 3357//2788 3892//3323 3889//3320
f 3892//3323 3893//3324 3889//3320
f 3889//3320 3893//3324 3890//3321
f 3893//3324 3894//3325 3890//3321
f 3890//3321 3894//3325 3891//3322
f 3894//3325 3895//3326 3891//3322
f 3891//3322 3895//3326 3364//2795
f 3895//3326 3363//2794 3364//2795
f 3358//2789 3896//3327 3892//3323
f 3896//3327 3897//3328 3892//3323
f 3892//3323 3897//3328 3893//3324
f 3897//3328 3898//3329 3893//3324
f 3893//3324 3898//3329 3894//3325
f 3898//3329 3899//3330 3894//3325
f 3894//3325 3899//3330 3895//3326
f 3899//3330 3900//3331 3895//3326
f 3895//3326 3900//3331 3363//2794
f 3900//3331 3362//2793 3363//2794
f 3359//2790 3901//3332 3896//3327
f 3901//3332 3902//3333 3896//3327
f 3896//3327 3902//3333 3897//3328
f 3902//3333 3903//3334 3897//3328
f 3897//3328 3903//3334 3898//3329
f 3903//3334 3904//3335 3898//3329
f 3898//3329 3904//3335 3899//3330
f 3904//3335 3905//3336 3899//3330
f 3899//3330 3905//3336 3900//3331
f 3905//3336 3906//3337 3900//3331
f 3900//3331 3906//3337 3362//2793
f 3906//3337 3361//2792 3362//2793
f 3360//2791 3325//2756 3901//3332
f 3325//2756 3324//2755 3901//3332
f 3901//3332 3324//2755 3902//3333
f 3324//2755 3323//2754 3902//3333
f 3902//3333 3323//2754 3903//3334
f 3323//2754 3322//2753 3903//3334
f 3903//3334 3322//2753 3904//3335
f 3322//2753 3321//2752 3904//3335
f 3904//3335 3321//2752 3905//3336
f 3321//2752 3320//2751 3905//3336
f 3905//3336 3320//2751 3906//3337
f 3320//2751 3319//2750 3906//3337
f 3906//3337 3319//2750 3361//2792
f 3319//2750 3309//2740 3361//2792
f 3340//2771 3353//2784 3312//2743
f 3341//2772 3907//3338 3340//2771
f 3342//2773 3908//3339 3341//2772
f 3343//2774 3910//3341 3342//2773
f 3344//2775 3913//3344 3343//2774
f 3345//2776 3917//3348 3344//2775
f 3346//2777 3922//3353 3345//2776
f 3340//2771 3907//3338 3353//2784
f 3907//3338 3352//2783 3353//2784
f 3341//2772 3908//3339 3907//3338
f 3908//3339 3909//3340 3907//3338
f 3907//3338 3909//3340 3352//2783
f 3909//3340 3351//2782 3352//2783
f 3342//2773 3910//3341 3908//3339
f 3910//3341 3911//3342 3908//3339
f 3908//3339 3911//3342 3909//3340
f 3911//3342 3912//3343 3909//3340
f 3909//3340 3912//3343 3351//2782
f 3912//3343 3350//2781 3351//2782
f 3343//2774 3913//3344 3910//3341
f 3913//3344 3914//3345 3910//3341
f 3910//3341 3914//3345 3911//3342
f 3914//3345 3915//3346 3911//3342
f 3911//3342 3915//3346 3912//3343
f 3915//3346 3916//3347 3912//3343
f 3912//3343 3916//3347 3350//2781
f 3916//3347 3349//2780 3350//2781
f 3344//2775 3917//3348 3913//3344
f 3917//3348 3918//3349 3913//3344
f 3913//3344 3918//3349 3914//3345
f 3918//3349 3919//3350 3914//3345
f 3914//3345 3919//3350 3915//3346
f 3919//3350 3920//3351 3915//3346
f 3915//3346 3920//3351 3916//3347
f 3920//3351 3921//3352 3916//3347
f 3916//3347 3921//3352 3349//2780
f 3921//3352 3348//2779 3349//2780
f 3345//2776 3922//3353 3917//3348
f 3922//3353 3923//3354 3917//3348
f 3917//3348 3923//3354 3918//3349
f 3923//3354 3924//3355 3918//3349
f 3918//3349 3924//3355 3919//3350
f 3924//3355 3925//3356 3919//3350
f 3919//3350 3925//3356 3920//3351
f 3925//3356 3926//3357 3920//3351
f 3920//3351 3926//3357 3921//3352
f 3926//3357 3927//3358 3921//3352
f 3921//3352 3927//3358 3348//2779
f 3927//3358 3347//2778 3348//2779
f 3346//2777 3332//2763 3922//3353
f 3332//2763 3331//2762 3922//3353
f 3922//3353 3331//2762 3923//3354
f 3331//2762 3330//2761 3923//3354
f 3923//3354 3330//2761 3924//3355
f 3330//2761 3329//2760 3924//3355
f 3924//3355 3329//2760 3925//3356
f 3329//2760 3328//2759 3925//3356
f 3925//3356 3328//2759 3926//3357
f 3328//2759 3327//2758 3926//3357
f 3926//3357 3327//2758 3927//3358
f 3327//2758 3326//2757 3927//3358
f 3927//3358 3326//2757 3347//2778
f 3326//2757 3307//2738 3347//2778
f 3319//2750 3339//2770 3309//2740
f 3320//2751 3928//3359 3319//2750
f 3321//2752 3929//3360 3320//2751
f 3322//2753 3931//3362 3321//2752
f 3323//2754 3934//3365 3322//2753
f 3324//2755 3938//3369 3323//2754
f 3325//2756 3943//3374 3324//2755
f 3319//2750 3928//3359 3339//2770
f 3928//3359 3338//2769 3339//2770
f 3320//2751 3929//3360 3928//3359
f 3929//3360 3930//3361 3928//3359
f 3928//3359 3930//3361 3338//2769
f 3930//3361 3337//2768 3338//2769
f 3321//2752 3931//3362 3929//3360
f 3931//3362 3932//3363 3929//3360
f 3929//3360 3932//3363 3930//3361
f 3932//3363 3933//3364 3930//3361
f 3930//3361 3933//3364 3337//2768
f 3933//3364 3336//2767 3337//2768
f 3322//2753 3934//3365 3931//3362
f 3934//3365 3935//3366 3931//3362
f 3931//3362 3935//3366 3932//3363
f 3935//3366 3936//3367 3932//3363
f 3932//3363 3936//3367 3933//3364
f 3936//3367 3937//3368 3933//3364
f 3933//3364 3937//3368 3336//2767
f 3937//3368 3335//2766 3336//2767
f 3323//2754 3938//3369 3934//3365
f 3938//3369 3939//3370 3934//3365
f 3934//3365 3939//3370 3935//3366
f 3939//3370 3940//3371 3935//3366
f 3935//3366 3940//3371 3936//3367
f 3940//3371 3941//3372 3936//3367
f 3936//3367 3941//3372 3937//3368
f 3941//3372 3942//3373 3937//3368
f 3937//3368 3942//3373 3335//2766
f 3942//3373 3334//2765 3335//2766
f 3324//2755 3943//3374 3938//3369
f 3943//3374 3944//3375 3938//3369
f 3938//3369 3944//3375 3939//3370
f 3944//3375 3945//3376 3939//3370
f 3939//3370 3945//3376 3940//3371
f 3945//3376 3946//3377 3940//3371
f 3940//3371 3946//3377 3941//3372
f 3946//3377 3947//3378 3941//3372
f 3941//3372 3947//3378 3942//3373
f 3947//3378 3948//3379 3942//3373
f 3942//3373 3948//3379 3334//2765
f 3948//3379 3333//2764 3334//2765
f 3325//2756 3326//2757 3943//3374
f 3326//2757 3327//2758 3943//3374
f 3943//3374 3327//2758 3944//3375
f 3327//2758 3328//2759 3944//3375
f 3944//3375 3328//2759 3945//3376
f 3328//2759 3329//2760 3945//3376
f 3945//3376 3329//2760 3946//3377
f 3329//2760 3330//2761 3946//3377
f 3946//3377 3330//2761 3947//3378
f 3330//2761 3331//2762 3947//3378
f 3947//3378 3331//2762 3948//3379
f 3331//2762 3332//2763 3948//3379
f 3948//3379 3332//2763 3333//2764
f 3332//2763 3308//2739 3333//2764
o Orb5
v 3.784735 5.257614 1.023720
v 4.508343 5.810394 1.549445
v 3.508347 5.810394 1.874369
v 2.890309 5.810398 1.023720
v 3.508347 5.810394 0.173071
v 4.508343 5.810394 0.497995
v 4.061123 6.704834 1.874369
v 3.061128 6.704833 1.549445
v 3.061128 6.704833 0.497995
v 4.061123 6.704834 0.173071
v 4.679162 6.704829 1.023720
v 3.784735 7.257614 1.023720
v 3.526799 5.706928 1.817581
v 3.551914 5.600094 1.740283
v 3.584047 5.497211 1.641386
v 3.622280 5.406960 1.523715
v 3.664323 5.336659 1.394318
v 3.707129 5.289664 1.262573
v 3.747887 5.264749 1.137128
v 3.881206 5.264749 1.093809
v 3.987916 5.289664 1.171338
v 4.099986 5.336659 1.252761
v 4.210058 5.406960 1.332731
v 4.310155 5.497211 1.405455
v 4.394282 5.600095 1.466577
v 4.460035 5.706929 1.514349
v 4.423188 5.780626 1.627758
v 4.316676 5.755312 1.705433
v 4.189744 5.738041 1.776058
v 4.047604 5.731876 1.832732
v 3.899299 5.738041 1.870431
v 3.755096 5.755312 1.887904
v 3.623270 5.780626 1.887671
v 4.556507 5.780627 0.603182
v 4.597465 5.755313 0.728482
v 4.625408 5.738043 0.871026
v 4.635383 5.731878 1.023720
v 4.625408 5.738043 1.176414
v 4.597465 5.755313 1.318958
v 4.556507 5.780627 1.444259
v 3.881206 5.264749 0.953631
v 3.987916 5.289664 0.876102
v 4.099986 5.336659 0.794680
v 4.210058 5.406960 0.714709
v 4.310155 5.497211 0.641985
v 4.394282 5.600095 0.580864
v 4.460035 5.706929 0.533092
v 2.950019 5.706933 1.023720
v 3.031293 5.600099 1.023720
v 3.135279 5.497214 1.023720
v 3.259005 5.406962 1.023720
v 3.395062 5.336660 1.023720
v 3.533588 5.289665 1.023720
v 3.665490 5.264749 1.023720
v 3.407552 5.780626 1.817581
v 3.300764 5.755312 1.740285
v 3.194369 5.738042 1.641388
v 3.096546 5.731877 1.523717
v 3.014863 5.738044 1.394320
v 2.953685 5.755315 1.262573
v 2.913170 5.780630 1.137128
v 3.526799 5.706928 0.229860
v 3.551914 5.600094 0.307157
v 3.584047 5.497211 0.406054
v 3.622280 5.406960 0.523725
v 3.664323 5.336659 0.653122
v 3.707129 5.289664 0.784867
v 3.747887 5.264749 0.910313
v 2.913170 5.780630 0.910312
v 2.953685 5.755315 0.784867
v 3.014863 5.738044 0.653121
v 3.096546 5.731877 0.523723
v 3.194370 5.738042 0.406052
v 3.300764 5.755312 0.307156
v 3.407552 5.780626 0.229859
v 3.623270 5.780626 0.159769
v 3.755096 5.755312 0.159536
v 3.899299 5.738041 0.177009
v 4.047604 5.731876 0.214709
v 4.189744 5.738041 0.271382
v 4.316676 5.755312 0.342008
v 4.423188 5.780626 0.419683
v 4.715923 6.615352 1.093809
v 4.741361 6.508763 1.171339
v 4.749446 6.387506 1.252761
v 4.735793 6.257614 1.332733
v 4.699833 6.127721 1.405457
v 4.645433 6.006463 1.466578
v 4.579282 5.899873 1.514349
v 4.579282 5.899873 0.533091
v 4.645433 6.006463 0.580863
v 4.699834 6.127721 0.641984
v 4.735793 6.257614 0.714708
v 4.749446 6.387506 0.794679
v 4.741361 6.508763 0.876102
v 4.715923 6.615352 0.953631
v 4.005824 6.615355 1.930991
v 3.939950 6.508765 1.979142
v 3.865011 6.387507 2.011993
v 3.784735 6.257614 2.023720
v 3.704459 6.127720 2.011993
v 3.629520 6.006462 1.979142
v 3.563646 5.899872 1.930991
v 4.496885 5.899872 1.627759
v 4.471894 6.006462 1.705436
v 4.430574 6.127720 1.776063
v 4.372521 6.257614 1.832737
v 4.300681 6.387507 1.870436
v 4.220742 6.508766 1.887908
v 4.139144 6.615355 1.887673
v 2.990188 6.615355 1.514349
v 2.924037 6.508764 1.466578
v 2.869637 6.387506 1.405457
v 2.833677 6.257614 1.332733
v 2.820024 6.127721 1.252761
v 2.828110 6.006464 1.171338
v 2.853547 5.899876 1.093809
v 3.430326 5.899872 1.887673
v 3.348728 6.006462 1.887908
v 3.268790 6.127720 1.870436
v 3.196949 6.257614 1.832737
v 3.138896 6.387507 1.776062
v 3.097577 6.508766 1.705436
v 3.072585 6.615355 1.627759
v 3.072585 6.615355 0.419681
v 3.097577 6.508766 0.342005
v 3.138896 6.387507 0.271378
v 3.196950 6.257614 0.214703
v 3.268790 6.127720 0.177004
v 3.348728 6.006462 0.159532
v 3.430326 5.899872 0.159767
v 2.853547 5.899876 0.953631
v 2.828110 6.006464 0.876102
v 2.820024 6.127721 0.794679
v 2.833677 6.257614 0.714707
v 2.869637 6.387506 0.641984
v 2.924037 6.508764 0.580863
v 2.990188 6.615355 0.533091
v 4.139144 6.615355 0.159767
v 4.220742 6.508766 0.159532
v 4.300681 6.387507 0.177004
v 4.372521 6.257614 0.214703
v 4.430574 6.127720 0.271378
v 4.471894 6.006462 0.342005
v 4.496885 5.899872 0.419681
v 3.563646 5.899872 0.116449
v 3.629520 6.006462 0.068298
v 3.704459 6.127720 0.035447
v 3.784735 6.257614 0.023720
v 3.865011 6.387507 0.035447
v 3.939950 6.508765 0.068298
v 4.005824 6.615355 0.116449
v 4.656300 6.734598 1.137128
v 4.615786 6.759912 1.262574
v 4.554607 6.777184 1.394320
v 4.472925 6.783350 1.523717
v 4.375101 6.777185 1.641388
v 4.268707 6.759915 1.740285
v 4.161918 6.734601 1.817581
v 3.946200 6.734601 1.887671
v 3.814374 6.759915 1.887904
v 3.670171 6.777186 1.870431
v 3.521866 6.783351 1.832732
v 3.379727 6.777186 1.776058
v 3.252794 6.759915 1.705433
v 3.146283 6.734601 1.627758
v 3.012964 6.734601 1.444259
v 2.972006 6.759914 1.318958
v 2.944062 6.777184 1.176414
v 2.934087 6.783350 1.023720
v 2.944062 6.777184 0.871026
v 2.972006 6.759914 0.728482
v 3.012964 6.734601 0.603182
v 3.146283 6.734601 0.419683
v 3.252794 6.759915 0.342008
v 3.379727 6.777186 0.271382
v 3.521866 6.783351 0.214708
v 3.670171 6.777186 0.177009
v 3.814374 6.759915 0.159536
v 3.946200 6.734601 0.159769
v 4.161918 6.734601 0.229859
v 4.268707 6.759915 0.307156
v 4.375101 6.777185 0.406052
v 4.472925 6.783350 0.523723
v 4.554607 6.777184 0.653121
v 4.615786 6.759912 0.784867
v 4.656300 6.734597 0.910312
v 3.821583 7.250479 1.137128
v 3.862342 7.225564 1.262573
v 3.905148 7.178568 1.394318
v 3.947191 7.108268 1.523715
v 3.985424 7.018017 1.641386
v 4.017557 6.915133 1.740283
v 4.042672 6.808299 1.817581
v 4.619451 6.808294 1.023720
v 4.538177 6.915128 1.023720
v 4.434191 7.018013 1.023720
v 4.310465 7.108265 1.023720
v 4.174408 7.178567 1.023720
v 4.035882 7.225563 1.023720
v 3.903980 7.250479 1.023720
v 3.688265 7.250479 1.093809
v 3.581554 7.225563 1.171338
v 3.469484 7.178568 1.252761
v 3.359413 7.108268 1.332731
v 3.259315 7.018016 1.405455
v 3.175189 6.915133 1.466577
v 3.109435 6.808299 1.514349
v 3.688265 7.250479 0.953631
v 3.581554 7.225563 0.876102
v 3.469484 7.178568 0.794680
v 3.359413 7.108268 0.714709
v 3.259315 7.018016 0.641985
v 3.175189 6.915133 0.580864
v 3.109435 6.808299 0.533092
v 3.821583 7.250479 0.910313
v 3.862342 7.225564 0.784867
v 3.905148 7.178568 0.653122
v 3.947191 7.108268 0.523725
v 3.985424 7.018017 0.406054
v 4.017557 6.915133 0.307157
v 4.042672 6.808299 0.229860
v 3.950933 7.236285 0.902971
v 4.091902 7.200822 0.897202
v 3.999980 7.200822 0.770684
v 4.236110 7.140467 0.893990
v 4.146535 7.152043 0.760857
v 4.047597 7.140469 0.634528
v 4.372518 7.056163 0.893989
v 4.291464 7.077526 0.757318
v 4.194686 7.077527 0.624116
v 4.089749 7.056166 0.504797
v 4.490993 6.954172 0.897202
v 4.422929 6.981224 0.760856
v 4.334743 6.990967 0.624115
v 4.231945 6.981225 0.497992
v 4.123304 6.954175 0.391127
v 4.585757 6.843945 0.902970
v 4.532101 6.871956 0.770682
v 4.456822 6.887556 0.634526
v 4.362566 6.887557 0.504794
v 4.256334 6.871958 0.391126
v 4.147101 6.843948 0.299218
v 3.721253 7.236285 0.828344
v 3.759327 7.200822 0.692493
v 3.610597 7.200822 0.740819
v 3.800833 7.140469 0.554351
v 3.646538 7.152043 0.598401
v 3.495819 7.140469 0.653458
v 3.842985 7.056166 0.424619
v 3.687956 7.077527 0.459472
v 3.531369 7.077527 0.510351
v 3.385463 7.056166 0.573280
v 3.882650 6.954175 0.312935
v 3.731946 6.981226 0.335535
v 3.574648 6.990968 0.377149
v 3.422932 6.981226 0.435942
v 3.287726 6.954175 0.506241
v 3.917419 6.843948 0.224591
v 3.775027 6.871958 0.234742
v 3.622272 6.887558 0.264262
v 3.469764 6.887558 0.313816
v 3.328833 6.871958 0.379722
v 3.207669 6.843948 0.455207
v 3.579304 7.236285 1.023720
v 3.461867 7.200822 0.945529
v 3.461867 7.200822 1.101912
v 3.343313 7.140469 0.863366
v 3.337525 7.152043 1.023720
v 3.343313 7.140469 1.184074
v 3.232956 7.056165 0.783188
v 3.218196 7.077526 0.941398
v 3.218196 7.077526 1.106042
v 3.232956 7.056165 1.264252
v 3.138995 6.954174 0.710952
v 3.113919 6.981225 0.861263
v 3.104887 6.990967 1.023720
v 3.113919 6.981225 1.186177
v 3.138996 6.954174 1.336488
v 3.065720 6.843947 0.650585
v 3.031372 6.871957 0.789144
v 3.012243 6.887556 0.943543
v 3.012243 6.887556 1.103898
v 3.031372 6.871957 1.258296
v 3.065720 6.843947 1.396855
v 3.721252 7.236285 1.219096
v 3.610597 7.200822 1.306621
v 3.759327 7.200822 1.354948
v 3.495819 7.140469 1.393982
v 3.646538 7.152043 1.449040
v 3.800833 7.140469 1.493089
v 3.385463 7.056166 1.474160
v 3.531369 7.077527 1.537089
v 3.687956 7.077527 1.587968
v 3.842985 7.056166 1.622821
v 3.287726 6.954175 1.541199
v 3.422932 6.981226 1.611499
v 3.574648 6.990968 1.670291
v 3.731946 6.981226 1.711905
v 3.882650 6.954175 1.734505
v 3.207669 6.843948 1.592233
v 3.328833 6.871958 1.667718
v 3.469764 6.887558 1.733624
v 3.622272 6.887558 1.783178
v 3.775027 6.871958 1.812698
v 3.917419 6.843948 1.822849
v 3.950933 7.236285 1.144469
v 3.999980 7.200822 1.276756
v 4.091902 7.200822 1.150238
v 4.047597 7.140469 1.412912
v 4.146535 7.152043 1.286583
v 4.236110 7.140467 1.153451
v 4.089749 7.056166 1.542644
v 4.194686 7.077527 1.423324
v 4.291464 7.077526 1.290123
v 4.372518 7.056163 1.153451
v 4.123304 6.954175 1.656313
v 4.231945 6.981225 1.549448
v 4.334743 6.990967 1.423325
v 4.422929 6.981224 1.286584
v 4.490993 6.954172 1.150239
v 4.147101 6.843948 1.748222
v 4.256334 6.871958 1.656315
v 4.362566 6.887557 1.542646
v 4.456822 6.887556 1.412915
v 4.532101 6.871955 1.276758
v 4.585757 6.843945 1.144470
v 4.688475 6.638511 0.828344
v 4.706243 6.523676 0.740818
v 4.639727 6.656708 0.692491
v 4.703591 6.394023 0.653456
v 4.646540 6.534010 0.598398
v 4.567182 6.666842 0.554349
v 4.677541 6.257614 0.573277
v 4.631395 6.397673 0.510348
v 4.561365 6.537732 0.459469
v 4.472926 6.666843 0.424617
v 4.630025 6.124581 0.506239
v 4.593754 6.257614 0.435938
v 4.534617 6.397673 0.377145
v 4.455556 6.534011 0.335531
v 4.363961 6.656710 0.312932
v 4.567237 6.003680 0.455205
v 4.538104 6.124581 0.379718
v 4.489028 6.257614 0.313811
v 4.420824 6.394024 0.264257
v 4.338555 6.523679 0.234738
v 4.249820 6.638514 0.224589
v 3.878186 6.638514 0.103839
v 3.800435 6.523678 0.059893
v 3.733919 6.656710 0.108220
v 3.716530 6.394024 0.035418
v 3.646537 6.534011 0.072665
v 3.580120 6.666844 0.134528
v 3.632227 6.257613 0.035418
v 3.558117 6.397673 0.059859
v 3.488088 6.537732 0.110739
v 3.427612 6.666844 0.184081
v 3.553787 6.124581 0.059892
v 3.475719 6.257613 0.072663
v 3.401528 6.397673 0.110738
v 3.337520 6.534011 0.173071
v 3.287723 6.656710 0.253200
v 3.485850 6.003680 0.103837
v 3.405055 6.124581 0.108218
v 3.327209 6.257613 0.134524
v 3.259003 6.394024 0.184078
v 3.205506 6.523678 0.253199
v 3.168433 6.638514 0.334454
v 2.938753 6.638513 0.650584
v 2.872931 6.523677 0.710951
v 2.898340 6.656708 0.789144
v 2.823727 6.394023 0.783187
v 2.837522 6.534009 0.861263
v 2.875833 6.666842 0.943542
v 2.797676 6.257614 0.863365
v 2.798020 6.397672 0.941398
v 2.824769 6.537731 1.023720
v 2.875833 6.666842 1.103898
v 2.796712 6.124583 0.945528
v 2.784735 6.257614 1.023721
v 2.798020 6.397673 1.106043
v 2.837522 6.534010 1.186178
v 2.898340 6.656709 1.258297
v 2.817513 6.003683 1.023721
v 2.796712 6.124584 1.101913
v 2.797676 6.257615 1.184076
v 2.823728 6.394025 1.264254
v 2.872932 6.523678 1.336490
v 2.938754 6.638513 1.396856
v 3.168433 6.638514 1.712986
v 3.205506 6.523678 1.794241
v 3.287723 6.656710 1.794240
v 3.259003 6.394023 1.863361
v 3.337519 6.534010 1.874369
v 3.427611 6.666843 1.863359
v 3.327208 6.257613 1.912916
v 3.401528 6.397672 1.936702
v 3.488087 6.537732 1.936701
v 3.580120 6.666843 1.912913
v 3.405054 6.124580 1.939223
v 3.475718 6.257613 1.974777
v 3.558116 6.397672 1.987581
v 3.646536 6.534010 1.974775
v 3.733918 6.656710 1.939220
v 3.485850 6.003680 1.943603
v 3.553787 6.124581 1.987548
v 3.632226 6.257613 2.012022
v 3.716530 6.394023 2.012022
v 3.800435 6.523678 1.987548
v 3.878186 6.638514 1.943602
v 4.249820 6.638514 1.822852
v 4.338555 6.523678 1.812703
v 4.363961 6.656710 1.734509
v 4.420823 6.394023 1.783184
v 4.455555 6.534010 1.711910
v 4.472925 6.666842 1.622824
v 4.489028 6.257613 1.733629
v 4.534617 6.397671 1.670297
v 4.561365 6.537730 1.587973
v 4.567182 6.666842 1.493092
v 4.538103 6.124580 1.667722
v 4.593754 6.257612 1.611503
v 4.631394 6.397671 1.537094
v 4.646539 6.534008 1.449043
v 4.639727 6.656707 1.354950
v 4.567236 6.003679 1.592235
v 4.630024 6.124580 1.541202
v 4.677540 6.257611 1.474164
v 4.703591 6.394021 1.393986
v 4.706243 6.523675 1.306624
v 4.688475 6.638510 1.219097
v 4.083621 6.511548 0.103837
v 4.164416 6.390646 0.108218
v 4.015684 6.390646 0.059892
v 4.242262 6.257614 0.134525
v 4.093752 6.257614 0.072664
v 3.937244 6.257614 0.035418
v 4.310468 6.121203 0.184079
v 4.167943 6.117554 0.110739
v 4.011354 6.117554 0.059860
v 3.852941 6.121203 0.035418
v 4.363964 5.991549 0.253199
v 4.231951 5.981216 0.173072
v 4.081383 5.977495 0.110740
v 3.922934 5.981216 0.072665
v 3.769036 5.991549 0.059893
v 4.401037 5.876713 0.334455
v 4.281747 5.858517 0.253200
v 4.141859 5.848383 0.184081
v 3.989351 5.848383 0.134528
v 3.835552 5.858517 0.108220
v 3.691284 5.876714 0.103839
v 3.002234 6.511547 0.455205
v 3.031367 6.390646 0.379718
v 2.939445 6.390646 0.506238
v 3.080442 6.257614 0.313810
v 2.975717 6.257614 0.435937
v 2.891930 6.257614 0.573277
v 3.148648 6.121203 0.264256
v 3.034854 6.117554 0.377143
v 2.938076 6.117555 0.510346
v 2.865880 6.121204 0.653455
v 3.230917 5.991549 0.234737
v 3.113916 5.981216 0.335529
v 3.008107 5.977496 0.459467
v 2.922932 5.981217 0.598396
v 2.863228 5.991550 0.740816
v 3.319651 5.876713 0.224588
v 3.205511 5.858518 0.312931
v 3.096547 5.848384 0.424614
v 3.002290 5.848385 0.554347
v 2.929744 5.858519 0.692489
v 2.880996 5.876716 0.828343
v 3.002234 6.511547 1.592235
v 2.939445 6.390646 1.541202
v 3.031367 6.390646 1.667722
v 2.891930 6.257614 1.474164
v 2.975717 6.257614 1.611503
v 3.080442 6.257614 1.733630
v 2.865879 6.121204 1.393986
v 2.938076 6.117555 1.537094
v 3.034854 6.117554 1.670297
v 3.148648 6.121203 1.783184
v 2.863228 5.991550 1.306624
v 2.922932 5.981217 1.449044
v 3.008107 5.977496 1.587973
v 3.113916 5.981216 1.711911
v 3.230916 5.991549 1.812703
v 2.880996 5.876716 1.219098
v 2.929744 5.858519 1.354951
v 3.002290 5.848385 1.493094
v 3.096547 5.848384 1.622826
v 3.205511 5.858518 1.734509
v 3.319651 5.876713 1.822852
v 4.083621 6.511548 1.943603
v 4.015684 6.390646 1.987549
v 4.164416 6.390646 1.939223
v 3.937244 6.257614 2.012022
v 4.093752 6.257614 1.974777
v 4.242262 6.257614 1.912916
v 3.852941 6.121203 2.012022
v 4.011354 6.117554 1.987581
v 4.167943 6.117554 1.936702
v 4.310468 6.121203 1.863362
v 3.769036 5.991549 1.987547
v 3.922934 5.981216 1.974775
v 4.081383 5.977495 1.936701
v 4.231951 5.981216 1.874368
v 4.363964 5.991549 1.794241
v 3.691284 5.876714 1.943602
v 3.835552 5.858517 1.939220
v 3.989351 5.848383 1.912912
v 4.141859 5.848383 1.863359
v 4.281747 5.858517 1.794240
v 4.401037 5.876713 1.712986
v 4.751957 6.511545 1.023720
v 4.772758 6.390645 1.101912
v 4.772758 6.390645 0.945528
v 4.771794 6.257614 1.184075
v 4.784735 6.257614 1.023720
v 4.771794 6.257614 0.863365
v 4.745743 6.121204 1.264253
v 4.771450 6.117555 1.106043
v 4.771451 6.117555 0.941398
v 4.745743 6.121204 0.783187
v 4.696539 5.991550 1.336489
v 4.731948 5.981218 1.186178
v 4.744701 5.977497 1.023720
v 4.731948 5.981217 0.861263
v 4.696539 5.991550 0.710951
v 4.630717 5.876715 1.396856
v 4.671131 5.858519 1.258297
v 4.693638 5.848385 1.103898
v 4.693638 5.848385 0.943543
v 4.671131 5.858519 0.789144
v 4.630717 5.876715 0.650584
v 4.361801 5.671279 0.455207
v 4.281744 5.561053 0.506241
v 4.240637 5.643270 0.379722
v 4.184008 5.459062 0.573279
v 4.146539 5.534002 0.435941
v 4.099706 5.627670 0.313815
v 4.073651 5.374759 0.653457
v 4.038101 5.437701 0.510350
v 3.994823 5.524260 0.377148
v 3.947198 5.627670 0.264262
v 3.958873 5.314405 0.740818
v 3.922932 5.363184 0.598399
v 3.881514 5.437701 0.459471
v 3.837524 5.534003 0.335534
v 3.794443 5.643270 0.234741
v 3.848217 5.278942 0.828343
v 3.810143 5.314405 0.692491
v 3.768636 5.374760 0.554349
v 3.726485 5.459064 0.424617
v 3.686820 5.561054 0.312934
v 3.652051 5.671280 0.224591
v 3.422369 5.671279 0.299219
v 3.446166 5.561052 0.391128
v 3.313135 5.643270 0.391127
v 3.479721 5.459062 0.504797
v 3.337525 5.534002 0.497993
v 3.206903 5.627671 0.504796
v 3.521873 5.374759 0.634528
v 3.374783 5.437701 0.624117
v 3.234726 5.524261 0.624117
v 3.112647 5.627672 0.634528
v 3.569490 5.314405 0.770684
v 3.422934 5.363185 0.760858
v 3.278006 5.437702 0.757318
v 3.146540 5.534004 0.760857
v 3.037368 5.643272 0.770684
v 3.618537 5.278942 0.902971
v 3.477567 5.314406 0.897202
v 3.333360 5.374760 0.893990
v 3.196951 5.459064 0.893990
v 3.078477 5.561056 0.897202
v 2.983713 5.671283 0.902971
v 2.983713 5.671283 1.144470
v 3.078477 5.561056 1.150238
v 3.037368 5.643272 1.276757
v 3.196952 5.459064 1.153451
v 3.146541 5.534004 1.286584
v 3.112647 5.627672 1.412913
v 3.333360 5.374760 1.153451
v 3.278006 5.437702 1.290123
v 3.234726 5.524261 1.423325
v 3.206903 5.627671 1.542645
v 3.477567 5.314406 1.150239
v 3.422934 5.363185 1.286584
v 3.374783 5.437702 1.423325
v 3.337525 5.534003 1.549449
v 3.313135 5.643270 1.656314
v 3.618537 5.278943 1.144471
v 3.569489 5.314405 1.276758
v 3.521872 5.374760 1.412914
v 3.479721 5.459064 1.542646
v 3.446166 5.561054 1.656314
v 3.422369 5.671280 1.748222
v 4.503751 5.671280 0.650585
v 4.538099 5.643270 0.789144
v 4.430475 5.561053 0.710952
v 4.557228 5.627672 0.943543
v 4.455552 5.534003 0.861263
v 4.336515 5.459063 0.783188
v 4.557228 5.627672 1.103898
v 4.464584 5.524261 1.023721
v 4.351275 5.437702 0.941399
v 4.226158 5.374759 0.863366
v 4.538099 5.643271 1.258297
v 4.455553 5.534004 1.186178
v 4.351276 5.437702 1.106043
v 4.231946 5.363185 1.023721
v 4.107605 5.314405 0.945529
v 4.503751 5.671281 1.396856
v 4.430476 5.561055 1.336489
v 4.336516 5.459064 1.264253
v 4.226160 5.374760 1.184076
v 4.107605 5.314406 1.101913
v 3.990168 5.278942 1.023721
v 3.652051 5.671279 1.822849
v 3.686821 5.561052 1.734505
v 3.794444 5.643269 1.812698
v 3.726486 5.459062 1.622821
v 3.837526 5.534002 1.711905
v 3.947199 5.627670 1.783178
v 3.768638 5.374759 1.493090
v 3.881516 5.437701 1.587969
v 3.994824 5.524260 1.670292
v 4.099707 5.627670 1.733625
v 3.810144 5.314405 1.354948
v 3.922934 5.363184 1.449041
v 4.038103 5.437701 1.537090
v 4.146540 5.534003 1.611499
v 4.240638 5.643270 1.667719
v 3.848219 5.278942 1.219097
v 3.958875 5.314405 1.306623
v 4.073653 5.374760 1.393984
v 4.184010 5.459064 1.474162
v 4.281746 5.561054 1.541200
v 4.361802 5.671280 1.592233
vn -0.0000 -1.0000 -0.0000
vn 0.7236 -0.4472 0.5257
vn -0.2764 -0.4472 0.8506
vn -0.8944 -0.4472 -0.0000
vn -0.2764 -0.4472 -0.8506
vn 0.7236 -0.4472 -0.5257
vn 0.2764 0.4472 0.8506
vn -0.7236 0.4472 0.5257
vn -0.7236 0.4472 -0.5257
vn 0.2764 0.4472 -0.8506
vn 0.8944 0.4472 -0.0000
vn -0.0000 1.0000 -0.0000
vn -0.2575 -0.5530 0.7924
vn -0.2324 -0.6591 0.7152
vn -0.2004 -0.7612 0.6168
vn -0.1625 -0.8507 0.5000
vn -0.1207 -0.9205 0.3716
vn -0.0782 -0.9674 0.2408
vn -0.0377 -0.9925 0.1161
vn 0.0987 -0.9925 0.0717
vn 0.2048 -0.9674 0.1488
vn 0.3161 -0.9205 0.2297
vn 0.4253 -0.8507 0.3090
vn 0.5247 -0.7612 0.3812
vn 0.6084 -0.6591 0.4420
vn 0.6740 -0.5530 0.4897
vn 0.6363 -0.4776 0.6058
vn 0.5302 -0.5026 0.6828
vn 0.4040 -0.5197 0.7528
vn 0.2629 -0.5257 0.8090
vn 0.1157 -0.5197 0.8465
vn -0.0275 -0.5026 0.8641
vn -0.1587 -0.4776 0.8641
vn 0.7728 -0.4776 -0.4180
vn 0.8133 -0.5026 -0.2932
vn 0.8408 -0.5197 -0.1516
vn 0.8506 -0.5257 -0.0000
vn 0.8408 -0.5197 0.1516
vn 0.8133 -0.5026 0.2932
vn 0.7728 -0.4776 0.4180
vn 0.0987 -0.9925 -0.0717
vn 0.2048 -0.9674 -0.1488
vn 0.3161 -0.9205 -0.2297
vn 0.4253 -0.8507 -0.3090
vn 0.5247 -0.7612 -0.3812
vn 0.6084 -0.6591 -0.4420
vn 0.6740 -0.5530 -0.4897
vn -0.8332 -0.5530 -0.0000
vn -0.7520 -0.6591 -0.0000
vn -0.6486 -0.7612 -0.0000
vn -0.5257 -0.8507 -0.0000
vn -0.3907 -0.9205 -0.0000
vn -0.2532 -0.9674 -0.0000
vn -0.1220 -0.9925 -0.0000
vn -0.3795 -0.4776 0.7924
vn -0.4856 -0.5026 0.7152
vn -0.5912 -0.5197 0.6168
vn -0.6882 -0.5257 0.5000
vn -0.7693 -0.5197 0.3716
vn -0.8303 -0.5026 0.2408
vn -0.8709 -0.4776 0.1161
vn -0.2575 -0.5530 -0.7924
vn -0.2324 -0.6591 -0.7152
vn -0.2004 -0.7612 -0.6168
vn -0.1625 -0.8507 -0.5000
vn -0.1207 -0.9205 -0.3716
vn -0.0782 -0.9674 -0.2408
vn -0.0377 -0.9925 -0.1161
vn -0.8709 -0.4776 -0.1161
vn -0.8303 -0.5026 -0.2408
vn -0.7693 -0.5197 -0.3716
vn -0.6882 -0.5257 -0.5000
vn -0.5912 -0.5197 -0.6168
vn -0.4856 -0.5026 -0.7152
vn -0.3795 -0.4776 -0.7924
vn -0.1587 -0.4776 -0.8641
vn -0.0275 -0.5026 -0.8641
vn 0.1157 -0.5197 -0.8465
vn 0.2629 -0.5257 -0.8090
vn 0.4040 -0.5197 -0.7528
vn 0.5302 -0.5026 -0.6828
vn 0.6363 -0.4776 -0.6058
vn 0.9319 0.3556 0.0717
vn 0.9569 0.2494 0.1488
vn 0.9647 0.1289 0.2297
vn 0.9511 -0.0000 0.3090
vn 0.9155 -0.1289 0.3812
vn 0.8616 -0.2494 0.4420
vn 0.7961 -0.3556 0.4897
vn 0.7961 -0.3556 -0.4897
vn 0.8616 -0.2494 -0.4420
vn 0.9155 -0.1289 -0.3812
vn 0.9511 -0.0000 -0.3090
vn 0.9647 0.1289 -0.2297
vn 0.9569 0.2494 -0.1488
vn 0.9319 0.3556 -0.0717
vn 0.2198 0.3556 0.9084
vn 0.1541 0.2494 0.9560
vn 0.0797 0.1289 0.9884
vn -0.0000 -0.0000 1.0000
vn -0.0797 -0.1289 0.9884
vn -0.1541 -0.2494 0.9560
vn -0.2198 -0.3556 0.9084
vn 0.7118 -0.3556 0.6058
vn 0.6867 -0.2494 0.6829
vn 0.6455 -0.1289 0.7528
vn 0.5878 -0.0000 0.8090
vn 0.5165 0.1289 0.8465
vn 0.4372 0.2494 0.8641
vn 0.3562 0.3556 0.8641
vn -0.7961 0.3556 0.4897
vn -0.8616 0.2494 0.4420
vn -0.9155 0.1289 0.3812
vn -0.9511 -0.0000 0.3090
vn -0.9647 -0.1289 0.2297
vn -0.9569 -0.2494 0.1488
vn -0.9319 -0.3556 0.0717
vn -0.3562 -0.3556 0.8641
vn -0.4372 -0.2494 0.8641
vn -0.5165 -0.1289 0.8465
vn -0.5878 -0.0000 0.8090
vn -0.6455 0.1289 0.7528
vn -0.6867 0.2494 0.6829
vn -0.7118 0.3556 0.6058
vn -0.7118 0.3556 -0.6058
vn -0.6867 0.2494 -0.6829
vn -0.6455 0.1289 -0.7528
vn -0.5878 -0.0000 -0.8090
vn -0.5165 -0.1289 -0.8465
vn -0.4372 -0.2494 -0.8641
vn -0.3562 -0.3556 -0.8641
vn -0.9319 -0.3556 -0.0717
vn -0.9569 -0.2494 -0.1488
vn -0.9647 -0.1289 -0.2297
vn -0.9511 -0.0000 -0.3090
vn -0.9155 0.1289 -0.3812
vn -0.8616 0.2494 -0.4420
vn -0.7961 0.3556 -0.4897
vn 0.3562 0.3556 -0.8641
vn 0.4372 0.2494 -0.8641
vn 0.5165 0.1289 -0.8465
vn 0.5878 -0.0000 -0.8090
vn 0.6455 -0.1289 -0.7528
vn 0.6867 -0.2494 -0.6829
vn 0.7118 -0.3556 -0.6058
vn -0.2198 -0.3556 -0.9084
vn -0.1541 -0.2494 -0.9560
vn -0.0797 -0.1289 -0.9884
vn -0.0000 -0.0000 -1.0000
vn 0.0797 0.1289 -0.9884
vn 0.1541 0.2494 -0.9560
vn 0.2198 0.3556 -0.9084
vn 0.8709 0.4776 0.1161
vn 0.8303 0.5026 0.2408
vn 0.7693 0.5197 0.3716
vn 0.6882 0.5257 0.5000
vn 0.5912 0.5197 0.6168
vn 0.4856 0.5026 0.7152
vn 0.3795 0.4776 0.7924
vn 0.1587 0.4776 0.8641
vn 0.0275 0.5026 0.8641
vn -0.1157 0.5197 0.8465
vn -0.2629 0.5257 0.8090
vn -0.4040 0.5197 0.7528
vn -0.5302 0.5026 0.6828
vn -0.6363 0.4776 0.6058
vn -0.7728 0.4776 0.4180
vn -0.8133 0.5026 0.2932
vn -0.8408 0.5197 0.1515
vn -0.8506 0.5257 -0.0000
vn -0.8408 0.5197 -0.1516
vn -0.8133 0.5026 -0.2932
vn -0.7728 0.4776 -0.4180
vn -0.6363 0.4776 -0.6058
vn -0.5302 0.5026 -0.6828
vn -0.4040 0.5197 -0.7528
vn -0.2629 0.5257 -0.8090
vn -0.1157 0.5197 -0.8465
vn 0.0275 0.5026 -0.8641
vn 0.1587 0.4776 -0.8641
vn 0.3795 0.4776 -0.7924
vn 0.4856 0.5026 -0.7152
vn 0.5912 0.5197 -0.6168
vn 0.6882 0.5257 -0.5000
vn 0.7693 0.5197 -0.3716
vn 0.8303 0.5026 -0.2408
vn 0.8709 0.4776 -0.1161
vn 0.0377 0.9925 0.1161
vn 0.0782 0.9674 0.2408
vn 0.1207 0.9205 0.3716
vn 0.1625 0.8507 0.5000
vn 0.2004 0.7612 0.6168
vn 0.2324 0.6591 0.7152
vn 0.2575 0.5530 0.7924
vn 0.8332 0.5530 -0.0000
vn 0.7520 0.6591 -0.0000
vn 0.6486 0.7612 -0.0000
vn 0.5257 0.8507 -0.0000
vn 0.3907 0.9205 -0.0000
vn 0.2532 0.9674 -0.0000
vn 0.1220 0.9925 -0.0000
vn -0.0987 0.9925 0.0717
vn -0.2048 0.9674 0.1488
vn -0.3161 0.9205 0.2297
vn -0.4253 0.8507 0.3090
vn -0.5247 0.7612 0.3812
vn -0.6084 0.6591 0.4420
vn -0.6740 0.5530 0.4897
vn -0.0987 0.9925 -0.0717
vn -0.2048 0.9674 -0.1488
vn -0.3161 0.9205 -0.2297
vn -0.4253 0.8507 -0.3090
vn -0.5247 0.7612 -0.3812
vn -0.6084 0.6591 -0.4420
vn -0.6740 0.5530 -0.4897
vn 0.0377 0.9925 -0.1161
vn 0.0782 0.9674 -0.2408
vn 0.1207 0.9205 -0.3716
vn 0.1625 0.8507 -0.5000
vn 0.2004 0.7612 -0.6168
vn 0.2324 0.6591 -0.7152
vn 0.2575 0.5530 -0.7924
vn 0.1698 0.9777 -0.1233
vn 0.3095 0.9421 -0.1293
vn 0.2186 0.9421 -0.2544
vn 0.4520 0.8821 -0.1326
vn 0.3635 0.8934 -0.2641
vn 0.2658 0.8821 -0.3889
vn 0.5868 0.7988 -0.1326
vn 0.5066 0.8196 -0.2676
vn 0.4110 0.8196 -0.3991
vn 0.3074 0.7988 -0.5171
vn 0.7042 0.6981 -0.1293
vn 0.6365 0.7247 -0.2641
vn 0.5493 0.7342 -0.3991
vn 0.4479 0.7247 -0.5237
vn 0.3406 0.6981 -0.6298
vn 0.7986 0.5891 -0.1233
vn 0.7449 0.6168 -0.2544
vn 0.6701 0.6322 -0.3889
vn 0.5770 0.6322 -0.5171
vn 0.4721 0.6168 -0.6298
vn 0.3641 0.5891 -0.7214
vn -0.0648 0.9777 -0.1996
vn -0.0273 0.9421 -0.3343
vn -0.1744 0.9421 -0.2865
vn 0.0136 0.8821 -0.4709
vn -0.1389 0.8934 -0.4274
vn -0.2878 0.8821 -0.3730
vn 0.0552 0.7988 -0.5991
vn -0.0980 0.8196 -0.5645
vn -0.2525 0.8196 -0.5142
vn -0.3968 0.7988 -0.4522
vn 0.0947 0.6981 -0.7097
vn -0.0545 0.7247 -0.6869
vn -0.2098 0.7342 -0.6457
vn -0.3597 0.7247 -0.5878
vn -0.4937 0.6981 -0.5185
vn 0.1295 0.5891 -0.7976
vn -0.0118 0.6168 -0.7870
vn -0.1628 0.6322 -0.7575
vn -0.3135 0.6322 -0.7085
vn -0.4531 0.6168 -0.6436
vn -0.5736 0.5891 -0.5692
vn -0.2098 0.9777 -0.0000
vn -0.3264 0.9421 -0.0773
vn -0.3264 0.9421 0.0773
vn -0.4436 0.8821 -0.1584
vn -0.4493 0.8934 -0.0000
vn -0.4436 0.8821 0.1584
vn -0.5527 0.7988 -0.2376
vn -0.5671 0.8196 -0.0812
vn -0.5671 0.8196 0.0812
vn -0.5527 0.7988 0.2377
vn -0.6457 0.6981 -0.3093
vn -0.6702 0.7247 -0.1604
vn -0.6789 0.7342 -0.0000
vn -0.6702 0.7247 0.1604
vn -0.6457 0.6981 0.3093
vn -0.7186 0.5891 -0.3696
vn -0.7521 0.6168 -0.2320
vn -0.7707 0.6322 -0.0792
vn -0.7707 0.6322 0.0792
vn -0.7521 0.6168 0.2320
vn -0.7186 0.5891 0.3696
vn -0.0648 0.9777 0.1996
vn -0.1744 0.9421 0.2865
vn -0.0273 0.9421 0.3343
vn -0.2878 0.8821 0.3730
vn -0.1389 0.8934 0.4274
vn 0.0136 0.8821 0.4709
vn -0.3968 0.7988 0.4522
vn -0.2525 0.8196 0.5142
vn -0.0980 0.8196 0.5645
vn 0.0552 0.7988 0.5991
vn -0.4937 0.6981 0.5185
vn -0.3597 0.7247 0.5878
vn -0.2098 0.7342 0.6457
vn -0.0545 0.7247 0.6869
vn 0.0947 0.6981 0.7097
vn -0.5736 0.5891 0.5692
vn -0.4531 0.6168 0.6436
vn -0.3135 0.6322 0.7085
vn -0.1628 0.6322 0.7575
vn -0.0118 0.6168 0.7870
vn 0.1295 0.5891 0.7976
vn 0.1698 0.9777 0.1233
vn 0.2186 0.9421 0.2544
vn 0.3095 0.9421 0.1293
vn 0.2658 0.8821 0.3889
vn 0.3635 0.8934 0.2641
vn 0.4520 0.8821 0.1326
vn 0.3074 0.7988 0.5171
vn 0.4110 0.8196 0.3991
vn 0.5066 0.8196 0.2676
vn 0.5868 0.7988 0.1326
vn 0.3406 0.6981 0.6298
vn 0.4479 0.7247 0.5237
vn 0.5493 0.7342 0.3991
vn 0.6365 0.7247 0.2641
vn 0.7042 0.6981 0.1293
vn 0.3641 0.5891 0.7214
vn 0.4721 0.6168 0.6298
vn 0.5770 0.6322 0.5171
vn 0.6701 0.6322 0.3889
vn 0.7449 0.6168 0.2544
vn 0.7986 0.5891 0.1233
vn 0.9035 0.3793 -0.1996
vn 0.9206 0.2653 -0.2865
vn 0.8548 0.3969 -0.3343
vn 0.9177 0.1371 -0.3730
vn 0.8611 0.2753 -0.4274
vn 0.7829 0.4066 -0.4709
vn 0.8919 0.0023 -0.4522
vn 0.8460 0.1407 -0.5142
vn 0.7769 0.2789 -0.5645
vn 0.6898 0.4066 -0.5991
vn 0.8452 -0.1294 -0.5185
vn 0.8090 0.0024 -0.5878
vn 0.7505 0.1407 -0.6457
vn 0.6725 0.2753 -0.6869
vn 0.5821 0.3969 -0.7097
vn 0.7834 -0.2496 -0.5692
vn 0.7543 -0.1294 -0.6436
vn 0.7057 0.0023 -0.7085
vn 0.6383 0.1371 -0.7575
vn 0.5570 0.2653 -0.7870
vn 0.4690 0.3793 -0.7976
vn 0.0894 0.3793 -0.9210
vn 0.0120 0.2653 -0.9641
vn -0.0538 0.3969 -0.9163
vn -0.0711 0.1371 -0.9880
vn -0.1403 0.2753 -0.9511
vn -0.2059 0.4066 -0.8901
vn -0.1544 0.0023 -0.9880
vn -0.2276 0.1407 -0.9635
vn -0.2968 0.2789 -0.9133
vn -0.3566 0.4066 -0.8411
vn -0.2319 -0.1294 -0.9641
vn -0.3090 0.0024 -0.9511
vn -0.3822 0.1407 -0.9133
vn -0.4455 0.2753 -0.8519
vn -0.4951 0.3969 -0.7729
vn -0.2992 -0.2496 -0.9210
vn -0.3790 -0.1294 -0.9163
vn -0.4558 0.0023 -0.8901
vn -0.5232 0.1371 -0.8411
vn -0.5764 0.2653 -0.7729
vn -0.6137 0.3793 -0.6925
vn -0.8483 0.3793 -0.3696
vn -0.9132 0.2653 -0.3093
vn -0.8881 0.3969 -0.2320
vn -0.9616 0.1371 -0.2377
vn -0.9479 0.2753 -0.1604
vn -0.9101 0.4066 -0.0792
vn -0.9874 0.0023 -0.1584
vn -0.9867 0.1407 -0.0812
vn -0.9603 0.2789 -0.0000
vn -0.9101 0.4066 0.0792
vn -0.9886 -0.1294 -0.0773
vn -1.0000 0.0024 -0.0000
vn -0.9867 0.1407 0.0812
vn -0.9479 0.2753 0.1604
vn -0.8881 0.3969 0.2320
vn -0.9684 -0.2496 -0.0000
vn -0.9886 -0.1294 0.0773
vn -0.9874 0.0023 0.1584
vn -0.9616 0.1371 0.2377
vn -0.9132 0.2653 0.3093
vn -0.8483 0.3793 0.3696
vn -0.6137 0.3793 0.6925
vn -0.5764 0.2653 0.7729
vn -0.4951 0.3969 0.7729
vn -0.5232 0.1371 0.8411
vn -0.4455 0.2753 0.8519
vn -0.3566 0.4066 0.8411
vn -0.4558 0.0023 0.8901
vn -0.3822 0.1407 0.9133
vn -0.2968 0.2789 0.9133
vn -0.2059 0.4066 0.8901
vn -0.3790 -0.1294 0.9163
vn -0.3090 0.0024 0.9511
vn -0.2276 0.1407 0.9635
vn -0.1403 0.2753 0.9511
vn -0.0538 0.3969 0.9163
vn -0.2992 -0.2496 0.9210
vn -0.2319 -0.1294 0.9641
vn -0.1544 0.0023 0.9880
vn -0.0711 0.1371 0.9880
vn 0.0120 0.2653 0.9641
vn 0.0894 0.3793 0.9210
vn 0.4690 0.3793 0.7976
vn 0.5570 0.2653 0.7870
vn 0.5821 0.3969 0.7097
vn 0.6383 0.1371 0.7575
vn 0.6725 0.2753 0.6869
vn 0.6898 0.4066 0.5991
vn 0.7057 0.0023 0.7085
vn 0.7505 0.1407 0.6457
vn 0.7769 0.2789 0.5645
vn 0.7829 0.4066 0.4709
vn 0.7543 -0.1294 0.6436
vn 0.8090 0.0024 0.5878
vn 0.8460 0.1407 0.5142
vn 0.8611 0.2753 0.4274
vn 0.8548 0.3969 0.3343
vn 0.7834 -0.2496 0.5692
vn 0.8452 -0.1294 0.5185
vn 0.8919 0.0023 0.4522
vn 0.9177 0.1371 0.3730
vn 0.9206 0.2653 0.2865
vn 0.9035 0.3793 0.1996
vn 0.2992 0.2496 -0.9210
vn 0.3790 0.1294 -0.9163
vn 0.2319 0.1294 -0.9641
vn 0.4558 -0.0023 -0.8901
vn 0.3090 -0.0024 -0.9511
vn 0.1544 -0.0023 -0.9880
vn 0.5232 -0.1371 -0.8411
vn 0.3822 -0.1407 -0.9133
vn 0.2276 -0.1407 -0.9635
vn 0.0711 -0.1371 -0.9880
vn 0.5764 -0.2653 -0.7729
vn 0.4455 -0.2753 -0.8519
vn 0.2968 -0.2789 -0.9133
vn 0.1403 -0.2753 -0.9511
vn -0.0120 -0.2653 -0.9641
vn 0.6137 -0.3793 -0.6925
vn 0.4951 -0.3969 -0.7729
vn 0.3566 -0.4066 -0.8411
vn 0.2059 -0.4066 -0.8901
vn 0.0538 -0.3969 -0.9163
vn -0.0894 -0.3793 -0.9210
vn -0.7834 0.2496 -0.5692
vn -0.7543 0.1294 -0.6436
vn -0.8452 0.1294 -0.5185
vn -0.7057 -0.0023 -0.7085
vn -0.8090 -0.0024 -0.5878
vn -0.8919 -0.0023 -0.4522
vn -0.6383 -0.1371 -0.7575
vn -0.7505 -0.1407 -0.6457
vn -0.8460 -0.1407 -0.5142
vn -0.9177 -0.1371 -0.3730
vn -0.5570 -0.2653 -0.7870
vn -0.6725 -0.2753 -0.6869
vn -0.7769 -0.2789 -0.5645
vn -0.8611 -0.2753 -0.4274
vn -0.9206 -0.2653 -0.2865
vn -0.4690 -0.3793 -0.7976
vn -0.5821 -0.3969 -0.7097
vn -0.6898 -0.4066 -0.5991
vn -0.7829 -0.4066 -0.4709
vn -0.8548 -0.3969 -0.3343
vn -0.9035 -0.3793 -0.1996
vn -0.7834 0.2496 0.5692
vn -0.8452 0.1294 0.5185
vn -0.7543 0.1294 0.6436
vn -0.8919 -0.0023 0.4522
vn -0.8090 -0.0024 0.5878
vn -0.7057 -0.0023 0.7085
vn -0.9177 -0.1371 0.3730
vn -0.8460 -0.1407 0.5142
vn -0.7505 -0.1407 0.6457
vn -0.6383 -0.1371 0.7575
vn -0.9206 -0.2653 0.2865
vn -0.8611 -0.2753 0.4274
vn -0.7769 -0.2789 0.5645
vn -0.6725 -0.2753 0.6869
vn -0.5570 -0.2653 0.7870
vn -0.9035 -0.3793 0.1996
vn -0.8548 -0.3969 0.3343
vn -0.7829 -0.4066 0.4709
vn -0.6898 -0.4066 0.5991
vn -0.5821 -0.3969 0.7097
vn -0.4690 -0.3793 0.7976
vn 0.2992 0.2496 0.9210
vn 0.2319 0.1294 0.9641
vn 0.3790 0.1294 0.9163
vn 0.1544 -0.0023 0.9880
vn 0.3090 -0.0024 0.9511
vn 0.4558 -0.0023 0.8901
vn 0.0711 -0.1371 0.9880
vn 0.2276 -0.1407 0.9635
vn 0.3822 -0.1407 0.9133
vn 0.5232 -0.1371 0.8411
vn -0.0120 -0.2653 0.9641
vn 0.1403 -0.2753 0.9511
vn 0.2968 -0.2789 0.9133
vn 0.4455 -0.2753 0.8519
vn 0.5764 -0.2653 0.7729
vn -0.0894 -0.3793 0.9210
vn 0.0538 -0.3969 0.9163
vn 0.2059 -0.4066 0.8901
vn 0.3566 -0.4066 0.8411
vn 0.4951 -0.3969 0.7729
vn 0.6137 -0.3793 0.6925
vn 0.9684 0.2496 -0.0000
vn 0.9886 0.1294 0.0773
vn 0.9886 0.1294 -0.0773
vn 0.9874 -0.0023 0.1584
vn 1.0000 -0.0024 -0.0000
vn 0.9874 -0.0023 -0.1584
vn 0.9616 -0.1371 0.2377
vn 0.9867 -0.1407 0.0812
vn 0.9867 -0.1407 -0.0812
vn 0.9616 -0.1371 -0.2377
vn 0.9132 -0.2653 0.3093
vn 0.9479 -0.2753 0.1604
vn 0.9603 -0.2789 -0.0000
vn 0.9479 -0.2753 -0.1604
vn 0.9132 -0.2653 -0.3093
vn 0.8483 -0.3793 0.3696
vn 0.8881 -0.3969 0.2320
vn 0.9101 -0.4066 0.0792
vn 0.9101 -0.4066 -0.0792
vn 0.8881 -0.3969 -0.2320
vn 0.8483 -0.3793 -0.3696
vn 0.5736 -0.5891 -0.5692
vn 0.4937 -0.6981 -0.5185
vn 0.4531 -0.6168 -0.6436
vn 0.3968 -0.7988 -0.4522
vn 0.3597 -0.7247 -0.5878
vn 0.3135 -0.6322 -0.7085
vn 0.2878 -0.8821 -0.3730
vn 0.2525 -0.8196 -0.5142
vn 0.2098 -0.7342 -0.6457
vn 0.1628 -0.6322 -0.7575
vn 0.1744 -0.9421 -0.2865
vn 0.1389 -0.8934 -0.4274
vn 0.0980 -0.8196 -0.5645
vn 0.0545 -0.7247 -0.6869
vn 0.0118 -0.6168 -0.7870
vn 0.0648 -0.9777 -0.1996
vn 0.0273 -0.9421 -0.3343
vn -0.0136 -0.8821 -0.4709
vn -0.0552 -0.7988 -0.5991
vn -0.0947 -0.6981 -0.7097
vn -0.1295 -0.5891 -0.7976
vn -0.3641 -0.5891 -0.7214
vn -0.3406 -0.6981 -0.6298
vn -0.4721 -0.6168 -0.6298
vn -0.3074 -0.7988 -0.5171
vn -0.4479 -0.7247 -0.5237
vn -0.5770 -0.6322 -0.5171
vn -0.2658 -0.8821 -0.3889
vn -0.4110 -0.8196 -0.3991
vn -0.5493 -0.7342 -0.3991
vn -0.6701 -0.6322 -0.3889
vn -0.2186 -0.9421 -0.2544
vn -0.3635 -0.8934 -0.2641
vn -0.5066 -0.8196 -0.2676
vn -0.6365 -0.7247 -0.2641
vn -0.7449 -0.6168 -0.2544
vn -0.1698 -0.9777 -0.1233
vn -0.3095 -0.9421 -0.1293
vn -0.4520 -0.8821 -0.1326
vn -0.5868 -0.7988 -0.1326
vn -0.7042 -0.6981 -0.1293
vn -0.7986 -0.5891 -0.1233
vn -0.7986 -0.5891 0.1233
vn -0.7042 -0.6981 0.1293
vn -0.7449 -0.6168 0.2544
vn -0.5868 -0.7988 0.1326
vn -0.6365 -0.7247 0.2641
vn -0.6701 -0.6322 0.3889
vn -0.4520 -0.8821 0.1326
vn -0.5066 -0.8196 0.2676
vn -0.5493 -0.7342 0.3991
vn -0.5770 -0.6322 0.5171
vn -0.3095 -0.9421 0.1293
vn -0.3635 -0.8934 0.2641
vn -0.4110 -0.8196 0.3991
vn -0.4479 -0.7247 0.5237
vn -0.4721 -0.6168 0.6298
vn -0.1698 -0.9777 0.1233
vn -0.2186 -0.9421 0.2544
vn -0.2658 -0.8821 0.3889
vn -0.3074 -0.7988 0.5171
vn -0.3406 -0.6981 0.6298
vn -0.3641 -0.5891 0.7214
vn 0.7186 -0.5891 -0.3696
vn 0.7521 -0.6168 -0.2320
vn 0.6457 -0.6981 -0.3093
vn 0.7707 -0.6322 -0.0792
vn 0.6702 -0.7247 -0.1604
vn 0.5527 -0.7988 -0.2376
vn 0.7707 -0.6322 0.0792
vn 0.6789 -0.7342 -0.0000
vn 0.5671 -0.8196 -0.0812
vn 0.4436 -0.8821 -0.1584
vn 0.7521 -0.6168 0.2320
vn 0.6702 -0.7247 0.1604
vn 0.5671 -0.8196 0.0812
vn 0.4493 -0.8934 -0.0000
vn 0.3264 -0.9421 -0.0773
vn 0.7186 -0.5891 0.3696
vn 0.6457 -0.6981 0.3093
vn 0.5527 -0.7988 0.2377
vn 0.4436 -0.8821 0.1584
vn 0.3264 -0.9421 0.0773
vn 0.2098 -0.9777 -0.0000
vn -0.1295 -0.5891 0.7976
vn -0.0947 -0.6981 0.7097
vn 0.0118 -0.6168 0.7870
vn -0.0552 -0.7988 0.5991
vn 0.0545 -0.7247 0.6869
vn 0.1628 -0.6322 0.7575
vn -0.0136 -0.8821 0.4709
vn 0.0980 -0.8196 0.5645
vn 0.2098 -0.7342 0.6457
vn 0.3135 -0.6322 0.7085
vn 0.0273 -0.9421 0.3343
vn 0.1389 -0.8934 0.4274
vn 0.2525 -0.8196 0.5142
vn 0.3597 -0.7247 0.5878
vn 0.4531 -0.6168 0.6436
vn 0.0648 -0.9777 0.1996
vn 0.1744 -0.9421 0.2865
vn 0.2878 -0.8821 0.3730
vn 0.3968 -0.7988 0.4522
vn 0.4937 -0.6981 0.5185
vn 0.5736 -0.5891 0.5692
s 1
f 3949//3380 3968//3399 3967//3398
f 3950//3381 3974//3405 3988//3419
f 3949//3380 3967//3398 4002//3433
f 3949//3380 4002//3433 4016//3447
f 3949//3380 4016//3447 3989//3420
f 3950//3381 3988//3419 4037//3468
f 3951//3382 3981//3412 4051//3482
f 3952//3383 4009//3440 4065//3496
f 3953//3384 4023//3454 4079//3510
f 3954//3385 4030//3461 4093//3524
f 3950//3381 4037//3468 4052//3483
f 3951//3382 4051//3482 4066//3497
f 3952//3383 4065//3496 4080//3511
f 3953//3384 4079//3510 4094//3525
f 3954//3385 4093//3524 4038//3469
f 3955//3386 4107//3538 4142//3573
f 3956//3387 4114//3545 4156//3587
f 3957//3388 4121//3552 4163//3594
f 3958//3389 4128//3559 4170//3601
f 3959//3390 4135//3566 4143//3574
f 4149//3580 4164//3595 3960//3391
f 4148//3579 4171//3602 4149//3580
f 4147//3578 4172//3603 4148//3579
f 4146//3577 4174//3605 4147//3578
f 4145//3576 4177//3608 4146//3577
f 4144//3575 4181//3612 4145//3576
f 4143//3574 4186//3617 4144//3575
f 4149//3580 4171//3602 4164//3595
f 4171//3602 4165//3596 4164//3595
f 4148//3579 4172//3603 4171//3602
f 4172//3603 4173//3604 4171//3602
f 4171//3602 4173//3604 4165//3596
f 4173//3604 4166//3597 4165//3596
f 4147//3578 4174//3605 4172//3603
f 4174//3605 4175//3606 4172//3603
f 4172//3603 4175//3606 4173//3604
f 4175//3606 4176//3607 4173//3604
f 4173//3604 4176//3607 4166//3597
f 4176//3607 4167//3598 4166//3597
f 4146//3577 4177//3608 4174//3605
f 4177//3608 4178//3609 4174//3605
f 4174//3605 4178//3609 4175//3606
f 4178//3609 4179//3610 4175//3606
f 4175//3606 4179//3610 4176//3607
f 4179//3610 4180//3611 4176//3607
f 4176//3607 4180//3611 4167//3598
f 4180//3611 4168//3599 4167//3598
f 4145//3576 4181//3612 4177//3608
f 4181//3612 4182//3613 4177//3608
f 4177//3608 4182//3613 4178//3609
f 4182//3613 4183//3614 4178//3609
f 4178//3609 4183//3614 4179//3610
f 4183//3614 4184//3615 4179//3610
f 4179//3610 4184//3615 4180//3611
f 4184//3615 4185//3616 4180//3611
f 4180//3611 4185//3616 4168//3599
f 4185//3616 4169//3600 4168//3599
f 4144//3575 4186//3617 4181//3612
f 4186//3617 4187//3618 4181//3612
f 4181//3612 4187//3618 4182//3613
f 4187//3618 4188//3619 4182//3613
f 4182//3613 4188//3619 4183//3614
f 4188//3619 4189//3620 4183//3614
f 4183//3614 4189//3620 4184//3615
f 4189//3620 4190//3621 4184//3615
f 4184//3615 4190//3621 4185//3616
f 4190//3621 4191//3622 4185//3616
f 4185//3616 4191//3622 4169//3600
f 4191//3622 4170//3601 4169//3600
f 4143//3574 4135//3566 4186//3617
f 4135//3566 4134//3565 4186//3617
f 4186//3617 4134//3565 4187//3618
f 4134//3565 4133//3564 4187//3618
f 4187//3618 4133//3564 4188//3619
f 4133//3564 4132//3563 4188//3619
f 4188//3619 4132//3563 4189//3620
f 4132//3563 4131//3562 4189//3620
f 4189//3620 4131//3562 4190//3621
f 4131//3562 4130//3561 4190//3621
f 4190//3621 4130//3561 4191//3622
f 4130//3561 4129//3560 4191//3622
f 4191//3622 4129//3560 4170//3601
f 4129//3560 3958//3389 4170//3601
f 4164//3595 4157//3588 3960//3391
f 4165//3596 4192//3623 4164//3595
f 4166//3597 4193//3624 4165//3596
f 4167//3598 4195//3626 4166//3597
f 4168//3599 4198//3629 4167//3598
f 4169//3600 4202//3633 4168//3599
f 4170//3601 4207//3638 4169//3600
f 4164//3595 4192//3623 4157//3588
f 4192//3623 4158//3589 4157//3588
f 4165//3596 4193//3624 4192//3623
f 4193//3624 4194//3625 4192//3623
f 4192//3623 4194//3625 4158//3589
f 4194//3625 4159//3590 4158//3589
f 4166//3597 4195//3626 4193//3624
f 4195//3626 4196//3627 4193//3624
f 4193//3624 4196//3627 4194//3625
f 4196//3627 4197//3628 4194//3625
f 4194//3625 4197//3628 4159//3590
f 4197//3628 4160//3591 4159//3590
f 4167//3598 4198//3629 4195//3626
f 4198//3629 4199//3630 4195//3626
f 4195//3626 4199//3630 4196//3627
f 4199//3630 4200//3631 4196//3627
f 4196//3627 4200//3631 4197//3628
f 4200//3631 4201//3632 4197//3628
f 4197//3628 4201//3632 4160//3591
f 4201//3632 4161//3592 4160//3591
f 4168//3599 4202//3633 4198//3629
f 4202//3633 4203//3634 4198//3629
f 4198//3629 4203//3634 4199//3630
f 4203//3634 4204//3635 4199//3630
f 4199//3630 4204//3635 4200//3631
f 4204//3635 4205//3636 4200//3631
f 4200//3631 4205//3636 4201//3632
f 4205//3636 4206//3637 4201//3632
f 4201//3632 4206//3637 4161//3592
f 4206//3637 4162//3593 4161//3592
f 4169//3600 4207//3638 4202//3633
f 4207//3638 4208//3639 4202//3633
f 4202//3633 4208//3639 4203//3634
f 4208//3639 4209//3640 4203//3634
f 4203//3634 4209//3640 4204//3635
f 4209//3640 4210//3641 4204//3635
f 4204//3635 4210//3641 4205//3636
f 4210//3641 4211//3642 4205//3636
f 4205//3636 4211//3642 4206//3637
f 4211//3642 4212//3643 4206//3637
f 4206//3637 4212//3643 4162//3593
f 4212//3643 4163//3594 4162//3593
f 4170//3601 4128//3559 4207//3638
f 4128//3559 4127//3558 4207//3638
f 4207//3638 4127//3558 4208//3639
f 4127//3558 4126//3557 4208//3639
f 4208//3639 4126//3557 4209//3640
f 4126//3557 4125//3556 4209//3640
f 4209//3640 4125//3556 4210//3641
f 4125//3556 4124//3555 4210//3641
f 4210//3641 4124//3555 4211//3642
f 4124//3555 4123//3554 4211//3642
f 4211//3642 4123//3554 4212//3643
f 4123//3554 4122//3553 4212//3643
f 4212//3643 4122//3553 4163//3594
f 4122//3553 3957//3388 4163//3594
f 4157//3588 4150//3581 3960//3391
f 4158//3589 4213//3644 4157//3588
f 4159//3590 4214//3645 4158//3589
f 4160//3591 4216//3647 4159//3590
f 4161//3592 4219//3650 4160//3591
f 4162//3593 4223//3654 4161//3592
f 4163//3594 4228//3659 4162//3593
f 4157//3588 4213//3644 4150//3581
f 4213//3644 4151//3582 4150//3581
f 4158//3589 4214//3645 4213//3644
f 4214//3645 4215//3646 4213//3644
f 4213//3644 4215//3646 4151//3582
f 4215//3646 4152//3583 4151//3582
f 4159//3590 4216//3647 4214//3645
f 4216//3647 4217//3648 4214//3645
f 4214//3645 4217//3648 4215//3646
f 4217//3648 4218//3649 4215//3646
f 4215//3646 4218//3649 4152//3583
f 4218//3649 4153//3584 4152//3583
f 4160//3591 4219//3650 4216//3647
f 4219//3650 4220//3651 4216//3647
f 4216//3647 4220//3651 4217//3648
f 4220//3651 4221//3652 4217//3648
f 4217//3648 4221//3652 4218//3649
f 4221//3652 4222//3653 4218//3649
f 4218//3649 4222//3653 4153//3584
f 4222//3653 4154//3585 4153//3584
f 4161//3592 4223//3654 4219//3650
f 4223//3654 4224//3655 4219//3650
f 4219//3650 4224//3655 4220//3651
f 4224//3655 4225//3656 4220//3651
f 4220//3651 4225//3656 4221//3652
f 4225//3656 4226//3657 4221//3652
f 4221//3652 4226//3657 4222//3653
f 4226//3657 4227//3658 4222//3653
f 4222//3653 4227//3658 4154//3585
f 4227//3658 4155//3586 4154//3585
f 4162//3593 4228//3659 4223//3654
f 4228//3659 4229//3660 4223//3654
f 4223//3654 4229//3660 4224//3655
f 4229//3660 4230//3661 4224//3655
f 4224//3655 4230//3661 4225//3656
f 4230//3661 4231//3662 4225//3656
f 4225//3656 4231//3662 4226//3657
f 4231//3662 4232//3663 4226//3657
f 4226//3657 4232//3663 4227//3658
f 4232//3663 4233//3664 4227//3658
f 4227//3658 4233//3664 4155//3586
f 4233//3664 4156//3587 4155//3586
f 4163//3594 4121//3552 4228//3659
f 4121//3552 4120//3551 4228//3659
f 4228//3659 4120//3551 4229//3660
f 4120//3551 4119//3550 4229//3660
f 4229//3660 4119//3550 4230//3661
f 4119//3550 4118//3549 4230//3661
f 4230//3661 4118//3549 4231//3662
f 4118//3549 4117//3548 4231//3662
f 4231//3662 4117//3548 4232//3663
f 4117//3548 4116//3547 4232//3663
f 4232//3663 4116//3547 4233//3664
f 4116//3547 4115//3546 4233//3664
f 4233//3664 4115//3546 4156//3587
f 4115//3546 3956//3387 4156//3587
f 4150//3581 4136//3567 3960//3391
f 4151//3582 4234//3665 4150//3581
f 4152//3583 4235//3666 4151//3582
f 4153//3584 4237//3668 4152//3583
f 4154//3585 4240//3671 4153//3584
f 4155//3586 4244//3675 4154//3585
f 4156//3587 4249//3680 4155//3586
f 4150//3581 4234//3665 4136//3567
f 4234//3665 4137//3568 4136//3567
f 4151//3582 4235//3666 4234//3665
f 4235//3666 4236//3667 4234//3665
f 4234//3665 4236//3667 4137//3568
f 4236//3667 4138//3569 4137//3568
f 4152//3583 4237//3668 4235//3666
f 4237//3668 4238//3669 4235//3666
f 4235//3666 4238//3669 4236//3667
f 4238//3669 4239//3670 4236//3667
f 4236//3667 4239//3670 4138//3569
f 4239//3670 4139//3570 4138//3569
f 4153//3584 4240//3671 4237//3668
f 4240//3671 4241//3672 4237//3668
f 4237//3668 4241//3672 4238//3669
f 4241//3672 4242//3673 4238//3669
f 4238//3669 4242//3673 4239//3670
f 4242//3673 4243//3674 4239//3670
f 4239//3670 4243//3674 4139//3570
f 4243//3674 4140//3571 4139//3570
f 4154//3585 4244//3675 4240//3671
f 4244//3675 4245//3676 4240//3671
f 4240//3671 4245//3676 4241//3672
f 4245//3676 4246//3677 4241//3672
f 4241//3672 4246//3677 4242//3673
f 4246//3677 4247//3678 4242//3673
f 4242//3673 4247//3678 4243//3674
f 4247//3678 4248//3679 4243//3674
f 4243//3674 4248//3679 4140//3571
f 4248//3679 4141//3572 4140//3571
f 4155//3586 4249//3680 4244//3675
f 4249//3680 4250//3681 4244//3675
f 4244//3675 4250//3681 4245//3676
f 4250//3681 4251//3682 4245//3676
f 4245//3676 4251//3682 4246//3677
f 4251//3682 4252//3683 4246//3677
f 4246//3677 4252//3683 4247//3678
f 4252//3683 4253//3684 4247//3678
f 4247//3678 4253//3684 4248//3679
f 4253//3684 4254//3685 4248//3679
f 4248//3679 4254//3685 4141//3572
f 4254//3685 4142//3573 4141//3572
f 4156//3587 4114//3545 4249//3680
f 4114//3545 4113//3544 4249//3680
f 4249//3680 4113//3544 4250//3681
f 4113//3544 4112//3543 4250//3681
f 4250//3681 4112//3543 4251//3682
f 4112//3543 4111//3542 4251//3682
f 4251//3682 4111//3542 4252//3683
f 4111//3542 4110//3541 4252//3683
f 4252//3683 4110//3541 4253//3684
f 4110//3541 4109//3540 4253//3684
f 4253//3684 4109//3540 4254//3685
f 4109//3540 4108//3539 4254//3685
f 4254//3685 4108//3539 4142//3573
f 4108//3539 3955//3386 4142//3573
f 4136//3567 4149//3580 3960//3391
f 4137//3568 4255//3686 4136//3567
f 4138//3569 4256//3687 4137//3568
f 4139//3570 4258//3689 4138//3569
f 4140//3571 4261//3692 4139//3570
f 4141//3572 4265//3696 4140//3571
f 4142//3573 4270//3701 4141//3572
f 4136//3567 4255//3686 4149//3580
f 4255//3686 4148//3579 4149//3580
f 4137//3568 4256//3687 4255//3686
f 4256//3687 4257//3688 4255//3686
f 4255//3686 4257//3688 4148//3579
f 4257//3688 4147//3578 4148//3579
f 4138//3569 4258//3689 4256//3687
f 4258//3689 4259//3690 4256//3687
f 4256//3687 4259//3690 4257//3688
f 4259//3690 4260//3691 4257//3688
f 4257//3688 4260//3691 4147//3578
f 4260//3691 4146//3577 4147//3578
f 4139//3570 4261//3692 4258//3689
f 4261//3692 4262//3693 4258//3689
f 4258//3689 4262//3693 4259//3690
f 4262//3693 4263//3694 4259//3690
f 4259//3690 4263//3694 4260//3691
f 4263//3694 4264//3695 4260//3691
f 4260//3691 4264//3695 4146//3577
f 4264//3695 4145//3576 4146//3577
f 4140//3571 4265//3696 4261//3692
f 4265//3696 4266//3697 4261//3692
f 4261//3692 4266//3697 4262//3693
f 4266//3697 4267//3698 4262//3693
f 4262//3693 4267//3698 4263//3694
f 4267//3698 4268//3699 4263//3694
f 4263//3694 4268//3699 4264//3695
f 4268//3699 4269//3700 4264//3695
f 4264//3695 4269//3700 4145//3576
f 4269//3700 4144//3575 4145//3576
f 4141//3572 4270//3701 4265//3696
f 4270//3701 4271//3702 4265//3696
f 4265//3696 4271//3702 4266//3697
f 4271//3702 4272//3703 4266//3697
f 4266//3697 4272//3703 4267//3698
f 4272//3703 4273//3704 4267//3698
f 4267//3698 4273//3704 4268//3699
f 4273//3704 4274//3705 4268//3699
f 4268//3699 4274//3705 4269//3700
f 4274//3705 4275//3706 4269//3700
f 4269//3700 4275//3706 4144//3575
f 4275//3706 4143//3574 4144//3575
f 4142//3573 4107//3538 4270//3701
f 4107//3538 4106//3537 4270//3701
f 4270//3701 4106//3537 4271//3702
f 4106//3537 4105//3536 4271//3702
f 4271//3702 4105//3536 4272//3703
f 4105//3536 4104//3535 4272//3703
f 4272//3703 4104//3535 4273//3704
f 4104//3535 4103//3534 4273//3704
f 4273//3704 4103//3534 4274//3705
f 4103//3534 4102//3533 4274//3705
f 4274//3705 4102//3533 4275//3706
f 4102//3533 4101//3532 4275//3706
f 4275//3706 4101//3532 4143//3574
f 4101//3532 3959//3390 4143//3574
f 4044//3475 4135//3566 3959//3390
f 4043//3474 4276//3707 4044//3475
f 4042//3473 4277//3708 4043//3474
f 4041//3472 4279//3710 4042//3473
f 4040//3471 4282//3713 4041//3472
f 4039//3470 4286//3717 4040//3471
f 4038//3469 4291//3722 4039//3470
f 4044//3475 4276//3707 4135//3566
f 4276//3707 4134//3565 4135//3566
f 4043//3474 4277//3708 4276//3707
f 4277//3708 4278//3709 4276//3707
f 4276//3707 4278//3709 4134//3565
f 4278//3709 4133//3564 4134//3565
f 4042//3473 4279//3710 4277//3708
f 4279//3710 4280//3711 4277//3708
f 4277//3708 4280//3711 4278//3709
f 4280//3711 4281//3712 4278//3709
f 4278//3709 4281//3712 4133//3564
f 4281//3712 4132//3563 4133//3564
f 4041//3472 4282//3713 4279//3710
f 4282//3713 4283//3714 4279//3710
f 4279//3710 4283//3714 4280//3711
f 4283//3714 4284//3715 4280//3711
f 4280//3711 4284//3715 4281//3712
f 4284//3715 4285//3716 4281//3712
f 4281//3712 4285//3716 4132//3563
f 4285//3716 4131//3562 4132//3563
f 4040//3471 4286//3717 4282//3713
f 4286//3717 4287//3718 4282//3713
f 4282//3713 4287//3718 4283//3714
f 4287//3718 4288//3719 4283//3714
f 4283//3714 4288//3719 4284//3715
f 4288//3719 4289//3720 4284//3715
f 4284//3715 4289//3720 4285//3716
f 4289//3720 4290//3721 4285//3716
f 4285//3716 4290//3721 4131//3562
f 4290//3721 4130//3561 4131//3562
f 4039//3470 4291//3722 4286//3717
f 4291//3722 4292//3723 4286//3717
f 4286//3717 4292//3723 4287//3718
f 4292//3723 4293//3724 4287//3718
f 4287//3718 4293//3724 4288//3719
f 4293//3724 4294//3725 4288//3719
f 4288//3719 4294//3725 4289//3720
f 4294//3725 4295//3726 4289//3720
f 4289//3720 4295//3726 4290//3721
f 4295//3726 4296//3727 4290//3721
f 4290//3721 4296//3727 4130//3561
f 4296//3727 4129//3560 4130//3561
f 4038//3469 4093//3524 4291//3722
f 4093//3524 4092//3523 4291//3722
f 4291//3722 4092//3523 4292//3723
f 4092//3523 4091//3522 4292//3723
f 4292//3723 4091//3522 4293//3724
f 4091//3522 4090//3521 4293//3724
f 4293//3724 4090//3521 4294//3725
f 4090//3521 4089//3520 4294//3725
f 4294//3725 4089//3520 4295//3726
f 4089//3520 4088//3519 4295//3726
f 4295//3726 4088//3519 4296//3727
f 4088//3519 4087//3518 4296//3727
f 4296//3727 4087//3518 4129//3560
f 4087//3518 3958//3389 4129//3560
f 4100//3531 4128//3559 3958//3389
f 4099//3530 4297//3728 4100//3531
f 4098//3529 4298//3729 4099//3530
f 4097//3528 4300//3731 4098//3529
f 4096//3527 4303//3734 4097//3528
f 4095//3526 4307//3738 4096//3527
f 4094//3525 4312//3743 4095//3526
f 4100//3531 4297//3728 4128//3559
f 4297//3728 4127//3558 4128//3559
f 4099//3530 4298//3729 4297//3728
f 4298//3729 4299//3730 4297//3728
f 4297//3728 4299//3730 4127//3558
f 4299//3730 4126//3557 4127//3558
f 4098//3529 4300//3731 4298//3729
f 4300//3731 4301//3732 4298//3729
f 4298//3729 4301//3732 4299//3730
f 4301//3732 4302//3733 4299//3730
f 4299//3730 4302//3733 4126//3557
f 4302//3733 4125//3556 4126//3557
f 4097//3528 4303//3734 4300//3731
f 4303//3734 4304//3735 4300//3731
f 4300//3731 4304//3735 4301//3732
f 4304//3735 4305//3736 4301//3732
f 4301//3732 4305//3736 4302//3733
f 4305//3736 4306//3737 4302//3733
f 4302//3733 4306//3737 4125//3556
f 4306//3737 4124//3555 4125//3556
f 4096//3527 4307//3738 4303//3734
f 4307//3738 4308//3739 4303//3734
f 4303//3734 4308//3739 4304//3735
f 4308//3739 4309//3740 4304//3735
f 4304//3735 4309//3740 4305//3736
f 4309//3740 4310//3741 4305//3736
f 4305//3736 4310//3741 4306//3737
f 4310//3741 4311//3742 4306//3737
f 4306//3737 4311//3742 4124//3555
f 4311//3742 4123//3554 4124//3555
f 4095//3526 4312//3743 4307//3738
f 4312//3743 4313//3744 4307//3738
f 4307//3738 4313//3744 4308//3739
f 4313//3744 4314//3745 4308//3739
f 4308//3739 4314//3745 4309//3740
f 4314//3745 4315//3746 4309//3740
f 4309//3740 4315//3746 4310//3741
f 4315//3746 4316//3747 4310//3741
f 4310//3741 4316//3747 4311//3742
f 4316//3747 4317//3748 4311//3742
f 4311//3742 4317//3748 4123//3554
f 4317//3748 4122//3553 4123//3554
f 4094//3525 4079//3510 4312//3743
f 4079//3510 4078//3509 4312//3743
f 4312//3743 4078//3509 4313//3744
f 4078//3509 4077//3508 4313//3744
f 4313//3744 4077//3508 4314//3745
f 4077//3508 4076//3507 4314//3745
f 4314//3745 4076//3507 4315//3746
f 4076//3507 4075//3506 4315//3746
f 4315//3746 4075//3506 4316//3747
f 4075//3506 4074//3505 4316//3747
f 4316//3747 4074//3505 4317//3748
f 4074//3505 4073//3504 4317//3748
f 4317//3748 4073//3504 4122//3553
f 4073//3504 3957//3388 4122//3553
f 4086//3517 4121//3552 3957//3388
f 4085//3516 4318//3749 4086//3517
f 4084//3515 4319//3750 4085//3516
f 4083//3514 4321//3752 4084//3515
f 4082//3513 4324//3755 4083//3514
f 4081//3512 4328//3759 4082//3513
f 4080//3511 4333//3764 4081//3512
f 4086//3517 4318//3749 4121//3552
f 4318//3749 4120//3551 4121//3552
f 4085//3516 4319//3750 4318//3749
f 4319//3750 4320//3751 4318//3749
f 4318//3749 4320//3751 4120//3551
f 4320//3751 4119//3550 4120//3551
f 4084//3515 4321//3752 4319//3750
f 4321//3752 4322//3753 4319//3750
f 4319//3750 4322//3753 4320//3751
f 4322//3753 4323//3754 4320//3751
f 4320//3751 4323//3754 4119//3550
f 4323//3754 4118//3549 4119//3550
f 4083//3514 4324//3755 4321//3752
f 4324//3755 4325//3756 4321//3752
f 4321//3752 4325//3756 4322//3753
f 4325//3756 4326//3757 4322//3753
f 4322//3753 4326//3757 4323//3754
f 4326//3757 4327//3758 4323//3754
f 4323//3754 4327//3758 4118//3549
f 4327//3758 4117//3548 4118//3549
f 4082//3513 4328//3759 4324//3755
f 4328//3759 4329//3760 4324//3755
f 4324//3755 4329//3760 4325//3756
f 4329//3760 4330//3761 4325//3756
f 4325//3756 4330//3761 4326//3757
f 4330//3761 4331//3762 4326//3757
f 4326//3757 4331//3762 4327//3758
f 4331//3762 4332//3763 4327//3758
f 4327//3758 4332//3763 4117//3548
f 4332//3763 4116//3547 4117//3548
f 4081//3512 4333//3764 4328//3759
f 4333//3764 4334//3765 4328//3759
f 4328//3759 4334//3765 4329//3760
f 4334//3765 4335//3766 4329//3760
f 4329//3760 4335//3766 4330//3761
f 4335//3766 4336//3767 4330//3761
f 4330//3761 4336//3767 4331//3762
f 4336//3767 4337//3768 4331//3762
f 4331//3762 4337//3768 4332//3763
f 4337//3768 4338//3769 4332//3763
f 4332//3763 4338//3769 4116//3547
f 4338//3769 4115//3546 4116//3547
f 4080//3511 4065//3496 4333//3764
f 4065//3496 4064//3495 4333//3764
f 4333//3764 4064//3495 4334//3765
f 4064//3495 4063//3494 4334//3765
f 4334//3765 4063//3494 4335//3766
f 4063//3494 4062//3493 4335//3766
f 4335//3766 4062//3493 4336//3767
f 4062//3493 4061//3492 4336//3767
f 4336//3767 4061//3492 4337//3768
f 4061//3492 4060//3491 4337//3768
f 4337//3768 4060//3491 4338//3769
f 4060//3491 4059//3490 4338//3769
f 4338//3769 4059//3490 4115//3546
f 4059//3490 3956//3387 4115//3546
f 4072//3503 4114//3545 3956//3387
f 4071//3502 4339//3770 4072//3503
f 4070//3501 4340//3771 4071//3502
f 4069//3500 4342//3773 4070//3501
f 4068//3499 4345//3776 4069//3500
f 4067//3498 4349//3780 4068//3499
f 4066//3497 4354//3785 4067//3498
f 4072//3503 4339//3770 4114//3545
f 4339//3770 4113//3544 4114//3545
f 4071//3502 4340//3771 4339//3770
f 4340//3771 4341//3772 4339//3770
f 4339//3770 4341//3772 4113//3544
f 4341//3772 4112//3543 4113//3544
f 4070//3501 4342//3773 4340//3771
f 4342//3773 4343//3774 4340//3771
f 4340//3771 4343//3774 4341//3772
f 4343//3774 4344//3775 4341//3772
f 4341//3772 4344//3775 4112//3543
f 4344//3775 4111//3542 4112//3543
f 4069//3500 4345//3776 4342//3773
f 4345//3776 4346//3777 4342//3773
f 4342//3773 4346//3777 4343//3774
f 4346//3777 4347//3778 4343//3774
f 4343//3774 4347//3778 4344//3775
f 4347//3778 4348//3779 4344//3775
f 4344//3775 4348//3779 4111//3542
f 4348//3779 4110//3541 4111//3542
f 4068//3499 4349//3780 4345//3776
f 4349//3780 4350//3781 4345//3776
f 4345//3776 4350//3781 4346//3777
f 4350//3781 4351//3782 4346//3777
f 4346//3777 4351//3782 4347//3778
f 4351//3782 4352//3783 4347//3778
f 4347//3778 4352//3783 4348//3779
f 4352//3783 4353//3784 4348//3779
f 4348//3779 4353//3784 4110//3541
f 4353//3784 4109//3540 4110//3541
f 4067//3498 4354//3785 4349//3780
f 4354//3785 4355//3786 4349//3780
f 4349//3780 4355//3786 4350//3781
f 4355//3786 4356//3787 4350//3781
f 4350//3781 4356//3787 4351//3782
f 4356//3787 4357//3788 4351//3782
f 4351//3782 4357//3788 4352//3783
f 4357//3788 4358//3789 4352//3783
f 4352//3783 4358//3789 4353//3784
f 4358//3789 4359//3790 4353//3784
f 4353//3784 4359//3790 4109//3540
f 4359//3790 4108//3539 4109//3540
f 4066//3497 4051//3482 4354//3785
f 4051//3482 4050//3481 4354//3785
f 4354//3785 4050//3481 4355//3786
f 4050//3481 4049//3480 4355//3786
f 4355//3786 4049//3480 4356//3787
f 4049//3480 4048//3479 4356//3787
f 4356//3787 4048//3479 4357//3788
f 4048//3479 4047//3478 4357//3788
f 4357//3788 4047//3478 4358//3789
f 4047//3478 4046//3477 4358//3789
f 4358//3789 4046//3477 4359//3790
f 4046//3477 4045//3476 4359//3790
f 4359//3790 4045//3476 4108//3539
f 4045//3476 3955//3386 4108//3539
f 4058//3489 4107//3538 3955//3386
f 4057//3488 4360//3791 4058//3489
f 4056//3487 4361//3792 4057//3488
f 4055//3486 4363//3794 4056//3487
f 4054//3485 4366//3797 4055//3486
f 4053//3484 4370//3801 4054//3485
f 4052//3483 4375//3806 4053//3484
f 4058//3489 4360//3791 4107//3538
f 4360//3791 4106//3537 4107//3538
f 4057//3488 4361//3792 4360//3791
f 4361//3792 4362//3793 4360//3791
f 4360//3791 4362//3793 4106//3537
f 4362//3793 4105//3536 4106//3537
f 4056//3487 4363//3794 4361//3792
f 4363//3794 4364//3795 4361//3792
f 4361//3792 4364//3795 4362//3793
f 4364//3795 4365//3796 4362//3793
f 4362//3793 4365//3796 4105//3536
f 4365//3796 4104//3535 4105//3536
f 4055//3486 4366//3797 4363//3794
f 4366//3797 4367//3798 4363//3794
f 4363//3794 4367//3798 4364//3795
f 4367//3798 4368//3799 4364//3795
f 4364//3795 4368//3799 4365//3796
f 4368//3799 4369//3800 4365//3796
f 4365//3796 4369//3800 4104//3535
f 4369//3800 4103//3534 4104//3535
f 4054//3485 4370//3801 4366//3797
f 4370//3801 4371//3802 4366//3797
f 4366//3797 4371//3802 4367//3798
f 4371//3802 4372//3803 4367//3798
f 4367//3798 4372//3803 4368//3799
f 4372//3803 4373//3804 4368//3799
f 4368//3799 4373//3804 4369//3800
f 4373//3804 4374//3805 4369//3800
f 4369//3800 4374//3805 4103//3534
f 4374//3805 4102//3533 4103//3534
f 4053//3484 4375//3806 4370//3801
f 4375//3806 4376//3807 4370//3801
f 4370//3801 4376//3807 4371//3802
f 4376//3807 4377//3808 4371//3802
f 4371//3802 4377//3808 4372//3803
f 4377//3808 4378//3809 4372//3803
f 4372//3803 4378//3809 4373//3804
f 4378//3809 4379//3810 4373//3804
f 4373//3804 4379//3810 4374//3805
f 4379//3810 4380//3811 4374//3805
f 4374//3805 4380//3811 4102//3533
f 4380//3811 4101//3532 4102//3533
f 4052//3483 4037//3468 4375//3806
f 4037//3468 4036//3467 4375//3806
f 4375//3806 4036//3467 4376//3807
f 4036//3467 4035//3466 4376//3807
f 4376//3807 4035//3466 4377//3808
f 4035//3466 4034//3465 4377//3808
f 4377//3808 4034//3465 4378//3809
f 4034//3465 4033//3464 4378//3809
f 4378//3809 4033//3464 4379//3810
f 4033//3464 4032//3463 4379//3810
f 4379//3810 4032//3463 4380//3811
f 4032//3463 4031//3462 4380//3811
f 4380//3811 4031//3462 4101//3532
f 4031//3462 3959//3390 4101//3532
f 4087//3518 4100//3531 3958//3389
f 4088//3519 4381//3812 4087//3518
f 4089//3520 4382//3813 4088//3519
f 4090//3521 4384//3815 4089//3520
f 4091//3522 4387//3818 4090//3521
f 4092//3523 4391//3822 4091//3522
f 4093//3524 4396//3827 4092//3523
f 4087//3518 4381//3812 4100//3531
f 4381//3812 4099//3530 4100//3531
f 4088//3519 4382//3813 4381//3812
f 4382//3813 4383//3814 4381//3812
f 4381//3812 4383//3814 4099//3530
f 4383//3814 4098//3529 4099//3530
f 4089//3520 4384//3815 4382//3813
f 4384//3815 4385//3816 4382//3813
f 4382//3813 4385//3816 4383//3814
f 4385//3816 4386//3817 4383//3814
f 4383//3814 4386//3817 4098//3529
f 4386//3817 4097//3528 4098//3529
f 4090//3521 4387//3818 4384//3815
f 4387//3818 4388//3819 4384//3815
f 4384//3815 4388//3819 4385//3816
f 4388//3819 4389//3820 4385//3816
f 4385//3816 4389//3820 4386//3817
f 4389//3820 4390//3821 4386//3817
f 4386//3817 4390//3821 4097//3528
f 4390//3821 4096//3527 4097//3528
f 4091//3522 4391//3822 4387//3818
f 4391//3822 4392//3823 4387//3818
f 4387//3818 4392//3823 4388//3819
f 4392//3823 4393//3824 4388//3819
f 4388//3819 4393//3824 4389//3820
f 4393//3824 4394//3825 4389//3820
f 4389//3820 4394//3825 4390//3821
f 4394//3825 4395//3826 4390//3821
f 4390//3821 4395//3826 4096//3527
f 4395//3826 4095//3526 4096//3527
f 4092//3523 4396//3827 4391//3822
f 4396//3827 4397//3828 4391//3822
f 4391//3822 4397//3828 4392//3823
f 4397//3828 4398//3829 4392//3823
f 4392//3823 4398//3829 4393//3824
f 4398//3829 4399//3830 4393//3824
f 4393//3824 4399//3830 4394//3825
f 4399//3830 4400//3831 4394//3825
f 4394//3825 4400//3831 4395//3826
f 4400//3831 4401//3832 4395//3826
f 4395//3826 4401//3832 4095//3526
f 4401//3832 4094//3525 4095//3526
f 4093//3524 4030//3461 4396//3827
f 4030//3461 4029//3460 4396//3827
f 4396//3827 4029//3460 4397//3828
f 4029//3460 4028//3459 4397//3828
f 4397//3828 4028//3459 4398//3829
f 4028//3459 4027//3458 4398//3829
f 4398//3829 4027//3458 4399//3830
f 4027//3458 4026//3457 4399//3830
f 4399//3830 4026//3457 4400//3831
f 4026//3457 4025//3456 4400//3831
f 4400//3831 4025//3456 4401//3832
f 4025//3456 4024//3455 4401//3832
f 4401//3832 4024//3455 4094//3525
f 4024//3455 3953//3384 4094//3525
f 4073//3504 4086//3517 3957//3388
f 4074//3505 4402//3833 4073//3504
f 4075//3506 4403//3834 4074//3505
f 4076//3507 4405//3836 4075//3506
f 4077//3508 4408//3839 4076//3507
f 4078//3509 4412//3843 4077//3508
f 4079//3510 4417//3848 4078//3509
f 4073//3504 4402//3833 4086//3517
f 4402//3833 4085//3516 4086//3517
f 4074//3505 4403//3834 4402//3833
f 4403//3834 4404//3835 4402//3833
f 4402//3833 4404//3835 4085//3516
f 4404//3835 4084//3515 4085//3516
f 4075//3506 4405//3836 4403//3834
f 4405//3836 4406//3837 4403//3834
f 4403//3834 4406//3837 4404//3835
f 4406//3837 4407//3838 4404//3835
f 4404//3835 4407//3838 4084//3515
f 4407//3838 4083//3514 4084//3515
f 4076//3507 4408//3839 4405//3836
f 4408//3839 4409//3840 4405//3836
f 4405//3836 4409//3840 4406//3837
f 4409//3840 4410//3841 4406//3837
f 4406//3837 4410//3841 4407//3838
f 4410//3841 4411//3842 4407//3838
f 4407//3838 4411//3842 4083//3514
f 4411//3842 4082//3513 4083//3514
f 4077//3508 4412//3843 4408//3839
f 4412//3843 4413//3844 4408//3839
f 4408//3839 4413//3844 4409//3840
f 4413//3844 4414//3845 4409//3840
f 4409//3840 4414//3845 4410//3841
f 4414//3845 4415//3846 4410//3841
f 4410//3841 4415//3846 4411//3842
f 4415//3846 4416//3847 4411//3842
f 4411//3842 4416//3847 4082//3513
f 4416//3847 4081//3512 4082//3513
f 4078//3509 4417//3848 4412//3843
f 4417//3848 4418//3849 4412//3843
f 4412//3843 4418//3849 4413//3844
f 4418//3849 4419//3850 4413//3844
f 4413//3844 4419//3850 4414//3845
f 4419//3850 4420//3851 4414//3845
f 4414//3845 4420//3851 4415//3846
f 4420//3851 4421//3852 4415//3846
f 4415//3846 4421//3852 4416//3847
f 4421//3852 4422//3853 4416//3847
f 4416//3847 4422//3853 4081//3512
f 4422//3853 4080//3511 4081//3512
f 4079//3510 4023//3454 4417//3848
f 4023//3454 4022//3453 4417//3848
f 4417//3848 4022//3453 4418//3849
f 4022//3453 4021//3452 4418//3849
f 4418//3849 4021//3452 4419//3850
f 4021//3452 4020//3451 4419//3850
f 4419//3850 4020//3451 4420//3851
f 4020//3451 4019//3450 4420//3851
f 4420//3851 4019//3450 4421//3852
f 4019//3450 4018//3449 4421//3852
f 4421//3852 4018//3449 4422//3853
f 4018//3449 4017//3448 4422//3853
f 4422//3853 4017//3448 4080//3511
f 4017//3448 3952//3383 4080//3511
f 4059//3490 4072//3503 3956//3387
f 4060//3491 4423//3854 4059//3490
f 4061//3492 4424//3855 4060//3491
f 4062//3493 4426//3857 4061//3492
f 4063//3494 4429//3860 4062//3493
f 4064//3495 4433//3864 4063//3494
f 4065//3496 4438//3869 4064//3495
f 4059//3490 4423//3854 4072//3503
f 4423//3854 4071//3502 4072//3503
f 4060//3491 4424//3855 4423//3854
f 4424//3855 4425//3856 4423//3854
f 4423//3854 4425//3856 4071//3502
f 4425//3856 4070//3501 4071//3502
f 4061//3492 4426//3857 4424//3855
f 4426//3857 4427//3858 4424//3855
f 4424//3855 4427//3858 4425//3856
f 4427//3858 4428//3859 4425//3856
f 4425//3856 4428//3859 4070//3501
f 4428//3859 4069//3500 4070//3501
f 4062//3493 4429//3860 4426//3857
f 4429//3860 4430//3861 4426//3857
f 4426//3857 4430//3861 4427//3858
f 4430//3861 4431//3862 4427//3858
f 4427//3858 4431//3862 4428//3859
f 4431//3862 4432//3863 4428//3859
f 4428//3859 4432//3863 4069//3500
f 4432//3863 4068//3499 4069//3500
f 4063//3494 4433//3864 4429//3860
f 4433//3864 4434//3865 4429//3860
f 4429//3860 4434//3865 4430//3861
f 4434//3865 4435//3866 4430//3861
f 4430//3861 4435//3866 4431//3862
f 4435//3866 4436//3867 4431//3862
f 4431//3862 4436//3867 4432//3863
f 4436//3867 4437//3868 4432//3863
f 4432//3863 4437//3868 4068//3499
f 4437//3868 4067//3498 4068//3499
f 4064//3495 4438//3869 4433//3864
f 4438//3869 4439//3870 4433//3864
f 4433//3864 4439//3870 4434//3865
f 4439//3870 4440//3871 4434//3865
f 4434//3865 4440//3871 4435//3866
f 4440//3871 4441//3872 4435//3866
f 4435//3866 4441//3872 4436//3867
f 4441//3872 4442//3873 4436//3867
f 4436//3867 4442//3873 4437//3868
f 4442//3873 4443//3874 4437//3868
f 4437//3868 4443//3874 4067//3498
f 4443//3874 4066//3497 4067//3498
f 4065//3496 4009//3440 4438//3869
f 4009//3440 4008//3439 4438//3869
f 4438//3869 4008//3439 4439//3870
f 4008//3439 4007//3438 4439//3870
f 4439//3870 4007//3438 4440//3871
f 4007//3438 4006//3437 4440//3871
f 4440//3871 4006//3437 4441//3872
f 4006//3437 4005//3436 4441//3872
f 4441//3872 4005//3436 4442//3873
f 4005//3436 4004//3435 4442//3873
f 4442//3873 4004//3435 4443//3874
f 4004//3435 4003//3434 4443//3874
f 4443//3874 4003//3434 4066//3497
f 4003//3434 3951//3382 4066//3497
f 4045//3476 4058//3489 3955//3386
f 4046//3477 4444//3875 4045//3476
f 4047//3478 4445//3876 4046//3477
f 4048//3479 4447//3878 4047//3478
f 4049//3480 4450//3881 4048//3479
f 4050//3481 4454//3885 4049//3480
f 4051//3482 4459//3890 4050//3481
f 4045//3476 4444//3875 4058//3489
f 4444//3875 4057//3488 4058//3489
f 4046//3477 4445//3876 4444//3875
f 4445//3876 4446//3877 4444//3875
f 4444//3875 4446//3877 4057//3488
f 4446//3877 4056//3487 4057//3488
f 4047//3478 4447//3878 4445//3876
f 4447//3878 4448//3879 4445//3876
f 4445//3876 4448//3879 4446//3877
f 4448//3879 4449//3880 4446//3877
f 4446//3877 4449//3880 4056//3487
f 4449//3880 4055//3486 4056//3487
f 4048//3479 4450//3881 4447//3878
f 4450//3881 4451//3882 4447//3878
f 4447//3878 4451//3882 4448//3879
f 4451//3882 4452//3883 4448//3879
f 4448//3879 4452//3883 4449//3880
f 4452//3883 4453//3884 4449//3880
f 4449//3880 4453//3884 4055//3486
f 4453//3884 4054//3485 4055//3486
f 4049//3480 4454//3885 4450//3881
f 4454//3885 4455//3886 4450//3881
f 4450//3881 4455//3886 4451//3882
f 4455//3886 4456//3887 4451//3882
f 4451//3882 4456//3887 4452//3883
f 4456//3887 4457//3888 4452//3883
f 4452//3883 4457//3888 4453//3884
f 4457//3888 4458//3889 4453//3884
f 4453//3884 4458//3889 4054//3485
f 4458//3889 4053//3484 4054//3485
f 4050//3481 4459//3890 4454//3885
f 4459//3890 4460//3891 4454//3885
f 4454//3885 4460//3891 4455//3886
f 4460//3891 4461//3892 4455//3886
f 4455//3886 4461//3892 4456//3887
f 4461//3892 4462//3893 4456//3887
f 4456//3887 4462//3893 4457//3888
f 4462//3893 4463//3894 4457//3888
f 4457//3888 4463//3894 4458//3889
f 4463//3894 4464//3895 4458//3889
f 4458//3889 4464//3895 4053//3484
f 4464//3895 4052//3483 4053//3484
f 4051//3482 3981//3412 4459//3890
f 3981//3412 3980//3411 4459//3890
f 4459//3890 3980//3411 4460//3891
f 3980//3411 3979//3410 4460//3891
f 4460//3891 3979//3410 4461//3892
f 3979//3410 3978//3409 4461//3892
f 4461//3892 3978//3409 4462//3893
f 3978//3409 3977//3408 4462//3893
f 4462//3893 3977//3408 4463//3894
f 3977//3408 3976//3407 4463//3894
f 4463//3894 3976//3407 4464//3895
f 3976//3407 3975//3406 4464//3895
f 4464//3895 3975//3406 4052//3483
f 3975//3406 3950//3381 4052//3483
f 4031//3462 4044//3475 3959//3390
f 4032//3463 4465//3896 4031//3462
f 4033//3464 4466//3897 4032//3463
f 4034//3465 4468//3899 4033//3464
f 4035//3466 4471//3902 4034//3465
f 4036//3467 4475//3906 4035//3466
f 4037//3468 4480//3911 4036//3467
f 4031//3462 4465//3896 4044//3475
f 4465//3896 4043//3474 4044//3475
f 4032//3463 4466//3897 4465//3896
f 4466//3897 4467//3898 4465//3896
f 4465//3896 4467//3898 4043//3474
f 4467//3898 4042//3473 4043//3474
f 4033//3464 4468//3899 4466//3897
f 4468//3899 4469//3900 4466//3897
f 4466//3897 4469//3900 4467//3898
f 4469//3900 4470//3901 4467//3898
f 4467//3898 4470//3901 4042//3473
f 4470//3901 4041//3472 4042//3473
f 4034//3465 4471//3902 4468//3899
f 4471//3902 4472//3903 4468//3899
f 4468//3899 4472//3903 4469//3900
f 4472//3903 4473//3904 4469//3900
f 4469//3900 4473//3904 4470//3901
f 4473//3904 4474//3905 4470//3901
f 4470//3901 4474//3905 4041//3472
f 4474//3905 4040//3471 4041//3472
f 4035//3466 4475//3906 4471//3902
f 4475//3906 4476//3907 4471//3902
f 4471//3902 4476//3907 4472//3903
f 4476//3907 4477//3908 4472//3903
f 4472//3903 4477//3908 4473//3904
f 4477//3908 4478//3909 4473//3904
f 4473//3904 4478//3909 4474//3905
f 4478//3909 4479//3910 4474//3905
f 4474//3905 4479//3910 4040//3471
f 4479//3910 4039//3470 4040//3471
f 4036//3467 4480//3911 4475//3906
f 4480//3911 4481//3912 4475//3906
f 4475//3906 4481//3912 4476//3907
f 4481//3912 4482//3913 4476//3907
f 4476//3907 4482//3913 4477//3908
f 4482//3913 4483//3914 4477//3908
f 4477//3908 4483//3914 4478//3909
f 4483//3914 4484//3915 4478//3909
f 4478//3909 4484//3915 4479//3910
f 4484//3915 4485//3916 4479//3910
f 4479//3910 4485//3916 4039//3470
f 4485//3916 4038//3469 4039//3470
f 4037//3468 3988//3419 4480//3911
f 3988//3419 3987//3418 4480//3911
f 4480//3911 3987//3418 4481//3912
f 3987//3418 3986//3417 4481//3912
f 4481//3912 3986//3417 4482//3913
f 3986//3417 3985//3416 4482//3913
f 4482//3913 3985//3416 4483//3914
f 3985//3416 3984//3415 4483//3914
f 4483//3914 3984//3415 4484//3915
f 3984//3415 3983//3414 4484//3915
f 4484//3915 3983//3414 4485//3916
f 3983//3414 3982//3413 4485//3916
f 4485//3916 3982//3413 4038//3469
f 3982//3413 3954//3385 4038//3469
f 3995//3426 4030//3461 3954//3385
f 3994//3425 4486//3917 3995//3426
f 3993//3424 4487//3918 3994//3425
f 3992//3423 4489//3920 3993//3424
f 3991//3422 4492//3923 3992//3423
f 3990//3421 4496//3927 3991//3422
f 3989//3420 4501//3932 3990//3421
f 3995//3426 4486//3917 4030//3461
f 4486//3917 4029//3460 4030//3461
f 3994//3425 4487//3918 4486//3917
f 4487//3918 4488//3919 4486//3917
f 4486//3917 4488//3919 4029//3460
f 4488//3919 4028//3459 4029//3460
f 3993//3424 4489//3920 4487//3918
f 4489//3920 4490//3921 4487//3918
f 4487//3918 4490//3921 4488//3919
f 4490//3921 4491//3922 4488//3919
f 4488//3919 4491//3922 4028//3459
f 4491//3922 4027//3458 4028//3459
f 3992//3423 4492//3923 4489//3920
f 4492//3923 4493//3924 4489//3920
f 4489//3920 4493//3924 4490//3921
f 4493//3924 4494//3925 4490//3921
f 4490//3921 4494//3925 4491//3922
f 4494//3925 4495//3926 4491//3922
f 4491//3922 4495//3926 4027//3458
f 4495//3926 4026//3457 4027//3458
f 3991//3422 4496//3927 4492//3923
f 4496//3927 4497//3928 4492//3923
f 4492//3923 4497//3928 4493//3924
f 4497//3928 4498//3929 4493//3924
f 4493//3924 4498//3929 4494//3925
f 4498//3929 4499//3930 4494//3925
f 4494//3925 4499//3930 4495//3926
f 4499//3930 4500//3931 4495//3926
f 4495//3926 4500//3931 4026//3457
f 4500//3931 4025//3456 4026//3457
f 3990//3421 4501//3932 4496//3927
f 4501//3932 4502//3933 4496//3927
f 4496//3927 4502//3933 4497//3928
f 4502//3933 4503//3934 4497//3928
f 4497//3928 4503//3934 4498//3929
f 4503//3934 4504//3935 4498//3929
f 4498//3929 4504//3935 4499//3930
f 4504//3935 4505//3936 4499//3930
f 4499//3930 4505//3936 4500//3931
f 4505//3936 4506//3937 4500//3931
f 4500//3931 4506//3937 4025//3456
f 4506//3937 4024//3455 4025//3456
f 3989//3420 4016//3447 4501//3932
f 4016//3447 4015//3446 4501//3932
f 4501//3932 4015//3446 4502//3933
f 4015//3446 4014//3445 4502//3933
f 4502//3933 4014//3445 4503//3934
f 4014//3445 4013//3444 4503//3934
f 4503//3934 4013//3444 4504//3935
f 4013//3444 4012//3443 4504//3935
f 4504//3935 4012//3443 4505//3936
f 4012//3443 4011//3442 4505//3936
f 4505//3936 4011//3442 4506//3937
f 4011//3442 4010//3441 4506//3937
f 4506//3937 4010//3441 4024//3455
f 4010//3441 3953//3384 4024//3455
f 4010//3441 4023//3454 3953//3384
f 4011//3442 4507//3938 4010//3441
f 4012//3443 4508//3939 4011//3442
f 4013//3444 4510//3941 4012//3443
f 4014//3445 4513//3944 4013//3444
f 4015//3446 4517//3948 4014//3445
f 4016//3447 4522//3953 4015//3446
f 4010//3441 4507//3938 4023//3454
f 4507//3938 4022//3453 4023//3454
f 4011//3442 4508//3939 4507//3938
f 4508//3939 4509//3940 4507//3938
f 4507//3938 4509//3940 4022//3453
f 4509//3940 4021//3452 4022//3453
f 4012//3443 4510//3941 4508//3939
f 4510//3941 4511//3942 4508//3939
f 4508//3939 4511//3942 4509//3940
f 4511//3942 4512//3943 4509//3940
f 4509//3940 4512//3943 4021//3452
f 4512//3943 4020//3451 4021//3452
f 4013//3444 4513//3944 4510//3941
f 4513//3944 4514//3945 4510//3941
f 4510//3941 4514//3945 4511//3942
f 4514//3945 4515//3946 4511//3942
f 4511//3942 4515//3946 4512//3943
f 4515//3946 4516//3947 4512//3943
f 4512//3943 4516//3947 4020//3451
f 4516//3947 4019//3450 4020//3451
f 4014//3445 4517//3948 4513//3944
f 4517//3948 4518//3949 4513//3944
f 4513//3944 4518//3949 4514//3945
f 4518//3949 4519//3950 4514//3945
f 4514//3945 4519//3950 4515//3946
f 4519//3950 4520//3951 4515//3946
f 4515//3946 4520//3951 4516//3947
f 4520//3951 4521//3952 4516//3947
f 4516//3947 4521//3952 4019//3450
f 4521//3952 4018//3449 4019//3450
f 4015//3446 4522//3953 4517//3948
f 4522//3953 4523//3954 4517//3948
f 4517//3948 4523//3954 4518//3949
f 4523//3954 4524//3955 4518//3949
f 4518//3949 4524//3955 4519//3950
f 4524//3955 4525//3956 4519//3950
f 4519//3950 4525//3956 4520//3951
f 4525//3956 4526//3957 4520//3951
f 4520//3951 4526//3957 4521//3952
f 4526//3957 4527//3958 4521//3952
f 4521//3952 4527//3958 4018//3449
f 4527//3958 4017//3448 4018//3449
f 4016//3447 4002//3433 4522//3953
f 4002//3433 4001//3432 4522//3953
f 4522//3953 4001//3432 4523//3954
f 4001//3432 4000//3431 4523//3954
f 4523//3954 4000//3431 4524//3955
f 4000//3431 3999//3430 4524//3955
f 4524//3955 3999//3430 4525//3956
f 3999//3430 3998//3429 4525//3956
f 4525//3956 3998//3429 4526//3957
f 3998//3429 3997//3428 4526//3957
f 4526//3957 3997//3428 4527//3958
f 3997//3428 3996//3427 4527//3958
f 4527//3958 3996//3427 4017//3448
f 3996//3427 3952//3383 4017//3448
f 3996//3427 4009//3440 3952//3383
f 3997//3428 4528//3959 3996//3427
f 3998//3429 4529//3960 3997//3428
f 3999//3430 4531//3962 3998//3429
f 4000//3431 4534//3965 3999//3430
f 4001//3432 4538//3969 4000//3431
f 4002//3433 4543//3974 4001//3432
f 3996//3427 4528//3959 4009//3440
f 4528//3959 4008//3439 4009//3440
f 3997//3428 4529//3960 4528//3959
f 4529//3960 4530//3961 4528//3959
f 4528//3959 4530//3961 4008//3439
f 4530//3961 4007//3438 4008//3439
f 3998//3429 4531//3962 4529//3960
f 4531//3962 4532//3963 4529//3960
f 4529//3960 4532//3963 4530//3961
f 4532//3963 4533//3964 4530//3961
f 4530//3961 4533//3964 4007//3438
f 4533//3964 4006//3437 4007//3438
f 3999//3430 4534//3965 4531//3962
f 4534//3965 4535//3966 4531//3962
f 4531//3962 4535//3966 4532//3963
f 4535//3966 4536//3967 4532//3963
f 4532//3963 4536//3967 4533//3964
f 4536//3967 4537//3968 4533//3964
f 4533//3964 4537//3968 4006//3437
f 4537//3968 4005//3436 4006//3437
f 4000//3431 4538//3969 4534//3965
f 4538//3969 4539//3970 4534//3965
f 4534//3965 4539//3970 4535//3966
f 4539//3970 4540//3971 4535//3966
f 4535//3966 4540//3971 4536//3967
f 4540//3971 4541//3972 4536//3967
f 4536//3967 4541//3972 4537//3968
f 4541//3972 4542//3973 4537//3968
f 4537//3968 4542//3973 4005//3436
f 4542//3973 4004//3435 4005//3436
f 4001//3432 4543//3974 4538//3969
f 4543//3974 4544//3975 4538//3969
f 4538//3969 4544//3975 4539//3970
f 4544//3975 4545//3976 4539//3970
f 4539//3970 4545//3976 4540//3971
f 4545//3976 4546//3977 4540//3971
f 4540//3971 4546//3977 4541//3972
f 4546//3977 4547//3978 4541//3972
f 4541//3972 4547//3978 4542//3973
f 4547//3978 4548//3979 4542//3973
f 4542//3973 4548//3979 4004//3435
f 4548//3979 4003//3434 4004//3435
f 4002//3433 3967//3398 4543//3974
f 3967//3398 3966//3397 4543//3974
f 4543//3974 3966//3397 4544//3975
f 3966//3397 3965//3396 4544//3975
f 4544//3975 3965//3396 4545//3976
f 3965//3396 3964//3395 4545//3976
f 4545//3976 3964//3395 4546//3977
f 3964//3395 3963//3394 4546//3977
f 4546//3977 3963//3394 4547//3978
f 3963//3394 3962//3393 4547//3978
f 4547//3978 3962//3393 4548//3979
f 3962//3393 3961//3392 4548//3979
f 4548//3979 3961//3392 4003//3434
f 3961//3392 3951//3382 4003//3434
f 3982//3413 3995//3426 3954//3385
f 3983//3414 4549//3980 3982//3413
f 3984//3415 4550//3981 3983//3414
f 3985//3416 4552//3983 3984//3415
f 3986//3417 4555//3986 3985//3416
f 3987//3418 4559//3990 3986//3417
f 3988//3419 4564//3995 3987//3418
f 3982//3413 4549//3980 3995//3426
f 4549//3980 3994//3425 3995//3426
f 3983//3414 4550//3981 4549//3980
f 4550//3981 4551//3982 4549//3980
f 4549//3980 4551//3982 3994//3425
f 4551//3982 3993//3424 3994//3425
f 3984//3415 4552//3983 4550//3981
f 4552//3983 4553//3984 4550//3981
f 4550//3981 4553//3984 4551//3982
f 4553//3984 4554//3985 4551//3982
f 4551//3982 4554//3985 3993//3424
f 4554//3985 3992//3423 3993//3424
f 3985//3416 4555//3986 4552//3983
f 4555//3986 4556//3987 4552//3983
f 4552//3983 4556//3987 4553//3984
f 4556//3987 4557//3988 4553//3984
f 4553//3984 4557//3988 4554//3985
f 4557//3988 4558//3989 4554//3985
f 4554//3985 4558//3989 3992//3423
f 4558//3989 3991//3422 3992//3423
f 3986//3417 4559//3990 4555//3986
f 4559//3990 4560//3991 4555//3986
f 4555//3986 4560//3991 4556//3987
f 4560//3991 4561//3992 4556//3987
f 4556//3987 4561//3992 4557//3988
f 4561//3992 4562//3993 4557//3988
f 4557//3988 4562//3993 4558//3989
f 4562//3993 4563//3994 4558//3989
f 4558//3989 4563//3994 3991//3422
f 4563//3994 3990//3421 3991//3422
f 3987//3418 4564//3995 4559//3990
f 4564//3995 4565//3996 4559//3990
f 4559//3990 4565//3996 4560//3991
f 4565//3996 4566//3997 4560//3991
f 4560//3991 4566//3997 4561//3992
f 4566//3997 4567//3998 4561//3992
f 4561//3992 4567//3998 4562//3993
f 4567//3998 4568//3999 4562//3993
f 4562//3993 4568//3999 4563//3994
f 4568//3999 4569//4000 4563//3994
f 4563//3994 4569//4000 3990//3421
f 4569//4000 3989//3420 3990//3421
f 3988//3419 3974//3405 4564//3995
f 3974//3405 3973//3404 4564//3995
f 4564//3995 3973//3404 4565//3996
f 3973//3404 3972//3403 4565//3996
f 4565//3996 3972//3403 4566//3997
f 3972//3403 3971//3402 4566//3997
f 4566//3997 3971//3402 4567//3998
f 3971//3402 3970//3401 4567//3998
f 4567//3998 3970//3401 4568//3999
f 3970//3401 3969//3400 4568//3999
f 4568//3999 3969//3400 4569//4000
f 3969//3400 3968//3399 4569//4000
f 4569//4000 3968//3399 3989//3420
f 3968//3399 3949//3380 3989//3420
f 3961//3392 3981//3412 3951//3382
f 3962//3393 4570//4001 3961//3392
f 3963//3394 4571//4002 3962//3393
f 3964//3395 4573//4004 3963//3394
f 3965//3396 4576//4007 3964//3395
f 3966//3397 4580//4011 3965//3396
f 3967//3398 4585//4016 3966//3397
f 3961//3392 4570//4001 3981//3412
f 4570//4001 3980//3411 3981//3412
f 3962//3393 4571//4002 4570//4001
f 4571//4002 4572//4003 4570//4001
f 4570//4001 4572//4003 3980//3411
f 4572//4003 3979//3410 3980//3411
f 3963//3394 4573//4004 4571//4002
f 4573//4004 4574//4005 4571//4002
f 4571//4002 4574//4005 4572//4003
f 4574//4005 4575//4006 4572//4003
f 4572//4003 4575//4006 3979//3410
f 4575//4006 3978//3409 3979//3410
f 3964//3395 4576//4007 4573//4004
f 4576//4007 4577//4008 4573//4004
f 4573//4004 4577//4008 4574//4005
f 4577//4008 4578//4009 4574//4005
f 4574//4005 4578//4009 4575//4006
f 4578//4009 4579//4010 4575//4006
f 4575//4006 4579//4010 3978//3409
f 4579//4010 3977//3408 3978//3409
f 3965//3396 4580//4011 4576//4007
f 4580//4011 4581//4012 4576//4007
f 4576//4007 4581//4012 4577//4008
f 4581//4012 4582//4013 4577//4008
f 4577//4008 4582//4013 4578//4009
f 4582//4013 4583//4014 4578//4009
f 4578//4009 4583//4014 4579//4010
f 4583//4014 4584//4015 4579//4010
f 4579//4010 4584//4015 3977//3408
f 4584//4015 3976//3407 3977//3408
f 3966//3397 4585//4016 4580//4011
f 4585//4016 4586//4017 4580//4011
f 4580//4011 4586//4017 4581//4012
f 4586//4017 4587//4018 4581//4012
f 4581//4012 4587//4018 4582//4013
f 4587//4018 4588//4019 4582//4013
f 4582//4013 4588//4019 4583//4014
f 4588//4019 4589//4020 4583//4014
f 4583//4014 4589//4020 4584//4015
f 4589//4020 4590//4021 4584//4015
f 4584//4015 4590//4021 3976//3407
f 4590//4021 3975//3406 3976//3407
f 3967//3398 3968//3399 4585//4016
f 3968//3399 3969//3400 4585//4016
f 4585//4016 3969//3400 4586//4017
f 3969//3400 3970//3401 4586//4017
f 4586//4017 3970//3401 4587//4018
f 3970//3401 3971//3402 4587//4018
f 4587//4018 3971//3402 4588//4019
f 3971//3402 3972//3403 4588//4019
f 4588//4019 3972//3403 4589//4020
f 3972//3403 3973//3404 4589//4020
f 4589//4020 3973//3404 4590//4021
f 3973//3404 3974//3405 4590//4021
f 4590//4021 3974//3405 3975//3406
f 3974//3405 3950//3381 3975//3406
o Orb6
v -1.539984 3.340827 -5.402654
v -0.816376 3.893607 -4.876928
v -1.816372 3.893607 -4.552004
v -2.434410 3.893611 -5.402654
v -1.816372 3.893607 -6.253303
v -0.816376 3.893607 -5.928379
v -1.263596 4.788046 -4.552004
v -2.263591 4.788046 -4.876928
v -2.263591 4.788046 -5.928379
v -1.263596 4.788046 -6.253303
v -0.645557 4.788042 -5.402654
v -1.539984 5.340827 -5.402654
v -1.797920 3.790141 -4.608793
v -1.772805 3.683307 -4.686090
v -1.740672 3.580424 -4.784987
v -1.702439 3.490172 -4.902658
v -1.660396 3.419872 -5.032055
v -1.617590 3.372877 -5.163801
v -1.576831 3.347961 -5.289246
v -1.443513 3.347961 -5.332564
v -1.336803 3.372877 -5.255036
v -1.224733 3.419872 -5.173614
v -1.114661 3.490172 -5.093642
v -1.014564 3.580424 -5.020918
v -0.930437 3.683308 -4.959797
v -0.864684 3.790142 -4.912025
v -0.901531 3.863839 -4.798616
v -1.008043 3.838525 -4.720941
v -1.134975 3.821254 -4.650315
v -1.277115 3.815089 -4.593642
v -1.425420 3.821254 -4.555943
v -1.569623 3.838525 -4.538469
v -1.701449 3.863839 -4.538702
v -0.768212 3.863840 -5.823192
v -0.727254 3.838526 -5.697891
v -0.699311 3.821256 -5.555348
v -0.689336 3.815091 -5.402654
v -0.699311 3.821256 -5.249959
v -0.727254 3.838526 -5.107416
v -0.768212 3.863840 -4.982115
v -1.443513 3.347961 -5.472743
v -1.336803 3.372877 -5.550272
v -1.224733 3.419872 -5.631694
v -1.114661 3.490172 -5.711665
v -1.014564 3.580424 -5.784389
v -0.930437 3.683308 -5.845510
v -0.864684 3.790142 -5.893282
v -2.374700 3.790146 -5.402654
v -2.293425 3.683312 -5.402654
v -2.189440 3.580427 -5.402654
v -2.065713 3.490175 -5.402654
v -1.929657 3.419873 -5.402654
v -1.791131 3.372878 -5.402654
v -1.659229 3.347962 -5.402654
v -1.917167 3.863839 -4.608792
v -2.023955 3.838525 -4.686089
v -2.130349 3.821255 -4.784986
v -2.228173 3.815090 -4.902657
v -2.309856 3.821256 -5.032054
v -2.371034 3.838528 -5.163800
v -2.411548 3.863843 -5.289246
v -1.797920 3.790141 -6.196514
v -1.772805 3.683307 -6.119217
v -1.740672 3.580424 -6.020320
v -1.702439 3.490172 -5.902649
v -1.660396 3.419872 -5.773252
v -1.617590 3.372877 -5.641506
v -1.576831 3.347961 -5.516061
v -2.411548 3.863843 -5.516062
v -2.371034 3.838528 -5.641507
v -2.309856 3.821256 -5.773253
v -2.228173 3.815090 -5.902651
v -2.130349 3.821255 -6.020322
v -2.023955 3.838525 -6.119218
v -1.917167 3.863839 -6.196515
v -1.701449 3.863839 -6.266605
v -1.569623 3.838525 -6.266838
v -1.425420 3.821254 -6.249365
v -1.277115 3.815089 -6.211665
v -1.134975 3.821254 -6.154992
v -1.008043 3.838525 -6.084366
v -0.901531 3.863839 -6.006691
v -0.608796 4.698565 -5.332564
v -0.583358 4.591976 -5.255035
v -0.575272 4.470719 -5.173613
v -0.588926 4.340827 -5.093641
v -0.624885 4.210934 -5.020917
v -0.679286 4.089676 -4.959796
v -0.745437 3.983086 -4.912024
v -0.745437 3.983086 -5.893283
v -0.679286 4.089676 -5.845511
v -0.624885 4.210934 -5.784390
v -0.588926 4.340827 -5.711666
v -0.575272 4.470719 -5.631695
v -0.583358 4.591976 -5.550272
v -0.608796 4.698565 -5.472743
v -1.318895 4.698568 -4.495383
v -1.384768 4.591978 -4.447232
v -1.459708 4.470720 -4.414381
v -1.539984 4.340827 -4.402654
v -1.620260 4.210933 -4.414381
v -1.695199 4.089675 -4.447232
v -1.761073 3.983085 -4.495383
v -0.827833 3.983085 -4.798615
v -0.852825 4.089674 -4.720938
v -0.894144 4.210933 -4.650311
v -0.952198 4.340827 -4.593637
v -1.024038 4.470720 -4.555938
v -1.103977 4.591979 -4.538466
v -1.185574 4.698568 -4.538701
v -2.334531 4.698567 -4.912024
v -2.400681 4.591977 -4.959796
v -2.455082 4.470719 -5.020917
v -2.491041 4.340827 -5.093641
v -2.504695 4.210934 -5.173613
v -2.496609 4.089677 -5.255035
v -2.471172 3.983088 -5.332564
v -1.894393 3.983085 -4.538701
v -1.975991 4.089674 -4.538466
v -2.055929 4.210933 -4.555938
v -2.127769 4.340827 -4.593637
v -2.185823 4.470720 -4.650311
v -2.227142 4.591979 -4.720938
v -2.252134 4.698568 -4.798615
v -2.252134 4.698568 -6.006693
v -2.227142 4.591979 -6.084369
v -2.185823 4.470720 -6.154996
v -2.127769 4.340827 -6.211670
v -2.055929 4.210933 -6.249370
v -1.975990 4.089674 -6.266841
v -1.894393 3.983085 -6.266607
v -2.471172 3.983088 -5.472743
v -2.496609 4.089677 -5.550272
v -2.504695 4.210934 -5.631695
v -2.491041 4.340827 -5.711666
v -2.455082 4.470719 -5.784390
v -2.400681 4.591977 -5.845511
v -2.334531 4.698567 -5.893283
v -1.185574 4.698568 -6.266607
v -1.103977 4.591979 -6.266841
v -1.024038 4.470720 -6.249370
v -0.952198 4.340827 -6.211670
v -0.894144 4.210933 -6.154996
v -0.852825 4.089674 -6.084369
v -0.827833 3.983085 -6.006692
v -1.761073 3.983085 -6.309925
v -1.695199 4.089675 -6.358076
v -1.620260 4.210933 -6.390927
v -1.539984 4.340827 -6.402654
v -1.459708 4.470720 -6.390927
v -1.384768 4.591978 -6.358076
v -1.318895 4.698568 -6.309925
v -0.668419 4.817811 -5.289246
v -0.708933 4.843125 -5.163800
v -0.770112 4.860396 -5.032054
v -0.851794 4.866563 -4.902657
v -0.949618 4.860398 -4.784986
v -1.056012 4.843128 -4.686089
v -1.162801 4.817814 -4.608792
v -1.378518 4.817814 -4.538702
v -1.510344 4.843128 -4.538469
v -1.654548 4.860399 -4.555943
v -1.802852 4.866564 -4.593642
v -1.944992 4.860399 -4.650315
v -2.071924 4.843128 -4.720942
v -2.178436 4.817814 -4.798616
v -2.311755 4.817813 -4.982115
v -2.352713 4.843127 -5.107416
v -2.380656 4.860397 -5.249959
v -2.390631 4.866562 -5.402654
v -2.380656 4.860397 -5.555348
v -2.352713 4.843127 -5.697891
v -2.311755 4.817813 -5.823192
v -2.178436 4.817814 -6.006691
v -2.071924 4.843128 -6.084366
v -1.944992 4.860399 -6.154992
v -1.802852 4.866564 -6.211665
v -1.654548 4.860399 -6.249365
v -1.510344 4.843128 -6.266838
v -1.378518 4.817814 -6.266605
v -1.162801 4.817814 -6.196515
v -1.056012 4.843128 -6.119218
v -0.949618 4.860398 -6.020322
v -0.851794 4.866563 -5.902650
v -0.770112 4.860396 -5.773253
v -0.708933 4.843125 -5.641507
v -0.668419 4.817810 -5.516061
v -1.503136 5.333692 -5.289246
v -1.462377 5.308776 -5.163801
v -1.419571 5.261781 -5.032055
v -1.377528 5.191481 -4.902658
v -1.339295 5.101230 -4.784987
v -1.307162 4.998346 -4.686090
v -1.282047 4.891512 -4.608793
v -0.705268 4.891507 -5.402654
v -0.786542 4.998341 -5.402654
v -0.890528 5.101226 -5.402654
v -1.014254 5.191478 -5.402654
v -1.150310 5.261780 -5.402654
v -1.288837 5.308775 -5.402654
v -1.420739 5.333692 -5.402654
v -1.636454 5.333692 -5.332564
v -1.743165 5.308776 -5.255036
v -1.855234 5.261781 -5.173614
v -1.965306 5.191481 -5.093642
v -2.065403 5.101229 -5.020918
v -2.149530 4.998345 -4.959797
v -2.215283 4.891511 -4.912025
v -1.636454 5.333692 -5.472743
v -1.743165 5.308776 -5.550272
v -1.855234 5.261781 -5.631694
v -1.965306 5.191481 -5.711665
v -2.065403 5.101229 -5.784389
v -2.149530 4.998345 -5.845510
v -2.215283 4.891511 -5.893282
v -1.503136 5.333692 -5.516061
v -1.462377 5.308776 -5.641506
v -1.419571 5.261781 -5.773252
v -1.377528 5.191481 -5.902649
v -1.339295 5.101230 -6.020320
v -1.307162 4.998346 -6.119217
v -1.282047 4.891512 -6.196514
v -1.373786 5.319498 -5.523403
v -1.232816 5.284035 -5.529171
v -1.324739 5.284035 -5.655689
v -1.088609 5.223680 -5.532384
v -1.178183 5.235256 -5.665517
v -1.277122 5.223681 -5.791846
v -0.952201 5.139376 -5.532384
v -1.033255 5.160738 -5.669056
v -1.130033 5.160739 -5.802258
v -1.234970 5.139379 -5.921577
v -0.833726 5.037385 -5.529172
v -0.901790 5.064436 -5.665518
v -0.989975 5.074180 -5.802258
v -1.092774 5.064438 -5.928382
v -1.201415 5.037388 -6.035247
v -0.738962 4.927157 -5.523404
v -0.792618 4.955169 -5.655692
v -0.867897 4.970768 -5.791848
v -0.962153 4.970769 -5.921579
v -1.068385 4.955171 -6.035248
v -1.177618 4.927161 -6.127156
v -1.603466 5.319498 -5.598030
v -1.565392 5.284035 -5.733881
v -1.714122 5.284035 -5.685555
v -1.523885 5.223682 -5.872023
v -1.678181 5.235256 -5.827973
v -1.828900 5.223682 -5.772916
v -1.481734 5.139379 -6.001754
v -1.636763 5.160740 -5.966902
v -1.793350 5.160740 -5.916022
v -1.939256 5.139379 -5.853094
v -1.442069 5.037388 -6.113439
v -1.592773 5.064439 -6.090838
v -1.750071 5.074181 -6.049225
v -1.901787 5.064439 -5.990432
v -2.036993 5.037388 -5.920133
v -1.407299 4.927161 -6.201782
v -1.549692 4.955171 -6.191632
v -1.702446 4.970770 -6.162112
v -1.854954 4.970770 -6.112558
v -1.995886 4.955171 -6.046652
v -2.117050 4.927161 -5.971167
v -1.745415 5.319498 -5.402654
v -1.862852 5.284035 -5.480845
v -1.862852 5.284035 -5.324462
v -1.981406 5.223681 -5.563008
v -1.987193 5.235256 -5.402654
v -1.981406 5.223681 -5.242300
v -2.091763 5.139378 -5.643186
v -2.106523 5.160739 -5.484976
v -2.106523 5.160739 -5.320332
v -2.091763 5.139378 -5.162122
v -2.185723 5.037387 -5.715422
v -2.210800 5.064437 -5.565111
v -2.219832 5.074180 -5.402654
v -2.210800 5.064437 -5.240197
v -2.185723 5.037387 -5.089886
v -2.258999 4.927160 -5.775789
v -2.293347 4.955170 -5.637230
v -2.312476 4.970769 -5.482831
v -2.312476 4.970769 -5.322476
v -2.293347 4.955170 -5.168077
v -2.258999 4.927160 -5.029519
v -1.603466 5.319498 -5.207278
v -1.714122 5.284035 -5.119752
v -1.565392 5.284035 -5.071426
v -1.828900 5.223682 -5.032392
v -1.678181 5.235256 -4.977334
v -1.523885 5.223682 -4.933285
v -1.939256 5.139379 -4.952213
v -1.793350 5.160740 -4.889285
v -1.636763 5.160740 -4.838406
v -1.481734 5.139379 -4.803553
v -2.036993 5.037388 -4.885175
v -1.901787 5.064439 -4.814875
v -1.750071 5.074181 -4.756083
v -1.592773 5.064439 -4.714469
v -1.442069 5.037388 -4.691869
v -2.117050 4.927161 -4.834141
v -1.995886 4.955171 -4.758656
v -1.854954 4.970770 -4.692750
v -1.702446 4.970770 -4.643196
v -1.549692 4.955171 -4.613676
v -1.407299 4.927161 -4.603525
v -1.373786 5.319498 -5.281904
v -1.324739 5.284035 -5.149618
v -1.232816 5.284035 -5.276136
v -1.277122 5.223681 -5.013462
v -1.178183 5.235256 -5.139791
v -1.088609 5.223680 -5.272923
v -1.234970 5.139379 -4.883730
v -1.130033 5.160739 -5.003050
v -1.033255 5.160738 -5.136251
v -0.952201 5.139376 -5.272923
v -1.201415 5.037388 -4.770061
v -1.092774 5.064438 -4.876925
v -0.989975 5.074180 -5.003049
v -0.901790 5.064436 -5.139790
v -0.833726 5.037385 -5.276135
v -1.177618 4.927161 -4.678152
v -1.068385 4.955171 -4.770059
v -0.962153 4.970769 -4.883728
v -0.867897 4.970768 -5.013459
v -0.792618 4.955168 -5.149616
v -0.738962 4.927157 -5.281903
v -0.636244 4.721724 -5.598030
v -0.618476 4.606889 -5.685556
v -0.684992 4.739921 -5.733882
v -0.621127 4.477236 -5.772918
v -0.678179 4.617223 -5.827976
v -0.757537 4.750055 -5.872025
v -0.647178 4.340827 -5.853096
v -0.693324 4.480886 -5.916026
v -0.763354 4.620944 -5.966905
v -0.851793 4.750056 -6.001757
v -0.694693 4.207794 -5.920135
v -0.730964 4.340827 -5.990436
v -0.790101 4.480886 -6.049229
v -0.869163 4.617224 -6.090843
v -0.960758 4.739923 -6.113441
v -0.757482 4.086893 -5.971169
v -0.786615 4.207794 -6.046656
v -0.835690 4.340827 -6.112563
v -0.903895 4.477237 -6.162117
v -0.986164 4.606892 -6.191636
v -1.074899 4.721727 -6.201785
v -1.446533 4.721726 -6.322536
v -1.524284 4.606891 -6.366481
v -1.590800 4.739923 -6.318153
v -1.608189 4.477237 -6.390955
v -1.678182 4.617224 -6.353709
v -1.744599 4.750057 -6.291846
v -1.692492 4.340826 -6.390956
v -1.766602 4.480886 -6.366515
v -1.836631 4.620945 -6.315635
v -1.897107 4.750057 -6.242292
v -1.770931 4.207794 -6.366482
v -1.849000 4.340826 -6.353710
v -1.923190 4.480886 -6.315636
v -1.987199 4.617224 -6.253303
v -2.036995 4.739923 -6.173174
v -1.838869 4.086893 -6.322537
v -1.919664 4.207794 -6.318156
v -1.997510 4.340826 -6.291850
v -2.065716 4.477237 -6.242295
v -2.119212 4.606891 -6.173175
v -2.156285 4.721726 -6.091919
v -2.385966 4.721725 -5.775789
v -2.451787 4.606890 -5.715423
v -2.426379 4.739921 -5.637230
v -2.500992 4.477236 -5.643187
v -2.487197 4.617222 -5.565111
v -2.448886 4.750055 -5.482831
v -2.527043 4.340827 -5.563009
v -2.526699 4.480885 -5.484976
v -2.499949 4.620944 -5.402654
v -2.448886 4.750055 -5.322476
v -2.528006 4.207796 -5.480845
v -2.539984 4.340827 -5.402653
v -2.526699 4.480886 -5.320331
v -2.487196 4.617223 -5.240196
v -2.426379 4.739922 -5.168077
v -2.507206 4.086896 -5.402653
v -2.528006 4.207797 -5.324461
v -2.527043 4.340828 -5.242298
v -2.500991 4.477238 -5.162120
v -2.451787 4.606891 -5.089884
v -2.385965 4.721726 -5.029518
v -2.156286 4.721726 -4.713388
v -2.119213 4.606891 -4.632133
v -2.036996 4.739923 -4.632134
v -2.065716 4.477236 -4.563012
v -1.987199 4.617223 -4.552005
v -1.897108 4.750056 -4.563015
v -1.997511 4.340826 -4.513458
v -1.923191 4.480885 -4.489672
v -1.836632 4.620944 -4.489673
v -1.744599 4.750056 -4.513461
v -1.919664 4.207793 -4.487151
v -1.849001 4.340826 -4.451597
v -1.766603 4.480885 -4.438793
v -1.678183 4.617223 -4.451599
v -1.590800 4.739923 -4.487154
v -1.838869 4.086893 -4.482770
v -1.770932 4.207794 -4.438826
v -1.692493 4.340826 -4.414351
v -1.608189 4.477236 -4.414352
v -1.524284 4.606891 -4.438826
v -1.446533 4.721726 -4.482772
v -1.074899 4.721726 -4.603522
v -0.986164 4.606891 -4.613671
v -0.960758 4.739923 -4.691865
v -0.903896 4.477236 -4.643190
v -0.869163 4.617223 -4.714464
v -0.851793 4.750055 -4.803549
v -0.835691 4.340826 -4.692744
v -0.790102 4.480884 -4.756077
v -0.763354 4.620943 -4.838401
v -0.757537 4.750054 -4.933281
v -0.786616 4.207793 -4.758651
v -0.730965 4.340825 -4.814871
v -0.693324 4.480884 -4.889280
v -0.678180 4.617221 -4.977330
v -0.684992 4.739920 -5.071424
v -0.757483 4.086892 -4.834138
v -0.694694 4.207793 -4.885171
v -0.647179 4.340824 -4.952210
v -0.621128 4.477234 -5.032388
v -0.618476 4.606888 -5.119750
v -0.636244 4.721723 -5.207276
v -1.241098 4.594760 -6.322537
v -1.160303 4.473859 -6.318156
v -1.309035 4.473859 -6.366482
v -1.082456 4.340827 -6.291849
v -1.230966 4.340827 -6.353710
v -1.387475 4.340827 -6.390956
v -1.014251 4.204416 -6.242295
v -1.156776 4.200767 -6.315635
v -1.313365 4.200767 -6.366514
v -1.471778 4.204416 -6.390955
v -0.960755 4.074761 -6.173175
v -1.092768 4.064429 -6.253302
v -1.243335 4.060708 -6.315634
v -1.401785 4.064429 -6.353709
v -1.555683 4.074762 -6.366481
v -0.923682 3.959926 -6.091919
v -1.042971 3.941730 -6.173173
v -1.182860 3.931596 -6.242292
v -1.335368 3.931596 -6.291846
v -1.489167 3.941730 -6.318153
v -1.633435 3.959926 -6.322535
v -2.322485 4.594760 -5.971169
v -2.293352 4.473859 -6.046656
v -2.385273 4.473859 -5.920135
v -2.244276 4.340827 -6.112563
v -2.349002 4.340827 -5.990437
v -2.432788 4.340827 -5.853097
v -2.176071 4.204416 -6.162117
v -2.289865 4.200767 -6.049231
v -2.386642 4.200768 -5.916028
v -2.458839 4.204417 -5.772919
v -2.093802 4.074761 -6.191637
v -2.210803 4.064429 -6.090844
v -2.316612 4.060709 -5.966907
v -2.401787 4.064430 -5.827978
v -2.461491 4.074763 -5.685557
v -2.005067 3.959926 -6.201786
v -2.119208 3.941730 -6.113443
v -2.228172 3.931597 -6.001760
v -2.322428 3.931597 -5.872027
v -2.394975 3.941732 -5.733884
v -2.443723 3.959929 -5.598032
v -2.322485 4.594760 -4.834138
v -2.385273 4.473859 -4.885172
v -2.293352 4.473859 -4.758651
v -2.432788 4.340827 -4.952210
v -2.349002 4.340827 -4.814870
v -2.244276 4.340827 -4.692744
v -2.458839 4.204417 -5.032388
v -2.386642 4.200768 -4.889280
v -2.289865 4.200767 -4.756077
v -2.176071 4.204416 -4.643190
v -2.461491 4.074763 -5.119750
v -2.401787 4.064430 -4.977330
v -2.316612 4.060709 -4.838400
v -2.210803 4.064429 -4.714463
v -2.093802 4.074761 -4.613671
v -2.443723 3.959929 -5.207276
v -2.394975 3.941732 -5.071423
v -2.322428 3.931597 -4.933280
v -2.228172 3.931597 -4.803548
v -2.119208 3.941730 -4.691864
v -2.005067 3.959926 -4.603522
v -1.241098 4.594760 -4.482770
v -1.309035 4.473859 -4.438825
v -1.160303 4.473859 -4.487151
v -1.387475 4.340827 -4.414351
v -1.230966 4.340827 -4.451597
v -1.082456 4.340827 -4.513458
v -1.471778 4.204416 -4.414352
v -1.313365 4.200767 -4.438793
v -1.156776 4.200767 -4.489672
v -1.014251 4.204416 -4.563012
v -1.555683 4.074762 -4.438827
v -1.401785 4.064429 -4.451599
v -1.243335 4.060708 -4.489673
v -1.092768 4.064429 -4.552005
v -0.960755 4.074761 -4.632133
v -1.633435 3.959926 -4.482772
v -1.489167 3.941730 -4.487154
v -1.335368 3.931596 -4.513462
v -1.182860 3.931596 -4.563015
v -1.042971 3.941730 -4.632134
v -0.923682 3.959926 -4.713388
v -0.572761 4.594758 -5.402654
v -0.551961 4.473858 -5.324462
v -0.551961 4.473858 -5.480845
v -0.552924 4.340827 -5.242299
v -0.539984 4.340827 -5.402654
v -0.552924 4.340827 -5.563009
v -0.578976 4.204417 -5.162121
v -0.553269 4.200768 -5.320331
v -0.553268 4.200768 -5.484976
v -0.578976 4.204417 -5.643187
v -0.628180 4.074763 -5.089885
v -0.592771 4.064431 -5.240196
v -0.580018 4.060709 -5.402654
v -0.592770 4.064430 -5.565111
v -0.628180 4.074763 -5.715423
v -0.694002 3.959928 -5.029518
v -0.653588 3.941731 -5.168077
v -0.631081 3.931598 -5.322476
v -0.631081 3.931598 -5.482831
v -0.653588 3.941731 -5.637230
v -0.694002 3.959928 -5.775789
v -0.962918 3.754492 -5.971167
v -1.042974 3.644266 -5.920133
v -1.084081 3.726482 -6.046652
v -1.140711 3.542275 -5.853095
v -1.178180 3.617215 -5.990433
v -1.225013 3.710883 -6.112558
v -1.251068 3.457972 -5.772917
v -1.286618 3.520914 -5.916024
v -1.329896 3.607473 -6.049226
v -1.377521 3.710883 -6.162112
v -1.365846 3.397618 -5.685556
v -1.401787 3.446397 -5.827975
v -1.443205 3.520914 -5.966903
v -1.487195 3.617215 -6.090840
v -1.530275 3.726483 -6.191632
v -1.476501 3.362155 -5.598031
v -1.514576 3.397618 -5.733883
v -1.556082 3.457973 -5.872025
v -1.598234 3.542276 -6.001757
v -1.637899 3.644267 -6.113440
v -1.672668 3.754493 -6.201783
v -1.902350 3.754492 -6.127155
v -1.878553 3.644265 -6.035246
v -2.011584 3.726482 -6.035247
v -1.844998 3.542275 -5.921577
v -1.987194 3.617215 -5.928381
v -2.117816 3.710884 -5.921578
v -1.802846 3.457971 -5.791845
v -1.949936 3.520914 -5.802257
v -2.089993 3.607474 -5.802257
v -2.212072 3.710885 -5.791846
v -1.755229 3.397618 -5.655689
v -1.901785 3.446398 -5.665516
v -2.046713 3.520915 -5.669055
v -2.178178 3.617217 -5.665516
v -2.287351 3.726485 -5.655690
v -1.706182 3.362155 -5.523403
v -1.847151 3.397619 -5.529171
v -1.991359 3.457973 -5.532384
v -2.127767 3.542278 -5.532384
v -2.246242 3.644269 -5.529171
v -2.341006 3.754496 -5.523403
v -2.341006 3.754496 -5.281904
v -2.246242 3.644269 -5.276135
v -2.287350 3.726485 -5.149617
v -2.127767 3.542278 -5.272923
v -2.178178 3.617217 -5.139790
v -2.212072 3.710885 -5.013461
v -1.991359 3.457973 -5.272923
v -2.046713 3.520915 -5.136250
v -2.089993 3.607474 -5.003049
v -2.117815 3.710884 -4.883729
v -1.847151 3.397619 -5.276135
v -1.901785 3.446398 -5.139790
v -1.949936 3.520915 -5.003049
v -1.987194 3.617216 -4.876925
v -2.011584 3.726483 -4.770060
v -1.706182 3.362155 -5.281903
v -1.755229 3.397619 -5.149616
v -1.802846 3.457973 -5.013460
v -1.844998 3.542276 -4.883728
v -1.878553 3.644267 -4.770060
v -1.902350 3.754493 -4.678151
v -0.820968 3.754493 -5.775789
v -0.786620 3.726483 -5.637230
v -0.894244 3.644266 -5.715422
v -0.767491 3.710885 -5.482831
v -0.869167 3.617216 -5.565111
v -0.988204 3.542275 -5.643186
v -0.767491 3.710885 -5.322476
v -0.860135 3.607474 -5.402653
v -0.973444 3.520915 -5.484975
v -1.098560 3.457972 -5.563008
v -0.786620 3.726484 -5.168077
v -0.869166 3.617217 -5.240196
v -0.973443 3.520915 -5.320331
v -1.092773 3.446398 -5.402653
v -1.217115 3.397618 -5.480845
v -0.820968 3.754494 -5.029518
v -0.894243 3.644268 -5.089885
v -0.988203 3.542277 -5.162121
v -1.098559 3.457973 -5.242298
v -1.217114 3.397619 -5.324461
v -1.334551 3.362155 -5.402653
v -1.672668 3.754492 -4.603525
v -1.637898 3.644265 -4.691869
v -1.530275 3.726482 -4.613676
v -1.598233 3.542275 -4.803553
v -1.487193 3.617215 -4.714468
v -1.377520 3.710883 -4.643196
v -1.556081 3.457971 -4.933284
v -1.443203 3.520914 -4.838405
v -1.329895 3.607473 -4.756082
v -1.225012 3.710883 -4.692749
v -1.514575 3.397618 -5.071426
v -1.401785 3.446397 -4.977333
v -1.286616 3.520914 -4.889284
v -1.178179 3.617216 -4.814875
v -1.084081 3.726483 -4.758655
v -1.476500 3.362155 -5.207277
v -1.365844 3.397618 -5.119751
v -1.251066 3.457973 -5.032390
v -1.140709 3.542276 -4.952212
v -1.042973 3.644267 -4.885174
v -0.962917 3.754493 -4.834140
vn -0.0000 -1.0000 -0.0000
vn 0.7236 -0.4472 0.5257
vn -0.2764 -0.4472 0.8506
vn -0.8944 -0.4472 -0.0000
vn -0.2764 -0.4472 -0.8506
vn 0.7236 -0.4472 -0.5257
vn 0.2764 0.4472 0.8506
vn -0.7236 0.4472 0.5257
vn -0.7236 0.4472 -0.5257
vn 0.2764 0.4472 -0.8506
vn 0.8944 0.4472 -0.0000
vn -0.0000 1.0000 -0.0000
vn -0.2575 -0.5530 0.7924
vn -0.2324 -0.6591 0.7152
vn -0.2004 -0.7612 0.6168
vn -0.1625 -0.8507 0.5000
vn -0.1207 -0.9205 0.3716
vn -0.0782 -0.9674 0.2408
vn -0.0377 -0.9925 0.1161
vn 0.0987 -0.9925 0.0717
vn 0.2048 -0.9674 0.1488
vn 0.3161 -0.9205 0.2297
vn 0.4253 -0.8507 0.3090
vn 0.5247 -0.7612 0.3812
vn 0.6084 -0.6591 0.4420
vn 0.6740 -0.5530 0.4897
vn 0.6363 -0.4776 0.6058
vn 0.5302 -0.5026 0.6828
vn 0.4040 -0.5197 0.7528
vn 0.2629 -0.5257 0.8090
vn 0.1157 -0.5197 0.8465
vn -0.0275 -0.5026 0.8641
vn -0.1587 -0.4776 0.8641
vn 0.7728 -0.4776 -0.4180
vn 0.8133 -0.5026 -0.2932
vn 0.8408 -0.5197 -0.1516
vn 0.8506 -0.5257 -0.0000
vn 0.8408 -0.5197 0.1516
vn 0.8133 -0.5026 0.2932
vn 0.7728 -0.4776 0.4180
vn 0.0987 -0.9925 -0.0717
vn 0.2048 -0.9674 -0.1488
vn 0.3161 -0.9205 -0.2297
vn 0.4253 -0.8507 -0.3090
vn 0.5247 -0.7612 -0.3812
vn 0.6084 -0.6591 -0.4420
vn 0.6740 -0.5530 -0.4897
vn -0.8332 -0.5530 -0.0000
vn -0.7520 -0.6591 -0.0000
vn -0.6486 -0.7612 -0.0000
vn -0.5257 -0.8507 -0.0000
vn -0.3907 -0.9205 -0.0000
vn -0.2532 -0.9674 -0.0000
vn -0.1220 -0.9925 -0.0000
vn -0.3795 -0.4776 0.7924
vn -0.4856 -0.5026 0.7152
vn -0.5912 -0.5197 0.6168
vn -0.6882 -0.5257 0.5000
vn -0.7693 -0.5197 0.3716
vn -0.8303 -0.5026 0.2408
vn -0.8709 -0.4776 0.1161
vn -0.2575 -0.5530 -0.7924
vn -0.2324 -0.6591 -0.7152
vn -0.2004 -0.7612 -0.6168
vn -0.1625 -0.8507 -0.5000
vn -0.1207 -0.9205 -0.3716
vn -0.0782 -0.9674 -0.2408
vn -0.0377 -0.9925 -0.1161
vn -0.8709 -0.4776 -0.1161
vn -0.8303 -0.5026 -0.2408
vn -0.7693 -0.5197 -0.3716
vn -0.6882 -0.5257 -0.5000
vn -0.5912 -0.5197 -0.6168
vn -0.4856 -0.5026 -0.7152
vn -0.3795 -0.4776 -0.7924
vn -0.1587 -0.4776 -0.8641
vn -0.0275 -0.5026 -0.8641
vn 0.1157 -0.5197 -0.8465
vn 0.2629 -0.5257 -0.8090
vn 0.4040 -0.5197 -0.7528
vn 0.5302 -0.5026 -0.6828
vn 0.6363 -0.4776 -0.6058
vn 0.9319 0.3556 0.0717
vn 0.9569 0.2494 0.1488
vn 0.9647 0.1289 0.2297
vn 0.9511 -0.0000 0.3090
vn 0.9155 -0.1289 0.3812
vn 0.8616 -0.2494 0.4420
vn 0.7961 -0.3556 0.4897
vn 0.7961 -0.3556 -0.4897
vn 0.8616 -0.2494 -0.4420
vn 0.9155 -0.1289 -0.3812
vn 0.9511 -0.0000 -0.3090
vn 0.9647 0.1289 -0.2297
vn 0.9569 0.2494 -0.1488
vn 0.9319 0.3556 -0.0717
vn 0.2198 0.3556 0.9084
vn 0.1541 0.2494 0.9560
vn 0.0797 0.1289 0.9884
vn -0.0000 -0.0000 1.0000
vn -0.0797 -0.1289 0.9884
vn -0.1541 -0.2494 0.9560
vn -0.2198 -0.3556 0.9084
vn 0.7118 -0.3556 0.6058
vn 0.6867 -0.2494 0.6829
vn 0.6455 -0.1289 0.7528
vn 0.5878 -0.0000 0.8090
vn 0.5165 0.1289 0.8465
vn 0.4372 0.2494 0.8641
vn 0.3562 0.3556 0.8641
vn -0.7961 0.3556 0.4897
vn -0.8616 0.2494 0.4420
vn -0.9155 0.1289 0.3812
vn -0.9511 -0.0000 0.3090
vn -0.9647 -0.1289 0.2297
vn -0.9569 -0.2494 0.1488
vn -0.9319 -0.3556 0.0717
vn -0.3562 -0.3556 0.8641
vn -0.4372 -0.2494 0.8641
vn -0.5165 -0.1289 0.8465
vn -0.5878 -0.0000 0.8090
vn -0.6455 0.1289 0.7528
vn -0.6867 0.2494 0.6829
vn -0.7118 0.3556 0.6058
vn -0.7118 0.3556 -0.6058
vn -0.6867 0.2494 -0.6829
vn -0.6455 0.1289 -0.7528
vn -0.5878 -0.0000 -0.8090
vn -0.5165 -0.1289 -0.8465
vn -0.4372 -0.2494 -0.8641
vn -0.3562 -0.3556 -0.8641
vn -0.9319 -0.3556 -0.0717
vn -0.9569 -0.2494 -0.1488
vn -0.9647 -0.1289 -0.2297
vn -0.9511 -0.0000 -0.3090
vn -0.9155 0.1289 -0.3812
vn -0.8616 0.2494 -0.4420
vn -0.7961 0.3556 -0.4897
vn 0.3562 0.3556 -0.8641
vn 0.4372 0.2494 -0.8641
vn 0.5165 0.1289 -0.8465
vn 0.5878 -0.0000 -0.8090
vn 0.6455 -0.1289 -0.7528
vn 0.6867 -0.2494 -0.6829
vn 0.7118 -0.3556 -0.6058
vn -0.2198 -0.3556 -0.9084
vn -0.1541 -0.2494 -0.9560
vn -0.0797 -0.1289 -0.9884
vn -0.0000 -0.0000 -1.0000
vn 0.0797 0.1289 -0.9884
vn 0.1541 0.2494 -0.9560
vn 0.2198 0.3556 -0.9084
vn 0.8709 0.4776 0.1161
vn 0.8303 0.5026 0.2408
vn 0.7693 0.5197 0.3716
vn 0.6882 0.5257 0.5000
vn 0.5912 0.5197 0.6168
vn 0.4856 0.5026 0.7152
vn 0.3795 0.4776 0.7924
vn 0.1587 0.4776 0.8641
vn 0.0275 0.5026 0.8641
vn -0.1157 0.5197 0.8465
vn -0.2629 0.5257 0.8090
vn -0.4040 0.5197 0.7528
vn -0.5302 0.5026 0.6828
vn -0.6363 0.4776 0.6058
vn -0.7728 0.4776 0.4180
vn -0.8133 0.5026 0.2932
vn -0.8408 0.5197 0.1515
vn -0.8506 0.5257 -0.0000
vn -0.8408 0.5197 -0.1516
vn -0.8133 0.5026 -0.2932
vn -0.7728 0.4776 -0.4180
vn -0.6363 0.4776 -0.6058
vn -0.5302 0.5026 -0.6828
vn -0.4040 0.5197 -0.7528
vn -0.2629 0.5257 -0.8090
vn -0.1157 0.5197 -0.8465
vn 0.0275 0.5026 -0.8641
vn 0.1587 0.4776 -0.8641
vn 0.3795 0.4776 -0.7924
vn 0.4856 0.5026 -0.7152
vn 0.5912 0.5197 -0.6168
vn 0.6882 0.5257 -0.5000
vn 0.7693 0.5197 -0.3716
vn 0.8303 0.5026 -0.2408
vn 0.8709 0.4776 -0.1161
vn 0.0377 0.9925 0.1161
vn 0.0782 0.9674 0.2408
vn 0.1207 0.9205 0.3716
vn 0.1625 0.8507 0.5000
vn 0.2004 0.7612 0.6168
vn 0.2324 0.6591 0.7152
vn 0.2575 0.5530 0.7924
vn 0.8332 0.5530 -0.0000
vn 0.7520 0.6591 -0.0000
vn 0.6486 0.7612 -0.0000
vn 0.5257 0.8507 -0.0000
vn 0.3907 0.9205 -0.0000
vn 0.2532 0.9674 -0.0000
vn 0.1220 0.9925 -0.0000
vn -0.0987 0.9925 0.0717
vn -0.2048 0.9674 0.1488
vn -0.3161 0.9205 0.2297
vn -0.4253 0.8507 0.3090
vn -0.5247 0.7612 0.3812
vn -0.6084 0.6591 0.4420
vn -0.6740 0.5530 0.4897
vn -0.0987 0.9925 -0.0717
vn -0.2048 0.9674 -0.1488
vn -0.3161 0.9205 -0.2297
vn -0.4253 0.8507 -0.3090
vn -0.5247 0.7612 -0.3812
vn -0.6084 0.6591 -0.4420
vn -0.6740 0.5530 -0.4897
vn 0.0377 0.9925 -0.1161
vn 0.0782 0.9674 -0.2408
vn 0.1207 0.9205 -0.3716
vn 0.1625 0.8507 -0.5000
vn 0.2004 0.7612 -0.6168
vn 0.2324 0.6591 -0.7152
vn 0.2575 0.5530 -0.7924
vn 0.1698 0.9777 -0.1233
vn 0.3095 0.9421 -0.1293
vn 0.2186 0.9421 -0.2544
vn 0.4520 0.8821 -0.1326
vn 0.3635 0.8934 -0.2641
vn 0.2658 0.8821 -0.3889
vn 0.5868 0.7988 -0.1326
vn 0.5066 0.8196 -0.2676
vn 0.4110 0.8196 -0.3991
vn 0.3074 0.7988 -0.5171
vn 0.7042 0.6981 -0.1293
vn 0.6365 0.7247 -0.2641
vn 0.5493 0.7342 -0.3991
vn 0.4479 0.7247 -0.5237
vn 0.3406 0.6981 -0.6298
vn 0.7986 0.5891 -0.1233
vn 0.7449 0.6168 -0.2544
vn 0.6701 0.6322 -0.3889
vn 0.5770 0.6322 -0.5171
vn 0.4721 0.6168 -0.6298
vn 0.3641 0.5891 -0.7214
vn -0.0648 0.9777 -0.1996
vn -0.0273 0.9421 -0.3343
vn -0.1744 0.9421 -0.2865
vn 0.0136 0.8821 -0.4709
vn -0.1389 0.8934 -0.4274
vn -0.2878 0.8821 -0.3730
vn 0.0552 0.7988 -0.5991
vn -0.0980 0.8196 -0.5645
vn -0.2525 0.8196 -0.5142
vn -0.3968 0.7988 -0.4522
vn 0.0947 0.6981 -0.7097
vn -0.0545 0.7247 -0.6869
vn -0.2098 0.7342 -0.6457
vn -0.3597 0.7247 -0.5878
vn -0.4937 0.6981 -0.5185
vn 0.1295 0.5891 -0.7976
vn -0.0118 0.6168 -0.7870
vn -0.1628 0.6322 -0.7575
vn -0.3135 0.6322 -0.7085
vn -0.4531 0.6168 -0.6436
vn -0.5736 0.5891 -0.5692
vn -0.2098 0.9777 -0.0000
vn -0.3264 0.9421 -0.0773
vn -0.3264 0.9421 0.0773
vn -0.4436 0.8821 -0.1584
vn -0.4493 0.8934 -0.0000
vn -0.4436 0.8821 0.1584
vn -0.5527 0.7988 -0.2376
vn -0.5671 0.8196 -0.0812
vn -0.5671 0.8196 0.0812
vn -0.5527 0.7988 0.2377
vn -0.6457 0.6981 -0.3093
vn -0.6702 0.7247 -0.1604
vn -0.6789 0.7342 -0.0000
vn -0.6702 0.7247 0.1604
vn -0.6457 0.6981 0.3093
vn -0.7186 0.5891 -0.3696
vn -0.7521 0.6168 -0.2320
vn -0.7707 0.6322 -0.0792
vn -0.7707 0.6322 0.0792
vn -0.7521 0.6168 0.2320
vn -0.7186 0.5891 0.3696
vn -0.0648 0.9777 0.1996
vn -0.1744 0.9421 0.2865
vn -0.0273 0.9421 0.3343
vn -0.2878 0.8821 0.3730
vn -0.1389 0.8934 0.4274
vn 0.0136 0.8821 0.4709
vn -0.3968 0.7988 0.4522
vn -0.2525 0.8196 0.5142
vn -0.0980 0.8196 0.5645
vn 0.0552 0.7988 0.5991
vn -0.4937 0.6981 0.5185
vn -0.3597 0.7247 0.5878
vn -0.2098 0.7342 0.6457
vn -0.0545 0.7247 0.6869
vn 0.0947 0.6981 0.7097
vn -0.5736 0.5891 0.5692
vn -0.4531 0.6168 0.6436
vn -0.3135 0.6322 0.7085
vn -0.1628 0.6322 0.7575
vn -0.0118 0.6168 0.7870
vn 0.1295 0.5891 0.7976
vn 0.1698 0.9777 0.1233
vn 0.2186 0.9421 0.2544
vn 0.3095 0.9421 0.1293
vn 0.2658 0.8821 0.3889
vn 0.3635 0.8934 0.2641
vn 0.4520 0.8821 0.1326
vn 0.3074 0.7988 0.5171
vn 0.4110 0.8196 0.3991
vn 0.5066 0.8196 0.2676
vn 0.5868 0.7988 0.1326
vn 0.3406 0.6981 0.6298
vn 0.4479 0.7247 0.5237
vn 0.5493 0.7342 0.3991
vn 0.6365 0.7247 0.2641
vn 0.7042 0.6981 0.1293
vn 0.3641 0.5891 0.7214
vn 0.4721 0.6168 0.6298
vn 0.5770 0.6322 0.5171
vn 0.6701 0.6322 0.3889
vn 0.7449 0.6168 0.2544
vn 0.7986 0.5891 0.1233
vn 0.9035 0.3793 -0.1996
vn 0.9206 0.2653 -0.2865
vn 0.8548 0.3969 -0.3343
vn 0.9177 0.1371 -0.3730
vn 0.8611 0.2753 -0.4274
vn 0.7829 0.4066 -0.4709
vn 0.8919 0.0023 -0.4522
vn 0.8460 0.1407 -0.5142
vn 0.7769 0.2789 -0.5645
vn 0.6898 0.4066 -0.5991
vn 0.8452 -0.1294 -0.5185
vn 0.8090 0.0024 -0.5878
vn 0.7505 0.1407 -0.6457
vn 0.6725 0.2753 -0.6869
vn 0.5821 0.3969 -0.7097
vn 0.7834 -0.2496 -0.5692
vn 0.7543 -0.1294 -0.6436
vn 0.7057 0.0023 -0.7085
vn 0.6383 0.1371 -0.7575
vn 0.5570 0.2653 -0.7870
vn 0.4690 0.3793 -0.7976
vn 0.0894 0.3793 -0.9210
vn 0.0120 0.2653 -0.9641
vn -0.0538 0.3969 -0.9163
vn -0.0711 0.1371 -0.9880
vn -0.1403 0.2753 -0.9511
vn -0.2059 0.4066 -0.8901
vn -0.1544 0.0023 -0.9880
vn -0.2276 0.1407 -0.9635
vn -0.2968 0.2789 -0.9133
vn -0.3566 0.4066 -0.8411
vn -0.2319 -0.1294 -0.9641
vn -0.3090 0.0024 -0.9511
vn -0.3822 0.1407 -0.9133
vn -0.4455 0.2753 -0.8519
vn -0.4951 0.3969 -0.7729
vn -0.2992 -0.2496 -0.9210
vn -0.3790 -0.1294 -0.9163
vn -0.4558 0.0023 -0.8901
vn -0.5232 0.1371 -0.8411
vn -0.5764 0.2653 -0.7729
vn -0.6137 0.3793 -0.6925
vn -0.8483 0.3793 -0.3696
vn -0.9132 0.2653 -0.3093
vn -0.8881 0.3969 -0.2320
vn -0.9616 0.1371 -0.2377
vn -0.9479 0.2753 -0.1604
vn -0.9101 0.4066 -0.0792
vn -0.9874 0.0023 -0.1584
vn -0.9867 0.1407 -0.0812
vn -0.9603 0.2789 -0.0000
vn -0.9101 0.4066 0.0792
vn -0.9886 -0.1294 -0.0773
vn -1.0000 0.0024 -0.0000
vn -0.9867 0.1407 0.0812
vn -0.9479 0.2753 0.1604
vn -0.8881 0.3969 0.2320
vn -0.9684 -0.2496 -0.0000
vn -0.9886 -0.1294 0.0773
vn -0.9874 0.0023 0.1584
vn -0.9616 0.1371 0.2377
vn -0.9132 0.2653 0.3093
vn -0.8483 0.3793 0.3696
vn -0.6137 0.3793 0.6925
vn -0.5764 0.2653 0.7729
vn -0.4951 0.3969 0.7729
vn -0.5232 0.1371 0.8411
vn -0.4455 0.2753 0.8519
vn -0.3566 0.4066 0.8411
vn -0.4558 0.0023 0.8901
vn -0.3822 0.1407 0.9133
vn -0.2968 0.2789 0.9133
vn -0.2059 0.4066 0.8901
vn -0.3790 -0.1294 0.9163
vn -0.3090 0.0024 0.9511
vn -0.2276 0.1407 0.9635
vn -0.1403 0.2753 0.9511
vn -0.0538 0.3969 0.9163
vn -0.2992 -0.2496 0.9210
vn -0.2319 -0.1294 0.9641
vn -0.1544 0.0023 0.9880
vn -0.0711 0.1371 0.9880
vn 0.0120 0.2653 0.9641
vn 0.0894 0.3793 0.9210
vn 0.4690 0.3793 0.7976
vn 0.5570 0.2653 0.7870
vn 0.5821 0.3969 0.7097
vn 0.6383 0.1371 0.7575
vn 0.6725 0.2753 0.6869
vn 0.6898 0.4066 0.5991
vn 0.7057 0.0023 0.7085
vn 0.7505 0.1407 0.6457
vn 0.7769 0.2789 0.5645
vn 0.7829 0.4066 0.4709
vn 0.7543 -0.1294 0.6436
vn 0.8090 0.0024 0.5878
vn 0.8460 0.1407 0.5142
vn 0.8611 0.2753 0.4274
vn 0.8548 0.3969 0.3343
vn 0.7834 -0.2496 0.5692
vn 0.8452 -0.1294 0.5185
vn 0.8919 0.0023 0.4522
vn 0.9177 0.1371 0.3730
vn 0.9206 0.2653 0.2865
vn 0.9035 0.3793 0.1996
vn 0.2992 0.2496 -0.9210
vn 0.3790 0.1294 -0.9163
vn 0.2319 0.1294 -0.9641
vn 0.4558 -0.0023 -0.8901
vn 0.3090 -0.0024 -0.9511
vn 0.1544 -0.0023 -0.9880
vn 0.5232 -0.1371 -0.8411
vn 0.3822 -0.1407 -0.9133
vn 0.2276 -0.1407 -0.9635
vn 0.0711 -0.1371 -0.9880
vn 0.5764 -0.2653 -0.7729
vn 0.4455 -0.2753 -0.8519
vn 0.2968 -0.2789 -0.9133
vn 0.1403 -0.2753 -0.9511
vn -0.0120 -0.2653 -0.9641
vn 0.6137 -0.3793 -0.6925
vn 0.4951 -0.3969 -0.7729
vn 0.3566 -0.4066 -0.8411
vn 0.2059 -0.4066 -0.8901
vn 0.0538 -0.3969 -0.9163
vn -0.0894 -0.3793 -0.9210
vn -0.7834 0.2496 -0.5692
vn -0.7543 0.1294 -0.6436
vn -0.8452 0.1294 -0.5185
vn -0.7057 -0.0023 -0.7085
vn -0.8090 -0.0024 -0.5878
vn -0.8919 -0.0023 -0.4522
vn -0.6383 -0.1371 -0.7575
vn -0.7505 -0.1407 -0.6457
vn -0.8460 -0.1407 -0.5142
vn -0.9177 -0.1371 -0.3730
vn -0.5570 -0.2653 -0.7870
vn -0.6725 -0.2753 -0.6869
vn -0.7769 -0.2789 -0.5645
vn -0.8611 -0.2753 -0.4274
vn -0.9206 -0.2653 -0.2865
vn -0.4690 -0.3793 -0.7976
vn -0.5821 -0.3969 -0.7097
vn -0.6898 -0.4066 -0.5991
vn -0.7829 -0.4066 -0.4709
vn -0.8548 -0.3969 -0.3343
vn -0.9035 -0.3793 -0.1996
vn -0.7834 0.2496 0.5692
vn -0.8452 0.1294 0.5185
vn -0.7543 0.1294 0.6436
vn -0.8919 -0.0023 0.4522
vn -0.8090 -0.0024 0.5878
vn -0.7057 -0.0023 0.7085
vn -0.9177 -0.1371 0.3730
vn -0.8460 -0.1407 0.5142
vn -0.7505 -0.1407 0.6457
vn -0.6383 -0.1371 0.7575
vn -0.9206 -0.2653 0.2865
vn -0.8611 -0.2753 0.4274
vn -0.7769 -0.2789 0.5645
vn -0.6725 -0.2753 0.6869
vn -0.5570 -0.2653 0.7870
vn -0.9035 -0.3793 0.1996
vn -0.8548 -0.3969 0.3343
vn -0.7829 -0.4066 0.4709
vn -0.6898 -0.4066 0.5991
vn -0.5821 -0.3969 0.7097
vn -0.4690 -0.3793 0.7976
vn 0.2992 0.2496 0.9210
vn 0.2319 0.1294 0.9641
vn 0.3790 0.1294 0.9163
vn 0.1544 -0.0023 0.9880
vn 0.3090 -0.0024 0.9511
vn 0.4558 -0.0023 0.8901
vn 0.0711 -0.1371 0.9880
vn 0.2276 -0.1407 0.9635
vn 0.3822 -0.1407 0.9133
vn 0.5232 -0.1371 0.8411
vn -0.0120 -0.2653 0.9641
vn 0.1403 -0.2753 0.9511
vn 0.2968 -0.2789 0.9133
vn 0.4455 -0.2753 0.8519
vn 0.5764 -0.2653 0.7729
vn -0.0894 -0.3793 0.9210
vn 0.0538 -0.3969 0.9163
vn 0.2059 -0.4066 0.8901
vn 0.3566 -0.4066 0.8411
vn 0.4951 -0.3969 0.7729
vn 0.6137 -0.3793 0.6925
vn 0.9684 0.2496 -0.0000
vn 0.9886 0.1294 0.0773
vn 0.9886 0.1294 -0.0773
vn 0.9874 -0.0023 0.1584
vn 1.0000 -0.0024 -0.0000
vn 0.9874 -0.0023 -0.1584
vn 0.9616 -0.1371 0.2377
vn 0.9867 -0.1407 0.0812
vn 0.9867 -0.1407 -0.0812
vn 0.9616 -0.1371 -0.2377
vn 0.9132 -0.2653 0.3093
vn 0.9479 -0.2753 0.1604
vn 0.9603 -0.2789 -0.0000
vn 0.9479 -0.2753 -0.1604
vn 0.9132 -0.2653 -0.3093
vn 0.8483 -0.3793 0.3696
vn 0.8881 -0.3969 0.2320
vn 0.9101 -0.4066 0.0792
vn 0.9101 -0.4066 -0.0792
vn 0.8881 -0.3969 -0.2320
vn 0.8483 -0.3793 -0.3696
vn 0.5736 -0.5891 -0.5692
vn 0.4937 -0.6981 -0.5185
vn 0.4531 -0.6168 -0.6436
vn 0.3968 -0.7988 -0.4522
vn 0.3597 -0.7247 -0.5878
vn 0.3135 -0.6322 -0.7085
vn 0.2878 -0.8821 -0.3730
vn 0.2525 -0.8196 -0.5142
vn 0.2098 -0.7342 -0.6457
vn 0.1628 -0.6322 -0.7575
vn 0.1744 -0.9421 -0.2865
vn 0.1389 -0.8934 -0.4274
vn 0.0980 -0.8196 -0.5645
vn 0.0545 -0.7247 -0.6869
vn 0.0118 -0.6168 -0.7870
vn 0.0648 -0.9777 -0.1996
vn 0.0273 -0.9421 -0.3343
vn -0.0136 -0.8821 -0.4709
vn -0.0552 -0.7988 -0.5991
vn -0.0947 -0.6981 -0.7097
vn -0.1295 -0.5891 -0.7976
vn -0.3641 -0.5891 -0.7214
vn -0.3406 -0.6981 -0.6298
vn -0.4721 -0.6168 -0.6298
vn -0.3074 -0.7988 -0.5171
vn -0.4479 -0.7247 -0.5237
vn -0.5770 -0.6322 -0.5171
vn -0.2658 -0.8821 -0.3889
vn -0.4110 -0.8196 -0.3991
vn -0.5493 -0.7342 -0.3991
vn -0.6701 -0.6322 -0.3889
vn -0.2186 -0.9421 -0.2544
vn -0.3635 -0.8934 -0.2641
vn -0.5066 -0.8196 -0.2676
vn -0.6365 -0.7247 -0.2641
vn -0.7449 -0.6168 -0.2544
vn -0.1698 -0.9777 -0.1233
vn -0.3095 -0.9421 -0.1293
vn -0.4520 -0.8821 -0.1326
vn -0.5868 -0.7988 -0.1326
vn -0.7042 -0.6981 -0.1293
vn -0.7986 -0.5891 -0.1233
vn -0.7986 -0.5891 0.1233
vn -0.7042 -0.6981 0.1293
vn -0.7449 -0.6168 0.2544
vn -0.5868 -0.7988 0.1326
vn -0.6365 -0.7247 0.2641
vn -0.6701 -0.6322 0.3889
vn -0.4520 -0.8821 0.1326
vn -0.5066 -0.8196 0.2676
vn -0.5493 -0.7342 0.3991
vn -0.5770 -0.6322 0.5171
vn -0.3095 -0.9421 0.1293
vn -0.3635 -0.8934 0.2641
vn -0.4110 -0.8196 0.3991
vn -0.4479 -0.7247 0.5237
vn -0.4721 -0.6168 0.6298
vn -0.1698 -0.9777 0.1233
vn -0.2186 -0.9421 0.2544
vn -0.2658 -0.8821 0.3889
vn -0.3074 -0.7988 0.5171
vn -0.3406 -0.6981 0.6298
vn -0.3641 -0.5891 0.7214
vn 0.7186 -0.5891 -0.3696
vn 0.7521 -0.6168 -0.2320
vn 0.6457 -0.6981 -0.3093
vn 0.7707 -0.6322 -0.0792
vn 0.6702 -0.7247 -0.1604
vn 0.5527 -0.7988 -0.2376
vn 0.7707 -0.6322 0.0792
vn 0.6789 -0.7342 -0.0000
vn 0.5671 -0.8196 -0.0812
vn 0.4436 -0.8821 -0.1584
vn 0.7521 -0.6168 0.2320
vn 0.6702 -0.7247 0.1604
vn 0.5671 -0.8196 0.0812
vn 0.4493 -0.8934 -0.0000
vn 0.3264 -0.9421 -0.0773
vn 0.7186 -0.5891 0.3696
vn 0.6457 -0.6981 0.3093
vn 0.5527 -0.7988 0.2377
vn 0.4436 -0.8821 0.1584
vn 0.3264 -0.9421 0.0773
vn 0.2098 -0.9777 -0.0000
vn -0.1295 -0.5891 0.7976
vn -0.0947 -0.6981 0.7097
vn 0.0118 -0.6168 0.7870
vn -0.0552 -0.7988 0.5991
vn 0.0545 -0.7247 0.6869
vn 0.1628 -0.6322 0.7575
vn -0.0136 -0.8821 0.4709
vn 0.0980 -0.8196 0.5645
vn 0.2098 -0.7342 0.6457
vn 0.3135 -0.6322 0.7085
vn 0.0273 -0.9421 0.3343
vn 0.1389 -0.8934 0.4274
vn 0.2525 -0.8196 0.5142
vn 0.3597 -0.7247 0.5878
vn 0.4531 -0.6168 0.6436
vn 0.0648 -0.9777 0.1996
vn 0.1744 -0.9421 0.2865
vn 0.2878 -0.8821 0.3730
vn 0.3968 -0.7988 0.4522
vn 0.4937 -0.6981 0.5185
vn 0.5736 -0.5891 0.5692
s 1
f 4591//4022 4610//4041 4609//4040
f 4592//4023 4616//4047 4630//4061
f 4591//4022 4609//4040 4644//4075
f 4591//4022 4644//4075 4658//4089
f 4591//4022 4658//4089 4631//4062
f 4592//4023 4630//4061 4679//4110
f 4593//4024 4623//4054 4693//4124
f 4594//4025 4651//4082 4707//4138
f 4595//4026 4665//4096 4721//4152
f 4596//4027 4672//4103 4735//4166
f 4592//4023 4679//4110 4694//4125
f 4593//4024 4693//4124 4708//4139
f 4594//4025 4707//4138 4722//4153
f 4595//4026 4721//4152 4736//4167
f 4596//4027 4735//4166 4680//4111
f 4597//4028 4749//4180 4784//4215
f 4598//4029 4756//4187 4798//4229
f 4599//4030 4763//4194 4805//4236
f 4600//4031 4770//4201 4812//4243
f 4601//4032 4777//4208 4785//4216
f 4791//4222 4806//4237 4602//4033
f 4790//4221 4813//4244 4791//4222
f 4789//4220 4814//4245 4790//4221
f 4788//4219 4816//4247 4789//4220
f 4787//4218 4819//4250 4788//4219
f 4786//4217 4823//4254 4787//4218
f 4785//4216 4828//4259 4786//4217
f 4791//4222 4813//4244 4806//4237
f 4813//4244 4807//4238 4806//4237
f 4790//4221 4814//4245 4813//4244
f 4814//4245 4815//4246 4813//4244
f 4813//4244 4815//4246 4807//4238
f 4815//4246 4808//4239 4807//4238
f 4789//4220 4816//4247 4814//4245
f 4816//4247 4817//4248 4814//4245
f 4814//4245 4817//4248 4815//4246
f 4817//4248 4818//4249 4815//4246
f 4815//4246 4818//4249 4808//4239
f 4818//4249 4809//4240 4808//4239
f 4788//4219 4819//4250 4816//4247
f 4819//4250 4820//4251 4816//4247
f 4816//4247 4820//4251 4817//4248
f 4820//4251 4821//4252 4817//4248
f 4817//4248 4821//4252 4818//4249
f 4821//4252 4822//4253 4818//4249
f 4818//4249 4822//4253 4809//4240
f 4822//4253 4810//4241 4809//4240
f 4787//4218 4823//4254 4819//4250
f 4823//4254 4824//4255 4819//4250
f 4819//4250 4824//4255 4820//4251
f 4824//4255 4825//4256 4820//4251
f 4820//4251 4825//4256 4821//4252
f 4825//4256 4826//4257 4821//4252
f 4821//4252 4826//4257 4822//4253
f 4826//4257 4827//4258 4822//4253
f 4822//4253 4827//4258 4810//4241
f 4827//4258 4811//4242 4810//4241
f 4786//4217 4828//4259 4823//4254
f 4828//4259 4829//4260 4823//4254
f 4823//4254 4829//4260 4824//4255
f 4829//4260 4830//4261 4824//4255
f 4824//4255 4830//4261 4825//4256
f 4830//4261 4831//4262 4825//4256
f 4825//4256 4831//4262 4826//4257
f 4831//4262 4832//4263 4826//4257
f 4826//4257 4832//4263 4827//4258
f 4832//4263 4833//4264 4827//4258
f 4827//4258 4833//4264 4811//4242
f 4833//4264 4812//4243 4811//4242
f 4785//4216 4777//4208 4828//4259
f 4777//4208 4776//4207 4828//4259
f 4828//4259 4776//4207 4829//4260
f 4776//4207 4775//4206 4829//4260
f 4829//4260 4775//4206 4830//4261
f 4775//4206 4774//4205 4830//4261
f 4830//4261 4774//4205 4831//4262
f 4774//4205 4773//4204 4831//4262
f 4831//4262 4773//4204 4832//4263
f 4773//4204 4772//4203 4832//4263
f 4832//4263 4772//4203 4833//4264
f 4772//4203 4771//4202 4833//4264
f 4833//4264 4771//4202 4812//4243
f 4771//4202 4600//4031 4812//4243
f 4806//4237 4799//4230 4602//4033
f 4807//4238 4834//4265 4806//4237
f 4808//4239 4835//4266 4807//4238
f 4809//4240 4837//4268 4808//4239
f 4810//4241 4840//4271 4809//4240
f 4811//4242 4844//4275 4810//4241
f 4812//4243 4849//4280 4811//4242
f 4806//4237 4834//4265 4799//4230
f 4834//4265 4800//4231 4799//4230
f 4807//4238 4835//4266 4834//4265
f 4835//4266 4836//4267 4834//4265
f 4834//4265 4836//4267 4800//4231
f 4836//4267 4801//4232 4800//4231
f 4808//4239 4837//4268 4835//4266
f 4837//4268 4838//4269 4835//4266
f 4835//4266 4838//4269 4836//4267
f 4838//4269 4839//4270 4836//4267
f 4836//4267 4839//4270 4801//4232
f 4839//4270 4802//4233 4801//4232
f 4809//4240 4840//4271 4837//4268
f 4840//4271 4841//4272 4837//4268
f 4837//4268 4841//4272 4838//4269
f 4841//4272 4842//4273 4838//4269
f 4838//4269 4842//4273 4839//4270
f 4842//4273 4843//4274 4839//4270
f 4839//4270 4843//4274 4802//4233
f 4843//4274 4803//4234 4802//4233
f 4810//4241 4844//4275 4840//4271
f 4844//4275 4845//4276 4840//4271
f 4840//4271 4845//4276 4841//4272
f 4845//4276 4846//4277 4841//4272
f 4841//4272 4846//4277 4842//4273
f 4846//4277 4847//4278 4842//4273
f 4842//4273 4847//4278 4843//4274
f 4847//4278 4848//4279 4843//4274
f 4843//4274 4848//4279 4803//4234
f 4848//4279 4804//4235 4803//4234
f 4811//4242 4849//4280 4844//4275
f 4849//4280 4850//4281 4844//4275
f 4844//4275 4850//4281 4845//4276
f 4850//4281 4851//4282 4845//4276
f 4845//4276 4851//4282 4846//4277
f 4851//4282 4852//4283 4846//4277
f 4846//4277 4852//4283 4847//4278
f 4852//4283 4853//4284 4847//4278
f 4847//4278 4853//4284 4848//4279
f 4853//4284 4854//4285 4848//4279
f 4848//4279 4854//4285 4804//4235
f 4854//4285 4805//4236 4804//4235
f 4812//4243 4770//4201 4849//4280
f 4770//4201 4769//4200 4849//4280
f 4849//4280 4769//4200 4850//4281
f 4769//4200 4768//4199 4850//4281
f 4850//4281 4768//4199 4851//4282
f 4768//4199 4767//4198 4851//4282
f 4851//4282 4767//4198 4852//4283
f 4767//4198 4766//4197 4852//4283
f 4852//4283 4766//4197 4853//4284
f 4766//4197 4765//4196 4853//4284
f 4853//4284 4765//4196 4854//4285
f 4765//4196 4764//4195 4854//4285
f 4854//4285 4764//4195 4805//4236
f 4764//4195 4599//4030 4805//4236
f 4799//4230 4792//4223 4602//4033
f 4800//4231 4855//4286 4799//4230
f 4801//4232 4856//4287 4800//4231
f 4802//4233 4858//4289 4801//4232
f 4803//4234 4861//4292 4802//4233
f 4804//4235 4865//4296 4803//4234
f 4805//4236 4870//4301 4804//4235
f 4799//4230 4855//4286 4792//4223
f 4855//4286 4793//4224 4792//4223
f 4800//4231 4856//4287 4855//4286
f 4856//4287 4857//4288 4855//4286
f 4855//4286 4857//4288 4793//4224
f 4857//4288 4794//4225 4793//4224
f 4801//4232 4858//4289 4856//4287
f 4858//4289 4859//4290 4856//4287
f 4856//4287 4859//4290 4857//4288
f 4859//4290 4860//4291 4857//4288
f 4857//4288 4860//4291 4794//4225
f 4860//4291 4795//4226 4794//4225
f 4802//4233 4861//4292 4858//4289
f 4861//4292 4862//4293 4858//4289
f 4858//4289 4862//4293 4859//4290
f 4862//4293 4863//4294 4859//4290
f 4859//4290 4863//4294 4860//4291
f 4863//4294 4864//4295 4860//4291
f 4860//4291 4864//4295 4795//4226
f 4864//4295 4796//4227 4795//4226
f 4803//4234 4865//4296 4861//4292
f 4865//4296 4866//4297 4861//4292
f 4861//4292 4866//4297 4862//4293
f 4866//4297 4867//4298 4862//4293
f 4862//4293 4867//4298 4863//4294
f 4867//4298 4868//4299 4863//4294
f 4863//4294 4868//4299 4864//4295
f 4868//4299 4869//4300 4864//4295
f 4864//4295 4869//4300 4796//4227
f 4869//4300 4797//4228 4796//4227
f 4804//4235 4870//4301 4865//4296
f 4870//4301 4871//4302 4865//4296
f 4865//4296 4871//4302 4866//4297
f 4871//4302 4872//4303 4866//4297
f 4866//4297 4872//4303 4867//4298
f 4872//4303 4873//4304 4867//4298
f 4867//4298 4873//4304 4868//4299
f 4873//4304 4874//4305 4868//4299
f 4868//4299 4874//4305 4869//4300
f 4874//4305 4875//4306 4869//4300
f 4869//4300 4875//4306 4797//4228
f 4875//4306 4798//4229 4797//4228
f 4805//4236 4763//4194 4870//4301
f 4763//4194 4762//4193 4870//4301
f 4870//4301 4762//4193 4871//4302
f 4762//4193 4761//4192 4871//4302
f 4871//4302 4761//4192 4872//4303
f 4761//4192 4760//4191 4872//4303
f 4872//4303 4760//4191 4873//4304
f 4760//4191 4759//4190 4873//4304
f 4873//4304 4759//4190 4874//4305
f 4759//4190 4758//4189 4874//4305
f 4874//4305 4758//4189 4875//4306
f 4758//4189 4757//4188 4875//4306
f 4875//4306 4757//4188 4798//4229
f 4757//4188 4598//4029 4798//4229
f 4792//4223 4778//4209 4602//4033
f 4793//4224 4876//4307 4792//4223
f 4794//4225 4877//4308 4793//4224
f 4795//4226 4879//4310 4794//4225
f 4796//4227 4882//4313 4795//4226
f 4797//4228 4886//4317 4796//4227
f 4798//4229 4891//4322 4797//4228
f 4792//4223 4876//4307 4778//4209
f 4876//4307 4779//4210 4778//4209
f 4793//4224 4877//4308 4876//4307
f 4877//4308 4878//4309 4876//4307
f 4876//4307 4878//4309 4779//4210
f 4878//4309 4780//4211 4779//4210
f 4794//4225 4879//4310 4877//4308
f 4879//4310 4880//4311 4877//4308
f 4877//4308 4880//4311 4878//4309
f 4880//4311 4881//4312 4878//4309
f 4878//4309 4881//4312 4780//4211
f 4881//4312 4781//4212 4780//4211
f 4795//4226 4882//4313 4879//4310
f 4882//4313 4883//4314 4879//4310
f 4879//4310 4883//4314 4880//4311
f 4883//4314 4884//4315 4880//4311
f 4880//4311 4884//4315 4881//4312
f 4884//4315 4885//4316 4881//4312
f 4881//4312 4885//4316 4781//4212
f 4885//4316 4782//4213 4781//4212
f 4796//4227 4886//4317 4882//4313
f 4886//4317 4887//4318 4882//4313
f 4882//4313 4887//4318 4883//4314
f 4887//4318 4888//4319 4883//4314
f 4883//4314 4888//4319 4884//4315
f 4888//4319 4889//4320 4884//4315
f 4884//4315 4889//4320 4885//4316
f 4889//4320 4890//4321 4885//4316
f 4885//4316 4890//4321 4782//4213
f 4890//4321 4783//4214 4782//4213
f 4797//4228 4891//4322 4886//4317
f 4891//4322 4892//4323 4886//4317
f 4886//4317 4892//4323 4887//4318
f 4892//4323 4893//4324 4887//4318
f 4887//4318 4893//4324 4888//4319
f 4893//4324 4894//4325 4888//4319
f 4888//4319 4894//4325 4889//4320
f 4894//4325 4895//4326 4889//4320
f 4889//4320 4895//4326 4890//4321
f 4895//4326 4896//4327 4890//4321
f 4890//4321 4896//4327 4783//4214
f 4896//4327 4784//4215 4783//4214
f 4798//4229 4756//4187 4891//4322
f 4756//4187 4755//4186 4891//4322
f 4891//4322 4755//4186 4892//4323
f 4755//4186 4754//4185 4892//4323
f 4892//4323 4754//4185 4893//4324
f 4754//4185 4753//4184 4893//4324
f 4893//4324 4753//4184 4894//4325
f 4753//4184 4752//4183 4894//4325
f 4894//4325 4752//4183 4895//4326
f 4752//4183 4751//4182 4895//4326
f 4895//4326 4751//4182 4896//4327
f 4751//4182 4750//4181 4896//4327
f 4896//4327 4750//4181 4784//4215
f 4750//4181 4597//4028 4784//4215
f 4778//4209 4791//4222 4602//4033
f 4779//4210 4897//4328 4778//4209
f 4780//4211 4898//4329 4779//4210
f 4781//4212 4900//4331 4780//4211
f 4782//4213 4903//4334 4781//4212
f 4783//4214 4907//4338 4782//4213
f 4784//4215 4912//4343 4783//4214
f 4778//4209 4897//4328 4791//4222
f 4897//4328 4790//4221 4791//4222
f 4779//4210 4898//4329 4897//4328
f 4898//4329 4899//4330 4897//4328
f 4897//4328 4899//4330 4790//4221
f 4899//4330 4789//4220 4790//4221
f 4780//4211 4900//4331 4898//4329
f 4900//4331 4901//4332 4898//4329
f 4898//4329 4901//4332 4899//4330
f 4901//4332 4902//4333 4899//4330
f 4899//4330 4902//4333 4789//4220
f 4902//4333 4788//4219 4789//4220
f 4781//4212 4903//4334 4900//4331
f 4903//4334 4904//4335 4900//4331
f 4900//4331 4904//4335 4901//4332
f 4904//4335 4905//4336 4901//4332
f 4901//4332 4905//4336 4902//4333
f 4905//4336 4906//4337 4902//4333
f 4902//4333 4906//4337 4788//4219
f 4906//4337 4787//4218 4788//4219
f 4782//4213 4907//4338 4903//4334
f 4907//4338 4908//4339 4903//4334
f 4903//4334 4908//4339 4904//4335
f 4908//4339 4909//4340 4904//4335
f 4904//4335 4909//4340 4905//4336
f 4909//4340 4910//4341 4905//4336
f 4905//4336 4910//4341 4906//4337
f 4910//4341 4911//4342 4906//4337
f 4906//4337 4911//4342 4787//4218
f 4911//4342 4786//4217 4787//4218
f 4783//4214 4912//4343 4907//4338
f 4912//4343 4913//4344 4907//4338
f 4907//4338 4913//4344 4908//4339
f 4913//4344 4914//4345 4908//4339
f 4908//4339 4914//4345 4909//4340
f 4914//4345 4915//4346 4909//4340
f 4909//4340 4915//4346 4910//4341
f 4915//4346 4916//4347 4910//4341
f 4910//4341 4916//4347 4911//4342
f 4916//4347 4917//4348 4911//4342
f 4911//4342 4917//4348 4786//4217
f 4917//4348 4785//4216 4786//4217
f 4784//4215 4749//4180 4912//4343
f 4749//4180 4748//4179 4912//4343
f 4912//4343 4748//4179 4913//4344
f 4748//4179 4747//4178 4913//4344
f 4913//4344 4747//4178 4914//4345
f 4747//4178 4746//4177 4914//4345
f 4914//4345 4746//4177 4915//4346
f 4746//4177 4745//4176 4915//4346
f 4915//4346 4745//4176 4916//4347
f 4745//4176 4744//4175 4916//4347
f 4916//4347 4744//4175 4917//4348
f 4744//4175 4743//4174 4917//4348
f 4917//4348 4743//4174 4785//4216
f 4743//4174 4601//4032 4785//4216
f 4686//4117 4777//4208 4601//4032
f 4685//4116 4918//4349 4686//4117
f 4684//4115 4919//4350 4685//4116
f 4683//4114 4921//4352 4684//4115
f 4682//4113 4924//4355 4683//4114
f 4681//4112 4928//4359 4682//4113
f 4680//4111 4933//4364 4681//4112
f 4686//4117 4918//4349 4777//4208
f 4918//4349 4776//4207 4777//4208
f 4685//4116 4919//4350 4918//4349
f 4919//4350 4920//4351 4918//4349
f 4918//4349 4920//4351 4776//4207
f 4920//4351 4775//4206 4776//4207
f 4684//4115 4921//4352 4919//4350
f 4921//4352 4922//4353 4919//4350
f 4919//4350 4922//4353 4920//4351
f 4922//4353 4923//4354 4920//4351
f 4920//4351 4923//4354 4775//4206
f 4923//4354 4774//4205 4775//4206
f 4683//4114 4924//4355 4921//4352
f 4924//4355 4925//4356 4921//4352
f 4921//4352 4925//4356 4922//4353
f 4925//4356 4926//4357 4922//4353
f 4922//4353 4926//4357 4923//4354
f 4926//4357 4927//4358 4923//4354
f 4923//4354 4927//4358 4774//4205
f 4927//4358 4773//4204 4774//4205
f 4682//4113 4928//4359 4924//4355
f 4928//4359 4929//4360 4924//4355
f 4924//4355 4929//4360 4925//4356
f 4929//4360 4930//4361 4925//4356
f 4925//4356 4930//4361 4926//4357
f 4930//4361 4931//4362 4926//4357
f 4926//4357 4931//4362 4927//4358
f 4931//4362 4932//4363 4927//4358
f 4927//4358 4932//4363 4773//4204
f 4932//4363 4772//4203 4773//4204
f 4681//4112 4933//4364 4928//4359
f 4933//4364 4934//4365 4928//4359
f 4928//4359 4934//4365 4929//4360
f 4934//4365 4935//4366 4929//4360
f 4929//4360 4935//4366 4930//4361
f 4935//4366 4936//4367 4930//4361
f 4930//4361 4936//4367 4931//4362
f 4936//4367 4937//4368 4931//4362
f 4931//4362 4937//4368 4932//4363
f 4937//4368 4938//4369 4932//4363
f 4932//4363 4938//4369 4772//4203
f 4938//4369 4771//4202 4772//4203
f 4680//4111 4735//4166 4933//4364
f 4735//4166 4734//4165 4933//4364
f 4933//4364 4734//4165 4934//4365
f 4734//4165 4733//4164 4934//4365
f 4934//4365 4733//4164 4935//4366
f 4733//4164 4732//4163 4935//4366
f 4935//4366 4732//4163 4936//4367
f 4732//4163 4731//4162 4936//4367
f 4936//4367 4731//4162 4937//4368
f 4731//4162 4730//4161 4937//4368
f 4937//4368 4730//4161 4938//4369
f 4730//4161 4729//4160 4938//4369
f 4938//4369 4729//4160 4771//4202
f 4729//4160 4600//4031 4771//4202
f 4742//4173 4770//4201 4600//4031
f 4741//4172 4939//4370 4742//4173
f 4740//4171 4940//4371 4741//4172
f 4739//4170 4942//4373 4740//4171
f 4738//4169 4945//4376 4739//4170
f 4737//4168 4949//4380 4738//4169
f 4736//4167 4954//4385 4737//4168
f 4742//4173 4939//4370 4770//4201
f 4939//4370 4769//4200 4770//4201
f 4741//4172 4940//4371 4939//4370
f 4940//4371 4941//4372 4939//4370
f 4939//4370 4941//4372 4769//4200
f 4941//4372 4768//4199 4769//4200
f 4740//4171 4942//4373 4940//4371
f 4942//4373 4943//4374 4940//4371
f 4940//4371 4943//4374 4941//4372
f 4943//4374 4944//4375 4941//4372
f 4941//4372 4944//4375 4768//4199
f 4944//4375 4767//4198 4768//4199
f 4739//4170 4945//4376 4942//4373
f 4945//4376 4946//4377 4942//4373
f 4942//4373 4946//4377 4943//4374
f 4946//4377 4947//4378 4943//4374
f 4943//4374 4947//4378 4944//4375
f 4947//4378 4948//4379 4944//4375
f 4944//4375 4948//4379 4767//4198
f 4948//4379 4766//4197 4767//4198
f 4738//4169 4949//4380 4945//4376
f 4949//4380 4950//4381 4945//4376
f 4945//4376 4950//4381 4946//4377
f 4950//4381 4951//4382 4946//4377
f 4946//4377 4951//4382 4947//4378
f 4951//4382 4952//4383 4947//4378
f 4947//4378 4952//4383 4948//4379
f 4952//4383 4953//4384 4948//4379
f 4948//4379 4953//4384 4766//4197
f 4953//4384 4765//4196 4766//4197
f 4737//4168 4954//4385 4949//4380
f 4954//4385 4955//4386 4949//4380
f 4949//4380 4955//4386 4950//4381
f 4955//4386 4956//4387 4950//4381
f 4950//4381 4956//4387 4951//4382
f 4956//4387 4957//4388 4951//4382
f 4951//4382 4957//4388 4952//4383
f 4957//4388 4958//4389 4952//4383
f 4952//4383 4958//4389 4953//4384
f 4958//4389 4959//4390 4953//4384
f 4953//4384 4959//4390 4765//4196
f 4959//4390 4764//4195 4765//4196
f 4736//4167 4721//4152 4954//4385
f 4721//4152 4720//4151 4954//4385
f 4954//4385 4720//4151 4955//4386
f 4720//4151 4719//4150 4955//4386
f 4955//4386 4719//4150 4956//4387
f 4719//4150 4718//4149 4956//4387
f 4956//4387 4718//4149 4957//4388
f 4718//4149 4717//4148 4957//4388
f 4957//4388 4717//4148 4958//4389
f 4717//4148 4716//4147 4958//4389
f 4958//4389 4716//4147 4959//4390
f 4716//4147 4715//4146 4959//4390
f 4959//4390 4715//4146 4764//4195
f 4715//4146 4599//4030 4764//4195
f 4728//4159 4763//4194 4599//4030
f 4727//4158 4960//4391 4728//4159
f 4726//4157 4961//4392 4727//4158
f 4725//4156 4963//4394 4726//4157
f 4724//4155 4966//4397 4725//4156
f 4723//4154 4970//4401 4724//4155
f 4722//4153 4975//4406 4723//4154
f 4728//4159 4960//4391 4763//4194
f 4960//4391 4762//4193 4763//4194
f 4727//4158 4961//4392 4960//4391
f 4961//4392 4962//4393 4960//4391
f 4960//4391 4962//4393 4762//4193
f 4962//4393 4761//4192 4762//4193
f 4726//4157 4963//4394 4961//4392
f 4963//4394 4964//4395 4961//4392
f 4961//4392 4964//4395 4962//4393
f 4964//4395 4965//4396 4962//4393
f 4962//4393 4965//4396 4761//4192
f 4965//4396 4760//4191 4761//4192
f 4725//4156 4966//4397 4963//4394
f 4966//4397 4967//4398 4963//4394
f 4963//4394 4967//4398 4964//4395
f 4967//4398 4968//4399 4964//4395
f 4964//4395 4968//4399 4965//4396
f 4968//4399 4969//4400 4965//4396
f 4965//4396 4969//4400 4760//4191
f 4969//4400 4759//4190 4760//4191
f 4724//4155 4970//4401 4966//4397
f 4970//4401 4971//4402 4966//4397
f 4966//4397 4971//4402 4967//4398
f 4971//4402 4972//4403 4967//4398
f 4967//4398 4972//4403 4968//4399
f 4972//4403 4973//4404 4968//4399
f 4968//4399 4973//4404 4969//4400
f 4973//4404 4974//4405 4969//4400
f 4969//4400 4974//4405 4759//4190
f 4974//4405 4758//4189 4759//4190
f 4723//4154 4975//4406 4970//4401
f 4975//4406 4976//4407 4970//4401
f 4970//4401 4976//4407 4971//4402
f 4976//4407 4977//4408 4971//4402
f 4971//4402 4977//4408 4972//4403
f 4977//4408 4978//4409 4972//4403
f 4972//4403 4978//4409 4973//4404
f 4978//4409 4979//4410 4973//4404
f 4973//4404 4979//4410 4974//4405
f 4979//4410 4980//4411 4974//4405
f 4974//4405 4980//4411 4758//4189
f 4980//4411 4757//4188 4758//4189
f 4722//4153 4707//4138 4975//4406
f 4707//4138 4706//4137 4975//4406
f 4975//4406 4706//4137 4976//4407
f 4706//4137 4705//4136 4976//4407
f 4976//4407 4705//4136 4977//4408
f 4705//4136 4704//4135 4977//4408
f 4977//4408 4704//4135 4978//4409
f 4704//4135 4703//4134 4978//4409
f 4978//4409 4703//4134 4979//4410
f 4703//4134 4702//4133 4979//4410
f 4979//4410 4702//4133 4980//4411
f 4702//4133 4701//4132 4980//4411
f 4980//4411 4701//4132 4757//4188
f 4701//4132 4598//4029 4757//4188
f 4714//4145 4756//4187 4598//4029
f 4713//4144 4981//4412 4714//4145
f 4712//4143 4982//4413 4713//4144
f 4711//4142 4984//4415 4712//4143
f 4710//4141 4987//4418 4711//4142
f 4709//4140 4991//4422 4710//4141
f 4708//4139 4996//4427 4709//4140
f 4714//4145 4981//4412 4756//4187
f 4981//4412 4755//4186 4756//4187
f 4713//4144 4982//4413 4981//4412
f 4982//4413 4983//4414 4981//4412
f 4981//4412 4983//4414 4755//4186
f 4983//4414 4754//4185 4755//4186
f 4712//4143 4984//4415 4982//4413
f 4984//4415 4985//4416 4982//4413
f 4982//4413 4985//4416 4983//4414
f 4985//4416 4986//4417 4983//4414
f 4983//4414 4986//4417 4754//4185
f 4986//4417 4753//4184 4754//4185
f 4711//4142 4987//4418 4984//4415
f 4987//4418 4988//4419 4984//4415
f 4984//4415 4988//4419 4985//4416
f 4988//4419 4989//4420 4985//4416
f 4985//4416 4989//4420 4986//4417
f 4989//4420 4990//4421 4986//4417
f 4986//4417 4990//4421 4753//4184
f 4990//4421 4752//4183 4753//4184
f 4710//4141 4991//4422 4987//4418
f 4991//4422 4992//4423 4987//4418
f 4987//4418 4992//4423 4988//4419
f 4992//4423 4993//4424 4988//4419
f 4988//4419 4993//4424 4989//4420
f 4993//4424 4994//4425 4989//4420
f 4989//4420 4994//4425 4990//4421
f 4994//4425 4995//4426 4990//4421
f 4990//4421 4995//4426 4752//4183
f 4995//4426 4751//4182 4752//4183
f 4709//4140 4996//4427 4991//4422
f 4996//4427 4997//4428 4991//4422
f 4991//4422 4997//4428 4992//4423
f 4997//4428 4998//4429 4992//4423
f 4992//4423 4998//4429 4993//4424
f 4998//4429 4999//4430 4993//4424
f 4993//4424 4999//4430 4994//4425
f 4999//4430 5000//4431 4994//4425
f 4994//4425 5000//4431 4995//4426
f 5000//4431 5001//4432 4995//4426
f 4995//4426 5001//4432 4751//4182
f 5001//4432 4750//4181 4751//4182
f 4708//4139 4693//4124 4996//4427
f 4693//4124 4692//4123 4996//4427
f 4996//4427 4692//4123 4997//4428
f 4692//4123 4691//4122 4997//4428
f 4997//4428 4691//4122 4998//4429
f 4691//4122 4690//4121 4998//4429
f 4998//4429 4690//4121 4999//4430
f 4690//4121 4689//4120 4999//4430
f 4999//4430 4689//4120 5000//4431
f 4689//4120 4688//4119 5000//4431
f 5000//4431 4688//4119 5001//4432
f 4688//4119 4687//4118 5001//4432
f 5001//4432 4687//4118 4750//4181
f 4687//4118 4597//4028 4750//4181
f 4700//4131 4749//4180 4597//4028
f 4699//4130 5002//4433 4700//4131
f 4698//4129 5003//4434 4699//4130
f 4697//4128 5005//4436 4698//4129
f 4696//4127 5008//4439 4697//4128
f 4695//4126 5012//4443 4696//4127
f 4694//4125 5017//4448 4695//4126
f 4700//4131 5002//4433 4749//4180
f 5002//4433 4748//4179 4749//4180
f 4699//4130 5003//4434 5002//4433
f 5003//4434 5004//4435 5002//4433
f 5002//4433 5004//4435 4748//4179
f 5004//4435 4747//4178 4748//4179
f 4698//4129 5005//4436 5003//4434
f 5005//4436 5006//4437 5003//4434
f 5003//4434 5006//4437 5004//4435
f 5006//4437 5007//4438 5004//4435
f 5004//4435 5007//4438 4747//4178
f 5007//4438 4746//4177 4747//4178
f 4697//4128 5008//4439 5005//4436
f 5008//4439 5009//4440 5005//4436
f 5005//4436 5009//4440 5006//4437
f 5009//4440 5010//4441 5006//4437
f 5006//4437 5010//4441 5007//4438
f 5010//4441 5011//4442 5007//4438
f 5007//4438 5011//4442 4746//4177
f 5011//4442 4745//4176 4746//4177
f 4696//4127 5012//4443 5008//4439
f 5012//4443 5013//4444 5008//4439
f 5008//4439 5013//4444 5009//4440
f 5013//4444 5014//4445 5009//4440
f 5009//4440 5014//4445 5010//4441
f 5014//4445 5015//4446 5010//4441
f 5010//4441 5015//4446 5011//4442
f 5015//4446 5016//4447 5011//4442
f 5011//4442 5016//4447 4745//4176
f 5016//4447 4744//4175 4745//4176
f 4695//4126 5017//4448 5012//4443
f 5017//4448 5018//4449 5012//4443
f 5012//4443 5018//4449 5013//4444
f 5018//4449 5019//4450 5013//4444
f 5013//4444 5019//4450 5014//4445
f 5019//4450 5020//4451 5014//4445
f 5014//4445 5020//4451 5015//4446
f 5020//4451 5021//4452 5015//4446
f 5015//4446 5021//4452 5016//4447
f 5021//4452 5022//4453 5016//4447
f 5016//4447 5022//4453 4744//4175
f 5022//4453 4743//4174 4744//4175
f 4694//4125 4679//4110 5017//4448
f 4679//4110 4678//4109 5017//4448
f 5017//4448 4678//4109 5018//4449
f 4678//4109 4677//4108 5018//4449
f 5018//4449 4677//4108 5019//4450
f 4677//4108 4676//4107 5019//4450
f 5019//4450 4676//4107 5020//4451
f 4676//4107 4675//4106 5020//4451
f 5020//4451 4675//4106 5021//4452
f 4675//4106 4674//4105 5021//4452
f 5021//4452 4674//4105 5022//4453
f 4674//4105 4673//4104 5022//4453
f 5022//4453 4673//4104 4743//4174
f 4673//4104 4601//4032 4743//4174
f 4729//4160 4742//4173 4600//4031
f 4730//4161 5023//4454 4729//4160
f 4731//4162 5024//4455 4730//4161
f 4732//4163 5026//4457 4731//4162
f 4733//4164 5029//4460 4732//4163
f 4734//4165 5033//4464 4733//4164
f 4735//4166 5038//4469 4734//4165
f 4729//4160 5023//4454 4742//4173
f 5023//4454 4741//4172 4742//4173
f 4730//4161 5024//4455 5023//4454
f 5024//4455 5025//4456 5023//4454
f 5023//4454 5025//4456 4741//4172
f 5025//4456 4740//4171 4741//4172
f 4731//4162 5026//4457 5024//4455
f 5026//4457 5027//4458 5024//4455
f 5024//4455 5027//4458 5025//4456
f 5027//4458 5028//4459 5025//4456
f 5025//4456 5028//4459 4740//4171
f 5028//4459 4739//4170 4740//4171
f 4732//4163 5029//4460 5026//4457
f 5029//4460 5030//4461 5026//4457
f 5026//4457 5030//4461 5027//4458
f 5030//4461 5031//4462 5027//4458
f 5027//4458 5031//4462 5028//4459
f 5031//4462 5032//4463 5028//4459
f 5028//4459 5032//4463 4739//4170
f 5032//4463 4738//4169 4739//4170
f 4733//4164 5033//4464 5029//4460
f 5033//4464 5034//4465 5029//4460
f 5029//4460 5034//4465 5030//4461
f 5034//4465 5035//4466 5030//4461
f 5030//4461 5035//4466 5031//4462
f 5035//4466 5036//4467 5031//4462
f 5031//4462 5036//4467 5032//4463
f 5036//4467 5037//4468 5032//4463
f 5032//4463 5037//4468 4738//4169
f 5037//4468 4737//4168 4738//4169
f 4734//4165 5038//4469 5033//4464
f 5038//4469 5039//4470 5033//4464
f 5033//4464 5039//4470 5034//4465
f 5039//4470 5040//4471 5034//4465
f 5034//4465 5040//4471 5035//4466
f 5040//4471 5041//4472 5035//4466
f 5035//4466 5041//4472 5036//4467
f 5041//4472 5042//4473 5036//4467
f 5036//4467 5042//4473 5037//4468
f 5042//4473 5043//4474 5037//4468
f 5037//4468 5043//4474 4737//4168
f 5043//4474 4736//4167 4737//4168
f 4735//4166 4672//4103 5038//4469
f 4672//4103 4671//4102 5038//4469
f 5038//4469 4671//4102 5039//4470
f 4671//4102 4670//4101 5039//4470
f 5039//4470 4670//4101 5040//4471
f 4670//4101 4669//4100 5040//4471
f 5040//4471 4669//4100 5041//4472
f 4669//4100 4668//4099 5041//4472
f 5041//4472 4668//4099 5042//4473
f 4668//4099 4667//4098 5042//4473
f 5042//4473 4667//4098 5043//4474
f 4667//4098 4666//4097 5043//4474
f 5043//4474 4666//4097 4736//4167
f 4666//4097 4595//4026 4736//4167
f 4715//4146 4728//4159 4599//4030
f 4716//4147 5044//4475 4715//4146
f 4717//4148 5045//4476 4716//4147
f 4718//4149 5047//4478 4717//4148
f 4719//4150 5050//4481 4718//4149
f 4720//4151 5054//4485 4719//4150
f 4721//4152 5059//4490 4720//4151
f 4715//4146 5044//4475 4728//4159
f 5044//4475 4727//4158 4728//4159
f 4716//4147 5045//4476 5044//4475
f 5045//4476 5046//4477 5044//4475
f 5044//4475 5046//4477 4727//4158
f 5046//4477 4726//4157 4727//4158
f 4717//4148 5047//4478 5045//4476
f 5047//4478 5048//4479 5045//4476
f 5045//4476 5048//4479 5046//4477
f 5048//4479 5049//4480 5046//4477
f 5046//4477 5049//4480 4726//4157
f 5049//4480 4725//4156 4726//4157
f 4718//4149 5050//4481 5047//4478
f 5050//4481 5051//4482 5047//4478
f 5047//4478 5051//4482 5048//4479
f 5051//4482 5052//4483 5048//4479
f 5048//4479 5052//4483 5049//4480
f 5052//4483 5053//4484 5049//4480
f 5049//4480 5053//4484 4725//4156
f 5053//4484 4724//4155 4725//4156
f 4719//4150 5054//4485 5050//4481
f 5054//4485 5055//4486 5050//4481
f 5050//4481 5055//4486 5051//4482
f 5055//4486 5056//4487 5051//4482
f 5051//4482 5056//4487 5052//4483
f 5056//4487 5057//4488 5052//4483
f 5052//4483 5057//4488 5053//4484
f 5057//4488 5058//4489 5053//4484
f 5053//4484 5058//4489 4724//4155
f 5058//4489 4723//4154 4724//4155
f 4720//4151 5059//4490 5054//4485
f 5059//4490 5060//4491 5054//4485
f 5054//4485 5060//4491 5055//4486
f 5060//4491 5061//4492 5055//4486
f 5055//4486 5061//4492 5056//4487
f 5061//4492 5062//4493 5056//4487
f 5056//4487 5062//4493 5057//4488
f 5062//4493 5063//4494 5057//4488
f 5057//4488 5063//4494 5058//4489
f 5063//4494 5064//4495 5058//4489
f 5058//4489 5064//4495 4723//4154
f 5064//4495 4722//4153 4723//4154
f 4721//4152 4665//4096 5059//4490
f 4665//4096 4664//4095 5059//4490
f 5059//4490 4664//4095 5060//4491
f 4664//4095 4663//4094 5060//4491
f 5060//4491 4663//4094 5061//4492
f 4663//4094 4662//4093 5061//4492
f 5061//4492 4662//4093 5062//4493
f 4662//4093 4661//4092 5062//4493
f 5062//4493 4661//4092 5063//4494
f 4661//4092 4660//4091 5063//4494
f 5063//4494 4660//4091 5064//4495
f 4660//4091 4659//4090 5064//4495
f 5064//4495 4659//4090 4722//4153
f 4659//4090 4594//4025 4722//4153
f 4701//4132 4714//4145 4598//4029
f 4702//4133 5065//4496 4701//4132
f 4703//4134 5066//4497 4702//4133
f 4704//4135 5068//4499 4703//4134
f 4705//4136 5071//4502 4704//4135
f 4706//4137 5075//4506 4705//4136
f 4707//4138 5080//4511 4706//4137
f 4701//4132 5065//4496 4714//4145
f 5065//4496 4713//4144 4714//4145
f 4702//4133 5066//4497 5065//4496
f 5066//4497 5067//4498 5065//4496
f 5065//4496 5067//4498 4713//4144
f 5067//4498 4712//4143 4713//4144
f 4703//4134 5068//4499 5066//4497
f 5068//4499 5069//4500 5066//4497
f 5066//4497 5069//4500 5067//4498
f 5069//4500 5070//4501 5067//4498
f 5067//4498 5070//4501 4712//4143
f 5070//4501 4711//4142 4712//4143
f 4704//4135 5071//4502 5068//4499
f 5071//4502 5072//4503 5068//4499
f 5068//4499 5072//4503 5069//4500
f 5072//4503 5073//4504 5069//4500
f 5069//4500 5073//4504 5070//4501
f 5073//4504 5074//4505 5070//4501
f 5070//4501 5074//4505 4711//4142
f 5074//4505 4710//4141 4711//4142
f 4705//4136 5075//4506 5071//4502
f 5075//4506 5076//4507 5071//4502
f 5071//4502 5076//4507 5072//4503
f 5076//4507 5077//4508 5072//4503
f 5072//4503 5077//4508 5073//4504
f 5077//4508 5078//4509 5073//4504
f 5073//4504 5078//4509 5074//4505
f 5078//4509 5079//4510 5074//4505
f 5074//4505 5079//4510 4710//4141
f 5079//4510 4709//4140 4710//4141
f 4706//4137 5080//4511 5075//4506
f 5080//4511 5081//4512 5075//4506
f 5075//4506 5081//4512 5076//4507
f 5081//4512 5082//4513 5076//4507
f 5076//4507 5082//4513 5077//4508
f 5082//4513 5083//4514 5077//4508
f 5077//4508 5083//4514 5078//4509
f 5083//4514 5084//4515 5078//4509
f 5078//4509 5084//4515 5079//4510
f 5084//4515 5085//4516 5079//4510
f 5079//4510 5085//4516 4709//4140
f 5085//4516 4708//4139 4709//4140
f 4707//4138 4651//4082 5080//4511
f 4651//4082 4650//4081 5080//4511
f 5080//4511 4650//4081 5081//4512
f 4650//4081 4649//4080 5081//4512
f 5081//4512 4649//4080 5082//4513
f 4649//4080 4648//4079 5082//4513
f 5082//4513 4648//4079 5083//4514
f 4648//4079 4647//4078 5083//4514
f 5083//4514 4647//4078 5084//4515
f 4647//4078 4646//4077 5084//4515
f 5084//4515 4646//4077 5085//4516
f 4646//4077 4645//4076 5085//4516
f 5085//4516 4645//4076 4708//4139
f 4645//4076 4593//4024 4708//4139
f 4687//4118 4700//4131 4597//4028
f 4688//4119 5086//4517 4687//4118
f 4689//4120 5087//4518 4688//4119
f 4690//4121 5089//4520 4689//4120
f 4691//4122 5092//4523 4690//4121
f 4692//4123 5096//4527 4691//4122
f 4693//4124 5101//4532 4692//4123
f 4687//4118 5086//4517 4700//4131
f 5086//4517 4699//4130 4700//4131
f 4688//4119 5087//4518 5086//4517
f 5087//4518 5088//4519 5086//4517
f 5086//4517 5088//4519 4699//4130
f 5088//4519 4698//4129 4699//4130
f 4689//4120 5089//4520 5087//4518
f 5089//4520 5090//4521 5087//4518
f 5087//4518 5090//4521 5088//4519
f 5090//4521 5091//4522 5088//4519
f 5088//4519 5091//4522 4698//4129
f 5091//4522 4697//4128 4698//4129
f 4690//4121 5092//4523 5089//4520
f 5092//4523 5093//4524 5089//4520
f 5089//4520 5093//4524 5090//4521
f 5093//4524 5094//4525 5090//4521
f 5090//4521 5094//4525 5091//4522
f 5094//4525 5095//4526 5091//4522
f 5091//4522 5095//4526 4697//4128
f 5095//4526 4696//4127 4697//4128
f 4691//4122 5096//4527 5092//4523
f 5096//4527 5097//4528 5092//4523
f 5092//4523 5097//4528 5093//4524
f 5097//4528 5098//4529 5093//4524
f 5093//4524 5098//4529 5094//4525
f 5098//4529 5099//4530 5094//4525
f 5094//4525 5099//4530 5095//4526
f 5099//4530 5100//4531 5095//4526
f 5095//4526 5100//4531 4696//4127
f 5100//4531 4695//4126 4696//4127
f 4692//4123 5101//4532 5096//4527
f 5101//4532 5102//4533 5096//4527
f 5096//4527 5102//4533 5097//4528
f 5102//4533 5103//4534 5097//4528
f 5097//4528 5103//4534 5098//4529
f 5103//4534 5104//4535 5098//4529
f 5098//4529 5104//4535 5099//4530
f 5104//4535 5105//4536 5099//4530
f 5099//4530 5105//4536 5100//4531
f 5105//4536 5106//4537 5100//4531
f 5100//4531 5106//4537 4695//4126
f 5106//4537 4694//4125 4695//4126
f 4693//4124 4623//4054 5101//4532
f 4623//4054 4622//4053 5101//4532
f 5101//4532 4622//4053 5102//4533
f 4622//4053 4621//4052 5102//4533
f 5102//4533 4621//4052 5103//4534
f 4621//4052 4620//4051 5103//4534
f 5103//4534 4620//4051 5104//4535
f 4620//4051 4619//4050 5104//4535
f 5104//4535 4619//4050 5105//4536
f 4619//4050 4618//4049 5105//4536
f 5105//4536 4618//4049 5106//4537
f 4618//4049 4617//4048 5106//4537
f 5106//4537 4617//4048 4694//4125
f 4617//4048 4592//4023 4694//4125
f 4673//4104 4686//4117 4601//4032
f 4674//4105 5107//4538 4673//4104
f 4675//4106 5108//4539 4674//4105
f 4676//4107 5110//4541 4675//4106
f 4677//4108 5113//4544 4676//4107
f 4678//4109 5117//4548 4677//4108
f 4679//4110 5122//4553 4678//4109
f 4673//4104 5107//4538 4686//4117
f 5107//4538 4685//4116 4686//4117
f 4674//4105 5108//4539 5107//4538
f 5108//4539 5109//4540 5107//4538
f 5107//4538 5109//4540 4685//4116
f 5109//4540 4684//4115 4685//4116
f 4675//4106 5110//4541 5108//4539
f 5110//4541 5111//4542 5108//4539
f 5108//4539 5111//4542 5109//4540
f 5111//4542 5112//4543 5109//4540
f 5109//4540 5112//4543 4684//4115
f 5112//4543 4683//4114 4684//4115
f 4676//4107 5113//4544 5110//4541
f 5113//4544 5114//4545 5110//4541
f 5110//4541 5114//4545 5111//4542
f 5114//4545 5115//4546 5111//4542
f 5111//4542 5115//4546 5112//4543
f 5115//4546 5116//4547 5112//4543
f 5112//4543 5116//4547 4683//4114
f 5116//4547 4682//4113 4683//4114
f 4677//4108 5117//4548 5113//4544
f 5117//4548 5118//4549 5113//4544
f 5113//4544 5118//4549 5114//4545
f 5118//4549 5119//4550 5114//4545
f 5114//4545 5119//4550 5115//4546
f 5119//4550 5120//4551 5115//4546
f 5115//4546 5120//4551 5116//4547
f 5120//4551 5121//4552 5116//4547
f 5116//4547 5121//4552 4682//4113
f 5121//4552 4681//4112 4682//4113
f 4678//4109 5122//4553 5117//4548
f 5122//4553 5123//4554 5117//4548
f 5117//4548 5123//4554 5118//4549
f 5123//4554 5124//4555 5118//4549
f 5118//4549 5124//4555 5119//4550
f 5124//4555 5125//4556 5119//4550
f 5119//4550 5125//4556 5120//4551
f 5125//4556 5126//4557 5120//4551
f 5120//4551 5126//4557 5121//4552
f 5126//4557 5127//4558 5121//4552
f 5121//4552 5127//4558 4681//4112
f 5127//4558 4680//4111 4681//4112
f 4679//4110 4630//4061 5122//4553
f 4630//4061 4629//4060 5122//4553
f 5122//4553 4629//4060 5123//4554
f 4629//4060 4628//4059 5123//4554
f 5123//4554 4628//4059 5124//4555
f 4628//4059 4627//4058 5124//4555
f 5124//4555 4627//4058 5125//4556
f 4627//4058 4626//4057 5125//4556
f 5125//4556 4626//4057 5126//4557
f 4626//4057 4625//4056 5126//4557
f 5126//4557 4625//4056 5127//4558
f 4625//4056 4624//4055 5127//4558
f 5127//4558 4624//4055 4680//4111
f 4624//4055 4596//4027 4680//4111
f 4637//4068 4672//4103 4596//4027
f 4636//4067 5128//4559 4637//4068
f 4635//4066 5129//4560 4636//4067
f 4634//4065 5131//4562 4635//4066
f 4633//4064 5134//4565 4634//4065
f 4632//4063 5138//4569 4633//4064
f 4631//4062 5143//4574 4632//4063
f 4637//4068 5128//4559 4672//4103
f 5128//4559 4671//4102 4672//4103
f 4636//4067 5129//4560 5128//4559
f 5129//4560 5130//4561 5128//4559
f 5128//4559 5130//4561 4671//4102
f 5130//4561 4670//4101 4671//4102
f 4635//4066 5131//4562 5129//4560
f 5131//4562 5132//4563 5129//4560
f 5129//4560 5132//4563 5130//4561
f 5132//4563 5133//4564 5130//4561
f 5130//4561 5133//4564 4670//4101
f 5133//4564 4669//4100 4670//4101
f 4634//4065 5134//4565 5131//4562
f 5134//4565 5135//4566 5131//4562
f 5131//4562 5135//4566 5132//4563
f 5135//4566 5136//4567 5132//4563
f 5132//4563 5136//4567 5133//4564
f 5136//4567 5137//4568 5133//4564
f 5133//4564 5137//4568 4669//4100
f 5137//4568 4668//4099 4669//4100
f 4633//4064 5138//4569 5134//4565
f 5138//4569 5139//4570 5134//4565
f 5134//4565 5139//4570 5135//4566
f 5139//4570 5140//4571 5135//4566
f 5135//4566 5140//4571 5136//4567
f 5140//4571 5141//4572 5136//4567
f 5136//4567 5141//4572 5137//4568
f 5141//4572 5142//4573 5137//4568
f 5137//4568 5142//4573 4668//4099
f 5142//4573 4667//4098 4668//4099
f 4632//4063 5143//4574 5138//4569
f 5143//4574 5144//4575 5138//4569
f 5138//4569 5144//4575 5139//4570
f 5144//4575 5145//4576 5139//4570
f 5139//4570 5145//4576 5140//4571
f 5145//4576 5146//4577 5140//4571
f 5140//4571 5146//4577 5141//4572
f 5146//4577 5147//4578 5141//4572
f 5141//4572 5147//4578 5142//4573
f 5147//4578 5148//4579 5142//4573
f 5142//4573 5148//4579 4667//4098
f 5148//4579 4666//4097 4667//4098
f 4631//4062 4658//4089 5143//4574
f 4658//4089 4657//4088 5143//4574
f 5143//4574 4657//4088 5144//4575
f 4657//4088 4656//4087 5144//4575
f 5144//4575 4656//4087 5145//4576
f 4656//4087 4655//4086 5145//4576
f 5145//4576 4655//4086 5146//4577
f 4655//4086 4654//4085 5146//4577
f 5146//4577 4654//4085 5147//4578
f 4654//4085 4653//4084 5147//4578
f 5147//4578 4653//4084 5148//4579
f 4653//4084 4652//4083 5148//4579
f 5148//4579 4652//4083 4666//4097
f 4652//4083 4595//4026 4666//4097
f 4652//4083 4665//4096 4595//4026
f 4653//4084 5149//4580 4652//4083
f 4654//4085 5150//4581 4653//4084
f 4655//4086 5152//4583 4654//4085
f 4656//4087 5155//4586 4655//4086
f 4657//4088 5159//4590 4656//4087
f 4658//4089 5164//4595 4657//4088
f 4652//4083 5149//4580 4665//4096
f 5149//4580 4664//4095 4665//4096
f 4653//4084 5150//4581 5149//4580
f 5150//4581 5151//4582 5149//4580
f 5149//4580 5151//4582 4664//4095
f 5151//4582 4663//4094 4664//4095
f 4654//4085 5152//4583 5150//4581
f 5152//4583 5153//4584 5150//4581
f 5150//4581 5153//4584 5151//4582
f 5153//4584 5154//4585 5151//4582
f 5151//4582 5154//4585 4663//4094
f 5154//4585 4662//4093 4663//4094
f 4655//4086 5155//4586 5152//4583
f 5155//4586 5156//4587 5152//4583
f 5152//4583 5156//4587 5153//4584
f 5156//4587 5157//4588 5153//4584
f 5153//4584 5157//4588 5154//4585
f 5157//4588 5158//4589 5154//4585
f 5154//4585 5158//4589 4662//4093
f 5158//4589 4661//4092 4662//4093
f 4656//4087 5159//4590 5155//4586
f 5159//4590 5160//4591 5155//4586
f 5155//4586 5160//4591 5156//4587
f 5160//4591 5161//4592 5156//4587
f 5156//4587 5161//4592 5157//4588
f 5161//4592 5162//4593 5157//4588
f 5157//4588 5162//4593 5158//4589
f 5162//4593 5163//4594 5158//4589
f 5158//4589 5163//4594 4661//4092
f 5163//4594 4660//4091 4661//4092
f 4657//4088 5164//4595 5159//4590
f 5164//4595 5165//4596 5159//4590
f 5159//4590 5165//4596 5160//4591
f 5165//4596 5166//4597 5160//4591
f 5160//4591 5166//4597 5161//4592
f 5166//4597 5167//4598 5161//4592
f 5161//4592 5167//4598 5162//4593
f 5167//4598 5168//4599 5162//4593
f 5162//4593 5168//4599 5163//4594
f 5168//4599 5169//4600 5163//4594
f 5163//4594 5169//4600 4660//4091
f 5169//4600 4659//4090 4660//4091
f 4658//4089 4644//4075 5164//4595
f 4644//4075 4643//4074 5164//4595
f 5164//4595 4643//4074 5165//4596
f 4643//4074 4642//4073 5165//4596
f 5165//4596 4642//4073 5166//4597
f 4642//4073 4641//4072 5166//4597
f 5166//4597 4641//4072 5167//4598
f 4641//4072 4640//4071 5167//4598
f 5167//4598 4640//4071 5168//4599
f 4640//4071 4639//4070 5168//4599
f 5168//4599 4639//4070 5169//4600
f 4639//4070 4638//4069 5169//4600
f 5169//4600 4638//4069 4659//4090
f 4638//4069 4594//4025 4659//4090
f 4638//4069 4651//4082 4594//4025
f 4639//4070 5170//4601 4638//4069
f 4640//4071 5171//4602 4639//4070
f 4641//4072 5173//4604 4640//4071
f 4642//4073 5176//4607 4641//4072
f 4643//4074 5180//4611 4642//4073
f 4644//4075 5185//4616 4643//4074
f 4638//4069 5170//4601 4651//4082
f 5170//4601 4650//4081 4651//4082
f 4639//4070 5171//4602 5170//4601
f 5171//4602 5172//4603 5170//4601
f 5170//4601 5172//4603 4650//4081
f 5172//4603 4649//4080 4650//4081
f 4640//4071 5173//4604 5171//4602
f 5173//4604 5174//4605 5171//4602
f 5171//4602 5174//4605 5172//4603
f 5174//4605 5175//4606 5172//4603
f 5172//4603 5175//4606 4649//4080
f 5175//4606 4648//4079 4649//4080
f 4641//4072 5176//4607 5173//4604
f 5176//4607 5177//4608 5173//4604
f 5173//4604 5177//4608 5174//4605
f 5177//4608 5178//4609 5174//4605
f 5174//4605 5178//4609 5175//4606
f 5178//4609 5179//4610 5175//4606
f 5175//4606 5179//4610 4648//4079
f 5179//4610 4647//4078 4648//4079
f 4642//4073 5180//4611 5176//4607
f 5180//4611 5181//4612 5176//4607
f 5176//4607 5181//4612 5177//4608
f 5181//4612 5182//4613 5177//4608
f 5177//4608 5182//4613 5178//4609
f 5182//4613 5183//4614 5178//4609
f 5178//4609 5183//4614 5179//4610
f 5183//4614 5184//4615 5179//4610
f 5179//4610 5184//4615 4647//4078
f 5184//4615 4646//4077 4647//4078
f 4643//4074 5185//4616 5180//4611
f 5185//4616 5186//4617 5180//4611
f 5180//4611 5186//4617 5181//4612
f 5186//4617 5187//4618 5181//4612
f 5181//4612 5187//4618 5182//4613
f 5187//4618 5188//4619 5182//4613
f 5182//4613 5188//4619 5183//4614
f 5188//4619 5189//4620 5183//4614
f 5183//4614 5189//4620 5184//4615
f 5189//4620 5190//4621 5184//4615
f 5184//4615 5190//4621 4646//4077
f 5190//4621 4645//4076 4646//4077
f 4644//4075 4609//4040 5185//4616
f 4609//4040 4608//4039 5185//4616
f 5185//4616 4608//4039 5186//4617
f 4608//4039 4607//4038 5186//4617
f 5186//4617 4607//4038 5187//4618
f 4607//4038 4606//4037 5187//4618
f 5187//4618 4606//4037 5188//4619
f 4606//4037 4605//4036 5188//4619
f 5188//4619 4605//4036 5189//4620
f 4605//4036 4604//4035 5189//4620
f 5189//4620 4604//4035 5190//4621
f 4604//4035 4603//4034 5190//4621
f 5190//4621 4603//4034 4645//4076
f 4603//4034 4593//4024 4645//4076
f 4624//4055 4637//4068 4596//4027
f 4625//4056 5191//4622 4624//4055
f 4626//4057 5192//4623 4625//4056
f 4627//4058 5194//4625 4626//4057
f 4628//4059 5197//4628 4627//4058
f 4629//4060 5201//4632 4628//4059
f 4630//4061 5206//4637 4629//4060
f 4624//4055 5191//4622 4637//4068
f 5191//4622 4636//4067 4637//4068
f 4625//4056 5192//4623 5191//4622
f 5192//4623 5193//4624 5191//4622
f 5191//4622 5193//4624 4636//4067
f 5193//4624 4635//4066 4636//4067
f 4626//4057 5194//4625 5192//4623
f 5194//4625 5195//4626 5192//4623
f 5192//4623 5195//4626 5193//4624
f 5195//4626 5196//4627 5193//4624
f 5193//4624 5196//4627 4635//4066
f 5196//4627 4634//4065 4635//4066
f 4627//4058 5197//4628 5194//4625
f 5197//4628 5198//4629 5194//4625
f 5194//4625 5198//4629 5195//4626
f 5198//4629 5199//4630 5195//4626
f 5195//4626 5199//4630 5196//4627
f 5199//4630 5200//4631 5196//4627
f 5196//4627 5200//4631 4634//4065
f 5200//4631 4633//4064 4634//4065
f 4628//4059 5201//4632 5197//4628
f 5201//4632 5202//4633 5197//4628
f 5197//4628 5202//4633 5198//4629
f 5202//4633 5203//4634 5198//4629
f 5198//4629 5203//4634 5199//4630
f 5203//4634 5204//4635 5199//4630
f 5199//4630 5204//4635 5200//4631
f 5204//4635 5205//4636 5200//4631
f 5200//4631 5205//4636 4633//4064
f 5205//4636 4632//4063 4633//4064
f 4629//4060 5206//4637 5201//4632
f 5206//4637 5207//4638 5201//4632
f 5201//4632 5207//4638 5202//4633
f 5207//4638 5208//4639 5202//4633
f 5202//4633 5208//4639 5203//4634
f 5208//4639 5209//4640 5203//4634
f 5203//4634 5209//4640 5204//4635
f 5209//4640 5210//4641 5204//4635
f 5204//4635 5210//4641 5205//4636
f 5210//4641 5211//4642 5205//4636
f 5205//4636 5211//4642 4632//4063
f 5211//4642 4631//4062 4632//4063
f 4630//4061 4616//4047 5206//4637
f 4616//4047 4615//4046 5206//4637
f 5206//4637 4615//4046 5207//4638
f 4615//4046 4614//4045 5207//4638
f 5207//4638 4614//4045 5208//4639
f 4614//4045 4613//4044 5208//4639
f 5208//4639 4613//4044 5209//4640
f 4613//4044 4612//4043 5209//4640
f 5209//4640 4612//4043 5210//4641
f 4612//4043 4611//4042 5210//4641
f 5210//4641 4611//4042 5211//4642
f 4611//4042 4610//4041 5211//4642
f 5211//4642 4610//4041 4631//4062
f 4610//4041 4591//4022 4631//4062
f 4603//4034 4623//4054 4593//4024
f 4604//4035 5212//4643 4603//4034
f 4605//4036 5213//4644 4604//4035
f 4606//4037 5215//4646 4605//4036
f 4607//4038 5218//4649 4606//4037
f 4608//4039 5222//4653 4607//4038
f 4609//4040 5227//4658 4608//4039
f 4603//4034 5212//4643 4623//4054
f 5212//4643 4622//4053 4623//4054
f 4604//4035 5213//4644 5212//4643
f 5213//4644 5214//4645 5212//4643
f 5212//4643 5214//4645 4622//4053
f 5214//4645 4621//4052 4622//4053
f 4605//4036 5215//4646 5213//4644
f 5215//4646 5216//4647 5213//4644
f 5213//4644 5216//4647 5214//4645
f 5216//4647 5217//4648 5214//4645
f 5214//4645 5217//4648 4621//4052
f 5217//4648 4620//4051 4621//4052
f 4606//4037 5218//4649 5215//4646
f 5218//4649 5219//4650 5215//4646
f 5215//4646 5219//4650 5216//4647
f 5219//4650 5220//4651 5216//4647
f 5216//4647 5220//4651 5217//4648
f 5220//4651 5221//4652 5217//4648
f 5217//4648 5221//4652 4620//4051
f 5221//4652 4619//4050 4620//4051
f 4607//4038 5222//4653 5218//4649
f 5222//4653 5223//4654 5218//4649
f 5218//4649 5223//4654 5219//4650
f 5223//4654 5224//4655 5219//4650
f 5219//4650 5224//4655 5220//4651
f 5224//4655 5225//4656 5220//4651
f 5220//4651 5225//4656 5221//4652
f 5225//4656 5226//4657 5221//4652
f 5221//4652 5226//4657 4619//4050
f 5226//4657 4618//4049 4619//4050
f 4608//4039 5227//4658 5222//4653
f 5227//4658 5228//4659 5222//4653
f 5222//4653 5228//4659 5223//4654
f 5228//4659 5229//4660 5223//4654
f 5223//4654 5229//4660 5224//4655
f 5229//4660 5230//4661 5224//4655
f 5224//4655 5230//4661 5225//4656
f 5230//4661 5231//4662 5225//4656
f 5225//4656 5231//4662 5226//4657
f 5231//4662 5232//4663 5226//4657
f 5226//4657 5232//4663 4618//4049
f 5232//4663 4617//4048 4618//4049
f 4609//4040 4610//4041 5227//4658
f 4610//4041 4611//4042 5227//4658
f 5227//4658 4611//4042 5228//4659
f 4611//4042 4612//4043 5228//4659
f 5228//4659 4612//4043 5229//4660
f 4612//4043 4613//4044 5229//4660
f 5229//4660 4613//4044 5230//4661
f 4613//4044 4614//4045 5230//4661
f 5230//4661 4614//4045 5231//4662
f 4614//4045 4615//4046 5231//4662
f 5231//4662 4615//4046 5232//4663
f 4615//4046 4616//4047 5232//4663
f 5232//4663 4616//4047 4617//4048
f 4616//4047 4592//4023 4617//4048
