# Blender 5.2.2 LTS
# www.blender.org
o Ball
v -1.407013 0.488922 0.911212
v -1.344852 0.425451 0.815344
v -1.313983 0.352164 0.777904
v -1.297276 0.266134 0.768929
v -1.295126 0.222411 0.775724
v -1.297276 0.180458 0.789787
v -1.313983 0.108180 0.837302
v -1.407013 0.048003 1.018555
v -1.377124 0.475571 0.879244
v -1.350484 0.456019 0.852614
v -1.324945 0.428812 0.829146
v -1.302561 0.395442 0.810894
v -1.284190 0.357193 0.798560
v -1.270539 0.315534 0.792618
v -1.262133 0.272066 0.793295
v -1.259295 0.228459 0.800567
v -1.262133 0.186390 0.814153
v -1.270539 0.147474 0.833532
v -1.284190 0.113209 0.857958
v -1.302561 0.084909 0.886494
v -1.324945 0.063664 0.918042
v -1.350484 0.050288 0.951390
v -1.377124 0.045164 0.984027
v -1.371023 0.477106 0.885549
v -1.338944 0.458922 0.864538
v -1.308192 0.433026 0.846456
v -1.281238 0.400806 0.832926
v -1.259117 0.363500 0.824467
v -1.242680 0.322542 0.821404
v -1.232558 0.279505 0.823854
v -1.229141 0.236044 0.831725
v -1.232558 0.193829 0.844712
v -1.242680 0.154482 0.862318
v -1.259117 0.119516 0.883865
v -1.281238 0.090273 0.908526
v -1.308192 0.067878 0.935352
v -1.338944 0.053191 0.963314
v -1.371023 0.046699 0.990332
v -1.366304 0.478893 0.892888
v -1.330021 0.462301 0.878420
v -1.295237 0.437932 0.866610
v -1.264749 0.407050 0.858576
v -1.239728 0.370843 0.854628
v -1.221136 0.330701 0.854917
v -1.209687 0.288167 0.859432
v -1.205822 0.244876 0.868000
v -1.209687 0.202491 0.880290
v -1.221136 0.162641 0.895832
v -1.239728 0.126859 0.914027
v -1.264749 0.096517 0.934176
v -1.295237 0.072784 0.955506
v -1.330020 0.056571 0.977196
v -1.366304 0.048486 0.997672
v -1.363150 0.480863 0.900982
v -1.324056 0.466028 0.893726
v -1.286577 0.443342 0.888832
v -1.253727 0.413936 0.886859
v -1.226768 0.378939 0.887886
v -1.206736 0.339697 0.891871
v -1.194400 0.297717 0.898662
v -1.190234 0.254613 0.907998
v -1.194400 0.212041 0.919520
v -1.206736 0.171638 0.932785
v -1.226768 0.134955 0.947284
v -1.253727 0.103403 0.962459
v -1.286577 0.078194 0.977727
v -1.324055 0.060297 0.992502
v -1.363150 0.050456 1.005765
v -1.361682 0.482941 0.909517
v -1.321279 0.469958 0.909870
v -1.282546 0.449048 0.912268
v -1.248596 0.421198 0.916688
v -1.220734 0.387478 0.922961
v -1.200031 0.349185 0.930844
v -1.187283 0.307790 0.940036
v -1.182978 0.264883 0.950182
v -1.187283 0.222114 0.960894
v -1.200031 0.181126 0.971758
v -1.220734 0.143494 0.982359
v -1.248596 0.110665 0.992288
v -1.282546 0.083900 1.001164
v -1.321278 0.064227 1.008645
v -1.361682 0.052534 1.014300
v -1.361956 0.485047 0.918167
v -1.321796 0.473941 0.926229
v -1.283297 0.454830 0.936018
v -1.249553 0.428557 0.946917
v -1.221859 0.396132 0.958505
v -1.201281 0.358800 0.970339
v -1.188609 0.317997 0.981964
v -1.184331 0.275290 0.992932
v -1.188609 0.232321 1.002822
v -1.201281 0.190741 1.011254
v -1.221859 0.152148 1.017904
v -1.249553 0.118024 1.022516
v -1.283297 0.089682 1.024914
v -1.321796 0.068210 1.025005
v -1.361956 0.054640 1.022950
v -1.363961 0.487100 0.926599
v -1.325589 0.477823 0.942176
v -1.288803 0.460466 0.959170
v -1.256561 0.435730 0.976383
v -1.230100 0.404567 0.993154
v -1.210438 0.368173 1.008839
v -1.198330 0.327947 1.022834
v -1.194241 0.285435 1.034603
v -1.198330 0.242271 1.043692
v -1.210438 0.200114 1.049753
v -1.230100 0.160583 1.052552
v -1.256561 0.125198 1.051982
v -1.288803 0.095318 1.048065
v -1.325589 0.072092 1.040952
v -1.363961 0.056693 1.031382
v -1.367621 0.489021 0.934488
v -1.332511 0.481456 0.957098
v -1.298852 0.465740 0.980832
v -1.269350 0.442443 1.003954
v -1.245139 0.412460 1.025575
v -1.227148 0.376943 1.044863
v -1.216069 0.337257 1.061077
v -1.212328 0.294928 1.073595
v -1.216069 0.251582 1.081935
v -1.227148 0.208884 1.085777
v -1.245139 0.168476 1.084973
v -1.269350 0.131910 1.079554
v -1.298852 0.100592 1.069728
v -1.332511 0.075725 1.055873
v -1.367621 0.058614 1.039272
v -1.372794 0.490736 0.941533
v -1.342295 0.484699 0.970421
v -1.313057 0.470449 1.000174
v -1.287430 0.448436 1.028572
v -1.266398 0.419507 1.054522
v -1.250770 0.384774 1.077027
v -1.241147 0.345570 1.095223
v -1.237897 0.303404 1.108409
v -1.241147 0.259894 1.116081
v -1.250770 0.216714 1.117941
v -1.266398 0.175523 1.113920
v -1.287430 0.137903 1.104172
v -1.313057 0.105301 1.089070
v -1.342295 0.078968 1.069196
v -1.372794 0.060329 1.046316
v -1.379283 0.492179 0.947461
v -1.354567 0.487429 0.981633
v -1.330873 0.474411 1.016452
v -1.310106 0.453480 1.049289
v -1.293062 0.425438 1.078883
v -1.280397 0.391363 1.104096
v -1.272599 0.352566 1.123958
v -1.269965 0.310537 1.137708
v -1.272599 0.266890 1.144816
v -1.280397 0.223304 1.145010
v -1.293062 0.181454 1.138281
v -1.310106 0.142947 1.124889
v -1.330873 0.109263 1.105348
v -1.354567 0.081698 1.080408
v -1.379283 0.061772 1.052244
v -1.386837 0.493295 0.952046
v -1.368855 0.489540 0.990303
v -1.351615 0.477476 1.029040
v -1.336505 0.457380 1.065310
v -1.324105 0.430024 1.097722
v -1.314890 0.396459 1.125028
v -1.309216 0.357976 1.146180
v -1.307300 0.316052 1.160365
v -1.309216 0.272300 1.167038
v -1.314890 0.228400 1.165942
v -1.324105 0.186040 1.157120
v -1.336505 0.146847 1.140910
v -1.351615 0.112328 1.117935
v -1.368855 0.083809 1.089079
v -1.386837 0.062888 1.056829
v -1.395167 0.494041 0.955110
v -1.384608 0.490950 0.996099
v -1.374486 0.479524 1.037454
v -1.365614 0.459987 1.076019
v -1.358333 0.433090 1.110314
v -1.352923 0.399866 1.139020
v -1.349591 0.361592 1.161034
v -1.348466 0.319739 1.175510
v -1.349591 0.275916 1.181892
v -1.352923 0.231807 1.179935
v -1.358333 0.189106 1.169712
v -1.365614 0.149454 1.151619
v -1.374486 0.114376 1.126349
v -1.384608 0.085220 1.094875
v -1.395167 0.063634 1.059893
v -1.403952 0.494388 0.956537
v -1.401223 0.491607 0.998797
v -1.398607 0.480478 1.041371
v -1.396314 0.461201 1.081005
v -1.394433 0.434517 1.116177
v -1.393034 0.401452 1.145534
v -1.392173 0.363276 1.167949
v -1.391883 0.321456 1.182561
v -1.392173 0.277600 1.188807
v -1.393034 0.233392 1.186448
v -1.394433 0.190533 1.175575
v -1.396314 0.150668 1.156605
v -1.398607 0.115330 1.130267
v -1.401223 0.085877 1.097573
v -1.403952 0.063981 1.061320
v -1.412854 0.494323 0.956271
v -1.418060 0.491485 0.998294
v -1.423051 0.480300 1.040640
v -1.427426 0.460975 1.080075
v -1.431015 0.434251 1.115084
v -1.433683 0.401156 1.144320
v -1.435326 0.362962 1.166660
v -1.435881 0.321136 1.181246
v -1.435326 0.277286 1.187518
v -1.433683 0.233097 1.185234
v -1.431015 0.190267 1.174482
v -1.427426 0.150442 1.155675
v -1.423051 0.115152 1.129536
v -1.418060 0.085754 1.097070
v -1.412854 0.063917 1.061054
v -1.421532 0.493849 0.954322
v -1.434473 0.490588 0.994609
v -1.446879 0.478998 1.035291
v -1.457752 0.459317 1.073267
v -1.466676 0.432302 1.107077
v -1.473307 0.398990 1.135423
v -1.477390 0.360663 1.157216
v -1.478769 0.318792 1.171617
v -1.477390 0.274987 1.178074
v -1.473307 0.230931 1.176338
v -1.466676 0.188318 1.166475
v -1.457752 0.148784 1.148866
v -1.446879 0.113850 1.124187
v -1.434473 0.084857 1.093385
v -1.421532 0.063442 1.059105
v -1.429652 0.492983 0.950766
v -1.449830 0.488950 0.987884
v -1.469174 0.476621 1.025527
v -1.486129 0.456292 1.060840
v -1.500044 0.428744 1.092465
v -1.510383 0.395037 1.119187
v -1.516750 0.356466 1.139980
v -1.518900 0.314513 1.154043
v -1.516750 0.270790 1.160838
v -1.510383 0.226978 1.160101
v -1.500044 0.184760 1.151863
v -1.486129 0.145759 1.136439
v -1.469174 0.111473 1.114423
v -1.449830 0.083220 1.086660
v -1.429652 0.062577 1.055549
v -1.436902 0.491760 0.945740
v -1.463542 0.486636 0.978377
v -1.489081 0.473261 1.011725
v -1.511466 0.452015 1.043273
v -1.529836 0.423715 1.071809
v -1.543487 0.389450 1.096235
v -1.551893 0.350534 1.115614
v -1.554731 0.308465 1.129200
v -1.551893 0.264859 1.136472
v -1.543487 0.221391 1.137149
v -1.529836 0.179731 1.131207
v -1.511466 0.141482 1.118873
v -1.489081 0.108113 1.100621
v -1.463542 0.080905 1.077152
v -1.436902 0.061353 1.050523
v -1.443004 0.490225 0.939435
v -1.475082 0.483733 0.966453
v -1.505834 0.469046 0.994415
v -1.532788 0.446651 1.021241
v -1.554909 0.417408 1.045902
v -1.571346 0.382442 1.067449
v -1.581468 0.343095 1.085055
v -1.584886 0.300880 1.098042
v -1.581468 0.257419 1.105913
v -1.571346 0.214382 1.108363
v -1.554909 0.173424 1.105300
v -1.532788 0.136118 1.096841
v -1.505834 0.103898 1.083310
v -1.475082 0.078002 1.065229
v -1.443004 0.059818 1.044218
v -1.447722 0.488438 0.932095
v -1.484006 0.480354 0.952571
v -1.518789 0.464140 0.974261
v -1.549277 0.440407 0.995591
v -1.574298 0.410066 1.015740
v -1.592890 0.374283 1.033935
v -1.604339 0.334433 1.049477
v -1.608205 0.292049 1.061767
v -1.604339 0.248757 1.070334
v -1.592890 0.206224 1.074849
v -1.574298 0.166081 1.075138
v -1.549277 0.129874 1.071190
v -1.518789 0.098992 1.063157
v -1.484006 0.074623 1.051347
v -1.447722 0.058031 1.036878
v -1.450876 0.486468 0.924002
v -1.489971 0.476627 0.937265
v -1.527449 0.458730 0.952039
v -1.560299 0.433521 0.967308
v -1.587258 0.401969 0.982483
v -1.607291 0.365286 0.996982
v -1.619627 0.324883 1.010247
v -1.623792 0.282311 1.021769
v -1.619627 0.239207 1.031105
v -1.607291 0.197227 1.037896
v -1.587258 0.157985 1.041881
v -1.560299 0.122988 1.042907
v -1.527449 0.093582 1.040935
v -1.489971 0.070896 1.036040
v -1.450876 0.056061 1.028785
v -1.452344 0.484390 0.915466
v -1.492748 0.472697 0.921121
v -1.531481 0.453024 0.928603
v -1.565430 0.426259 0.937479
v -1.593292 0.393430 0.947408
v -1.613995 0.355798 0.958008
v -1.626744 0.314810 0.968873
v -1.631048 0.272041 0.979585
v -1.626744 0.229134 0.989731
v -1.613995 0.187739 0.998923
v -1.593292 0.149446 1.006806
v -1.565430 0.115726 1.013079
v -1.531481 0.087876 1.017499
v -1.492748 0.066966 1.019897
v -1.452344 0.053983 1.020250
v -1.452070 0.482284 0.906817
v -1.492230 0.468714 0.904762
v -1.530729 0.447242 0.904853
v -1.564473 0.418900 0.907251
v -1.592167 0.384777 0.911863
v -1.612745 0.346183 0.918513
v -1.625417 0.304603 0.926945
v -1.629696 0.261634 0.936835
v -1.625417 0.218927 0.947803
v -1.612745 0.178124 0.959427
v -1.592167 0.140792 0.971261
v -1.564473 0.108367 0.982850
v -1.530729 0.082094 0.993749
v -1.492230 0.062984 1.003538
v -1.452070 0.051877 1.011600
v -1.450065 0.480231 0.898385
v -1.488437 0.464832 0.888815
v -1.525223 0.441606 0.881701
v -1.557466 0.411727 0.877784
v -1.583927 0.376341 0.877215
v -1.603589 0.336810 0.880014
v -1.615697 0.294653 0.886075
v -1.619785 0.251489 0.895164
v -1.615697 0.208977 0.906933
v -1.603589 0.168751 0.920928
v -1.583927 0.132357 0.936613
v -1.557466 0.101194 0.953384
v -1.525223 0.076458 0.970597
v -1.488437 0.059101 0.987591
v -1.450065 0.049824 1.003168
v -1.446406 0.478310 0.890495
v -1.481516 0.461199 0.873893
v -1.515174 0.436332 0.860039
v -1.544676 0.405014 0.850213
v -1.568888 0.368448 0.844794
v -1.586878 0.328040 0.843990
v -1.597957 0.285343 0.847832
v -1.601698 0.241996 0.856172
v -1.597957 0.199667 0.868690
v -1.586878 0.159981 0.884904
v -1.568888 0.124464 0.904192
v -1.544676 0.094481 0.925813
v -1.515174 0.071184 0.948934
v -1.481516 0.055469 0.972669
v -1.446405 0.047903 0.995278
v -1.441232 0.476595 0.883451
v -1.471731 0.457956 0.860571
v -1.500969 0.431624 0.840697
v -1.526596 0.399021 0.825595
v -1.547628 0.361401 0.815847
v -1.563256 0.320210 0.811826
v -1.572879 0.277030 0.813686
v -1.576129 0.233520 0.821357
v -1.572879 0.191354 0.834544
v -1.563256 0.152151 0.852740
v -1.547628 0.117417 0.875245
v -1.526596 0.088488 0.901195
v -1.500969 0.066476 0.929593
v -1.471731 0.052225 0.959346
v -1.441232 0.046189 0.988234
v -1.434743 0.475152 0.877523
v -1.459459 0.455226 0.849358
v -1.483153 0.427661 0.824419
v -1.503921 0.393977 0.804878
v -1.520964 0.355471 0.791486
v -1.533629 0.313620 0.784757
v -1.541428 0.270034 0.784951
v -1.544061 0.226388 0.792059
v -1.541428 0.184358 0.805808
v -1.533629 0.145561 0.825671
v -1.520964 0.111486 0.850884
v -1.503921 0.083444 0.880478
v -1.483153 0.062513 0.913315
v -1.459459 0.049496 0.948134
v -1.434743 0.044745 0.982306
v -1.427189 0.474036 0.872938
v -1.445172 0.453115 0.840688
v -1.462411 0.424596 0.811832
v -1.477521 0.390077 0.788857
v -1.489922 0.350884 0.772647
v -1.499136 0.308524 0.763825
v -1.504811 0.264624 0.762729
v -1.506727 0.220872 0.769402
v -1.504811 0.178948 0.783587
v -1.499136 0.140465 0.804739
v -1.489922 0.106900 0.832045
v -1.477521 0.079544 0.864457
v -1.462411 0.059448 0.900727
v -1.445172 0.047385 0.939464
v -1.427189 0.043629 0.977721
v -1.418859 0.473290 0.869874
v -1.429418 0.451704 0.834892
v -1.439540 0.422548 0.803418
v -1.448412 0.387470 0.778148
v -1.455693 0.347818 0.760054
v -1.461103 0.305118 0.749832
v -1.464435 0.261008 0.747875
v -1.465560 0.217185 0.754257
v -1.464435 0.175332 0.768733
v -1.461103 0.137058 0.790747
v -1.455693 0.103834 0.819453
v -1.448412 0.076937 0.853748
v -1.439540 0.057400 0.892313
v -1.429418 0.045974 0.933668
v -1.418859 0.042883 0.974657
v -1.410075 0.472943 0.868447
v -1.412803 0.451048 0.832194
v -1.415419 0.421594 0.799500
v -1.417712 0.386256 0.773162
v -1.419594 0.346391 0.754192
v -1.420992 0.303532 0.743318
v -1.421853 0.259324 0.740960
v -1.422144 0.215468 0.747206
v -1.421853 0.173649 0.761818
v -1.420992 0.135472 0.784233
v -1.419594 0.102407 0.813590
v -1.417712 0.075723 0.848762
v -1.415419 0.056446 0.888396
v -1.412803 0.045317 0.930970
v -1.410075 0.042536 0.973230
v -1.401172 0.473008 0.868713
v -1.395966 0.451170 0.832697
v -1.390975 0.421772 0.800231
v -1.386601 0.386482 0.774092
v -1.383011 0.346657 0.755285
v -1.380343 0.303827 0.744533
v -1.378700 0.259638 0.742249
v -1.378146 0.215788 0.748521
v -1.378700 0.173962 0.763107
v -1.380343 0.135768 0.785447
v -1.383011 0.102673 0.814683
v -1.386601 0.075950 0.849692
v -1.390975 0.056624 0.889127
v -1.395966 0.045439 0.931473
v -1.401172 0.042601 0.973496
v -1.392494 0.473482 0.870662
v -1.379553 0.452067 0.836382
v -1.367148 0.423074 0.805580
v -1.356274 0.388140 0.780901
v -1.347350 0.348607 0.763292
v -1.340719 0.305993 0.753429
v -1.336636 0.261937 0.751693
v -1.335257 0.218132 0.758150
v -1.336636 0.176262 0.772551
v -1.340719 0.137934 0.794344
v -1.347350 0.104622 0.822690
v -1.356274 0.077607 0.856501
v -1.367148 0.057926 0.894476
v -1.379553 0.046336 0.935158
v -1.392494 0.043075 0.975445
v -1.384374 0.474348 0.874217
v -1.364196 0.453704 0.843107
v -1.327897 0.391165 0.793327
v -1.303643 0.309946 0.769665
v -1.303643 0.141887 0.810580
v -1.327897 0.080632 0.868927
v -1.344852 0.060303 0.904240
v -1.364196 0.047974 0.941883
v -1.384374 0.043941 0.979001
v -1.295666 0.244155 0.771396
v -1.295666 0.201110 0.781875
v -1.363999 0.466918 0.865886
v -1.337380 0.443256 0.840281
v -1.313302 0.412821 0.819320
v -1.292826 0.376839 0.803953
v -1.276738 0.336691 0.794770
v -1.265656 0.293922 0.792125
v -1.260007 0.250174 0.796119
v -1.260007 0.207129 0.806598
v -1.265656 0.166441 0.823161
v -1.276738 0.129674 0.845169
v -1.292826 0.098240 0.871778
v -1.313302 0.073348 0.901965
v -1.337380 0.055953 0.934570
v -1.363999 0.046709 0.968186
v -1.279089 0.268896 0.780274
v -1.276583 0.225227 0.787291
v -1.279089 0.183220 0.801132
v -1.334550 0.427016 0.821770
v -1.298565 0.110521 0.846920
v -1.298565 0.354505 0.787521
v -1.355219 0.469127 0.874959
v -1.323165 0.446832 0.854968
v -1.294172 0.417633 0.839086
v -1.269516 0.382702 0.828038
v -1.250144 0.343381 0.822249
v -1.236800 0.301181 0.821941
v -1.229998 0.257723 0.827127
v -1.229998 0.214678 0.837606
v -1.236800 0.173700 0.852977
v -1.250144 0.136363 0.872648
v -1.269516 0.104103 0.895863
v -1.294172 0.078160 0.921731
v -1.323165 0.059529 0.949258
v -1.355219 0.048918 0.977259
v -1.316132 0.065673 0.926298
v -1.291343 0.087467 0.897001
v -1.255883 0.318876 0.806346
v -1.270999 0.360201 0.810915
v -1.344413 0.051673 0.957077
v -1.246574 0.275614 0.807869
v -1.373613 0.045869 0.986750
v -1.243431 0.232077 0.815427
v -1.373613 0.476197 0.881986
v -1.246574 0.189938 0.828727
v -1.344413 0.457403 0.858301
v -1.255883 0.150817 0.847260
v -1.316132 0.430821 0.837402
v -1.270999 0.116217 0.870314
v -1.291343 0.398000 0.821402
v -1.348428 0.471698 0.885522
v -1.312173 0.450995 0.872068
v -1.279379 0.423236 0.862099
v -1.251491 0.389529 0.856079
v -1.229579 0.351170 0.854241
v -1.214486 0.309632 0.856654
v -1.206791 0.266512 0.863227
v -1.206791 0.223467 0.873706
v -1.214486 0.182151 0.887690
v -1.229579 0.144152 0.904639
v -1.251491 0.110930 0.923904
v -1.279379 0.083762 0.944744
v -1.312173 0.063692 0.966358
v -1.348428 0.051490 0.987822
v -1.231062 0.158437 0.878561
v -1.220224 0.198027 0.861956
v -1.301206 0.435404 0.856224
v -1.334132 0.460560 0.871266
v -1.248661 0.123075 0.898484
v -1.272346 0.403832 0.845358
v -1.272346 0.093299 0.920958
v -1.248661 0.367059 0.839085
v -1.301206 0.070256 0.945120
v -1.231062 0.326496 0.837647
v -1.334132 0.054829 0.970042
v -1.220224 0.283703 0.841098
v -1.368128 0.047553 0.993667
v -1.216565 0.240325 0.849306
v -1.368128 0.477881 0.888903
v -1.343889 0.474534 0.897169
v -1.304825 0.455585 0.890923
v -1.269491 0.429413 0.887473
v -1.239442 0.397056 0.886998
v -1.215832 0.359757 0.889516
v -1.199570 0.318950 0.894930
v -1.191279 0.276202 0.903032
v -1.191279 0.233157 0.913512
v -1.199570 0.191469 0.925965
v -1.215832 0.152740 0.939915
v -1.239442 0.118457 0.954823
v -1.269491 0.089940 0.970119
v -1.304825 0.068282 0.985213
v -1.343889 0.054325 0.999469
v -1.326651 0.058399 0.984707
v -1.290346 0.075439 0.966410
v -1.201053 0.292853 0.878683
v -1.213003 0.335115 0.873051
v -1.364137 0.049458 1.001491
v -1.197018 0.249654 0.887627
v -1.364137 0.479786 0.896727
v -1.201053 0.207177 0.899541
v -1.326651 0.464130 0.885931
v -1.213003 0.167056 0.913965
v -1.290346 0.440587 0.877514
v -1.232408 0.130832 0.930346
v -1.258524 0.410429 0.872455
v -1.258524 0.099896 0.948055
v -1.232408 0.374816 0.870948
v -1.341776 0.477524 0.909452
v -1.301404 0.460426 0.910809
v -1.264887 0.435928 0.914234
v -1.233832 0.404995 0.919607
v -1.209432 0.368815 0.926719
v -1.192625 0.328778 0.935298
v -1.184057 0.286423 0.945013
v -1.184057 0.243378 0.955493
v -1.192625 0.201297 0.966333
v -1.209432 0.161797 0.977118
v -1.233832 0.126396 0.987432
v -1.264887 0.096455 0.996880
v -1.301404 0.073123 1.005098
v -1.341776 0.057315 1.011753
v -1.283970 0.446171 0.900454
v -1.322259 0.467977 0.901732
v -1.222865 0.139190 0.964678
v -1.202399 0.176343 0.952112
v -1.250408 0.417537 0.901652
v -1.250408 0.107004 0.977251
v -1.222865 0.383174 0.905279
v -1.283970 0.081023 0.989350
v -1.202399 0.344402 0.911198
v -1.322259 0.062246 1.000508
v -1.189796 0.302712 0.919179
v -1.361793 0.051510 1.009922
v -1.185540 0.259706 0.928917
v -1.361793 0.481838 0.905158
v -1.189796 0.217036 0.940037
v -1.342170 0.480555 0.921901
v -1.302042 0.465332 0.930960
v -1.265745 0.442531 0.941354
v -1.234878 0.413040 0.952652
v -1.210626 0.377993 0.964420
v -1.193920 0.338737 0.976206
v -1.185404 0.296780 0.987557
v -1.185404 0.253735 0.998036
v -1.193920 0.211256 1.007241
v -1.210626 0.170975 1.014819
v -1.234878 0.134441 1.020478
v -1.265745 0.103057 1.024000
v -1.302042 0.078029 1.025250
v -1.342170 0.060346 1.024201
v -1.186887 0.312901 0.961031
v -1.199659 0.354000 0.950622
v -1.361188 0.053631 1.018635
v -1.321124 0.066221 1.016837
v -1.182574 0.270095 0.971589
v -1.361188 0.483959 0.913871
v -1.186887 0.227225 0.981889
v -1.321124 0.471952 0.918062
v -1.199659 0.185941 0.991536
v -1.282322 0.451943 0.924161
v -1.220399 0.147827 1.000158
v -1.248311 0.424883 0.931825
v -1.248311 0.114350 1.007425
v -1.220399 0.391812 0.940760
v -1.282322 0.086795 1.013057
v -1.345056 0.483509 0.934035
v -1.306714 0.470115 0.950604
v -1.272033 0.448967 0.967790
v -1.242539 0.420882 0.984864
v -1.219366 0.386940 1.001171
v -1.203404 0.348445 1.016083
v -1.195267 0.306876 1.029027
v -1.195267 0.263831 1.039507
v -1.203404 0.220964 1.047118
v -1.219366 0.179922 1.051570
v -1.242539 0.142283 1.052690
v -1.272032 0.109493 1.050436
v -1.306714 0.082812 1.044894
v -1.345056 0.063300 1.036335
v -1.225104 0.156413 1.035424
v -1.204887 0.195481 1.030722
v -1.252312 0.432184 0.961817
v -1.285466 0.457680 0.947725
v -1.252312 0.121651 1.037416
v -1.225104 0.400397 0.976026
v -1.285466 0.092532 1.036621
v -1.204887 0.363540 0.989807
v -1.323290 0.070173 1.033069
v -1.192437 0.323029 1.002631
v -1.362343 0.055740 1.027295
v -1.188233 0.280420 1.014004
v -1.362343 0.486068 0.922531
v -1.192437 0.237353 1.023489
v -1.323290 0.475904 0.934293
v -1.350323 0.486273 0.945389
v -1.315240 0.474589 0.968985
v -1.283507 0.454989 0.992526
v -1.256520 0.428220 1.015006
v -1.235317 0.395312 1.035559
v -1.220712 0.357529 1.053396
v -1.213267 0.316323 1.067832
v -1.213267 0.273278 1.078311
v -1.220712 0.230048 1.084431
v -1.235317 0.188294 1.085958
v -1.256520 0.149621 1.082831
v -1.283507 0.115515 1.075172
v -1.315240 0.087287 1.063274
v -1.350323 0.066064 1.047689
v -1.365215 0.057754 1.035569
v -1.328673 0.073949 1.048578
v -1.202300 0.290287 1.054530
v -1.206233 0.332705 1.042379
v -1.365215 0.488082 0.930805
v -1.206233 0.247029 1.063237
v -1.328673 0.479679 0.949802
v -1.217883 0.204596 1.068164
v -1.293281 0.463161 0.970241
v -1.236800 0.164617 1.069121
v -1.262259 0.439161 0.990474
v -1.262259 0.128628 1.066073
v -1.236800 0.408601 1.009723
v -1.293281 0.098013 1.059137
v -1.217883 0.372655 1.027249
v -1.357768 0.488741 0.955527
v -1.327293 0.478585 0.985396
v -1.299728 0.460366 1.014612
v -1.276285 0.434772 1.041917
v -1.257867 0.402787 1.066262
v -1.245180 0.365639 1.086711
v -1.238712 0.324758 1.102478
v -1.238712 0.281713 1.112957
v -1.245180 0.238159 1.117746
v -1.257867 0.195769 1.116661
v -1.276285 0.156173 1.109743
v -1.299728 0.120892 1.097258
v -1.327293 0.091282 1.079686
v -1.357768 0.068532 1.057827
v -1.277768 0.445544 1.016694
v -1.305466 0.468177 0.990842
v -1.277768 0.135011 1.092294
v -1.255037 0.172123 1.099954
v -1.255037 0.416107 1.040555
v -1.305466 0.103029 1.079738
v -1.238147 0.380995 1.061508
v -1.337066 0.077403 1.062768
v -1.227746 0.341559 1.078748
v -1.369694 0.059597 1.043141
v -1.224234 0.299314 1.091612
v -1.369694 0.489926 0.938377
v -1.227746 0.255884 1.099606
v -1.337066 0.483134 0.963992
v -1.238147 0.212936 1.102422
v -1.367106 0.490818 0.964058
v -1.342409 0.481947 0.999207
v -1.320071 0.464891 1.033199
v -1.301074 0.440285 1.064566
v -1.286148 0.409077 1.092101
v -1.275867 0.372465 1.114748
v -1.270626 0.331856 1.131636
v -1.270626 0.288811 1.142115
v -1.275867 0.244984 1.145784
v -1.286148 0.202059 1.142500
v -1.301074 0.161686 1.132391
v -1.320071 0.125417 1.115845
v -1.342409 0.094644 1.093497
v -1.367106 0.070609 1.066358
v -1.253191 0.307156 1.123824
v -1.256147 0.349251 1.110341
v -1.375606 0.491527 0.944953
v -1.375606 0.061198 1.049717
v -1.256147 0.263575 1.131199
v -1.348148 0.486135 0.976319
v -1.264900 0.220181 1.132182
v -1.321554 0.472533 1.008738
v -1.279115 0.178643 1.126737
v -1.298245 0.451089 1.039471
v -1.298245 0.140557 1.115071
v -1.279115 0.422627 1.067338
v -1.321554 0.107385 1.097634
v -1.264900 0.388240 1.091268
v -1.348148 0.080404 1.075095
v -1.377978 0.492424 0.970656
v -1.360009 0.484547 1.009888
v -1.343756 0.468390 1.047573
v -1.329934 0.444549 1.082080
v -1.319074 0.413942 1.112083
v -1.311594 0.377743 1.136430
v -1.307780 0.337346 1.154184
v -1.307780 0.294301 1.164663
v -1.311594 0.250263 1.167465
v -1.319074 0.206924 1.162482
v -1.329934 0.165950 1.149905
v -1.343756 0.128916 1.130218
v -1.360009 0.097244 1.104177
v -1.377978 0.072215 1.072956
v -1.322901 0.145050 1.133529
v -1.308107 0.183927 1.148441
v -1.308107 0.427911 1.089043
v -1.322901 0.455583 1.057929
v -1.340926 0.110916 1.112136
v -1.297115 0.394112 1.115384
v -1.361492 0.082836 1.085084
v -1.290346 0.355484 1.135943
v -1.382726 0.062496 1.055047
v -1.288060 0.313511 1.149927
v -1.382726 0.492824 0.950283
v -1.290346 0.269808 1.156801
v -1.361492 0.488567 0.986309
v -1.297115 0.226052 1.156299
v -1.340926 0.476064 1.023240
v -1.389965 0.493498 0.975066
v -1.379414 0.486285 1.017027
v -1.369872 0.470729 1.057181
v -1.361756 0.447399 1.093787
v -1.355380 0.417193 1.125440
v -1.350987 0.381272 1.150922
v -1.348748 0.341015 1.169256
v -1.348748 0.297970 1.179735
v -1.350987 0.253791 1.181958
v -1.355380 0.210176 1.175838
v -1.361756 0.168800 1.161612
v -1.369871 0.131255 1.139826
v -1.379414 0.098983 1.111317
v -1.389965 0.073289 1.077366
v -1.390778 0.063440 1.058925
v -1.329028 0.274343 1.175428
v -1.327500 0.318135 1.168920
v -1.376585 0.490336 0.993577
v -1.390778 0.493768 0.954161
v -1.333553 0.230324 1.173845
v -1.362838 0.478633 1.033792
v -1.340901 0.187771 1.164232
v -1.350789 0.458853 1.071359
v -1.350789 0.148320 1.146959
v -1.340901 0.431756 1.104834
v -1.362838 0.113485 1.122688
v -1.333553 0.398383 1.132931
v -1.376585 0.084606 1.092353
v -1.329028 0.360018 1.154570
v -1.402607 0.493998 0.977119
v -1.399881 0.487095 1.020351
v -1.397415 0.471818 1.061653
v -1.395317 0.448726 1.099237
v -1.393669 0.418707 1.131658
v -1.392534 0.382914 1.157669
v -1.391956 0.342723 1.176272
v -1.391956 0.299678 1.186752
v -1.392534 0.255433 1.188705
v -1.393669 0.211690 1.182057
v -1.395317 0.170127 1.167063
v -1.397415 0.132344 1.144299
v -1.399881 0.099792 1.114640
v -1.402607 0.073789 1.079419
v -1.386448 0.114993 1.128883
v -1.380838 0.150239 1.154844
v -1.372814 0.400892 1.143234
v -1.376235 0.434013 1.114106
v -1.392847 0.085645 1.096620
v -1.370708 0.362681 1.165507
v -1.399455 0.063994 1.061202
v -1.369996 0.320850 1.180071
v -1.399455 0.494323 0.956438
v -1.370708 0.277005 1.186365
v -1.392847 0.491375 0.997844
v -1.372814 0.232832 1.184148
v -1.386448 0.480141 1.039987
v -1.376235 0.190029 1.173505
v -1.380838 0.460772 1.079244
v -1.415419 0.493905 0.976736
v -1.420621 0.486944 1.019731
v -1.425326 0.471615 1.060820
v -1.429328 0.448479 1.098221
v -1.432472 0.418425 1.130498
v -1.434637 0.382608 1.156411
v -1.435741 0.342405 1.174964
v -1.435741 0.299360 1.185443
v -1.434637 0.255127 1.187447
v -1.432472 0.211407 1.180897
v -1.429328 0.169880 1.166046
v -1.425326 0.132141 1.143465
v -1.420621 0.099641 1.114021
v -1.415419 0.073696 1.079036
v -1.409654 0.491644 0.998947
v -1.408422 0.494466 0.957026
v -1.413389 0.233481 1.186810
v -1.413782 0.277693 1.189192
v -1.410848 0.480531 1.041588
v -1.412752 0.190612 1.175901
v -1.411893 0.461268 1.081282
v -1.411893 0.150735 1.156882
v -1.412752 0.434596 1.116503
v -1.410848 0.115383 1.130484
v -1.413389 0.401540 1.145896
v -1.409654 0.085913 1.097723
v -1.413782 0.363369 1.168334
v -1.408422 0.064138 1.061790
v -1.413915 0.321551 1.182953
v -1.427908 0.493222 0.973932
v -1.440839 0.485839 1.015192
v -1.452534 0.470128 1.054711
v -1.462481 0.446667 1.090778
v -1.470296 0.416358 1.122006
v -1.475679 0.380365 1.147197
v -1.478423 0.340072 1.165381
v -1.478423 0.297027 1.175861
v -1.475679 0.252884 1.178232
v -1.470296 0.209340 1.172405
v -1.462481 0.168068 1.158603
v -1.452534 0.130654 1.137356
v -1.440839 0.098536 1.109481
v -1.427908 0.073013 1.076232
v -1.453720 0.400303 1.140816
v -1.449048 0.433483 1.111931
v -1.426360 0.085401 1.095619
v -1.435100 0.114639 1.127429
v -1.456597 0.362056 1.162941
v -1.417335 0.063864 1.060668
v -1.457568 0.320213 1.177454
v -1.417335 0.494193 0.955904
v -1.456597 0.276381 1.183799
v -1.426360 0.491132 0.996843
v -1.453720 0.232244 1.181731
v -1.435100 0.479787 1.038534
v -1.449048 0.189499 1.171329
v -1.442761 0.460322 1.077394
v -1.442761 0.149789 1.152994
v -1.439593 0.491976 0.968815
v -1.459756 0.483822 1.006908
v -1.477993 0.467413 1.043562
v -1.493503 0.443359 1.077193
v -1.505688 0.412584 1.106508
v -1.514082 0.376271 1.130380
v -1.518361 0.335814 1.147892
v -1.518361 0.292769 1.158371
v -1.514082 0.248790 1.161415
v -1.505688 0.205567 1.156906
v -1.493502 0.164761 1.145018
v -1.477993 0.127940 1.126207
v -1.459756 0.096519 1.101197
v -1.439593 0.071767 1.071115
v -1.492255 0.229170 1.169104
v -1.497506 0.273117 1.170394
v -1.458273 0.477939 1.030941
v -1.442322 0.489858 0.991613
v -1.483729 0.186733 1.159965
v -1.472255 0.457969 1.067730
v -1.472255 0.147436 1.143330
v -1.483729 0.430717 1.100567
v -1.458273 0.112791 1.119836
v -1.492255 0.397229 1.128189
v -1.442322 0.084127 1.090389
v -1.497506 0.358793 1.149536
v -1.425852 0.063185 1.057877
v -1.499279 0.316885 1.163787
v -1.425852 0.493513 0.953113
v -1.450027 0.490215 0.961581
v -1.476647 0.480971 0.995197
v -1.500724 0.463577 1.027802
v -1.521200 0.438684 1.057989
v -1.537288 0.407250 1.084598
v -1.548370 0.370483 1.106606
v -1.554019 0.329795 1.123168
v -1.554019 0.286750 1.133648
v -1.548370 0.243002 1.137642
v -1.537288 0.200233 1.134997
v -1.521200 0.160085 1.125814
v -1.500724 0.124103 1.110447
v -1.476647 0.093668 1.089486
v -1.450027 0.070006 1.063881
v -1.456927 0.082142 1.082233
v -1.479476 0.109908 1.107997
v -1.534937 0.353704 1.128635
v -1.527515 0.392436 1.108500
v -1.433644 0.062126 1.053526
v -1.537443 0.311697 1.142476
v -1.433644 0.492454 0.948762
v -1.534937 0.268029 1.149493
v -1.456927 0.487873 0.983457
v -1.527515 0.224377 1.149415
v -1.479476 0.475056 1.019101
v -1.515462 0.182419 1.142246
v -1.499241 0.454300 1.052661
v -1.499241 0.143768 1.128260
v -1.515462 0.426403 1.082847
v -1.458808 0.488006 0.952508
v -1.490861 0.477395 0.980509
v -1.519854 0.458764 1.008035
v -1.544510 0.432821 1.033903
v -1.563882 0.400561 1.057119
v -1.577226 0.363224 1.076790
v -1.584028 0.322246 1.092161
v -1.584028 0.279201 1.102640
v -1.577226 0.235743 1.107826
v -1.563882 0.193543 1.107518
v -1.544510 0.154222 1.101729
v -1.519854 0.119291 1.090681
v -1.490861 0.090092 1.074798
v -1.458808 0.067797 1.054808
v -1.497895 0.471251 1.003469
v -1.469613 0.485252 0.972690
v -1.543027 0.176723 1.118851
v -1.558144 0.218048 1.123421
v -1.522683 0.449457 1.032766
v -1.522683 0.138924 1.108365
v -1.543027 0.420708 1.059453
v -1.497895 0.106103 1.092365
v -1.558144 0.386107 1.082506
v -1.469613 0.079521 1.071466
v -1.567452 0.346986 1.101039
v -1.440413 0.060727 1.047781
v -1.570596 0.304847 1.114340
v -1.440413 0.491055 0.943017
v -1.567452 0.261310 1.121897
v -1.465598 0.485435 0.941945
v -1.501854 0.473232 0.963409
v -1.534647 0.453162 0.985023
v -1.562536 0.425994 1.005863
v -1.584448 0.392772 1.025128
v -1.599541 0.354773 1.042077
v -1.607235 0.313457 1.056060
v -1.607235 0.270412 1.066540
v -1.599541 0.227292 1.073113
v -1.584448 0.185755 1.075526
v -1.562536 0.147395 1.073688
v -1.534647 0.113688 1.067668
v -1.501854 0.085929 1.057699
v -1.465598 0.065226 1.044245
v -1.593802 0.338897 1.067811
v -1.582965 0.378487 1.051206
v -1.445898 0.059043 1.040864
v -1.479895 0.076364 1.058501
v -1.597461 0.296600 1.080461
v -1.445898 0.489371 0.936100
v -1.593802 0.253221 1.088669
v -1.479895 0.482095 0.959725
v -1.582965 0.210428 1.092120
v -1.512821 0.466668 0.984647
v -1.565365 0.169865 1.090682
v -1.541681 0.443625 1.008809
v -1.541680 0.133092 1.084409
v -1.565365 0.413850 1.031283
v -1.512821 0.101520 1.073543
v -1.470137 0.482599 0.930298
v -1.509202 0.468642 0.944554
v -1.544536 0.446985 0.959648
v -1.574585 0.418467 0.974944
v -1.598194 0.384184 0.989852
v -1.614457 0.345455 1.003802
v -1.622747 0.303767 1.016255
v -1.622747 0.260722 1.026734
v -1.614457 0.217974 1.034837
v -1.598194 0.177167 1.040251
v -1.574585 0.139868 1.042769
v -1.544536 0.107511 1.042294
v -1.509202 0.081339 1.038844
v -1.470137 0.062390 1.032598
v -1.581618 0.162108 1.058819
v -1.601024 0.201809 1.056716
v -1.555502 0.437028 0.981712
v -1.523680 0.461485 0.963357
v -1.555502 0.126495 1.057312
v -1.581618 0.406093 0.999421
v -1.523680 0.096337 1.052253
v -1.601024 0.369868 1.015802
v -1.487375 0.072794 1.043836
v -1.612974 0.329747 1.030226
v -1.449890 0.057138 1.033039
v -1.617009 0.287270 1.042140
v -1.449890 0.487466 0.928275
v -1.612974 0.244071 1.051084
v -1.487375 0.478525 0.945060
v -1.472250 0.479609 0.918014
v -1.512622 0.463801 0.924669
v -1.549139 0.440469 0.932887
v -1.580194 0.410528 0.942335
v -1.604594 0.375127 0.952649
v -1.621401 0.335627 0.963434
v -1.629969 0.293546 0.974274
v -1.629969 0.250501 0.984753
v -1.621401 0.208146 0.994469
v -1.604594 0.168110 1.003048
v -1.580194 0.131929 1.010160
v -1.549139 0.100996 1.015532
v -1.512622 0.076498 1.018958
v -1.472250 0.059400 1.020314
v -1.452233 0.055086 1.024609
v -1.491767 0.068947 1.028035
v -1.628486 0.277218 1.000850
v -1.624230 0.319888 0.989730
v -1.452233 0.485414 0.919845
v -1.624230 0.234212 1.010588
v -1.491767 0.474678 0.929259
v -1.611627 0.192522 1.018569
v -1.530057 0.455901 0.940417
v -1.591161 0.153750 1.024487
v -1.563618 0.429920 0.952516
v -1.563618 0.119387 1.028115
v -1.591161 0.397735 0.965089
v -1.530057 0.090753 1.029313
v -1.611627 0.360581 0.977655
v -1.471856 0.476578 0.905566
v -1.511985 0.458895 0.904517
v -1.548281 0.433867 0.905767
v -1.579148 0.402483 0.909289
v -1.603401 0.365949 0.914948
v -1.620106 0.325668 0.922525
v -1.628622 0.283189 0.931731
v -1.628622 0.240144 0.942210
v -1.620106 0.198187 0.953561
v -1.603401 0.158931 0.965347
v -1.579148 0.123884 0.977115
v -1.548281 0.094393 0.988413
v -1.511984 0.071592 0.998806
v -1.471856 0.056369 1.007866
v -1.565715 0.112041 0.997942
v -1.593627 0.145113 0.989007
v -1.593627 0.389097 0.929609
v -1.565715 0.422574 0.922342
v -1.531705 0.084981 1.005606
v -1.614368 0.350983 0.938231
v -1.492902 0.064972 1.011705
v -1.627139 0.309699 0.947878
v -1.452839 0.052965 1.015896
v -1.631452 0.266830 0.958178
v -1.452839 0.483293 0.911132
v -1.627139 0.224023 0.968736
v -1.492902 0.470703 0.912929
v -1.614368 0.182924 0.979145
v -1.531705 0.450129 0.916710
v -1.468970 0.473624 0.893432
v -1.507313 0.454112 0.884873
v -1.541994 0.427431 0.879331
v -1.571487 0.394641 0.877077
v -1.594661 0.357002 0.878197
v -1.610622 0.315960 0.882649
v -1.618760 0.273093 0.890260
v -1.618760 0.230048 0.900740
v -1.610622 0.188479 0.913684
v -1.594661 0.149984 0.928596
v -1.571487 0.116042 0.944902
v -1.541994 0.087957 0.961977
v -1.507313 0.066809 0.979163
v -1.468970 0.053415 0.995732
v -1.451683 0.481185 0.902472
v -1.451683 0.050856 1.007236
v -1.621589 0.213896 0.927136
v -1.625793 0.256504 0.915763
v -1.490737 0.466751 0.896698
v -1.609139 0.173384 0.939959
v -1.528561 0.444392 0.893146
v -1.588922 0.136527 0.953741
v -1.561714 0.415273 0.892350
v -1.561714 0.104740 0.967950
v -1.588922 0.380511 0.894342
v -1.528561 0.079244 0.982042
v -1.609139 0.341444 0.899045
v -1.490737 0.061020 0.995474
v -1.621589 0.299571 0.906278
v -1.463703 0.470860 0.882078
v -1.498787 0.449638 0.866493
v -1.530519 0.421409 0.854595
v -1.557506 0.387303 0.846936
v -1.578709 0.348630 0.843809
v -1.593314 0.306876 0.845336
v -1.600760 0.263646 0.851456
v -1.600760 0.220601 0.861935
v -1.593314 0.179395 0.876371
v -1.578709 0.141612 0.894208
v -1.557506 0.108704 0.914761
v -1.530519 0.081935 0.937240
v -1.498786 0.062335 0.960782
v -1.463703 0.050651 0.984378
v -1.577226 0.372308 0.860646
v -1.551767 0.408296 0.863694
v -1.520746 0.073763 0.959526
v -1.551767 0.097763 0.939293
v -1.596144 0.332328 0.861603
v -1.485353 0.057245 0.979965
v -1.607793 0.289895 0.866530
v -1.448811 0.048842 0.998962
v -1.611726 0.246637 0.875237
v -1.448811 0.479170 0.894198
v -1.607793 0.204219 0.887388
v -1.485354 0.462976 0.881189
v -1.596143 0.164269 0.902518
v -1.520746 0.438911 0.870630
v -1.577226 0.128323 0.920044
v -1.456258 0.468392 0.871940
v -1.486734 0.445642 0.850081
v -1.514299 0.416032 0.832509
v -1.537741 0.380751 0.820024
v -1.556159 0.341155 0.813106
v -1.568846 0.298766 0.812020
v -1.575314 0.255211 0.816809
v -1.575314 0.212166 0.827289
v -1.568846 0.171285 0.843056
v -1.556159 0.134138 0.863505
v -1.537741 0.102152 0.887849
v -1.514299 0.076559 0.915155
v -1.486733 0.058339 0.944371
v -1.456258 0.048183 0.974240
v -1.586281 0.195365 0.851019
v -1.589793 0.237610 0.838155
v -1.476960 0.459521 0.866999
v -1.444333 0.477327 0.886626
v -1.575880 0.155929 0.868259
v -1.508560 0.433895 0.850029
v -1.558989 0.120817 0.889212
v -1.536258 0.401913 0.837473
v -1.536258 0.091380 0.913073
v -1.558989 0.364801 0.829813
v -1.508560 0.068747 0.938925
v -1.575880 0.323988 0.827344
v -1.476960 0.053790 0.965774
v -1.586281 0.281041 0.830161
v -1.444333 0.046999 0.991390
v -1.446920 0.466315 0.863408
v -1.471617 0.442280 0.836270
v -1.493955 0.411507 0.813922
v -1.512952 0.375238 0.797376
v -1.527878 0.334865 0.787267
v -1.538159 0.291940 0.783983
v -1.543401 0.248113 0.787652
v -1.543401 0.205068 0.798131
v -1.538159 0.164459 0.815019
v -1.527878 0.127847 0.837666
v -1.512952 0.096639 0.865201
v -1.493955 0.072034 0.896568
v -1.471617 0.054977 0.930560
v -1.446920 0.046106 0.965709
v -1.492472 0.064391 0.921029
v -1.515782 0.085835 0.890296
v -1.549126 0.316743 0.797585
v -1.534912 0.358281 0.803030
v -1.465878 0.050789 0.953448
v -1.557879 0.273349 0.798568
v -1.438420 0.045397 0.984813
v -1.560835 0.229768 0.805943
v -1.438420 0.475726 0.880049
v -1.557879 0.187673 0.819426
v -1.465878 0.456520 0.854672
v -1.549126 0.148684 0.838499
v -1.492472 0.429539 0.832133
v -1.534912 0.114297 0.862429
v -1.515782 0.396368 0.814696
v -1.436049 0.464709 0.856811
v -1.454018 0.439680 0.825590
v -1.470270 0.408008 0.799549
v -1.484092 0.370974 0.779862
v -1.494952 0.330000 0.767285
v -1.502433 0.286662 0.762302
v -1.506246 0.242624 0.765104
v -1.506246 0.199579 0.775583
v -1.502433 0.159181 0.793337
v -1.494952 0.122982 0.817684
v -1.484092 0.092375 0.847687
v -1.470270 0.068534 0.882194
v -1.454018 0.052377 0.919879
v -1.436049 0.044500 0.959111
v -1.452535 0.454088 0.844682
v -1.431301 0.474428 0.874720
v -1.516911 0.142812 0.814383
v -1.523680 0.181441 0.793824
v -1.473100 0.426008 0.817631
v -1.505919 0.109013 0.840724
v -1.491126 0.391874 0.796238
v -1.491126 0.081341 0.871838
v -1.505919 0.352997 0.781326
v -1.473100 0.060860 0.906527
v -1.516911 0.310872 0.773468
v -1.452534 0.048357 0.943458
v -1.523680 0.267116 0.772966
v -1.431301 0.044100 0.979484
v -1.525966 0.223413 0.779840
v -1.424061 0.463635 0.852401
v -1.434612 0.437942 0.818450
v -1.444155 0.405669 0.789941
v -1.452270 0.368124 0.768155
v -1.458647 0.326748 0.753928
v -1.463039 0.283133 0.747809
v -1.465278 0.238954 0.750032
v -1.465278 0.195909 0.760511
v -1.463039 0.155652 0.778845
v -1.458647 0.119731 0.804327
v -1.452270 0.089525 0.835980
v -1.444155 0.066195 0.872586
v -1.434612 0.050639 0.912740
v -1.424061 0.043426 0.954701
v -1.480473 0.306600 0.755922
v -1.473126 0.349153 0.765535
v -1.437441 0.046588 0.936190
v -1.451188 0.058291 0.895975
v -1.484998 0.262582 0.754339
v -1.423248 0.043156 0.975606
v -1.486526 0.218789 0.760847
v -1.423248 0.473484 0.870842
v -1.484998 0.176906 0.775197
v -1.437441 0.452318 0.837414
v -1.480473 0.138541 0.796836
v -1.451188 0.423439 0.807079
v -1.473126 0.105169 0.824933
v -1.463237 0.388604 0.782808
v -1.463237 0.078072 0.858408
v -1.411419 0.463135 0.850348
v -1.414146 0.437132 0.815127
v -1.416612 0.404580 0.785468
v -1.418709 0.366797 0.762704
v -1.420357 0.325235 0.747710
v -1.421492 0.281491 0.741062
v -1.422071 0.237246 0.743015
v -1.422071 0.194201 0.753495
v -1.421492 0.154010 0.772098
v -1.420357 0.118217 0.798109
v -1.418709 0.088198 0.830530
v -1.416612 0.065106 0.868114
v -1.414146 0.049830 0.909416
v -1.411419 0.042926 0.952648
v -1.441212 0.136033 0.786533
v -1.443319 0.174243 0.764260
v -1.427579 0.421931 0.800884
v -1.421179 0.451280 0.833147
v -1.437791 0.102911 0.815661
v -1.433188 0.386685 0.774923
v -1.433188 0.076152 0.850523
v -1.437791 0.346895 0.756262
v -1.427579 0.056783 0.889780
v -1.441212 0.304092 0.745619
v -1.421179 0.045549 0.931923
v -1.443319 0.259919 0.743402
v -1.414571 0.042602 0.973329
v -1.444030 0.216074 0.749696
v -1.414571 0.472930 0.868565
v -1.398607 0.463228 0.850731
v -1.393405 0.437283 0.815746
v -1.388700 0.404783 0.786302
v -1.384699 0.367044 0.763721
v -1.381554 0.325517 0.748870
v -1.379389 0.281797 0.742320
v -1.378285 0.237565 0.744324
v -1.378285 0.194520 0.754803
v -1.379389 0.154316 0.773355
v -1.381554 0.118499 0.799268
v -1.384699 0.088445 0.831546
v -1.388700 0.065309 0.868948
v -1.393405 0.049980 0.910036
v -1.398607 0.043020 0.953031
v -1.404372 0.045280 0.930820
v -1.403179 0.056393 0.888178
v -1.400244 0.259231 0.740575
v -1.400637 0.303444 0.742956
v -1.405604 0.042458 0.972741
v -1.400111 0.215373 0.746814
v -1.405604 0.472787 0.867977
v -1.400244 0.173555 0.761433
v -1.404372 0.451011 0.832044
v -1.400637 0.135384 0.783871
v -1.403179 0.421541 0.799283
v -1.401275 0.102328 0.813264
v -1.402133 0.386189 0.772885
v -1.402133 0.075656 0.848485
v -1.401275 0.346312 0.753866
v -1.386119 0.463911 0.853535
v -1.373188 0.438388 0.820286
v -1.361492 0.406270 0.792411
v -1.351545 0.368856 0.771164
v -1.343730 0.327584 0.757362
v -1.338347 0.284040 0.751535
v -1.335603 0.239898 0.753906
v -1.335603 0.196853 0.764386
v -1.338347 0.156559 0.782570
v -1.343730 0.120567 0.807761
v -1.351545 0.090257 0.838989
v -1.361492 0.066797 0.875056
v -1.373188 0.051086 0.914575
v -1.386119 0.043702 0.955835
v -1.364978 0.103441 0.817836
v -1.360307 0.136621 0.788951
v -1.371266 0.387135 0.776773
v -1.378926 0.422285 0.802337
v -1.371266 0.076602 0.852373
v -1.364978 0.347425 0.758438
v -1.378926 0.057137 0.891233
v -1.360307 0.304680 0.748036
v -1.387667 0.045793 0.932924
v -1.357430 0.260544 0.745968
v -1.396691 0.042732 0.973863
v -1.356458 0.216711 0.752312
v -1.396691 0.473060 0.869099
v -1.357430 0.174868 0.766826
v -1.387667 0.451523 0.834148
v -1.374433 0.465157 0.858652
v -1.336033 0.069511 0.886205
v -1.354270 0.053102 0.922859
v -1.374433 0.044948 0.960952
v -1.388175 0.043411 0.976654
v -1.371705 0.047066 0.938154
v -1.388175 0.473739 0.871890
v -1.371705 0.452797 0.839378
v -1.321771 0.139695 0.801577
v -1.341772 0.389488 0.786437
v -1.341772 0.078955 0.862037
v -1.355753 0.058985 0.898826
v -1.321771 0.307754 0.760663
v -1.393624 0.481154 0.889126
v -1.354270 0.440405 0.828570
v -1.336033 0.408984 0.803559
v -1.320524 0.372164 0.784749
v -1.308338 0.331358 0.772861
v -1.299945 0.288134 0.768352
v -1.299945 0.160654 0.799387
v -1.308338 0.124340 0.823259
v -1.320524 0.093565 0.852574
v -1.393624 0.044749 0.995369
v -1.389336 0.481877 0.892099
v -1.389336 0.045473 0.998342
v -1.286512 0.312548 0.780352
v -1.380382 0.044470 0.981005
v -1.357100 0.049051 0.946310
v -1.380382 0.474799 0.876241
v -1.357100 0.454782 0.847534
v -1.286512 0.144488 0.821266
v -1.314785 0.393157 0.801507
v -1.314785 0.082624 0.877106
v -1.334550 0.061868 0.910666
v -1.385728 0.482785 0.895827
v -1.385728 0.046380 1.002070
v -1.382937 0.483842 0.900168
v -1.382937 0.047437 1.006411
v -1.381072 0.485007 0.904954
v -1.381072 0.048603 1.011198
v -1.380204 0.486236 0.910003
v -1.380203 0.049831 1.016246
v -1.380365 0.487481 0.915118
v -1.380365 0.051077 1.021362
v -1.381551 0.488696 0.920105
v -1.381551 0.052291 1.026348
v -1.383716 0.489831 0.924771
v -1.383716 0.053427 1.031014
v -1.386776 0.490846 0.928937
v -1.386776 0.054441 1.035180
v -1.390613 0.491699 0.932443
v -1.390613 0.055295 1.038687
v -1.395081 0.492359 0.935154
v -1.395081 0.055955 1.041398
v -1.400007 0.492801 0.936967
v -1.400007 0.056396 1.043210
v -1.405203 0.493006 0.937811
v -1.405203 0.056601 1.044054
v -1.410468 0.492968 0.937653
v -1.410468 0.056563 1.043897
v -1.415600 0.492687 0.936501
v -1.415600 0.056283 1.042744
v -1.420402 0.492175 0.934398
v -1.420402 0.055771 1.040641
v -1.424690 0.491451 0.931425
v -1.424690 0.055047 1.037668
v -1.428299 0.490544 0.927696
v -1.428299 0.054139 1.033940
v -1.431089 0.489487 0.923356
v -1.431089 0.053082 1.029599
v -1.432954 0.488322 0.918569
v -1.432954 0.051917 1.024812
v -1.433823 0.487093 0.913521
v -1.433823 0.050688 1.019764
v -1.433661 0.485847 0.908405
v -1.433661 0.049443 1.014649
v -1.432475 0.484633 0.903419
v -1.432475 0.048229 1.009662
v -1.430310 0.483497 0.898753
v -1.430310 0.047093 1.004996
v -1.427251 0.482483 0.894587
v -1.427251 0.046078 1.000830
v -1.423413 0.481629 0.891080
v -1.423413 0.045225 0.997324
v -1.418946 0.480969 0.888369
v -1.418946 0.044565 0.994612
v -1.414019 0.480528 0.886557
v -1.414019 0.044124 0.992800
v -1.408824 0.480323 0.885713
v -1.408824 0.043918 0.991956
v -1.403559 0.480361 0.885870
v -1.403559 0.043956 0.992114
v -1.398426 0.480642 0.887023
v -1.398426 0.044237 0.993266
v -1.314748 0.220039 0.765980
v -1.316521 0.263807 0.759373
v -1.316521 0.178131 0.780231
v -1.355753 0.424133 0.809931
v -1.330297 0.106207 0.829200
v -1.330297 0.350192 0.769802
v -1.282200 0.290829 0.779421
v -1.369003 0.045763 0.964279
v -1.277212 0.246958 0.782907
v -1.389046 0.480247 0.887411
v -1.389046 0.044766 0.993429
v -1.277212 0.203913 0.793386
v -1.369003 0.465962 0.861980
v -1.282200 0.163348 0.810456
v -1.345529 0.441733 0.834022
v -1.291985 0.126823 0.833461
v -1.324270 0.410771 0.810898
v -1.306190 0.095741 0.861516
v -1.306190 0.374340 0.793690
v -1.324270 0.071297 0.893543
v -1.291985 0.333841 0.783062
v -1.345529 0.054430 0.928312
v -1.303238 0.075643 0.911392
v -1.262747 0.339882 0.807875
v -1.329901 0.057659 0.941575
v -1.250475 0.297384 0.806345
v -1.359342 0.047759 0.972478
v -1.244219 0.253774 0.810907
v -1.384480 0.481190 0.891286
v -1.384480 0.045710 0.997305
v -1.244219 0.210729 0.821387
v -1.359342 0.467958 0.870180
v -1.250475 0.169903 0.837380
v -1.329901 0.444962 0.847286
v -1.262747 0.132864 0.858274
v -1.303238 0.415116 0.828747
v -1.280563 0.101036 0.883265
v -1.280563 0.379635 0.815440
v -1.224766 0.177796 0.869801
v -1.317237 0.448850 0.863256
v -1.239053 0.140138 0.888153
v -1.286194 0.420349 0.850240
v -1.259795 0.107412 0.909454
v -1.259795 0.386011 0.841629
v -1.286194 0.080875 0.932885
v -1.239053 0.347156 0.837754
v -1.317237 0.061547 0.957546
v -1.224766 0.305277 0.838766
v -1.351513 0.050163 0.982351
v -1.217483 0.261983 0.844623
v -1.380779 0.482326 0.895953
v -1.380779 0.046846 1.001972
v -1.217483 0.218938 0.855103
v -1.351513 0.470362 0.880053
v -1.308022 0.065945 0.975610
v -1.206061 0.314204 0.875436
v -1.345816 0.052882 0.993518
v -1.198030 0.271267 0.882760
v -1.378086 0.483611 0.901232
v -1.378086 0.048131 1.007251
v -1.198030 0.228222 0.893239
v -1.345816 0.473080 0.891220
v -1.206061 0.186723 0.906472
v -1.308022 0.453247 0.881320
v -1.221814 0.148366 0.921949
v -1.273794 0.426267 0.874550
v -1.244685 0.114624 0.939076
v -1.244685 0.393223 0.871251
v -1.273794 0.086793 0.957195
v -1.221814 0.355384 0.871550
v -1.302612 0.457986 0.900784
v -1.211692 0.157231 0.958363
v -1.266513 0.432644 0.900744
v -1.235813 0.122394 0.970994
v -1.235813 0.400993 0.903168
v -1.266513 0.093170 0.983389
v -1.211692 0.364249 0.907965
v -1.302612 0.070683 0.995074
v -1.195078 0.323824 0.914948
v -1.342472 0.055811 1.005551
v -1.186608 0.281271 0.923851
v -1.376505 0.484996 0.906920
v -1.376505 0.049516 1.012938
v -1.186608 0.238226 0.934330
v -1.342472 0.476010 0.903253
v -1.195078 0.196343 0.945984
v -1.192239 0.333765 0.955783
v -1.341607 0.058838 1.017987
v -1.183656 0.291609 0.966317
v -1.376097 0.486427 0.912798
v -1.376096 0.050947 1.018816
v -1.183656 0.248564 0.976797
v -1.341607 0.479037 0.915689
v -1.192239 0.206284 0.986818
v -1.301214 0.462883 0.920900
v -1.209077 0.166393 0.995997
v -1.264631 0.439235 0.927815
v -1.233520 0.130425 1.003980
v -1.233520 0.409024 0.936154
v -1.264631 0.099761 1.010460
v -1.209077 0.373411 0.945598
v -1.301214 0.075580 1.015189
v -1.214067 0.175500 1.033403
v -1.268221 0.445785 0.954722
v -1.237895 0.138407 1.036766
v -1.237895 0.417005 0.968941
v -1.268221 0.106311 1.037367
v -1.214067 0.382517 0.983004
v -1.303881 0.080448 1.035183
v -1.197655 0.343646 0.996371
v -1.343256 0.061847 1.030347
v -1.189288 0.301885 1.008527
v -1.376876 0.487850 0.918641
v -1.376876 0.052369 1.024659
v -1.189288 0.258840 1.019007
v -1.343256 0.482046 0.928049
v -1.197655 0.216165 1.027406
v -1.303882 0.467751 0.940894
v -1.347356 0.064723 1.042157
v -1.203286 0.311704 1.048859
v -1.378814 0.489209 0.924223
v -1.378814 0.053728 1.030241
v -1.203286 0.268659 1.059338
v -1.347356 0.484922 0.939859
v -1.211115 0.225606 1.066188
v -1.310512 0.472402 0.959998
v -1.226473 0.184201 1.069144
v -1.277145 0.452044 0.980432
v -1.248768 0.146033 1.068094
v -1.248768 0.424632 1.000268
v -1.277145 0.112571 1.063077
v -1.226473 0.391218 1.018745
v -1.310512 0.085099 1.054287
v -1.211115 0.353087 1.035152
v -1.291059 0.457771 1.003956
v -1.265723 0.153012 1.096758
v -1.265723 0.431611 1.028933
v -1.291059 0.118298 1.086602
v -1.245816 0.399180 1.051448
v -1.320852 0.089354 1.071767
v -1.232105 0.361726 1.070637
v -1.353748 0.067354 1.052964
v -1.225114 0.320688 1.085762
v -1.381835 0.490452 0.929331
v -1.381835 0.054972 1.035350
v -1.225114 0.277643 1.096241
v -1.353748 0.487552 0.950666
v -1.232105 0.234245 1.101672
v -1.320852 0.476657 0.977478
v -1.245816 0.192162 1.101847
v -1.253932 0.328492 1.117818
v -1.385824 0.491532 0.933768
v -1.385824 0.056052 1.039787
v -1.253932 0.285447 1.128297
v -1.362186 0.489838 0.960053
v -1.259815 0.241750 1.132497
v -1.334502 0.480354 0.992662
v -1.271355 0.199078 1.130255
v -1.309430 0.462746 1.024391
v -1.288108 0.159073 1.121658
v -1.288108 0.437672 1.053833
v -1.309430 0.123272 1.107036
v -1.271355 0.406096 1.079856
v -1.334502 0.093051 1.086952
v -1.259815 0.369230 1.101461
v -1.362186 0.069639 1.062351
v -1.315062 0.163986 1.141836
v -1.315062 0.442585 1.074011
v -1.331550 0.127304 1.123596
v -1.302106 0.411701 1.102877
v -1.350939 0.096047 1.099257
v -1.293183 0.375312 1.126441
v -1.372348 0.071491 1.069958
v -1.288633 0.334817 1.143796
v -1.390627 0.492408 0.937364
v -1.390627 0.056927 1.043383
v -1.288633 0.291772 1.154275
v -1.372348 0.491690 0.967660
v -1.293183 0.247831 1.157476
v -1.350939 0.483349 1.004967
v -1.302106 0.204683 1.153276
v -1.331550 0.466778 1.040951
v -1.396060 0.057564 1.045999
v -1.327884 0.296373 1.173176
v -1.383842 0.493037 0.973195
v -1.330925 0.252255 1.175651
v -1.369531 0.485529 1.013920
v -1.336890 0.208761 1.170026
v -1.356571 0.469711 1.052999
v -1.345549 0.167560 1.156518
v -1.345549 0.446159 1.088692
v -1.356571 0.130237 1.135645
v -1.336890 0.415778 1.119627
v -1.369531 0.098226 1.108210
v -1.330925 0.379736 1.144615
v -1.383842 0.072838 1.075493
v -1.327884 0.339418 1.162697
v -1.396060 0.493045 0.939980
v -1.383530 0.131959 1.142719
v -1.374367 0.418173 1.129462
v -1.389564 0.099506 1.113467
v -1.371590 0.382334 1.155287
v -1.396226 0.073629 1.078742
v -1.370175 0.342120 1.173794
v -1.401914 0.493419 0.941517
v -1.401914 0.057938 1.047535
v -1.370175 0.299075 1.184274
v -1.396226 0.493828 0.976444
v -1.371590 0.254853 1.186322
v -1.389564 0.486809 1.019177
v -1.374367 0.211155 1.179861
v -1.383530 0.471433 1.060074
v -1.378399 0.169659 1.165138
v -1.378399 0.448258 1.097312
v -1.409024 0.494033 0.977284
v -1.413618 0.255525 1.189080
v -1.410267 0.487140 1.020536
v -1.413100 0.211774 1.182402
v -1.411391 0.471878 1.061902
v -1.412348 0.170201 1.167365
v -1.412348 0.448800 1.099540
v -1.411391 0.132405 1.144547
v -1.413100 0.418791 1.132003
v -1.410267 0.099837 1.114825
v -1.413618 0.383006 1.158044
v -1.409024 0.073834 1.079582
v -1.413882 0.342818 1.176662
v -1.407964 0.493515 0.941914
v -1.407964 0.058035 1.047932
v -1.413882 0.299773 1.187142
v -1.451598 0.417611 1.127154
v -1.430844 0.099206 1.112233
v -1.455391 0.381725 1.152783
v -1.421746 0.073444 1.077980
v -1.457324 0.341486 1.171191
v -1.413977 0.493331 0.941156
v -1.413977 0.057851 1.047174
v -1.457324 0.298441 1.181670
v -1.421746 0.493643 0.975682
v -1.455391 0.254244 1.183818
v -1.430845 0.486509 1.017944
v -1.451598 0.210593 1.177553
v -1.439085 0.471029 1.058414
v -1.446092 0.169166 1.163115
v -1.446092 0.447765 1.095290
v -1.439085 0.131555 1.141059
v -1.495305 0.251060 1.170739
v -1.450507 0.484940 1.011501
v -1.488384 0.207659 1.165500
v -1.465545 0.468918 1.049744
v -1.478335 0.166594 1.152550
v -1.478335 0.445193 1.084725
v -1.465545 0.129445 1.132389
v -1.488384 0.414676 1.115101
v -1.450507 0.097637 1.105790
v -1.495305 0.378541 1.139704
v -1.433901 0.072474 1.073997
v -1.498834 0.338175 1.157589
v -1.419723 0.492873 0.939273
v -1.419723 0.057392 1.045292
v -1.498834 0.295130 1.168068
v -1.433901 0.492673 0.971699
v -1.468497 0.095191 1.095744
v -1.531826 0.373576 1.119311
v -1.445023 0.070962 1.067786
v -1.536815 0.333011 1.136381
v -1.424980 0.492158 0.936338
v -1.424980 0.056678 1.042356
v -1.536815 0.289966 1.146860
v -1.445023 0.491161 0.965488
v -1.531826 0.246095 1.150346
v -1.468497 0.482494 1.001455
v -1.522042 0.203083 1.146705
v -1.489757 0.465627 1.036224
v -1.507837 0.162584 1.136077
v -1.507837 0.441183 1.068251
v -1.489757 0.126153 1.118869
v -1.522042 0.410101 1.096306
v -1.484125 0.479265 0.988192
v -1.551279 0.197042 1.121891
v -1.510788 0.461282 1.018375
v -1.533464 0.157289 1.114327
v -1.533464 0.435888 1.046502
v -1.510788 0.121808 1.101020
v -1.551279 0.404060 1.071493
v -1.484125 0.091963 1.082481
v -1.563551 0.367021 1.092386
v -1.454684 0.068966 1.059587
v -1.569807 0.326195 1.108380
v -1.429547 0.491214 0.932462
v -1.429547 0.055734 1.038480
v -1.569807 0.283150 1.118860
v -1.454684 0.489165 0.957289
v -1.563551 0.239540 1.123422
v -1.589260 0.359128 1.059966
v -1.462514 0.066562 1.049714
v -1.596544 0.317986 1.074664
v -1.433248 0.490078 0.927795
v -1.433248 0.054598 1.033813
v -1.596544 0.274941 1.085143
v -1.462514 0.486761 0.947416
v -1.589260 0.231647 1.091001
v -1.496790 0.475377 0.972221
v -1.574973 0.189768 1.092013
v -1.527832 0.456049 0.996882
v -1.554231 0.150913 1.088138
v -1.554231 0.429512 1.020313
v -1.527832 0.116575 1.079527
v -1.574973 0.396786 1.041614
v -1.496790 0.088074 1.066511
v -1.592212 0.181540 1.058217
v -1.540232 0.450131 0.972571
v -1.569341 0.143701 1.058516
v -1.569341 0.422300 0.990690
v -1.540232 0.110657 1.055217
v -1.592212 0.388558 1.007818
v -1.506004 0.083677 1.048446
v -1.607966 0.350201 1.023295
v -1.468210 0.063844 1.038546
v -1.615997 0.308702 1.036528
v -1.435940 0.488793 0.922516
v -1.435940 0.053313 1.028535
v -1.615997 0.265657 1.047007
v -1.468210 0.484043 0.936248
v -1.607966 0.222720 1.054330
v -1.506004 0.470980 0.954157
v -1.471555 0.060914 1.026514
v -1.627419 0.298698 0.995437
v -1.437521 0.487408 0.916829
v -1.437521 0.051928 1.022847
v -1.627419 0.255653 1.005916
v -1.471555 0.481113 0.924216
v -1.618948 0.213101 1.014819
v -1.511414 0.466241 0.934693
v -1.602334 0.172675 1.021802
v -1.547513 0.443754 0.946377
v -1.578213 0.135931 1.026598
v -1.578213 0.414530 0.958773
v -1.547513 0.104280 1.029023
v -1.602334 0.379693 0.971403
v -1.511414 0.078938 1.028983
v -1.618948 0.340581 0.983783
v -1.580506 0.127901 0.993613
v -1.580506 0.406500 0.925787
v -1.549395 0.097689 1.001952
v -1.604950 0.370531 0.933770
v -1.512812 0.074041 1.008867
v -1.621787 0.330640 0.942949
v -1.472419 0.057887 1.014078
v -1.630370 0.288360 0.952970
v -1.437930 0.485977 0.910951
v -1.437930 0.050497 1.016969
v -1.630370 0.245315 0.963450
v -1.472419 0.478086 0.911780
v -1.621787 0.203159 0.973984
v -1.512812 0.461344 0.914578
v -1.604950 0.163513 0.984169
v -1.549395 0.437163 0.919307
v -1.437150 0.484555 0.905108
v -1.437150 0.049075 1.011126
v -1.624739 0.235039 0.921240
v -1.470770 0.475077 0.899420
v -1.616372 0.193278 0.933396
v -1.510145 0.456476 0.894584
v -1.599959 0.154407 0.946763
v -1.545805 0.430613 0.892399
v -1.576132 0.119919 0.960826
v -1.576132 0.398518 0.893001
v -1.545805 0.091139 0.975045
v -1.599959 0.361425 0.896364
v -1.510145 0.069173 0.988873
v -1.616372 0.320759 0.902361
v -1.470770 0.054878 1.001718
v -1.624739 0.278084 0.910760
v -1.565258 0.390891 0.861673
v -1.536881 0.084880 0.949335
v -1.587553 0.352723 0.860623
v -1.503514 0.064523 0.969769
v -1.602911 0.311318 0.863579
v -1.466671 0.052003 0.989908
v -1.610740 0.268265 0.870429
v -1.435213 0.483196 0.899525
v -1.435213 0.047716 1.005544
v -1.610740 0.225220 0.880908
v -1.466671 0.472201 0.887610
v -1.602911 0.183837 0.894615
v -1.503514 0.451825 0.875480
v -1.587554 0.145706 0.911022
v -1.536881 0.424354 0.866690
v -1.565258 0.112292 0.929498
v -1.588912 0.216236 0.844005
v -1.460279 0.469571 0.876803
v -1.581922 0.175198 0.859130
v -1.493175 0.447570 0.858000
v -1.568210 0.137744 0.878319
v -1.522967 0.418627 0.843165
v -1.548303 0.105314 0.900834
v -1.548303 0.383913 0.833009
v -1.522967 0.079153 0.925811
v -1.568210 0.344762 0.827920
v -1.493175 0.060267 0.952289
v -1.581922 0.302679 0.828095
v -1.460279 0.049372 0.979101
v -1.588912 0.259281 0.833526
v -1.432191 0.481952 0.894417
v -1.432191 0.046472 1.000436
v -1.504596 0.074178 0.905376
v -1.542671 0.337846 0.799512
v -1.479524 0.056570 0.937105
v -1.554211 0.295175 0.797270
v -1.451840 0.047086 0.969714
v -1.560094 0.251477 0.801470
v -1.428202 0.480872 0.889980
v -1.428202 0.045392 0.995999
v -1.560094 0.208432 0.811949
v -1.451840 0.467285 0.867416
v -1.554211 0.167694 0.828306
v -1.479524 0.443873 0.842815
v -1.542671 0.130828 0.849911
v -1.504596 0.413652 0.822731
v -1.525919 0.099252 0.875934
v -1.525919 0.377851 0.808109
v -1.441678 0.465433 0.859809
v -1.520844 0.161612 0.803326
v -1.463087 0.440878 0.830510
v -1.511920 0.125224 0.826890
v -1.482476 0.409620 0.806171
v -1.498965 0.094339 0.855756
v -1.498965 0.372938 0.787931
v -1.482476 0.070146 0.888816
v -1.511920 0.332241 0.776491
v -1.463087 0.053575 0.924800
v -1.520844 0.289093 0.772291
v -1.441678 0.045234 0.962107
v -1.525393 0.245153 0.775492
v -1.423399 0.479997 0.886384
v -1.423399 0.044516 0.992403
v -1.525393 0.202108 0.785971
v -1.477137 0.328164 0.759741
v -1.444495 0.051395 0.915847
v -1.483102 0.284669 0.754116
v -1.430185 0.043887 0.956572
v -1.486143 0.240551 0.756591
v -1.417966 0.479360 0.883768
v -1.417966 0.043879 0.989787
v -1.486143 0.197506 0.767070
v -1.430185 0.464086 0.854274
v -1.483102 0.157188 0.785152
v -1.444495 0.438698 0.821557
v -1.477137 0.121146 0.810140
v -1.457455 0.406687 0.794122
v -1.468477 0.090765 0.841075
v -1.468477 0.369364 0.773249
v -1.457455 0.067213 0.876768
v -1.442436 0.154590 0.774480
v -1.424463 0.437418 0.816300
v -1.439659 0.118752 0.800305
v -1.430496 0.404965 0.787048
v -1.435627 0.088666 0.832455
v -1.435627 0.367265 0.764629
v -1.430496 0.065491 0.869693
v -1.439659 0.325769 0.749906
v -1.424463 0.050115 0.910590
v -1.442436 0.282071 0.743445
v -1.417801 0.043096 0.953323
v -1.443851 0.237849 0.745493
v -1.412112 0.478986 0.882232
v -1.412112 0.043505 0.988250
v -1.443852 0.194804 0.755973
v -1.417801 0.463295 0.851025
v -1.403760 0.049785 0.909231
v -1.400409 0.281399 0.740687
v -1.405002 0.042891 0.952483
v -1.400145 0.237151 0.742625
v -1.406062 0.478889 0.881835
v -1.406062 0.043409 0.987853
v -1.400145 0.194106 0.753105
v -1.405002 0.463090 0.850185
v -1.400409 0.153919 0.771722
v -1.403760 0.437087 0.814942
v -1.400926 0.118133 0.797763
v -1.402635 0.404520 0.785219
v -1.401678 0.088124 0.830227
v -1.401678 0.366723 0.762401
v -1.402635 0.065046 0.867865
v -1.400926 0.325151 0.747365
v -1.362428 0.119313 0.802613
v -1.374942 0.405369 0.788708
v -1.367934 0.089159 0.834477
v -1.367934 0.367758 0.766652
v -1.374942 0.065895 0.871353
v -1.362428 0.326331 0.752214
v -1.383182 0.050416 0.911823
v -1.358635 0.282680 0.745949
v -1.392280 0.043281 0.954085
v -1.356702 0.238483 0.748097
v -1.400049 0.479074 0.882592
v -1.400049 0.043593 0.988611
v -1.356702 0.195438 0.758577
v -1.392281 0.463480 0.851787
v -1.358635 0.155199 0.776984
v -1.383182 0.437718 0.817534
v -1.380125 0.044251 0.958068
v -1.315192 0.241795 0.761699
v -1.394304 0.479532 0.884475
v -1.394304 0.044052 0.990493
v -1.315192 0.198750 0.772178
v -1.380125 0.464450 0.855770
v -1.318721 0.158383 0.790063
v -1.363520 0.439287 0.823977
v -1.325643 0.122248 0.814666
v -1.348481 0.407480 0.797378
v -1.335691 0.091731 0.845042
v -1.335691 0.370330 0.777217
v -1.348481 0.068006 0.880023
v -1.325643 0.329265 0.764267
v -1.363520 0.051984 0.918266
v -1.318721 0.285864 0.759027
vn -0.0000 0.9716 -0.2365
vn 0.2786 0.6909 -0.6671
vn 0.4154 0.3658 -0.8329
vn 0.4889 -0.0131 -0.8723
vn 0.4983 -0.2051 -0.8424
vn 0.4889 -0.3893 -0.7807
vn 0.4154 -0.7077 -0.5715
vn -0.0000 -0.9716 0.2365
vn 0.1396 0.9117 -0.3865
vn 0.2548 0.8268 -0.5015
vn 0.3678 0.7060 -0.6052
vn 0.4672 0.5576 -0.6862
vn 0.5484 0.3882 -0.7407
vn 0.6085 0.2045 -0.7668
vn 0.6454 0.0133 -0.7637
vn 0.6579 -0.1782 -0.7318
vn 0.6454 -0.3629 -0.6721
vn 0.6085 -0.5341 -0.5870
vn 0.5484 -0.6852 -0.4793
vn 0.4672 -0.8106 -0.3531
vn 0.3678 -0.9052 -0.2130
vn 0.2548 -0.9648 -0.0653
vn 0.1396 -0.9873 0.0759
vn 0.1681 0.9188 -0.3570
vn 0.3068 0.8399 -0.4477
vn 0.4429 0.7249 -0.5277
vn 0.5625 0.5816 -0.5877
vn 0.6603 0.4164 -0.6250
vn 0.7327 0.2357 -0.6384
vn 0.7772 0.0465 -0.6276
vn 0.7921 -0.1444 -0.5930
vn 0.7772 -0.3297 -0.5360
vn 0.7327 -0.5028 -0.4586
vn 0.6603 -0.6571 -0.3637
vn 0.5625 -0.7866 -0.2546
vn 0.4429 -0.8863 -0.1354
vn 0.3068 -0.9517 -0.0116
vn 0.1681 -0.9801 0.1053
vn 0.1902 0.9272 -0.3227
vn 0.3470 0.8551 -0.3852
vn 0.5009 0.7469 -0.4373
vn 0.6363 0.6095 -0.4729
vn 0.7469 0.4492 -0.4903
vn 0.8288 0.2721 -0.4890
vn 0.8790 0.0851 -0.4691
vn 0.8960 -0.1050 -0.4315
vn 0.8790 -0.2912 -0.3775
vn 0.8288 -0.4664 -0.3092
vn 0.7469 -0.6243 -0.2290
vn 0.6363 -0.7587 -0.1398
vn 0.5009 -0.8643 -0.0451
vn 0.3470 -0.9365 0.0510
vn 0.1902 -0.9718 0.1396
vn 0.2049 0.9364 -0.2849
vn 0.3739 0.8719 -0.3162
vn 0.5397 0.7711 -0.3378
vn 0.6856 0.6403 -0.3464
vn 0.8047 0.4853 -0.3418
vn 0.8930 0.3122 -0.3242
vn 0.9471 0.1276 -0.2943
vn 0.9654 -0.0617 -0.2533
vn 0.9471 -0.2486 -0.2027
vn 0.8930 -0.4263 -0.1444
vn 0.8047 -0.5881 -0.0805
vn 0.6856 -0.7279 -0.0134
vn 0.5397 -0.8401 0.0545
vn 0.3739 -0.9197 0.1200
vn 0.2049 -0.9626 0.1774
vn 0.2117 0.9461 -0.2450
vn 0.3864 0.8896 -0.2434
vn 0.5578 0.7967 -0.2327
vn 0.7085 0.6728 -0.2130
vn 0.8317 0.5234 -0.1852
vn 0.9229 0.3545 -0.1505
vn 0.9788 0.1725 -0.1100
vn 0.9977 -0.0159 -0.0655
vn 0.9788 -0.2037 -0.0184
vn 0.9229 -0.3840 0.0293
vn 0.8317 -0.5500 0.0761
vn 0.7085 -0.6954 0.1201
vn 0.5578 -0.8145 0.1595
vn 0.3864 -0.9020 0.1927
vn 0.2117 -0.9529 0.2173
vn 0.2105 0.9559 -0.2046
vn 0.3840 0.9076 -0.1697
vn 0.5544 0.8226 -0.1263
vn 0.7042 0.7057 -0.0778
vn 0.8267 0.5621 -0.0265
vn 0.9173 0.3974 0.0256
vn 0.9729 0.2179 0.0768
vn 0.9917 0.0304 0.1249
vn 0.9729 -0.1583 0.1683
vn 0.9173 -0.3411 0.2054
vn 0.8267 -0.5114 0.2348
vn 0.7042 -0.6625 0.2552
vn 0.5544 -0.7886 0.2660
vn 0.3840 -0.8840 0.2665
vn 0.2105 -0.9430 0.2577
vn 0.2011 0.9655 -0.1653
vn 0.3670 0.9251 -0.0978
vn 0.5298 0.8478 -0.0225
vn 0.6729 0.7378 0.0539
vn 0.7899 0.5997 0.1281
vn 0.8765 0.4392 0.1973
vn 0.9296 0.2623 0.2588
vn 0.9476 0.0756 0.3105
vn 0.9296 -0.1140 0.3504
vn 0.8765 -0.2994 0.3771
vn 0.7899 -0.4737 0.3895
vn 0.6729 -0.6304 0.3870
vn 0.5298 -0.7633 0.3697
vn 0.3670 -0.8665 0.3383
vn 0.2011 -0.9334 0.2970
vn 0.1840 0.9745 -0.1284
vn 0.3358 0.9415 -0.0306
vn 0.4847 0.8715 0.0746
vn 0.6157 0.7678 0.1773
vn 0.7227 0.6350 0.2729
vn 0.8020 0.4783 0.3579
vn 0.8506 0.3037 0.4292
vn 0.8670 0.1179 0.4841
vn 0.8506 -0.0725 0.5208
vn 0.8020 -0.2603 0.5377
vn 0.7227 -0.4385 0.5342
vn 0.6157 -0.6004 0.5103
vn 0.4847 -0.7397 0.4668
vn 0.3358 -0.8502 0.4056
vn 0.1840 -0.9245 0.3339
vn 0.1598 0.9825 -0.0955
vn 0.2917 0.9561 0.0294
vn 0.4211 0.8926 0.1612
vn 0.5348 0.7946 0.2874
vn 0.6278 0.6664 0.4021
vn 0.6966 0.5132 0.5013
vn 0.7389 0.3408 0.5813
vn 0.7531 0.1556 0.6392
vn 0.7389 -0.0354 0.6729
vn 0.6966 -0.2253 0.6811
vn 0.6278 -0.4070 0.6635
vn 0.5348 -0.5736 0.6204
vn 0.4211 -0.7186 0.5535
vn 0.2917 -0.8355 0.4656
vn 0.1598 -0.9165 0.3668
vn 0.1295 0.9893 -0.0678
vn 0.2364 0.9684 0.0800
vn 0.3412 0.9103 0.2342
vn 0.4334 0.8172 0.3800
vn 0.5088 0.6929 0.5109
vn 0.5645 0.5426 0.6220
vn 0.5988 0.3719 0.7093
vn 0.6103 0.1874 0.7697
vn 0.5988 -0.0043 0.8009
vn 0.5645 -0.1960 0.8018
vn 0.5088 -0.3805 0.7722
vn 0.4334 -0.5510 0.7131
vn 0.3412 -0.7008 0.6264
vn 0.2364 -0.8232 0.5161
vn 0.1295 -0.9097 0.3945
vn 0.0942 0.9945 -0.0464
vn 0.1720 0.9779 0.1190
vn 0.2483 0.9241 0.2906
vn 0.3153 0.8346 0.4517
vn 0.3702 0.7134 0.5950
vn 0.4107 0.5653 0.7153
vn 0.4357 0.3960 0.8083
vn 0.4441 0.2119 0.8706
vn 0.4357 0.0198 0.8999
vn 0.4107 -0.1732 0.8951
vn 0.3702 -0.3601 0.8563
vn 0.3153 -0.5336 0.7848
vn 0.2483 -0.6871 0.6828
vn 0.1720 -0.8137 0.5552
vn 0.0942 -0.9045 0.4159
vn 0.0553 0.9980 -0.0321
vn 0.1010 0.9842 0.1452
vn 0.1458 0.9333 0.3283
vn 0.1852 0.8463 0.4996
vn 0.2173 0.7271 0.6512
vn 0.2412 0.5805 0.7777
vn 0.2558 0.4121 0.8745
vn 0.2607 0.2284 0.9380
vn 0.2558 0.0359 0.9661
vn 0.2412 -0.1581 0.9575
vn 0.2173 -0.3464 0.9126
vn 0.1852 -0.5219 0.8327
vn 0.1458 -0.6779 0.7205
vn 0.1010 -0.8074 0.5813
vn 0.0553 -0.9010 0.4302
vn 0.0143 0.9996 -0.0254
vn 0.0261 0.9872 0.1573
vn 0.0377 0.9375 0.3459
vn 0.0479 0.8517 0.5219
vn 0.0562 0.7335 0.6774
vn 0.0623 0.5876 0.8068
vn 0.0661 0.4196 0.9053
vn 0.0674 0.2360 0.9694
vn 0.0661 0.0434 0.9969
vn 0.0623 -0.1510 0.9866
vn 0.0562 -0.3400 0.9387
vn 0.0479 -0.5165 0.8549
vn 0.0377 -0.6736 0.7381
vn 0.0261 -0.8044 0.5935
vn 0.0143 -0.8994 0.4369
vn -0.0273 0.9993 -0.0267
vn -0.0498 0.9866 0.1551
vn -0.0719 0.9367 0.3426
vn -0.0913 0.8507 0.5177
vn -0.1072 0.7323 0.6725
vn -0.1189 0.5863 0.8014
vn -0.1261 0.4183 0.8995
vn -0.1286 0.2346 0.9636
vn -0.1261 0.0420 0.9911
vn -0.1189 -0.1523 0.9812
vn -0.1072 -0.3412 0.9339
vn -0.0913 -0.5175 0.8508
vn -0.0719 -0.6744 0.7348
vn -0.0498 -0.8050 0.5912
vn -0.0273 -0.8997 0.4356
vn -0.0678 0.9971 -0.0358
vn -0.1238 0.9826 0.1385
vn -0.1787 0.9309 0.3186
vn -0.2269 0.8433 0.4872
vn -0.2664 0.7236 0.6368
vn -0.2956 0.5766 0.7617
vn -0.3135 0.4080 0.8575
vn -0.3196 0.2241 0.9207
vn -0.3135 0.0318 0.9491
vn -0.2956 -0.1620 0.9415
vn -0.2664 -0.3499 0.8981
vn -0.2269 -0.5249 0.8203
vn -0.1787 -0.6803 0.7109
vn -0.1238 -0.8090 0.5746
vn -0.0678 -0.9019 0.4265
vn -0.1057 0.9930 -0.0524
vn -0.1930 0.9752 0.1081
vn -0.2786 0.9202 0.2749
vn -0.3538 0.8297 0.4317
vn -0.4154 0.7077 0.5715
vn -0.4609 0.5590 0.6893
vn -0.4889 0.3893 0.7807
vn -0.4983 0.2051 0.8424
vn -0.4889 0.0131 0.8723
vn -0.4609 -0.1796 0.8691
vn -0.4154 -0.3658 0.8329
vn -0.3538 -0.5385 0.7648
vn -0.2786 -0.6909 0.6671
vn -0.1930 -0.8164 0.5443
vn -0.1057 -0.9060 0.4099
vn -0.1396 0.9873 -0.0759
vn -0.2548 0.9648 0.0653
vn -0.3678 0.9052 0.2130
vn -0.4672 0.8106 0.3531
vn -0.5484 0.6852 0.4793
vn -0.6085 0.5341 0.5870
vn -0.6454 0.3629 0.6721
vn -0.6579 0.1782 0.7318
vn -0.6454 -0.0133 0.7637
vn -0.6085 -0.2045 0.7668
vn -0.5484 -0.3882 0.7407
vn -0.4672 -0.5576 0.6862
vn -0.3678 -0.7060 0.6052
vn -0.2548 -0.8268 0.5015
vn -0.1396 -0.9117 0.3865
vn -0.1681 0.9801 -0.1053
vn -0.3068 0.9517 0.0116
vn -0.4429 0.8863 0.1354
vn -0.5625 0.7866 0.2546
vn -0.6603 0.6571 0.3637
vn -0.7327 0.5028 0.4586
vn -0.7772 0.3297 0.5360
vn -0.7921 0.1444 0.5930
vn -0.7772 -0.0465 0.6276
vn -0.7327 -0.2357 0.6384
vn -0.6603 -0.4164 0.6250
vn -0.5625 -0.5816 0.5877
vn -0.4429 -0.7249 0.5277
vn -0.3068 -0.8399 0.4477
vn -0.1681 -0.9188 0.3570
vn -0.1902 0.9718 -0.1396
vn -0.3470 0.9365 -0.0510
vn -0.5009 0.8643 0.0451
vn -0.6363 0.7587 0.1399
vn -0.7469 0.6243 0.2290
vn -0.8288 0.4664 0.3092
vn -0.8790 0.2912 0.3775
vn -0.8960 0.1050 0.4315
vn -0.8790 -0.0851 0.4691
vn -0.8288 -0.2721 0.4890
vn -0.7469 -0.4492 0.4903
vn -0.6363 -0.6095 0.4729
vn -0.5009 -0.7469 0.4373
vn -0.3470 -0.8551 0.3852
vn -0.1902 -0.9272 0.3227
vn -0.2049 0.9626 -0.1774
vn -0.3739 0.9197 -0.1200
vn -0.5397 0.8401 -0.0545
vn -0.6856 0.7279 0.0134
vn -0.8047 0.5881 0.0805
vn -0.8930 0.4263 0.1444
vn -0.9471 0.2486 0.2027
vn -0.9654 0.0617 0.2533
vn -0.9471 -0.1276 0.2943
vn -0.8930 -0.3122 0.3242
vn -0.8047 -0.4853 0.3418
vn -0.6856 -0.6403 0.3464
vn -0.5397 -0.7711 0.3378
vn -0.3739 -0.8719 0.3162
vn -0.2049 -0.9364 0.2849
vn -0.2117 0.9529 -0.2173
vn -0.3864 0.9020 -0.1927
vn -0.5578 0.8145 -0.1595
vn -0.7085 0.6954 -0.1201
vn -0.8317 0.5500 -0.0761
vn -0.9229 0.3840 -0.0293
vn -0.9789 0.2037 0.0184
vn -0.9977 0.0159 0.0655
vn -0.9789 -0.1725 0.1100
vn -0.9229 -0.3545 0.1505
vn -0.8317 -0.5234 0.1852
vn -0.7085 -0.6728 0.2130
vn -0.5578 -0.7967 0.2327
vn -0.3864 -0.8896 0.2434
vn -0.2117 -0.9461 0.2450
vn -0.2105 0.9430 -0.2577
vn -0.3840 0.8840 -0.2665
vn -0.5544 0.7886 -0.2660
vn -0.7042 0.6625 -0.2552
vn -0.8267 0.5114 -0.2348
vn -0.9173 0.3411 -0.2054
vn -0.9729 0.1583 -0.1683
vn -0.9917 -0.0304 -0.1249
vn -0.9729 -0.2179 -0.0768
vn -0.9173 -0.3974 -0.0256
vn -0.8267 -0.5621 0.0265
vn -0.7042 -0.7057 0.0778
vn -0.5544 -0.8226 0.1263
vn -0.3840 -0.9076 0.1697
vn -0.2105 -0.9559 0.2046
vn -0.2011 0.9334 -0.2970
vn -0.3670 0.8665 -0.3383
vn -0.5298 0.7633 -0.3697
vn -0.6729 0.6304 -0.3870
vn -0.7899 0.4737 -0.3895
vn -0.8765 0.2994 -0.3771
vn -0.9296 0.1139 -0.3504
vn -0.9476 -0.0756 -0.3105
vn -0.9296 -0.2623 -0.2588
vn -0.8765 -0.4392 -0.1973
vn -0.7899 -0.5997 -0.1281
vn -0.6729 -0.7378 -0.0539
vn -0.5298 -0.8478 0.0225
vn -0.3670 -0.9251 0.0978
vn -0.2011 -0.9655 0.1653
vn -0.1840 0.9245 -0.3339
vn -0.3358 0.8502 -0.4056
vn -0.4847 0.7397 -0.4668
vn -0.6157 0.6004 -0.5103
vn -0.7227 0.4385 -0.5342
vn -0.8020 0.2603 -0.5377
vn -0.8506 0.0725 -0.5208
vn -0.8670 -0.1179 -0.4841
vn -0.8506 -0.3037 -0.4292
vn -0.8020 -0.4783 -0.3579
vn -0.7227 -0.6350 -0.2729
vn -0.6157 -0.7678 -0.1773
vn -0.4847 -0.8715 -0.0746
vn -0.3358 -0.9415 0.0306
vn -0.1840 -0.9745 0.1284
vn -0.1598 0.9165 -0.3668
vn -0.2917 0.8355 -0.4656
vn -0.4211 0.7186 -0.5535
vn -0.5348 0.5736 -0.6204
vn -0.6278 0.4070 -0.6635
vn -0.6966 0.2253 -0.6811
vn -0.7389 0.0354 -0.6729
vn -0.7531 -0.1556 -0.6392
vn -0.7389 -0.3408 -0.5813
vn -0.6966 -0.5132 -0.5013
vn -0.6278 -0.6664 -0.4021
vn -0.5348 -0.7946 -0.2874
vn -0.4211 -0.8926 -0.1612
vn -0.2917 -0.9561 -0.0294
vn -0.1598 -0.9825 0.0955
vn -0.1295 0.9097 -0.3945
vn -0.2364 0.8232 -0.5161
vn -0.3412 0.7008 -0.6264
vn -0.4334 0.5510 -0.7131
vn -0.5088 0.3805 -0.7722
vn -0.5645 0.1960 -0.8018
vn -0.5988 0.0043 -0.8009
vn -0.6103 -0.1874 -0.7697
vn -0.5988 -0.3719 -0.7093
vn -0.5645 -0.5426 -0.6220
vn -0.5088 -0.6929 -0.5109
vn -0.4334 -0.8172 -0.3800
vn -0.3412 -0.9103 -0.2342
vn -0.2364 -0.9684 -0.0800
vn -0.1295 -0.9893 0.0678
vn -0.0942 0.9045 -0.4159
vn -0.1720 0.8137 -0.5552
vn -0.2483 0.6871 -0.6828
vn -0.3153 0.5336 -0.7848
vn -0.3702 0.3601 -0.8563
vn -0.4107 0.1732 -0.8951
vn -0.4357 -0.0198 -0.8999
vn -0.4441 -0.2119 -0.8706
vn -0.4357 -0.3960 -0.8083
vn -0.4107 -0.5653 -0.7153
vn -0.3702 -0.7134 -0.5950
vn -0.3153 -0.8346 -0.4517
vn -0.2483 -0.9241 -0.2906
vn -0.1720 -0.9779 -0.1190
vn -0.0942 -0.9945 0.0464
vn -0.0553 0.9010 -0.4302
vn -0.1010 0.8074 -0.5813
vn -0.1458 0.6779 -0.7205
vn -0.1852 0.5219 -0.8327
vn -0.2173 0.3464 -0.9126
vn -0.2412 0.1581 -0.9575
vn -0.2558 -0.0359 -0.9661
vn -0.2607 -0.2284 -0.9380
vn -0.2558 -0.4121 -0.8745
vn -0.2412 -0.5805 -0.7777
vn -0.2173 -0.7271 -0.6512
vn -0.1852 -0.8463 -0.4996
vn -0.1458 -0.9333 -0.3283
vn -0.1010 -0.9842 -0.1452
vn -0.0553 -0.9980 0.0321
vn -0.0143 0.8994 -0.4369
vn -0.0261 0.8044 -0.5935
vn -0.0377 0.6736 -0.7381
vn -0.0479 0.5165 -0.8549
vn -0.0562 0.3400 -0.9387
vn -0.0623 0.1510 -0.9866
vn -0.0661 -0.0434 -0.9969
vn -0.0674 -0.2360 -0.9694
vn -0.0661 -0.4196 -0.9053
vn -0.0623 -0.5876 -0.8068
vn -0.0562 -0.7335 -0.6774
vn -0.0479 -0.8517 -0.5219
vn -0.0377 -0.9375 -0.3459
vn -0.0261 -0.9872 -0.1573
vn -0.0143 -0.9996 0.0254
vn 0.0273 0.8997 -0.4356
vn 0.0498 0.8050 -0.5912
vn 0.0719 0.6744 -0.7348
vn 0.0913 0.5175 -0.8508
vn 0.1072 0.3412 -0.9339
vn 0.1189 0.1523 -0.9812
vn 0.1261 -0.0420 -0.9911
vn 0.1286 -0.2346 -0.9636
vn 0.1261 -0.4183 -0.8995
vn 0.1189 -0.5863 -0.8014
vn 0.1072 -0.7323 -0.6725
vn 0.0913 -0.8507 -0.5177
vn 0.0719 -0.9367 -0.3426
vn 0.0498 -0.9866 -0.1551
vn 0.0273 -0.9993 0.0267
vn 0.0678 0.9019 -0.4265
vn 0.1238 0.8090 -0.5746
vn 0.1787 0.6803 -0.7109
vn 0.2269 0.5249 -0.8203
vn 0.2664 0.3499 -0.8981
vn 0.2956 0.1620 -0.9415
vn 0.3135 -0.0318 -0.9491
vn 0.3196 -0.2241 -0.9207
vn 0.3135 -0.4080 -0.8575
vn 0.2956 -0.5766 -0.7617
vn 0.2664 -0.7236 -0.6368
vn 0.2269 -0.8433 -0.4872
vn 0.1787 -0.9309 -0.3186
vn 0.1238 -0.9826 -0.1385
vn 0.0678 -0.9971 0.0358
vn 0.1057 0.9060 -0.4099
vn 0.1930 0.8164 -0.5443
vn 0.3538 0.5385 -0.7648
vn 0.4609 0.1796 -0.8691
vn 0.4609 -0.5590 -0.6893
vn 0.3538 -0.8297 -0.4317
vn 0.2786 -0.9202 -0.2749
vn 0.1930 -0.9752 -0.1081
vn 0.1058 -0.9930 0.0524
vn 0.4959 -0.1096 -0.8614
vn 0.4959 -0.2986 -0.8154
vn 0.1974 0.8734 -0.4452
vn 0.3124 0.7704 -0.5557
vn 0.4195 0.6348 -0.6489
vn 0.5102 0.4751 -0.7169
vn 0.5812 0.2977 -0.7573
vn 0.6299 0.1094 -0.7689
vn 0.6547 -0.0828 -0.7513
vn 0.6547 -0.2718 -0.7053
vn 0.6299 -0.4506 -0.6326
vn 0.5812 -0.6125 -0.5357
vn 0.5102 -0.7515 -0.4183
vn 0.4195 -0.8620 -0.2845
vn 0.3124 -0.9397 -0.1394
vn 0.1974 -0.9803 0.0061
vn 0.5699 -0.0008 -0.8217
vn 0.5809 -0.1925 -0.7909
vn 0.5699 -0.3770 -0.7301
vn 0.3248 0.6979 -0.6383
vn 0.4842 -0.6972 -0.5286
vn 0.4842 0.3762 -0.7899
vn 0.2376 0.8836 -0.4036
vn 0.3762 0.7865 -0.4898
vn 0.5052 0.6563 -0.5604
vn 0.6144 0.5013 -0.6093
vn 0.6999 0.3276 -0.6347
vn 0.7585 0.1417 -0.6360
vn 0.7884 -0.0492 -0.6132
vn 0.7884 -0.2382 -0.5672
vn 0.7585 -0.4182 -0.4997
vn 0.6999 -0.5827 -0.4131
vn 0.6144 -0.7253 -0.3106
vn 0.5052 -0.8405 -0.1960
vn 0.3762 -0.9236 -0.0735
vn 0.2376 -0.9702 0.0477
vn 0.4073 -0.8962 -0.1760
vn 0.5173 -0.7992 -0.3061
vn 0.6738 0.2194 -0.7056
vn 0.6073 0.4017 -0.6855
vn 0.2821 -0.9586 -0.0396
vn 0.7147 0.0291 -0.6988
vn 0.1569 -0.9837 0.0876
vn 0.7285 -0.1620 -0.6656
vn 0.1569 0.9139 -0.3744
vn 0.7147 -0.3471 -0.6072
vn 0.2821 0.8331 -0.4758
vn 0.6738 -0.5192 -0.5258
vn 0.4073 0.7150 -0.5682
vn 0.6073 -0.6718 -0.4242
vn 0.5173 0.5690 -0.6392
vn 0.2688 0.8954 -0.3551
vn 0.4255 0.8052 -0.4131
vn 0.5714 0.6814 -0.4574
vn 0.6949 0.5318 -0.4840
vn 0.7916 0.3623 -0.4920
vn 0.8580 0.1794 -0.4813
vn 0.8917 -0.0101 -0.4524
vn 0.8917 -0.1990 -0.4064
vn 0.8580 -0.3806 -0.3450
vn 0.7916 -0.5479 -0.2704
vn 0.6949 -0.6948 -0.1853
vn 0.5714 -0.8154 -0.0930
vn 0.4255 -0.9049 0.0032
vn 0.2688 -0.9584 0.0962
vn 0.7845 -0.4852 -0.3862
vn 0.8321 -0.3110 -0.4592
vn 0.4742 0.7355 -0.4839
vn 0.3284 0.8473 -0.4174
vn 0.7070 -0.6412 -0.2984
vn 0.6023 0.5951 -0.5321
vn 0.6023 -0.7731 -0.1990
vn 0.7070 0.4323 -0.5597
vn 0.4742 -0.8756 -0.0917
vn 0.7845 0.2534 -0.5660
vn 0.3284 -0.9443 0.0188
vn 0.8321 0.0652 -0.5508
vn 0.1827 -0.9758 0.1201
vn 0.8482 -0.1253 -0.5147
vn 0.1827 0.9218 -0.3419
vn 0.2896 0.9084 -0.3016
vn 0.4585 0.8258 -0.3285
vn 0.6157 0.7091 -0.3438
vn 0.7488 0.5655 -0.3458
vn 0.8529 0.4006 -0.3346
vn 0.9245 0.2209 -0.3108
vn 0.9608 0.0331 -0.2751
vn 0.9608 -0.1559 -0.2291
vn 0.9245 -0.3390 -0.1744
vn 0.8529 -0.5096 -0.1130
vn 0.7488 -0.6611 -0.0472
vn 0.6157 -0.7877 0.0206
vn 0.4585 -0.8843 0.0878
vn 0.2896 -0.9454 0.1496
vn 0.3621 -0.9283 0.0849
vn 0.5229 -0.8524 0.0038
vn 0.9175 0.1059 -0.3833
vn 0.8650 0.2918 -0.4081
vn 0.2015 -0.9669 0.1569
vn 0.9352 -0.0838 -0.3441
vn 0.2015 0.9308 -0.3051
vn 0.9175 -0.2703 -0.2918
vn 0.3621 0.8634 -0.3513
vn 0.8650 -0.4468 -0.2283
vn 0.5229 0.7588 -0.3885
vn 0.7796 -0.6066 -0.1561
vn 0.6641 0.6246 -0.4109
vn 0.6641 -0.7436 -0.0778
vn 0.7796 0.4669 -0.4175
vn 0.2993 0.9221 -0.2453
vn 0.4739 0.8475 -0.2393
vn 0.6363 0.7382 -0.2240
vn 0.7738 0.6009 -0.2001
vn 0.8815 0.4410 -0.1686
vn 0.9554 0.2647 -0.1309
vn 0.9930 0.0786 -0.0882
vn 0.9930 -0.1104 -0.0422
vn 0.9554 -0.2953 0.0055
vn 0.8815 -0.4692 0.0530
vn 0.7738 -0.6257 0.0985
vn 0.6363 -0.7586 0.1404
vn 0.4739 -0.8626 0.1771
vn 0.2993 -0.9316 0.2060
vn 0.5514 0.7838 -0.2857
vn 0.3819 0.8807 -0.2801
vn 0.8222 -0.5692 -0.0028
vn 0.9123 -0.4053 -0.0583
vn 0.7004 0.6564 -0.2803
vn 0.7004 -0.7118 0.0528
vn 0.8222 0.5042 -0.2642
vn 0.5514 -0.8274 0.1066
vn 0.9123 0.3332 -0.2381
vn 0.3819 -0.9109 0.1561
vn 0.9677 0.1499 -0.2029
vn 0.2125 -0.9572 0.1965
vn 0.9863 -0.0390 -0.1602
vn 0.2125 0.9404 -0.2655
vn 0.9677 -0.2264 -0.1113
vn 0.2975 0.9360 -0.1882
vn 0.4710 0.8695 -0.1488
vn 0.6324 0.7678 -0.1025
vn 0.7692 0.6369 -0.0524
vn 0.8762 0.4820 -0.0004
vn 0.9496 0.3091 0.0514
vn 0.9870 0.1248 0.1013
vn 0.9870 -0.0642 0.1473
vn 0.9496 -0.2509 0.1878
vn 0.8762 -0.4283 0.2212
vn 0.7692 -0.5897 0.2462
vn 0.6324 -0.7290 0.2619
vn 0.4710 -0.8406 0.2675
vn 0.2975 -0.9177 0.2631
vn 0.9806 0.1952 -0.0165
vn 0.9245 0.3760 -0.0623
vn 0.2153 -0.9472 0.2374
vn 0.3870 -0.8930 0.2297
vn 0.9995 0.0073 0.0299
vn 0.2153 0.9504 -0.2246
vn 0.9806 -0.1810 0.0751
vn 0.3870 0.8986 -0.2065
vn 0.9245 -0.3626 0.1175
vn 0.5588 0.8096 -0.1794
vn 0.8332 -0.5307 0.1556
vn 0.7098 0.6893 -0.1453
vn 0.7098 -0.6789 0.1878
vn 0.8332 0.5428 -0.1058
vn 0.5588 -0.8015 0.2128
vn 0.2843 0.9495 -0.1325
vn 0.4500 0.8909 -0.0607
vn 0.6043 0.7966 0.0158
vn 0.7349 0.6719 0.0915
vn 0.8372 0.5219 0.1635
vn 0.9074 0.3524 0.2292
vn 0.9431 0.1697 0.2860
vn 0.9431 -0.0193 0.3320
vn 0.9074 -0.2076 0.3655
vn 0.8372 -0.3883 0.3851
vn 0.7349 -0.5547 0.3901
vn 0.6043 -0.7002 0.3802
vn 0.4500 -0.8191 0.3556
vn 0.2843 -0.9042 0.3188
vn 0.8122 -0.4923 0.3130
vn 0.9012 -0.3200 0.2922
vn 0.6919 0.7219 -0.0112
vn 0.5447 0.8354 -0.0738
vn 0.6919 -0.6463 0.3219
vn 0.8122 0.5811 0.0517
vn 0.5447 -0.7758 0.3184
vn 0.9012 0.4185 0.1124
vn 0.3773 -0.8752 0.3028
vn 0.9559 0.2404 0.1688
vn 0.2099 -0.9373 0.2781
vn 0.9743 0.0533 0.2188
vn 0.2099 0.9603 -0.1839
vn 0.9559 -0.1359 0.2604
vn 0.3773 0.9164 -0.1334
vn 0.2601 0.9622 -0.0804
vn 0.4118 0.9110 0.0218
vn 0.5529 0.8236 0.1265
vn 0.6725 0.7047 0.2262
vn 0.7660 0.5593 0.3169
vn 0.8302 0.3929 0.3954
vn 0.8629 0.2118 0.4588
vn 0.8629 0.0228 0.5048
vn 0.8302 -0.1671 0.5318
vn 0.7660 -0.3510 0.5385
vn 0.6725 -0.5219 0.5248
vn 0.5529 -0.6732 0.4909
vn 0.4118 -0.7991 0.4381
vn 0.2601 -0.8915 0.3709
vn 0.1964 -0.9279 0.3170
vn 0.3530 -0.8582 0.3727
vn 0.9117 0.0972 0.3992
vn 0.8944 0.2835 0.3459
vn 0.1964 0.9697 -0.1450
vn 0.8944 -0.0928 0.4375
vn 0.3530 0.9335 -0.0635
vn 0.8433 -0.2794 0.4592
vn 0.5097 0.8599 0.0271
vn 0.7600 -0.4557 0.4635
vn 0.6474 0.7531 0.1170
vn 0.6474 -0.6151 0.4501
vn 0.7600 0.6178 0.2021
vn 0.5097 -0.7512 0.4193
vn 0.8433 0.4592 0.2794
vn 0.2259 0.9736 -0.0339
vn 0.3577 0.9290 0.0954
vn 0.4803 0.8476 0.2254
vn 0.5841 0.7340 0.3464
vn 0.6654 0.5926 0.4539
vn 0.7212 0.4290 0.5439
vn 0.7496 0.2494 0.6131
vn 0.7496 0.0604 0.6592
vn 0.7212 -0.1310 0.6802
vn 0.6654 -0.3176 0.6755
vn 0.5841 -0.4926 0.6451
vn 0.4803 -0.6492 0.5898
vn 0.3577 -0.7811 0.5117
vn 0.2259 -0.8802 0.4174
vn 0.5780 0.7817 0.2342
vn 0.4551 0.8824 0.1194
vn 0.5780 -0.5865 0.5673
vn 0.6785 -0.4222 0.6011
vn 0.6785 0.6513 0.3398
vn 0.4551 -0.7288 0.5117
vn 0.7529 0.4964 0.4321
vn 0.3152 -0.8426 0.4366
vn 0.7986 0.3229 0.5079
vn 0.1754 -0.9192 0.3526
vn 0.8140 0.1374 0.5644
vn 0.1754 0.9784 -0.1094
vn 0.7986 -0.0533 0.5995
vn 0.3152 0.9490 0.0005
vn 0.7529 -0.2422 0.6119
vn 0.1831 0.9831 0.0053
vn 0.2899 0.9440 0.1574
vn 0.3892 0.8679 0.3086
vn 0.4734 0.7586 0.4476
vn 0.5392 0.6207 0.5692
vn 0.5844 0.4594 0.6689
vn 0.6074 0.2810 0.7430
vn 0.6074 0.0920 0.7890
vn 0.5844 -0.1006 0.8052
vn 0.5392 -0.2896 0.7908
vn 0.4734 -0.4680 0.7463
vn 0.3892 -0.6289 0.6730
vn 0.2899 -0.7661 0.5737
vn 0.1831 -0.8707 0.4565
vn 0.6850 0.1723 0.7078
vn 0.6721 0.3572 0.6486
vn 0.1476 0.9859 -0.0785
vn 0.1476 -0.9117 0.3835
vn 0.6721 -0.0190 0.7402
vn 0.2653 0.9625 0.0560
vn 0.6336 -0.2099 0.7446
vn 0.3830 0.9019 0.1996
vn 0.5710 -0.3931 0.7207
vn 0.4865 0.8065 0.3361
vn 0.4865 -0.5617 0.6692
vn 0.5710 0.6804 0.4594
vn 0.3830 -0.7092 0.5919
vn 0.6336 0.5287 0.5648
vn 0.2653 -0.8291 0.4922
vn 0.1332 0.9904 0.0355
vn 0.2109 0.9557 0.2053
vn 0.2832 0.8836 0.3730
vn 0.3444 0.7777 0.5259
vn 0.3923 0.6424 0.6583
vn 0.4252 0.4829 0.7655
vn 0.4420 0.3054 0.8434
vn 0.4420 0.1164 0.8894
vn 0.4252 -0.0770 0.9018
vn 0.3923 -0.2679 0.8800
vn 0.3444 -0.4489 0.8245
vn 0.2832 -0.6132 0.7374
vn 0.2109 -0.7544 0.6216
vn 0.1332 -0.8633 0.4868
vn 0.3762 -0.5416 0.7517
vn 0.4416 -0.3695 0.8176
vn 0.4416 0.7040 0.5563
vn 0.3762 0.8266 0.4187
vn 0.2962 -0.6934 0.6569
vn 0.4900 0.5548 0.6723
vn 0.2051 -0.8181 0.5372
vn 0.5197 0.3849 0.7627
vn 0.1141 -0.9056 0.4085
vn 0.5298 0.2006 0.8241
vn 0.1141 0.9920 -0.0534
vn 0.5197 0.0087 0.8543
vn 0.2051 0.9735 0.1010
vn 0.4900 -0.1837 0.8521
vn 0.2962 0.9177 0.2646
vn 0.0782 0.9954 0.0558
vn 0.1238 0.9635 0.2373
vn 0.1663 0.8940 0.4160
vn 0.2022 0.7904 0.5782
vn 0.2304 0.6569 0.7179
vn 0.2497 0.4987 0.8301
vn 0.2595 0.3218 0.9106
vn 0.2595 0.1328 0.9566
vn 0.2497 -0.0613 0.9664
vn 0.2304 -0.2534 0.9395
vn 0.2022 -0.4362 0.8768
vn 0.1663 -0.6028 0.7804
vn 0.1238 -0.7466 0.6537
vn 0.0782 -0.8584 0.5071
vn 0.0763 -0.9011 0.4267
vn 0.3474 0.0289 0.9373
vn 0.3541 0.2212 0.9087
vn 0.1371 0.9815 0.1338
vn 0.0763 0.9965 -0.0352
vn 0.3275 -0.1647 0.9304
vn 0.1980 0.9293 0.3119
vn 0.2952 -0.3523 0.8881
vn 0.2515 0.8412 0.4787
vn 0.2515 -0.5270 0.8118
vn 0.2952 0.7211 0.6268
vn 0.1980 -0.6819 0.7041
vn 0.3275 0.5739 0.7506
vn 0.1371 -0.8102 0.5699
vn 0.3474 0.4051 0.8457
vn 0.0202 0.9977 0.0652
vn 0.0320 0.9671 0.2522
vn 0.0430 0.8989 0.4360
vn 0.0523 0.7964 0.6026
vn 0.0595 0.6636 0.7457
vn 0.0645 0.5060 0.8601
vn 0.0671 0.3294 0.9418
vn 0.0671 0.1404 0.9878
vn 0.0645 -0.0540 0.9965
vn 0.0595 -0.2466 0.9673
vn 0.0523 -0.4303 0.9012
vn 0.0430 -0.5979 0.8004
vn 0.0320 -0.7430 0.6686
vn 0.0202 -0.8561 0.5165
vn 0.0922 -0.6751 0.7319
vn 0.1171 -0.5184 0.8471
vn 0.1525 0.5851 0.7965
vn 0.1374 0.7312 0.6682
vn 0.0638 -0.8055 0.5892
vn 0.1617 0.4170 0.8944
vn 0.0355 -0.8985 0.4374
vn 0.1649 0.2333 0.9583
vn 0.0355 0.9991 -0.0245
vn 0.1617 0.0408 0.9860
vn 0.0638 0.9862 0.1530
vn 0.1525 -0.1535 0.9763
vn 0.0922 0.9360 0.3397
vn 0.1374 -0.3423 0.9295
vn 0.1171 0.8498 0.5140
vn -0.0386 0.9972 0.0634
vn -0.0611 0.9665 0.2495
vn -0.0820 0.8980 0.4323
vn -0.0997 0.7952 0.5980
vn -0.1136 0.6624 0.7405
vn -0.1231 0.5046 0.8545
vn -0.1279 0.3280 0.9360
vn -0.1279 0.1390 0.9820
vn -0.1231 -0.0554 0.9908
vn -0.1136 -0.2479 0.9621
vn -0.0997 -0.4314 0.8967
vn -0.0820 -0.5988 0.7967
vn -0.0611 -0.7436 0.6658
vn -0.0386 -0.8565 0.5147
vn -0.0119 0.9874 0.1580
vn -0.0066 0.9997 -0.0218
vn -0.0284 -0.1506 0.9882
vn -0.0302 0.0438 0.9986
vn -0.0172 0.9378 0.3468
vn -0.0256 -0.3397 0.9402
vn -0.0218 0.8520 0.5231
vn -0.0218 -0.5162 0.8562
vn -0.0256 0.7338 0.6789
vn -0.0172 -0.6734 0.7391
vn -0.0284 0.5880 0.8084
vn -0.0119 -0.8043 0.5941
vn -0.0302 0.4201 0.9070
vn -0.0066 -0.8979 0.4402
vn -0.0307 0.2364 0.9712
vn -0.0959 0.9941 0.0506
vn -0.1518 0.9615 0.2291
vn -0.2038 0.8913 0.4049
vn -0.2479 0.7871 0.5648
vn -0.2823 0.6532 0.7026
vn -0.3060 0.4946 0.8135
vn -0.3180 0.3176 0.8933
vn -0.3180 0.1286 0.9393
vn -0.3060 -0.0654 0.9498
vn -0.2823 -0.2571 0.9242
vn -0.2479 -0.4395 0.8634
vn -0.2038 -0.6055 0.7693
vn -0.1518 -0.7486 0.6454
vn -0.0959 -0.8596 0.5019
vn -0.2082 0.5825 0.7857
vn -0.1877 0.7288 0.6585
vn -0.0872 -0.8066 0.5847
vn -0.1259 -0.6767 0.7254
vn -0.2209 0.4142 0.8830
vn -0.0485 -0.8992 0.4349
vn -0.2251 0.2305 0.9467
vn -0.0485 0.9985 -0.0270
vn -0.2209 0.0380 0.9746
vn -0.0872 0.9851 0.1485
vn -0.2082 -0.1561 0.9655
vn -0.1259 0.9344 0.3332
vn -0.1877 -0.3446 0.9198
vn -0.1599 0.8478 0.5057
vn -0.1599 -0.5204 0.8388
vn -0.1495 0.9884 0.0271
vn -0.2367 0.9524 0.1919
vn -0.3178 0.8792 0.3550
vn -0.3865 0.7724 0.5041
vn -0.4402 0.6363 0.6335
vn -0.4771 0.4764 0.7385
vn -0.4959 0.2986 0.8154
vn -0.4959 0.1096 0.8614
vn -0.4771 -0.0836 0.8748
vn -0.4402 -0.2739 0.8551
vn -0.3865 -0.4542 0.8027
vn -0.3178 -0.6176 0.7194
vn -0.2367 -0.7576 0.6083
vn -0.1495 -0.8653 0.4784
vn -0.3801 -0.1698 0.9092
vn -0.4031 0.0235 0.9148
vn -0.2297 0.9261 0.2991
vn -0.1591 0.9793 0.1249
vn -0.3425 -0.3570 0.8691
vn -0.2918 0.8372 0.4625
vn -0.2918 -0.5310 0.7956
vn -0.3425 0.7165 0.6077
vn -0.2297 -0.6850 0.6914
vn -0.3801 0.5687 0.7294
vn -0.1591 -0.8123 0.5611
vn -0.4031 0.3997 0.8233
vn -0.0885 -0.9023 0.4218
vn -0.4109 0.2157 0.8858
vn -0.0885 0.9953 -0.0402
vn -0.1974 0.9803 -0.0061
vn -0.3124 0.9397 0.1394
vn -0.4195 0.8620 0.2845
vn -0.5102 0.7515 0.4183
vn -0.5812 0.6125 0.5357
vn -0.6299 0.4506 0.6326
vn -0.6547 0.2718 0.7053
vn -0.6547 0.0828 0.7513
vn -0.6299 -0.1094 0.7689
vn -0.5812 -0.2977 0.7573
vn -0.5102 -0.4751 0.7169
vn -0.4195 -0.6348 0.6489
vn -0.3124 -0.7704 0.5557
vn -0.1974 -0.8734 0.4452
vn -0.2249 -0.8213 0.5243
vn -0.3248 -0.6979 0.6383
vn -0.5699 0.3770 0.7301
vn -0.5373 0.5474 0.6417
vn -0.1251 -0.9073 0.4014
vn -0.5809 0.1925 0.7909
vn -0.1251 0.9903 -0.0606
vn -0.5699 0.0008 0.8217
vn -0.2249 0.9704 0.0882
vn -0.5373 -0.1912 0.8215
vn -0.3248 0.9132 0.2461
vn -0.4842 -0.3762 0.7899
vn -0.4125 0.8208 0.3951
vn -0.4125 -0.5474 0.7282
vn -0.4842 0.6972 0.5286
vn -0.2376 0.9702 -0.0477
vn -0.3762 0.9236 0.0735
vn -0.5052 0.8405 0.1960
vn -0.6144 0.7253 0.3106
vn -0.6999 0.5827 0.4131
vn -0.7585 0.4182 0.4997
vn -0.7884 0.2382 0.5672
vn -0.7884 0.0492 0.6132
vn -0.7585 -0.1417 0.6360
vn -0.6999 -0.3276 0.6347
vn -0.6144 -0.5013 0.6093
vn -0.5052 -0.6563 0.5604
vn -0.3762 -0.7865 0.4898
vn -0.2376 -0.8836 0.4036
vn -0.4073 0.8962 0.1760
vn -0.2821 0.9586 0.0396
vn -0.6073 -0.4017 0.6855
vn -0.6738 -0.2194 0.7056
vn -0.5173 0.7992 0.3061
vn -0.5173 -0.5690 0.6392
vn -0.6073 0.6718 0.4242
vn -0.4073 -0.7150 0.5682
vn -0.6738 0.5192 0.5258
vn -0.2821 -0.8331 0.4758
vn -0.7147 0.3471 0.6072
vn -0.1569 -0.9139 0.3744
vn -0.7285 0.1620 0.6656
vn -0.1569 0.9837 -0.0876
vn -0.7147 -0.0291 0.6988
vn -0.2688 0.9584 -0.0962
vn -0.4255 0.9049 -0.0032
vn -0.5714 0.8154 0.0930
vn -0.6949 0.6948 0.1853
vn -0.7916 0.5479 0.2704
vn -0.8580 0.3806 0.3450
vn -0.8917 0.1990 0.4064
vn -0.8917 0.0101 0.4524
vn -0.8580 -0.1794 0.4813
vn -0.7916 -0.3623 0.4920
vn -0.6949 -0.5318 0.4840
vn -0.5714 -0.6814 0.4574
vn -0.4255 -0.8052 0.4131
vn -0.2688 -0.8954 0.3551
vn -0.8321 0.3110 0.4592
vn -0.7845 0.4852 0.3862
vn -0.1827 -0.9218 0.3419
vn -0.3284 -0.8473 0.4174
vn -0.8482 0.1253 0.5147
vn -0.1827 0.9758 -0.1201
vn -0.8321 -0.0652 0.5508
vn -0.3284 0.9443 -0.0188
vn -0.7845 -0.2534 0.5660
vn -0.4742 0.8756 0.0917
vn -0.7070 -0.4323 0.5597
vn -0.6023 0.7731 0.1990
vn -0.6023 -0.5951 0.5321
vn -0.7070 0.6412 0.2984
vn -0.4742 -0.7355 0.4839
vn -0.2896 0.9454 -0.1496
vn -0.4585 0.8843 -0.0878
vn -0.6157 0.7877 -0.0206
vn -0.7488 0.6611 0.0472
vn -0.8529 0.5096 0.1130
vn -0.9245 0.3390 0.1744
vn -0.9608 0.1559 0.2291
vn -0.9608 -0.0331 0.2751
vn -0.9245 -0.2209 0.3108
vn -0.8529 -0.4006 0.3346
vn -0.7488 -0.5655 0.3458
vn -0.6157 -0.7091 0.3438
vn -0.4585 -0.8258 0.3285
vn -0.2896 -0.9084 0.3016
vn -0.7796 -0.4669 0.4175
vn -0.8650 -0.2918 0.4081
vn -0.6641 0.7436 0.0778
vn -0.5229 0.8524 -0.0038
vn -0.6641 -0.6246 0.4109
vn -0.7796 0.6066 0.1561
vn -0.5229 -0.7588 0.3885
vn -0.8650 0.4468 0.2283
vn -0.3621 -0.8634 0.3513
vn -0.9175 0.2703 0.2918
vn -0.2015 -0.9308 0.3051
vn -0.9352 0.0838 0.3441
vn -0.2015 0.9669 -0.1569
vn -0.9175 -0.1059 0.3833
vn -0.3621 0.9283 -0.0849
vn -0.2993 0.9316 -0.2060
vn -0.4739 0.8626 -0.1771
vn -0.6363 0.7586 -0.1404
vn -0.7738 0.6257 -0.0985
vn -0.8815 0.4692 -0.0530
vn -0.9554 0.2953 -0.0055
vn -0.9930 0.1104 0.0422
vn -0.9930 -0.0786 0.0882
vn -0.9554 -0.2647 0.1309
vn -0.8815 -0.4410 0.1686
vn -0.7738 -0.6009 0.2001
vn -0.6363 -0.7382 0.2240
vn -0.4739 -0.8475 0.2393
vn -0.2993 -0.9221 0.2453
vn -0.2125 -0.9404 0.2655
vn -0.3819 -0.8807 0.2801
vn -0.9863 0.0390 0.1602
vn -0.9677 0.2264 0.1113
vn -0.2125 0.9572 -0.1965
vn -0.9677 -0.1499 0.2029
vn -0.3819 0.9109 -0.1561
vn -0.9123 -0.3332 0.2381
vn -0.5514 0.8274 -0.1066
vn -0.8222 -0.5042 0.2642
vn -0.7004 0.7118 -0.0528
vn -0.7004 -0.6564 0.2803
vn -0.8222 0.5692 0.0028
vn -0.5514 -0.7838 0.2857
vn -0.9123 0.4053 0.0583
vn -0.2975 0.9177 -0.2631
vn -0.4710 0.8406 -0.2675
vn -0.6324 0.7290 -0.2619
vn -0.7692 0.5897 -0.2462
vn -0.8762 0.4283 -0.2212
vn -0.9496 0.2509 -0.1878
vn -0.9870 0.0642 -0.1473
vn -0.9870 -0.1248 -0.1013
vn -0.9496 -0.3091 -0.0514
vn -0.8762 -0.4820 0.0004
vn -0.7692 -0.6369 0.0524
vn -0.6324 -0.7678 0.1025
vn -0.4710 -0.8695 0.1488
vn -0.2975 -0.9360 0.1882
vn -0.7098 -0.6893 0.1453
vn -0.8332 -0.5428 0.1058
vn -0.8332 0.5307 -0.1556
vn -0.7098 0.6789 -0.1878
vn -0.5588 -0.8096 0.1794
vn -0.9245 0.3626 -0.1175
vn -0.3870 -0.8986 0.2065
vn -0.9806 0.1810 -0.0751
vn -0.2153 -0.9504 0.2246
vn -0.9995 -0.0073 -0.0299
vn -0.2153 0.9472 -0.2374
vn -0.9806 -0.1952 0.0165
vn -0.3870 0.8930 -0.2297
vn -0.9245 -0.3760 0.0623
vn -0.5588 0.8015 -0.2128
vn -0.2843 0.9042 -0.3188
vn -0.4500 0.8191 -0.3556
vn -0.6043 0.7002 -0.3802
vn -0.7349 0.5547 -0.3901
vn -0.8372 0.3883 -0.3851
vn -0.9074 0.2076 -0.3655
vn -0.9431 0.0193 -0.3320
vn -0.9431 -0.1697 -0.2860
vn -0.9074 -0.3524 -0.2292
vn -0.8372 -0.5219 -0.1635
vn -0.7349 -0.6719 -0.0915
vn -0.6043 -0.7966 -0.0158
vn -0.4500 -0.8909 0.0607
vn -0.2843 -0.9495 0.1325
vn -0.2099 0.9373 -0.2781
vn -0.2099 -0.9603 0.1839
vn -0.9559 -0.2404 -0.1688
vn -0.9743 -0.0533 -0.2188
vn -0.3773 0.8752 -0.3028
vn -0.9012 -0.4185 -0.1124
vn -0.5447 0.7758 -0.3184
vn -0.8122 -0.5811 -0.0517
vn -0.6919 0.6463 -0.3219
vn -0.6919 -0.7219 0.0112
vn -0.8122 0.4923 -0.3130
vn -0.5447 -0.8354 0.0738
vn -0.9012 0.3200 -0.2922
vn -0.3773 -0.9164 0.1334
vn -0.9559 0.1359 -0.2604
vn -0.2601 0.8915 -0.3709
vn -0.4118 0.7991 -0.4381
vn -0.5529 0.6732 -0.4909
vn -0.6725 0.5219 -0.5248
vn -0.7660 0.3510 -0.5385
vn -0.8302 0.1671 -0.5318
vn -0.8629 -0.0228 -0.5048
vn -0.8629 -0.2118 -0.4588
vn -0.8302 -0.3929 -0.3954
vn -0.7660 -0.5593 -0.3169
vn -0.6725 -0.7047 -0.2262
vn -0.5529 -0.8236 -0.1265
vn -0.4118 -0.9110 -0.0218
vn -0.2601 -0.9622 0.0804
vn -0.7600 0.4557 -0.4635
vn -0.6474 0.6151 -0.4501
vn -0.5097 -0.8599 -0.0271
vn -0.6474 -0.7531 -0.1170
vn -0.8433 0.2794 -0.4592
vn -0.3530 -0.9335 0.0635
vn -0.8944 0.0928 -0.4375
vn -0.1964 -0.9697 0.1450
vn -0.9117 -0.0972 -0.3992
vn -0.1964 0.9279 -0.3170
vn -0.8944 -0.2835 -0.3459
vn -0.3530 0.8582 -0.3727
vn -0.8433 -0.4592 -0.2794
vn -0.5097 0.7512 -0.4193
vn -0.7600 -0.6178 -0.2021
vn -0.2259 0.8802 -0.4174
vn -0.3577 0.7811 -0.5117
vn -0.4803 0.6492 -0.5898
vn -0.5841 0.4926 -0.6451
vn -0.6654 0.3176 -0.6755
vn -0.7212 0.1310 -0.6802
vn -0.7496 -0.0604 -0.6592
vn -0.7496 -0.2494 -0.6132
vn -0.7212 -0.4290 -0.5439
vn -0.6654 -0.5926 -0.4539
vn -0.5841 -0.7340 -0.3464
vn -0.4803 -0.8476 -0.2254
vn -0.3577 -0.9290 -0.0954
vn -0.2259 -0.9736 0.0339
vn -0.7986 -0.3229 -0.5079
vn -0.8140 -0.1374 -0.5644
vn -0.3152 0.8426 -0.4366
vn -0.1754 0.9192 -0.3526
vn -0.7529 -0.4964 -0.4321
vn -0.4551 0.7288 -0.5117
vn -0.6785 -0.6513 -0.3398
vn -0.5780 0.5865 -0.5673
vn -0.5780 -0.7817 -0.2342
vn -0.6785 0.4222 -0.6011
vn -0.4551 -0.8824 -0.1194
vn -0.7529 0.2422 -0.6119
vn -0.3152 -0.9490 -0.0005
vn -0.7986 0.0533 -0.5995
vn -0.1754 -0.9784 0.1094
vn -0.1831 0.8707 -0.4565
vn -0.2899 0.7661 -0.5737
vn -0.3892 0.6289 -0.6730
vn -0.4734 0.4680 -0.7463
vn -0.5392 0.2896 -0.7908
vn -0.5844 0.1006 -0.8052
vn -0.6074 -0.0920 -0.7890
vn -0.6074 -0.2810 -0.7430
vn -0.5844 -0.4594 -0.6689
vn -0.5392 -0.6207 -0.5692
vn -0.4734 -0.7586 -0.4476
vn -0.3892 -0.8679 -0.3086
vn -0.2899 -0.9440 -0.1574
vn -0.1831 -0.9831 -0.0053
vn -0.3830 -0.9019 -0.1996
vn -0.4865 -0.8065 -0.3361
vn -0.6336 0.2099 -0.7446
vn -0.5710 0.3931 -0.7207
vn -0.2653 -0.9625 -0.0560
vn -0.6721 0.0190 -0.7402
vn -0.1476 -0.9859 0.0785
vn -0.6850 -0.1723 -0.7078
vn -0.1476 0.9117 -0.3835
vn -0.6721 -0.3572 -0.6486
vn -0.2653 0.8291 -0.4922
vn -0.6336 -0.5287 -0.5648
vn -0.3830 0.7092 -0.5919
vn -0.5710 -0.6804 -0.4594
vn -0.4865 0.5617 -0.6692
vn -0.1332 0.8633 -0.4868
vn -0.2109 0.7544 -0.6216
vn -0.2832 0.6132 -0.7374
vn -0.3444 0.4489 -0.8245
vn -0.3923 0.2679 -0.8800
vn -0.4252 0.0770 -0.9018
vn -0.4420 -0.1164 -0.8894
vn -0.4420 -0.3054 -0.8434
vn -0.4252 -0.4829 -0.7655
vn -0.3923 -0.6424 -0.6583
vn -0.3444 -0.7777 -0.5259
vn -0.2832 -0.8836 -0.3730
vn -0.2109 -0.9557 -0.2053
vn -0.1332 -0.9904 -0.0355
vn -0.2051 0.8181 -0.5372
vn -0.1141 0.9056 -0.4085
vn -0.4900 -0.5548 -0.6723
vn -0.5197 -0.3849 -0.7627
vn -0.2962 0.6934 -0.6569
vn -0.4416 -0.7040 -0.5563
vn -0.3762 0.5416 -0.7517
vn -0.3762 -0.8266 -0.4187
vn -0.4416 0.3695 -0.8176
vn -0.2962 -0.9177 -0.2646
vn -0.4900 0.1837 -0.8521
vn -0.2051 -0.9735 -0.1010
vn -0.5197 -0.0087 -0.8543
vn -0.1141 -0.9920 0.0534
vn -0.5298 -0.2006 -0.8241
vn -0.0782 0.8584 -0.5071
vn -0.1238 0.7466 -0.6537
vn -0.1663 0.6028 -0.7804
vn -0.2022 0.4362 -0.8768
vn -0.2304 0.2534 -0.9395
vn -0.2497 0.0613 -0.9664
vn -0.2595 -0.1328 -0.9566
vn -0.2595 -0.3218 -0.9106
vn -0.2497 -0.4987 -0.8301
vn -0.2304 -0.6569 -0.7179
vn -0.2022 -0.7904 -0.5782
vn -0.1663 -0.8940 -0.4160
vn -0.1238 -0.9635 -0.2373
vn -0.0782 -0.9954 -0.0558
vn -0.3275 0.1647 -0.9304
vn -0.2952 0.3523 -0.8881
vn -0.1371 -0.9815 -0.1338
vn -0.1980 -0.9293 -0.3119
vn -0.3474 -0.0289 -0.9373
vn -0.0763 -0.9965 0.0352
vn -0.3541 -0.2212 -0.9087
vn -0.0763 0.9011 -0.4268
vn -0.3474 -0.4051 -0.8457
vn -0.1371 0.8102 -0.5699
vn -0.3275 -0.5739 -0.7506
vn -0.1980 0.6819 -0.7041
vn -0.2952 -0.7211 -0.6268
vn -0.2515 0.5270 -0.8118
vn -0.2515 -0.8412 -0.4787
vn -0.0202 0.8561 -0.5165
vn -0.0320 0.7430 -0.6686
vn -0.0430 0.5979 -0.8004
vn -0.0523 0.4303 -0.9012
vn -0.0595 0.2466 -0.9673
vn -0.0645 0.0540 -0.9965
vn -0.0671 -0.1404 -0.9878
vn -0.0671 -0.3294 -0.9418
vn -0.0645 -0.5060 -0.8601
vn -0.0595 -0.6636 -0.7457
vn -0.0523 -0.7964 -0.6026
vn -0.0430 -0.8989 -0.4360
vn -0.0320 -0.9671 -0.2522
vn -0.0202 -0.9977 -0.0652
vn -0.1525 -0.5851 -0.7965
vn -0.1617 -0.4170 -0.8944
vn -0.0922 0.6751 -0.7319
vn -0.0638 0.8055 -0.5892
vn -0.1374 -0.7312 -0.6682
vn -0.1171 0.5184 -0.8471
vn -0.1171 -0.8498 -0.5140
vn -0.1374 0.3423 -0.9295
vn -0.0922 -0.9360 -0.3397
vn -0.1525 0.1535 -0.9763
vn -0.0638 -0.9862 -0.1530
vn -0.1617 -0.0408 -0.9860
vn -0.0355 -0.9991 0.0245
vn -0.1649 -0.2333 -0.9583
vn -0.0355 0.8985 -0.4374
vn 0.0386 0.8565 -0.5147
vn 0.0611 0.7436 -0.6658
vn 0.0820 0.5988 -0.7967
vn 0.0997 0.4314 -0.8967
vn 0.1136 0.2479 -0.9621
vn 0.1231 0.0554 -0.9908
vn 0.1279 -0.1390 -0.9820
vn 0.1279 -0.3280 -0.9360
vn 0.1231 -0.5046 -0.8545
vn 0.1136 -0.6624 -0.7405
vn 0.0997 -0.7952 -0.5980
vn 0.0820 -0.8980 -0.4323
vn 0.0611 -0.9665 -0.2495
vn 0.0386 -0.9972 -0.0634
vn 0.0119 -0.9874 -0.1580
vn 0.0172 -0.9378 -0.3468
vn 0.0302 -0.0438 -0.9986
vn 0.0284 0.1506 -0.9882
vn 0.0066 -0.9997 0.0218
vn 0.0307 -0.2364 -0.9712
vn 0.0066 0.8979 -0.4402
vn 0.0302 -0.4201 -0.9070
vn 0.0119 0.8043 -0.5941
vn 0.0284 -0.5880 -0.8084
vn 0.0172 0.6734 -0.7391
vn 0.0256 -0.7338 -0.6789
vn 0.0218 0.5162 -0.8562
vn 0.0218 -0.8520 -0.5231
vn 0.0256 0.3397 -0.9402
vn 0.0959 0.8596 -0.5019
vn 0.1518 0.7486 -0.6454
vn 0.2038 0.6055 -0.7693
vn 0.2479 0.4395 -0.8634
vn 0.2823 0.2571 -0.9242
vn 0.3060 0.0654 -0.9498
vn 0.3180 -0.1286 -0.9393
vn 0.3180 -0.3176 -0.8933
vn 0.3060 -0.4946 -0.8135
vn 0.2823 -0.6532 -0.7026
vn 0.2479 -0.7871 -0.5648
vn 0.2038 -0.8913 -0.4049
vn 0.1518 -0.9615 -0.2291
vn 0.0959 -0.9941 -0.0506
vn 0.1877 -0.7288 -0.6585
vn 0.2082 -0.5825 -0.7857
vn 0.1599 0.5204 -0.8388
vn 0.1259 0.6767 -0.7254
vn 0.1599 -0.8478 -0.5057
vn 0.1877 0.3446 -0.9198
vn 0.1259 -0.9344 -0.3332
vn 0.2082 0.1561 -0.9655
vn 0.0872 -0.9851 -0.1485
vn 0.2209 -0.0380 -0.9746
vn 0.0485 -0.9985 0.0270
vn 0.2251 -0.2305 -0.9467
vn 0.0485 0.8992 -0.4349
vn 0.2209 -0.4142 -0.8830
vn 0.0872 0.8066 -0.5847
vn 0.1495 0.8653 -0.4784
vn 0.3178 -0.8792 -0.3550
vn 0.2367 -0.9524 -0.1919
vn 0.1495 -0.9884 -0.0271
vn 0.0885 -0.9953 0.0402
vn 0.1591 -0.9793 -0.1249
vn 0.0885 0.9023 -0.4218
vn 0.1591 0.8123 -0.5611
vn 0.3801 -0.5687 -0.7294
vn 0.2918 0.5310 -0.7956
vn 0.2918 -0.8372 -0.4625
vn 0.2297 -0.9261 -0.2991
vn 0.3801 0.1698 -0.9092
vn 0.0531 0.9442 -0.3250
vn 0.2366 0.7576 -0.6083
vn 0.3178 0.6176 -0.7194
vn 0.3865 0.4542 -0.8027
vn 0.4402 0.2739 -0.8551
vn 0.4771 0.0836 -0.8748
vn 0.4771 -0.4764 -0.7385
vn 0.4402 -0.6363 -0.6335
vn 0.3865 -0.7724 -0.5041
vn 0.0531 -0.9879 0.1454
vn 0.0701 0.9471 -0.3132
vn 0.0701 -0.9851 0.1572
vn 0.5373 0.1912 -0.8215
vn 0.1251 -0.9903 0.0606
vn 0.2249 -0.9704 -0.0882
vn 0.1251 0.9073 -0.4014
vn 0.2249 0.8213 -0.5243
vn 0.5373 -0.5474 -0.6417
vn 0.4125 0.5474 -0.7282
vn 0.4125 -0.8208 -0.3951
vn 0.3248 -0.9132 -0.2461
vn 0.0844 0.9507 -0.2984
vn 0.0844 -0.9815 0.1720
vn 0.0955 0.9549 -0.2812
vn 0.0955 -0.9773 0.1892
vn 0.1029 0.9595 -0.2622
vn 0.1029 -0.9727 0.2082
vn 0.1064 0.9644 -0.2422
vn 0.1064 -0.9678 0.2282
vn 0.1057 0.9693 -0.2219
vn 0.1057 -0.9628 0.2485
vn 0.1010 0.9741 -0.2021
vn 0.1010 -0.9580 0.2683
vn 0.0924 0.9786 -0.1836
vn 0.0924 -0.9535 0.2868
vn 0.0803 0.9827 -0.1671
vn 0.0803 -0.9495 0.3033
vn 0.0651 0.9861 -0.1531
vn 0.0651 -0.9461 0.3172
vn 0.0473 0.9887 -0.1424
vn 0.0473 -0.9435 0.3280
vn 0.0278 0.9904 -0.1352
vn 0.0278 -0.9417 0.3352
vn 0.0072 0.9912 -0.1318
vn 0.0072 -0.9409 0.3385
vn -0.0137 0.9911 -0.1325
vn -0.0137 -0.9411 0.3379
vn -0.0341 0.9900 -0.1370
vn -0.0341 -0.9422 0.3333
vn -0.0531 0.9879 -0.1454
vn -0.0531 -0.9442 0.3250
vn -0.0701 0.9851 -0.1572
vn -0.0701 -0.9471 0.3132
vn -0.0844 0.9815 -0.1720
vn -0.0844 -0.9507 0.2984
vn -0.0955 0.9773 -0.1892
vn -0.0955 -0.9549 0.2812
vn -0.1029 0.9727 -0.2082
vn -0.1029 -0.9595 0.2622
vn -0.1064 0.9678 -0.2282
vn -0.1064 -0.9644 0.2422
vn -0.1057 0.9628 -0.2485
vn -0.1057 -0.9693 0.2219
vn -0.1010 0.9580 -0.2683
vn -0.1010 -0.9741 0.2021
vn -0.0924 0.9535 -0.2868
vn -0.0924 -0.9786 0.1836
vn -0.0803 0.9495 -0.3033
vn -0.0803 -0.9827 0.1671
vn -0.0651 0.9461 -0.3172
vn -0.0651 -0.9861 0.1531
vn -0.0473 0.9435 -0.3280
vn -0.0473 -0.9887 0.1424
vn -0.0278 0.9417 -0.3352
vn -0.0278 -0.9904 0.1352
vn -0.0072 0.9409 -0.3385
vn -0.0072 -0.9912 0.1318
vn 0.0137 0.9411 -0.3379
vn 0.0137 -0.9911 0.1325
vn 0.0341 0.9422 -0.3333
vn 0.0341 -0.9900 0.1370
vn 0.4109 -0.2157 -0.8858
vn 0.4031 -0.0235 -0.9148
vn 0.4031 -0.3997 -0.8233
vn 0.2297 0.6850 -0.6914
vn 0.3425 -0.7165 -0.6077
vn 0.3425 0.3570 -0.8691
vn 0.5562 0.0956 -0.8255
vn 0.1743 -0.9846 -0.0117
vn 0.5781 -0.0971 -0.8102
vn 0.0892 0.9306 -0.3551
vn 0.0892 -0.9897 0.1123
vn 0.5781 -0.2861 -0.7641
vn 0.1743 0.8691 -0.4630
vn 0.5562 -0.4644 -0.6892
vn 0.2759 0.7636 -0.5838
vn 0.5132 -0.6252 -0.5880
vn 0.3704 0.6256 -0.6866
vn 0.4505 -0.7626 -0.4641
vn 0.4505 0.4640 -0.7627
vn 0.3704 -0.8712 -0.3222
vn 0.5132 0.2850 -0.8096
vn 0.2759 -0.9465 -0.1675
vn 0.4646 -0.8517 -0.2423
vn 0.6436 0.3120 -0.6989
vn 0.3460 -0.9320 -0.1080
vn 0.6976 0.1248 -0.7055
vn 0.2186 -0.9755 0.0259
vn 0.7251 -0.0668 -0.6854
vn 0.1118 0.9352 -0.3359
vn 0.1118 -0.9850 0.1316
vn 0.7251 -0.2558 -0.6394
vn 0.2186 0.8782 -0.4254
vn 0.6976 -0.4352 -0.5692
vn 0.3460 0.7781 -0.5243
vn 0.6436 -0.5983 -0.4773
vn 0.4646 0.6451 -0.6067
vn 0.5650 -0.7390 -0.3669
vn 0.5650 0.4876 -0.6656
vn 0.8122 -0.4000 -0.4247
vn 0.4028 0.7955 -0.4526
vn 0.7493 -0.5658 -0.3440
vn 0.5409 0.6685 -0.5104
vn 0.6578 -0.7105 -0.2499
vn 0.6578 0.5161 -0.5485
vn 0.5409 -0.8283 -0.1460
vn 0.7493 0.3444 -0.5656
vn 0.4028 -0.9146 -0.0363
vn 0.8122 0.1600 -0.5610
vn 0.2545 -0.9644 0.0712
vn 0.8441 -0.0302 -0.5353
vn 0.1302 0.9409 -0.3127
vn 0.1302 -0.9793 0.1547
vn 0.8441 -0.2192 -0.4893
vn 0.2545 0.8892 -0.3801
vn 0.4442 -0.8948 0.0448
vn 0.8955 0.1998 -0.3976
vn 0.2806 -0.9520 0.1224
vn 0.9308 0.0111 -0.3654
vn 0.1435 0.9473 -0.2866
vn 0.1435 -0.9730 0.1809
vn 0.9308 -0.1779 -0.3194
vn 0.2806 0.9017 -0.3289
vn 0.8955 -0.3602 -0.2613
vn 0.4442 0.8153 -0.3716
vn 0.8263 -0.5291 -0.1932
vn 0.5964 0.6950 -0.4016
vn 0.7253 -0.6783 -0.1175
vn 0.7253 0.5483 -0.4162
vn 0.5964 -0.8018 -0.0372
vn 0.8263 0.3811 -0.4148
vn 0.4684 0.8365 -0.2842
vn 0.8714 -0.4896 -0.0307
vn 0.6290 0.7235 -0.2843
vn 0.7650 -0.6436 0.0251
vn 0.7650 0.5831 -0.2735
vn 0.6290 -0.7733 0.0801
vn 0.8714 0.4207 -0.2523
vn 0.4684 -0.8736 0.1321
vn 0.9445 0.2427 -0.2215
vn 0.2960 -0.9385 0.1776
vn 0.9816 0.0557 -0.1824
vn 0.1514 0.9541 -0.2583
vn 0.1514 -0.9661 0.2092
vn 0.9816 -0.1333 -0.1364
vn 0.2960 0.9151 -0.2737
vn 0.9445 -0.3173 -0.0852
vn 0.9571 0.2870 -0.0396
vn 0.3000 -0.9247 0.2346
vn 0.9948 0.1017 0.0067
vn 0.1534 0.9612 -0.2292
vn 0.1534 -0.9590 0.2383
vn 0.9948 -0.0873 0.0527
vn 0.3000 0.9290 -0.2167
vn 0.9571 -0.2730 0.0968
vn 0.4747 0.8585 -0.1940
vn 0.8831 -0.4487 0.1372
vn 0.6374 0.7530 -0.1632
vn 0.7752 -0.6077 0.1725
vn 0.7752 0.6189 -0.1261
vn 0.6374 -0.7438 0.2012
vn 0.8831 0.4616 -0.0844
vn 0.4747 -0.8516 0.2223
vn 0.8608 -0.4081 0.3041
vn 0.6214 0.7824 -0.0427
vn 0.7557 -0.5720 0.3190
vn 0.7557 0.6546 0.0204
vn 0.6214 -0.7144 0.3217
vn 0.8608 0.5022 0.0825
vn 0.4627 -0.8298 0.3121
vn 0.9330 0.3310 0.1413
vn 0.2924 -0.9109 0.2913
vn 0.9697 0.1475 0.1947
vn 0.1496 0.9683 -0.2002
vn 0.1496 -0.9519 0.2673
vn 0.9697 -0.0415 0.2407
vn 0.2924 0.9428 -0.1600
vn 0.9330 -0.2290 0.2776
vn 0.4627 0.8803 -0.1043
vn 0.2736 -0.8977 0.3454
vn 0.9074 0.1912 0.3743
vn 0.1399 0.9750 -0.1725
vn 0.1399 -0.9452 0.2950
vn 0.9074 0.0022 0.4203
vn 0.2736 0.9560 -0.1058
vn 0.8730 -0.1869 0.4505
vn 0.4330 0.9012 -0.0186
vn 0.8055 -0.3693 0.4635
vn 0.5814 0.8104 0.0724
vn 0.7071 -0.5379 0.4590
vn 0.7071 0.6887 0.1603
vn 0.5814 -0.6864 0.4368
vn 0.8055 0.5410 0.2419
vn 0.4330 -0.8089 0.3978
vn 0.8730 0.3731 0.3141
vn 0.5191 0.8360 0.1777
vn 0.6313 -0.5067 0.5870
vn 0.6313 0.7199 0.2884
vn 0.5191 -0.6608 0.5421
vn 0.7192 0.5765 0.3878
vn 0.3866 -0.7898 0.4762
vn 0.7795 0.4116 0.4723
vn 0.2443 -0.8856 0.3950
vn 0.8101 0.2312 0.5387
vn 0.1249 0.9812 -0.1471
vn 0.1249 -0.9390 0.3204
vn 0.8101 0.0423 0.5847
vn 0.2443 0.9681 -0.0563
vn 0.7795 -0.1484 0.6086
vn 0.3866 0.9203 0.0599
vn 0.7192 -0.3337 0.6094
vn 0.6818 0.2660 0.6815
vn 0.1051 0.9866 -0.1251
vn 0.1051 -0.9337 0.3424
vn 0.6818 0.0770 0.7275
vn 0.2056 0.9786 -0.0132
vn 0.6560 -0.1150 0.7460
vn 0.3253 0.9369 0.1280
vn 0.6052 -0.3029 0.7362
vn 0.4369 0.8583 0.2692
vn 0.5313 -0.4797 0.6983
vn 0.5313 0.7470 0.3997
vn 0.4369 -0.6385 0.6336
vn 0.6052 0.6074 0.5146
vn 0.3253 -0.7732 0.5443
vn 0.6560 0.4450 0.6096
vn 0.2056 -0.8751 0.4381
vn 0.4109 -0.4577 0.7885
vn 0.4109 0.7689 0.4899
vn 0.3378 -0.6205 0.7077
vn 0.4680 0.6324 0.6173
vn 0.2516 -0.7598 0.5995
vn 0.5073 0.4721 0.7210
vn 0.1590 -0.8666 0.4729
vn 0.5272 0.2942 0.7972
vn 0.0813 0.9909 -0.1072
vn 0.0813 -0.9293 0.3602
vn 0.5272 0.1052 0.8432
vn 0.1590 0.9870 0.0217
vn 0.5073 -0.0879 0.8573
vn 0.2516 0.9503 0.1832
vn 0.4680 -0.2779 0.8389
vn 0.3378 0.8763 0.3433
vn 0.0544 -0.9262 0.3732
vn 0.3524 0.1257 0.9274
vn 0.1063 0.9932 0.0470
vn 0.3391 -0.0682 0.9383
vn 0.1682 0.9601 0.2234
vn 0.3129 -0.2597 0.9136
vn 0.2258 0.8895 0.3973
vn 0.2746 -0.4417 0.8541
vn 0.2746 0.7849 0.5555
vn 0.2258 -0.6073 0.7617
vn 0.3129 0.6506 0.6920
vn 0.1682 -0.7500 0.6397
vn 0.3391 0.4918 0.8020
vn 0.1063 -0.8605 0.4983
vn 0.3524 0.3147 0.8814
vn 0.0544 0.9941 -0.0943
vn 0.1051 -0.5996 0.7934
vn 0.1456 0.6613 0.7359
vn 0.0783 -0.7442 0.6633
vn 0.1579 0.5034 0.8495
vn 0.0495 -0.8568 0.5132
vn 0.1641 0.3267 0.9308
vn 0.0253 0.9959 -0.0866
vn 0.0253 -0.9243 0.3808
vn 0.1641 0.1377 0.9768
vn 0.0495 0.9969 0.0619
vn 0.1579 -0.0566 0.9858
vn 0.0783 0.9659 0.2470
vn 0.1456 -0.2490 0.9575
vn 0.1051 0.8972 0.4290
vn 0.1279 -0.4324 0.8926
vn 0.1279 0.7943 0.5940
vn -0.0092 0.9978 0.0658
vn -0.0294 -0.0536 0.9981
vn -0.0146 0.9673 0.2531
vn -0.0272 -0.2462 0.9688
vn -0.0196 0.8992 0.4371
vn -0.0238 -0.4299 0.9025
vn -0.0238 0.7967 0.6039
vn -0.0196 -0.5976 0.8015
vn -0.0272 0.6640 0.7472
vn -0.0146 -0.7428 0.6694
vn -0.0294 0.5064 0.8618
vn -0.0092 -0.8559 0.5171
vn -0.0306 0.3298 0.9436
vn -0.0047 0.9964 -0.0847
vn -0.0047 -0.9238 0.3828
vn -0.0306 0.1408 0.9896
vn -0.1989 0.6588 0.7256
vn -0.1069 -0.7456 0.6578
vn -0.2156 0.5007 0.8384
vn -0.0676 -0.8577 0.5097
vn -0.2241 0.3239 0.9192
vn -0.0346 0.9955 -0.0884
vn -0.0346 -0.9247 0.3790
vn -0.2241 0.1349 0.9652
vn -0.0676 0.9960 0.0584
vn -0.2156 -0.0593 0.9747
vn -0.1069 0.9645 0.2414
vn -0.1989 -0.2515 0.9472
vn -0.1436 0.8954 0.4215
vn -0.1746 -0.4346 0.8836
vn -0.1746 0.7921 0.5849
vn -0.1436 -0.6014 0.7859
vn -0.3935 -0.0735 0.9164
vn -0.1952 0.9575 0.2125
vn -0.3630 -0.2646 0.8934
vn -0.2620 0.8859 0.3827
vn -0.3187 -0.4460 0.8363
vn -0.3187 0.7806 0.5377
vn -0.2620 -0.6109 0.7471
vn -0.3630 0.6457 0.6718
vn -0.1952 -0.7526 0.6289
vn -0.3935 0.4865 0.7801
vn -0.1233 -0.8621 0.4915
vn -0.4090 0.3091 0.8586
vn -0.0631 0.9932 -0.0978
vn -0.0631 -0.9270 0.3697
vn -0.4090 0.1201 0.9046
vn -0.1233 0.9916 0.0402
vn -0.2759 -0.7636 0.5838
vn -0.5562 0.4644 0.6892
vn -0.1743 -0.8691 0.4630
vn -0.5781 0.2861 0.7641
vn -0.0892 0.9897 -0.1123
vn -0.0892 -0.9306 0.3551
vn -0.5781 0.0971 0.8102
vn -0.1743 0.9846 0.0117
vn -0.5562 -0.0956 0.8255
vn -0.2759 0.9465 0.1675
vn -0.5132 -0.2850 0.8096
vn -0.3704 0.8712 0.3222
vn -0.4505 -0.4640 0.7627
vn -0.4505 0.7626 0.4641
vn -0.3704 -0.6256 0.6866
vn -0.5132 0.6252 0.5880
vn -0.3460 0.9320 0.1080
vn -0.6436 -0.3120 0.6989
vn -0.4646 0.8517 0.2423
vn -0.5650 -0.4876 0.6656
vn -0.5650 0.7390 0.3669
vn -0.4646 -0.6451 0.6067
vn -0.6436 0.5983 0.4773
vn -0.3460 -0.7781 0.5243
vn -0.6976 0.4352 0.5692
vn -0.2186 -0.8782 0.4254
vn -0.7251 0.2558 0.6394
vn -0.1118 0.9850 -0.1316
vn -0.1118 -0.9352 0.3359
vn -0.7251 0.0668 0.6854
vn -0.2186 0.9755 -0.0259
vn -0.6976 -0.1248 0.7055
vn -0.8122 0.4000 0.4247
vn -0.2545 -0.8892 0.3801
vn -0.8441 0.2192 0.4893
vn -0.1302 0.9793 -0.1547
vn -0.1302 -0.9409 0.3127
vn -0.8441 0.0302 0.5353
vn -0.2545 0.9644 -0.0712
vn -0.8122 -0.1600 0.5610
vn -0.4028 0.9146 0.0363
vn -0.7493 -0.3444 0.5656
vn -0.5409 0.8283 0.1460
vn -0.6578 -0.5161 0.5485
vn -0.6578 0.7105 0.2499
vn -0.5409 -0.6685 0.5104
vn -0.7493 0.5658 0.3440
vn -0.4028 -0.7955 0.4526
vn -0.8263 -0.3811 0.4148
vn -0.5964 0.8018 0.0372
vn -0.7253 -0.5483 0.4162
vn -0.7253 0.6783 0.1175
vn -0.5964 -0.6950 0.4016
vn -0.8263 0.5291 0.1932
vn -0.4442 -0.8153 0.3716
vn -0.8955 0.3602 0.2613
vn -0.2806 -0.9017 0.3289
vn -0.9308 0.1779 0.3194
vn -0.1435 0.9730 -0.1809
vn -0.1435 -0.9473 0.2866
vn -0.9308 -0.0111 0.3654
vn -0.2806 0.9520 -0.1224
vn -0.8955 -0.1998 0.3976
vn -0.4442 0.8948 -0.0448
vn -0.2960 -0.9151 0.2737
vn -0.9816 0.1333 0.1364
vn -0.1514 0.9661 -0.2092
vn -0.1514 -0.9541 0.2583
vn -0.9816 -0.0557 0.1824
vn -0.2960 0.9385 -0.1776
vn -0.9445 -0.2427 0.2215
vn -0.4684 0.8736 -0.1321
vn -0.8714 -0.4207 0.2523
vn -0.6290 0.7733 -0.0801
vn -0.7650 -0.5831 0.2735
vn -0.7650 0.6436 -0.0251
vn -0.6290 -0.7235 0.2843
vn -0.8714 0.4896 0.0307
vn -0.4684 -0.8365 0.2842
vn -0.9445 0.3173 0.0852
vn -0.7752 -0.6189 0.1261
vn -0.7752 0.6077 -0.1725
vn -0.6374 -0.7530 0.1632
vn -0.8831 0.4487 -0.1372
vn -0.4747 -0.8585 0.1940
vn -0.9571 0.2730 -0.0968
vn -0.3000 -0.9290 0.2167
vn -0.9948 0.0873 -0.0527
vn -0.1534 0.9590 -0.2383
vn -0.1534 -0.9612 0.2292
vn -0.9948 -0.1017 -0.0067
vn -0.3000 0.9247 -0.2346
vn -0.9571 -0.2870 0.0396
vn -0.4747 0.8516 -0.2223
vn -0.8831 -0.4616 0.0844
vn -0.6374 0.7438 -0.2012
vn -0.1496 0.9519 -0.2673
vn -0.1496 -0.9683 0.2002
vn -0.9697 -0.1475 -0.1947
vn -0.2924 0.9109 -0.2913
vn -0.9330 -0.3310 -0.1413
vn -0.4627 0.8298 -0.3121
vn -0.8608 -0.5022 -0.0825
vn -0.6214 0.7144 -0.3217
vn -0.7557 -0.6546 -0.0204
vn -0.7557 0.5720 -0.3190
vn -0.6214 -0.7824 0.0427
vn -0.8608 0.4081 -0.3041
vn -0.4627 -0.8803 0.1043
vn -0.9330 0.2290 -0.2776
vn -0.2924 -0.9428 0.1600
vn -0.9697 0.0415 -0.2407
vn -0.7071 0.5379 -0.4590
vn -0.5814 -0.8104 -0.0724
vn -0.8055 0.3693 -0.4635
vn -0.4330 -0.9012 0.0186
vn -0.8730 0.1869 -0.4505
vn -0.2736 -0.9560 0.1058
vn -0.9074 -0.0022 -0.4204
vn -0.1399 0.9452 -0.2950
vn -0.1399 -0.9750 0.1725
vn -0.9074 -0.1912 -0.3743
vn -0.2736 0.8977 -0.3454
vn -0.8730 -0.3731 -0.3141
vn -0.4330 0.8089 -0.3978
vn -0.8055 -0.5410 -0.2419
vn -0.5814 0.6864 -0.4368
vn -0.7071 -0.6887 -0.1603
vn -0.8101 -0.2312 -0.5387
vn -0.2443 0.8856 -0.3950
vn -0.7795 -0.4116 -0.4723
vn -0.3866 0.7898 -0.4762
vn -0.7192 -0.5765 -0.3878
vn -0.5191 0.6608 -0.5421
vn -0.6313 -0.7199 -0.2884
vn -0.6313 0.5067 -0.5870
vn -0.5191 -0.8360 -0.1777
vn -0.7192 0.3337 -0.6094
vn -0.3866 -0.9203 -0.0599
vn -0.7795 0.1484 -0.6086
vn -0.2443 -0.9681 0.0563
vn -0.8101 -0.0423 -0.5847
vn -0.1249 0.9390 -0.3204
vn -0.1249 -0.9812 0.1471
vn -0.4369 -0.8583 -0.2692
vn -0.6052 0.3029 -0.7362
vn -0.3253 -0.9369 -0.1280
vn -0.6560 0.1150 -0.7460
vn -0.2056 -0.9786 0.0132
vn -0.6818 -0.0770 -0.7275
vn -0.1051 0.9337 -0.3424
vn -0.1052 -0.9866 0.1251
vn -0.6818 -0.2660 -0.6815
vn -0.2056 0.8751 -0.4381
vn -0.6560 -0.4450 -0.6096
vn -0.3253 0.7732 -0.5443
vn -0.6052 -0.6074 -0.5146
vn -0.4369 0.6385 -0.6336
vn -0.5313 -0.7470 -0.3997
vn -0.5313 0.4797 -0.6983
vn -0.1590 0.8666 -0.4729
vn -0.5073 -0.4721 -0.7210
vn -0.2516 0.7598 -0.5995
vn -0.4680 -0.6324 -0.6173
vn -0.3378 0.6205 -0.7077
vn -0.4109 -0.7689 -0.4899
vn -0.4109 0.4577 -0.7885
vn -0.3378 -0.8763 -0.3433
vn -0.4680 0.2779 -0.8389
vn -0.2516 -0.9503 -0.1832
vn -0.5073 0.0879 -0.8573
vn -0.1590 -0.9870 -0.0217
vn -0.5272 -0.1052 -0.8432
vn -0.0813 0.9293 -0.3602
vn -0.0813 -0.9909 0.1072
vn -0.5272 -0.2942 -0.7972
vn -0.3129 0.2597 -0.9136
vn -0.1682 -0.9601 -0.2234
vn -0.3391 0.0682 -0.9383
vn -0.1063 -0.9932 -0.0470
vn -0.3524 -0.1257 -0.9274
vn -0.0544 0.9262 -0.3732
vn -0.0544 -0.9941 0.0943
vn -0.3524 -0.3147 -0.8814
vn -0.1063 0.8605 -0.4983
vn -0.3391 -0.4918 -0.8020
vn -0.1682 0.7500 -0.6397
vn -0.3129 -0.6506 -0.6920
vn -0.2258 0.6073 -0.7617
vn -0.2746 -0.7849 -0.5555
vn -0.2746 0.4417 -0.8541
vn -0.2258 -0.8895 -0.3973
vn -0.1579 -0.5034 -0.8495
vn -0.0783 0.7442 -0.6633
vn -0.1456 -0.6613 -0.7359
vn -0.1051 0.5996 -0.7934
vn -0.1279 -0.7943 -0.5940
vn -0.1279 0.4324 -0.8926
vn -0.1051 -0.8972 -0.4289
vn -0.1456 0.2490 -0.9575
vn -0.0783 -0.9659 -0.2470
vn -0.1579 0.0566 -0.9858
vn -0.0495 -0.9969 -0.0619
vn -0.1641 -0.1377 -0.9768
vn -0.0253 0.9243 -0.3808
vn -0.0253 -0.9959 0.0866
vn -0.1641 -0.3267 -0.9308
vn -0.0495 0.8568 -0.5132
vn 0.0146 -0.9673 -0.2531
vn 0.0294 0.0536 -0.9981
vn 0.0092 -0.9978 -0.0658
vn 0.0306 -0.1408 -0.9896
vn 0.0047 0.9238 -0.3828
vn 0.0047 -0.9964 0.0847
vn 0.0306 -0.3298 -0.9436
vn 0.0092 0.8559 -0.5171
vn 0.0294 -0.5064 -0.8618
vn 0.0146 0.7428 -0.6694
vn 0.0272 -0.6640 -0.7472
vn 0.0196 0.5976 -0.8015
vn 0.0238 -0.7967 -0.6039
vn 0.0238 0.4299 -0.9025
vn 0.0196 -0.8992 -0.4371
vn 0.0272 0.2462 -0.9688
vn 0.1989 -0.6588 -0.7256
vn 0.1436 0.6014 -0.7859
vn 0.1746 -0.7921 -0.5849
vn 0.1746 0.4346 -0.8836
vn 0.1436 -0.8954 -0.4215
vn 0.1989 0.2515 -0.9472
vn 0.1069 -0.9645 -0.2414
vn 0.2156 0.0593 -0.9747
vn 0.0676 -0.9960 -0.0585
vn 0.2241 -0.1349 -0.9652
vn 0.0346 0.9247 -0.3790
vn 0.0346 -0.9955 0.0884
vn 0.2241 -0.3239 -0.9192
vn 0.0676 0.8577 -0.5097
vn 0.2156 -0.5007 -0.8384
vn 0.1069 0.7456 -0.6578
vn 0.1233 -0.9916 -0.0402
vn 0.4089 -0.1201 -0.9046
vn 0.0631 0.9270 -0.3697
vn 0.0631 -0.9932 0.0978
vn 0.4089 -0.3091 -0.8586
vn 0.1233 0.8621 -0.4915
vn 0.3935 -0.4865 -0.7801
vn 0.1951 0.7526 -0.6289
vn 0.3630 -0.6457 -0.6718
vn 0.2620 0.6109 -0.7471
vn 0.3187 -0.7806 -0.5377
vn 0.3187 0.4460 -0.8363
vn 0.2620 -0.8859 -0.3827
vn 0.3630 0.2646 -0.8934
vn 0.1951 -0.9575 -0.2125
vn 0.3935 0.0735 -0.9164
vt 1.000000 0.625000
vt 1.000000 0.687500
vt 0.968750 0.687500
vt 0.968750 0.625000
vt 1.000000 0.750000
vt 0.968750 0.750000
vt 0.937500 0.750000
vt 0.937500 0.687500
vt 0.937500 0.625000
vt 1.000000 -0.375000
vt 1.000000 -0.312211
vt 0.968750 -0.311921
vt 0.968750 -0.370371
vt 1.000000 -0.250000
vt 0.968750 -0.250000
vt 0.937500 -0.250000
vt 0.937500 -0.312211
vt 0.937500 -0.375000
vt 1.000000 0.500000
vt 1.000000 0.562500
vt 0.968750 0.562500
vt 0.968750 0.500000
vt 0.937500 0.562500
vt 0.937500 0.500000
vt 1.000000 1.375000
vt 0.984375 1.437500
vt 0.968750 1.415799
vt 0.968750 1.370371
vt 0.968750 1.500000
vt 0.953125 1.437500
vt 0.937500 1.375000
vt 0.953125 1.437500
vt 0.968750 -0.500000
vt 0.984375 -0.437500
vt 0.968750 -0.415799
vt 0.953125 -0.437500
vt 0.968750 -0.370371
vt 0.953125 -0.437500
vt 1.000000 0.375000
vt 1.000000 0.437500
vt 0.968750 0.437500
vt 0.968750 0.375000
vt 0.937500 0.437500
vt 0.937500 0.375000
vt 1.000000 1.250000
vt 1.000000 1.312211
vt 0.968750 1.311921
vt 0.968750 1.250000
vt 0.937500 1.312211
vt 0.937500 1.250000
vt 1.000000 0.250000
vt 1.000000 0.312500
vt 0.968750 0.312500
vt 0.968750 0.250000
vt 0.937500 0.312500
vt 0.937500 0.250000
vt 1.000000 1.125000
vt 1.000000 1.187500
vt 0.968750 1.187500
vt 0.968750 1.125000
vt 0.968750 1.250000
vt 0.937500 1.250000
vt 0.937500 1.187500
vt 0.937500 1.125000
vt 1.000000 0.125000
vt 1.000000 0.187500
vt 0.968750 0.187500
vt 0.968750 0.125000
vt 0.937500 0.187500
vt 0.937500 0.125000
vt 1.000000 1.000000
vt 1.000000 1.062500
vt 0.968750 1.062500
vt 0.968750 1.000000
vt 0.937500 1.062500
vt 0.937500 1.000000
vt 1.000000 -0.000000
vt 1.000000 0.062500
vt 0.968750 0.062500
vt 0.968750 -0.000000
vt 0.937500 0.062500
vt 0.937500 -0.000000
vt 1.000000 0.875000
vt 1.000000 0.937500
vt 0.968750 0.937500
vt 0.968750 0.875000
vt 0.937500 0.937500
vt 0.937500 0.875000
vt 1.000000 -0.125000
vt 1.000000 -0.062500
vt 0.968750 -0.062500
vt 0.968750 -0.125000
vt 0.937500 -0.062500
vt 0.937500 -0.125000
vt 1.000000 0.812500
vt 0.968750 0.812500
vt 0.937500 0.812500
vt 1.000000 -0.187500
vt 0.968750 -0.187500
vt 0.968750 -0.250000
vt 0.937500 -0.187500
vt 0.937500 -0.250000
vt 0.906250 -0.062500
vt 0.906250 -0.125000
vt 0.906250 -0.000000
vt 0.875000 -0.000000
vt 0.875000 -0.062500
vt 0.875000 -0.125000
vt 0.906250 0.812500
vt 0.906250 0.750000
vt 0.906250 0.875000
vt 0.875000 0.875000
vt 0.875000 0.812500
vt 0.875000 0.750000
vt 0.906250 -0.187500
vt 0.906250 -0.250000
vt 0.875000 -0.187500
vt 0.875000 -0.250000
vt 0.906250 0.687500
vt 0.906250 0.625000
vt 0.875000 0.687500
vt 0.875000 0.625000
vt 0.906250 -0.311921
vt 0.906250 -0.370370
vt 0.906250 -0.250000
vt 0.875000 -0.250000
vt 0.875000 -0.312211
vt 0.875000 -0.375000
vt 0.906250 0.562500
vt 0.906250 0.500000
vt 0.875000 0.562500
vt 0.875000 0.500000
vt 0.921875 1.437500
vt 0.906250 1.415799
vt 0.906250 1.370371
vt 0.906250 1.500000
vt 0.890625 1.437500
vt 0.921875 1.437500
vt 0.875000 1.375000
vt 0.906250 1.370371
vt 0.890625 1.437500
vt 0.906250 -0.500000
vt 0.921875 -0.437500
vt 0.906250 -0.415799
vt 0.890625 -0.437500
vt 0.906250 -0.370370
vt 0.921875 -0.437500
vt 0.890625 -0.437500
vt 0.906250 -0.370370
vt 0.906250 0.437500
vt 0.906250 0.375000
vt 0.875000 0.437500
vt 0.875000 0.375000
vt 0.906250 1.311921
vt 0.906250 1.250000
vt 0.875000 1.312211
vt 0.875000 1.250000
vt 0.906250 0.312500
vt 0.906250 0.250000
vt 0.875000 0.312500
vt 0.875000 0.250000
vt 0.906250 1.187500
vt 0.906250 1.125000
vt 0.875000 1.250000
vt 0.875000 1.187500
vt 0.875000 1.125000
vt 0.906250 0.187500
vt 0.906250 0.125000
vt 0.875000 0.187500
vt 0.875000 0.125000
vt 0.906250 1.062500
vt 0.906250 1.000000
vt 0.875000 1.062500
vt 0.875000 1.000000
vt 0.906250 0.062500
vt 0.875000 0.062500
vt 0.906250 0.937500
vt 0.875000 0.937500
vt 0.843750 0.312500
vt 0.843750 0.250000
vt 0.843750 0.375000
vt 0.812500 0.375000
vt 0.812500 0.312500
vt 0.812500 0.250000
vt 0.843750 1.187500
vt 0.843750 1.125000
vt 0.843750 1.250000
vt 0.812500 1.250000
vt 0.812500 1.187500
vt 0.812500 1.125000
vt 0.843750 0.187500
vt 0.843750 0.125000
vt 0.812500 0.187500
vt 0.812500 0.125000
vt 0.843750 1.062500
vt 0.843750 1.000000
vt 0.812500 1.062500
vt 0.812500 1.000000
vt 0.843750 0.062500
vt 0.843750 -0.000000
vt 0.812500 0.062500
vt 0.812500 -0.000000
vt 0.843750 0.937500
vt 0.843750 0.875000
vt 0.812500 0.937500
vt 0.812500 0.875000
vt 0.843750 -0.062500
vt 0.843750 -0.125000
vt 0.812500 -0.062500
vt 0.812500 -0.125000
vt 0.843750 0.812500
vt 0.843750 0.750000
vt 0.812500 0.812500
vt 0.812500 0.750000
vt 0.843750 -0.187500
vt 0.843750 -0.250000
vt 0.812500 -0.187500
vt 0.812500 -0.250000
vt 0.843750 0.687500
vt 0.843750 0.625000
vt 0.812500 0.687500
vt 0.812500 0.625000
vt 0.843750 -0.311921
vt 0.843750 -0.370370
vt 0.843750 -0.250000
vt 0.812500 -0.250000
vt 0.812500 -0.312211
vt 0.812500 -0.375000
vt 0.843750 0.562500
vt 0.843750 0.500000
vt 0.812500 0.562500
vt 0.812500 0.500000
vt 0.859375 1.437500
vt 0.843750 1.415799
vt 0.843750 1.370371
vt 0.843750 1.500000
vt 0.828125 1.437500
vt 0.859375 1.437500
vt 0.812500 1.375000
vt 0.843750 1.370371
vt 0.828125 1.437500
vt 0.843750 -0.500000
vt 0.859375 -0.437500
vt 0.843750 -0.415799
vt 0.828125 -0.437500
vt 0.843750 -0.370370
vt 0.859375 -0.437500
vt 0.828125 -0.437500
vt 0.843750 0.437500
vt 0.812500 0.437500
vt 0.843750 1.311921
vt 0.843750 1.250000
vt 0.812500 1.312211
vt 0.812500 1.250000
vt 0.781250 -0.187500
vt 0.781250 -0.250000
vt 0.781250 -0.125000
vt 0.750000 -0.125000
vt 0.750000 -0.187500
vt 0.750000 -0.250000
vt 0.781250 0.687500
vt 0.781250 0.625000
vt 0.781250 0.750000
vt 0.750000 0.750000
vt 0.750000 0.687500
vt 0.750000 0.625000
vt 0.781250 -0.311921
vt 0.781250 -0.370370
vt 0.781250 -0.250000
vt 0.750000 -0.250000
vt 0.750000 -0.312211
vt 0.750000 -0.375000
vt 0.781250 0.562500
vt 0.781250 0.500000
vt 0.750000 0.562500
vt 0.750000 0.500000
vt 0.796875 1.437500
vt 0.781250 1.415799
vt 0.781250 1.370371
vt 0.781250 1.500000
vt 0.765625 1.437500
vt 0.796875 1.437500
vt 0.750000 1.375000
vt 0.781250 1.370371
vt 0.765625 1.437500
vt 0.781250 -0.500000
vt 0.796875 -0.437500
vt 0.781250 -0.415799
vt 0.765625 -0.437500
vt 0.796875 -0.437500
vt 0.765625 -0.437500
vt 0.781250 -0.370370
vt 0.781250 0.437500
vt 0.781250 0.375000
vt 0.750000 0.437500
vt 0.750000 0.375000
vt 0.781250 1.311921
vt 0.781250 1.250000
vt 0.750000 1.312211
vt 0.750000 1.250000
vt 0.781250 0.312500
vt 0.781250 0.250000
vt 0.750000 0.312500
vt 0.750000 0.250000
vt 0.781250 1.187500
vt 0.781250 1.125000
vt 0.781250 1.250000
vt 0.750000 1.250000
vt 0.750000 1.187500
vt 0.750000 1.125000
vt 0.781250 0.187500
vt 0.781250 0.125000
vt 0.750000 0.187500
vt 0.750000 0.125000
vt 0.781250 1.062500
vt 0.781250 1.000000
vt 0.750000 1.062500
vt 0.750000 1.000000
vt 0.781250 0.062500
vt 0.781250 -0.000000
vt 0.750000 0.062500
vt 0.750000 -0.000000
vt 0.781250 0.937500
vt 0.781250 0.875000
vt 0.750000 0.937500
vt 0.750000 0.875000
vt 0.781250 -0.062500
vt 0.750000 -0.062500
vt 0.781250 0.812500
vt 0.750000 0.812500
vt 0.718750 1.187500
vt 0.718750 1.125000
vt 0.718750 1.250000
vt 0.687500 1.250000
vt 0.687500 1.187500
vt 0.687500 1.125000
vt 0.718750 0.187500
vt 0.718750 0.125000
vt 0.718750 0.250000
vt 0.687500 0.250000
vt 0.687500 0.187500
vt 0.687500 0.125000
vt 0.718750 1.062500
vt 0.718750 1.000000
vt 0.687500 1.062500
vt 0.687500 1.000000
vt 0.718750 0.062500
vt 0.718750 -0.000000
vt 0.687500 0.062500
vt 0.687500 -0.000000
vt 0.718750 0.937500
vt 0.718750 0.875000
vt 0.687500 0.937500
vt 0.687500 0.875000
vt 0.718750 -0.062500
vt 0.718750 -0.125000
vt 0.687500 -0.062500
vt 0.687500 -0.125000
vt 0.718750 0.812500
vt 0.718750 0.750000
vt 0.687500 0.812500
vt 0.687500 0.750000
vt 0.718750 -0.187500
vt 0.718750 -0.250000
vt 0.687500 -0.187500
vt 0.687500 -0.250000
vt 0.718750 0.687500
vt 0.718750 0.625000
vt 0.687500 0.687500
vt 0.687500 0.625000
vt 0.718750 -0.311921
vt 0.718750 -0.370371
vt 0.718750 -0.250000
vt 0.687500 -0.250000
vt 0.687500 -0.312211
vt 0.687500 -0.375000
vt 0.718750 0.562500
vt 0.718750 0.500000
vt 0.687500 0.562500
vt 0.687500 0.500000
vt 0.734375 1.437500
vt 0.718750 1.415799
vt 0.718750 1.370371
vt 0.718750 1.500000
vt 0.703125 1.437500
vt 0.734375 1.437500
vt 0.687500 1.375000
vt 0.718750 1.370371
vt 0.703125 1.437500
vt 0.718750 -0.500000
vt 0.734375 -0.437500
vt 0.718750 -0.415799
vt 0.703125 -0.437500
vt 0.718750 -0.370370
vt 0.734375 -0.437500
vt 0.703125 -0.437500
vt 0.718750 0.437500
vt 0.718750 0.375000
vt 0.687500 0.437500
vt 0.687500 0.375000
vt 0.718750 1.311921
vt 0.718750 1.250000
vt 0.687500 1.312211
vt 0.687500 1.250000
vt 0.718750 0.312500
vt 0.687500 0.312500
vt 0.656250 0.687500
vt 0.656250 0.625000
vt 0.656250 0.750000
vt 0.625000 0.750000
vt 0.625000 0.687500
vt 0.625000 0.625000
vt 0.656250 -0.311921
vt 0.656250 -0.370371
vt 0.656250 -0.250000
vt 0.625000 -0.250000
vt 0.625000 -0.312211
vt 0.625000 -0.375000
vt 0.656250 0.562500
vt 0.656250 0.500000
vt 0.625000 0.562500
vt 0.625000 0.500000
vt 0.671875 1.437500
vt 0.656250 1.415799
vt 0.656250 1.370371
vt 0.656250 1.500000
vt 0.640625 1.437500
vt 0.671875 1.437500
vt 0.625000 1.375000
vt 0.656250 1.370371
vt 0.640625 1.437500
vt 0.656250 -0.500000
vt 0.671875 -0.437500
vt 0.656250 -0.415799
vt 0.640625 -0.437500
vt 0.656250 -0.370370
vt 0.671875 -0.437500
vt 0.640625 -0.437500
vt 0.656250 0.437500
vt 0.656250 0.375000
vt 0.625000 0.437500
vt 0.625000 0.375000
vt 0.656250 1.311921
vt 0.656250 1.250000
vt 0.625000 1.312211
vt 0.625000 1.250000
vt 0.656250 0.312500
vt 0.656250 0.250000
vt 0.625000 0.312500
vt 0.625000 0.250000
vt 0.656250 1.187500
vt 0.656250 1.125000
vt 0.656250 1.250000
vt 0.625000 1.250000
vt 0.625000 1.187500
vt 0.625000 1.125000
vt 0.656250 0.187500
vt 0.656250 0.125000
vt 0.625000 0.187500
vt 0.625000 0.125000
vt 0.656250 1.062500
vt 0.656250 1.000000
vt 0.625000 1.062500
vt 0.625000 1.000000
vt 0.656250 0.062500
vt 0.656250 -0.000000
vt 0.625000 0.062500
vt 0.625000 -0.000000
vt 0.656250 0.937500
vt 0.656250 0.875000
vt 0.625000 0.937500
vt 0.625000 0.875000
vt 0.656250 -0.062500
vt 0.656250 -0.125000
vt 0.625000 -0.062500
vt 0.625000 -0.125000
vt 0.656250 0.812500
vt 0.625000 0.812500
vt 0.656250 -0.187500
vt 0.656250 -0.250000
vt 0.625000 -0.187500
vt 0.625000 -0.250000
vt 0.593750 0.187500
vt 0.593750 0.125000
vt 0.593750 0.250000
vt 0.562500 0.250000
vt 0.562500 0.187500
vt 0.562500 0.125000
vt 0.593750 1.062500
vt 0.593750 1.000000
vt 0.593750 1.125000
vt 0.562500 1.125000
vt 0.562500 1.062500
vt 0.562500 1.000000
vt 0.593750 0.062500
vt 0.593750 -0.000000
vt 0.562500 0.062500
vt 0.562500 -0.000000
vt 0.593750 0.937500
vt 0.593750 0.875000
vt 0.562500 0.937500
vt 0.562500 0.875000
vt 0.593750 -0.062500
vt 0.593750 -0.125000
vt 0.562500 -0.062500
vt 0.562500 -0.125000
vt 0.593750 0.812500
vt 0.593750 0.750000
vt 0.562500 0.812500
vt 0.562500 0.750000
vt 0.593750 -0.187500
vt 0.593750 -0.250000
vt 0.562500 -0.187500
vt 0.562500 -0.250000
vt 0.593750 0.687500
vt 0.593750 0.625000
vt 0.562500 0.687500
vt 0.562500 0.625000
vt 0.593750 -0.311921
vt 0.593750 -0.370371
vt 0.593750 -0.250000
vt 0.562500 -0.250000
vt 0.562500 -0.312211
vt 0.562500 -0.375000
vt 0.593750 0.562500
vt 0.593750 0.500000
vt 0.562500 0.562500
vt 0.562500 0.500000
vt 0.609375 1.437500
vt 0.593750 1.415799
vt 0.593750 1.370371
vt 0.593750 1.500000
vt 0.578125 1.437500
vt 0.609375 1.437500
vt 0.562500 1.375000
vt 0.593750 1.370371
vt 0.578125 1.437500
vt 0.593750 -0.500000
vt 0.609375 -0.437500
vt 0.593750 -0.415799
vt 0.578125 -0.437500
vt 0.593750 -0.370370
vt 0.609375 -0.437500
vt 0.578125 -0.437500
vt 0.593750 -0.370371
vt 0.593750 0.437500
vt 0.593750 0.375000
vt 0.562500 0.437500
vt 0.562500 0.375000
vt 0.593750 1.311921
vt 0.593750 1.250000
vt 0.562500 1.312211
vt 0.562500 1.250000
vt 0.593750 0.312500
vt 0.562500 0.312500
vt 0.593750 1.187500
vt 0.562500 1.250000
vt 0.562500 1.187500
vt 0.531250 -0.311921
vt 0.531250 -0.370371
vt 0.531250 -0.250000
vt 0.500000 -0.250000
vt 0.500000 -0.312211
vt 0.500000 -0.375000
vt 0.531250 0.562500
vt 0.531250 0.500000
vt 0.531250 0.625000
vt 0.500000 0.625000
vt 0.500000 0.562500
vt 0.500000 0.500000
vt 0.546875 1.437500
vt 0.531250 1.415799
vt 0.531250 1.370371
vt 0.531250 1.500000
vt 0.515625 1.437500
vt 0.546875 1.437500
vt 0.500000 1.375000
vt 0.531250 1.370371
vt 0.515625 1.437500
vt 0.531250 -0.500000
vt 0.546875 -0.437500
vt 0.531250 -0.415799
vt 0.515625 -0.437500
vt 0.531250 -0.370370
vt 0.546875 -0.437500
vt 0.515625 -0.437500
vt 0.531250 0.437500
vt 0.531250 0.375000
vt 0.500000 0.437500
vt 0.500000 0.375000
vt 0.531250 1.311921
vt 0.531250 1.250000
vt 0.500000 1.312211
vt 0.500000 1.250000
vt 0.531250 0.312500
vt 0.531250 0.250000
vt 0.500000 0.312500
vt 0.500000 0.250000
vt 0.531250 1.187500
vt 0.531250 1.125000
vt 0.500000 1.250000
vt 0.500000 1.187500
vt 0.500000 1.125000
vt 0.531250 0.187500
vt 0.531250 0.125000
vt 0.500000 0.187500
vt 0.500000 0.125000
vt 0.531250 1.062500
vt 0.531250 1.000000
vt 0.500000 1.062500
vt 0.500000 1.000000
vt 0.531250 0.062500
vt 0.531250 -0.000000
vt 0.500000 0.062500
vt 0.500000 -0.000000
vt 0.531250 0.937500
vt 0.531250 0.875000
vt 0.500000 0.937500
vt 0.500000 0.875000
vt 0.531250 -0.062500
vt 0.531250 -0.125000
vt 0.500000 -0.062500
vt 0.500000 -0.125000
vt 0.531250 0.812500
vt 0.531250 0.750000
vt 0.500000 0.812500
vt 0.500000 0.750000
vt 0.531250 -0.187500
vt 0.531250 -0.250000
vt 0.500000 -0.187500
vt 0.500000 -0.250000
vt 0.531250 0.687500
vt 0.500000 0.687500
vt 0.468750 1.062500
vt 0.468750 1.000000
vt 0.468750 1.125000
vt 0.437500 1.125000
vt 0.437500 1.062500
vt 0.437500 1.000000
vt 0.468750 0.062500
vt 0.468750 -0.000000
vt 0.468750 0.125000
vt 0.437500 0.125000
vt 0.437500 0.062500
vt 0.437500 -0.000000
vt 0.468750 0.937500
vt 0.468750 0.875000
vt 0.437500 0.937500
vt 0.437500 0.875000
vt 0.468750 -0.062500
vt 0.468750 -0.125000
vt 0.437500 -0.062500
vt 0.437500 -0.125000
vt 0.468750 0.812500
vt 0.468750 0.750000
vt 0.437500 0.812500
vt 0.437500 0.750000
vt 0.468750 -0.187500
vt 0.468750 -0.250000
vt 0.437500 -0.187500
vt 0.437500 -0.250000
vt 0.468750 0.687500
vt 0.468750 0.625000
vt 0.437500 0.687500
vt 0.437500 0.625000
vt 0.468750 -0.311921
vt 0.468750 -0.370371
vt 0.468750 -0.250000
vt 0.437500 -0.250000
vt 0.437500 -0.312211
vt 0.437500 -0.375000
vt 0.468750 0.562500
vt 0.468750 0.500000
vt 0.437500 0.562500
vt 0.437500 0.500000
vt 0.484375 1.437500
vt 0.468750 1.415799
vt 0.468750 1.370371
vt 0.468750 1.500000
vt 0.453125 1.437500
vt 0.484375 1.437500
vt 0.437500 1.375000
vt 0.468750 1.370371
vt 0.453125 1.437500
vt 0.468750 -0.500000
vt 0.484375 -0.437500
vt 0.468750 -0.415799
vt 0.453125 -0.437500
vt 0.468750 -0.370370
vt 0.484375 -0.437500
vt 0.453125 -0.437500
vt 0.468750 0.437500
vt 0.468750 0.375000
vt 0.437500 0.437500
vt 0.437500 0.375000
vt 0.468750 1.311921
vt 0.468750 1.250000
vt 0.437500 1.312211
vt 0.437500 1.250000
vt 0.468750 0.312500
vt 0.468750 0.250000
vt 0.437500 0.312500
vt 0.437500 0.250000
vt 0.468750 1.187500
vt 0.468750 1.250000
vt 0.437500 1.250000
vt 0.437500 1.187500
vt 0.468750 0.187500
vt 0.437500 0.187500
vt 0.406250 0.562500
vt 0.406250 0.500000
vt 0.406250 0.625000
vt 0.375000 0.625000
vt 0.375000 0.562500
vt 0.375000 0.500000
vt 0.421875 1.437500
vt 0.406250 1.415799
vt 0.406250 1.370371
vt 0.406250 1.500000
vt 0.390625 1.437500
vt 0.421875 1.437500
vt 0.375000 1.375000
vt 0.406250 1.370371
vt 0.390625 1.437500
vt 0.406250 -0.500000
vt 0.421875 -0.437500
vt 0.406250 -0.415799
vt 0.390625 -0.437500
vt 0.406250 -0.370370
vt 0.421875 -0.437500
vt 0.375000 -0.375000
vt 0.390625 -0.437500
vt 0.406250 0.437500
vt 0.406250 0.375000
vt 0.375000 0.437500
vt 0.375000 0.375000
vt 0.406250 1.311921
vt 0.406250 1.250000
vt 0.375000 1.312211
vt 0.375000 1.250000
vt 0.406250 0.312500
vt 0.406250 0.250000
vt 0.375000 0.312500
vt 0.375000 0.250000
vt 0.406250 1.187500
vt 0.406250 1.125000
vt 0.406250 1.250000
vt 0.375000 1.250000
vt 0.375000 1.187500
vt 0.375000 1.125000
vt 0.406250 0.187500
vt 0.406250 0.125000
vt 0.375000 0.187500
vt 0.375000 0.125000
vt 0.406250 1.062500
vt 0.406250 1.000000
vt 0.375000 1.062500
vt 0.375000 1.000000
vt 0.406250 0.062500
vt 0.406250 -0.000000
vt 0.375000 0.062500
vt 0.375000 -0.000000
vt 0.406250 0.937500
vt 0.406250 0.875000
vt 0.375000 0.937500
vt 0.375000 0.875000
vt 0.406250 -0.062500
vt 0.406250 -0.125000
vt 0.375000 -0.062500
vt 0.375000 -0.125000
vt 0.406250 0.812500
vt 0.406250 0.750000
vt 0.375000 0.812500
vt 0.375000 0.750000
vt 0.406250 -0.187500
vt 0.406250 -0.250000
vt 0.375000 -0.187500
vt 0.375000 -0.250000
vt 0.406250 0.687500
vt 0.375000 0.687500
vt 0.406250 -0.311921
vt 0.406250 -0.370371
vt 0.406250 -0.250000
vt 0.375000 -0.250000
vt 0.375000 -0.312211
vt 0.343750 0.062500
vt 0.343750 -0.000000
vt 0.343750 0.125000
vt 0.312500 0.125000
vt 0.312500 0.062500
vt 0.312500 -0.000000
vt 0.343750 0.937500
vt 0.343750 0.875000
vt 0.343750 1.000000
vt 0.312500 1.000000
vt 0.312500 0.937500
vt 0.312500 0.875000
vt 0.343750 -0.062500
vt 0.343750 -0.125000
vt 0.312500 -0.062500
vt 0.312500 -0.125000
vt 0.343750 0.812500
vt 0.343750 0.750000
vt 0.312500 0.812500
vt 0.312500 0.750000
vt 0.343750 -0.187500
vt 0.343750 -0.250000
vt 0.312500 -0.187500
vt 0.312500 -0.250000
vt 0.343750 0.687500
vt 0.343750 0.625000
vt 0.312500 0.687500
vt 0.312500 0.625000
vt 0.343750 -0.311921
vt 0.343750 -0.370371
vt 0.343750 -0.250000
vt 0.312500 -0.312211
vt 0.312500 -0.375000
vt 0.343750 0.562500
vt 0.343750 0.500000
vt 0.312500 0.562500
vt 0.312500 0.500000
vt 0.359375 1.437500
vt 0.343750 1.415799
vt 0.343750 1.370371
vt 0.343750 1.500000
vt 0.328125 1.437500
vt 0.359375 1.437500
vt 0.312500 1.375000
vt 0.343750 1.370371
vt 0.328125 1.437500
vt 0.343750 -0.500000
vt 0.359375 -0.437500
vt 0.343750 -0.415799
vt 0.328125 -0.437500
vt 0.343750 -0.370370
vt 0.359375 -0.437500
vt 0.328125 -0.437500
vt 0.343750 -0.370371
vt 0.343750 0.437500
vt 0.343750 0.375000
vt 0.312500 0.437500
vt 0.312500 0.375000
vt 0.343750 1.311921
vt 0.343750 1.250000
vt 0.312500 1.312211
vt 0.312500 1.250000
vt 0.343750 0.312500
vt 0.343750 0.250000
vt 0.312500 0.312500
vt 0.312500 0.250000
vt 0.343750 1.187500
vt 0.343750 1.125000
vt 0.312500 1.250000
vt 0.312500 1.187500
vt 0.312500 1.125000
vt 0.343750 0.187500
vt 0.312500 0.187500
vt 0.343750 1.062500
vt 0.312500 1.062500
vt 0.281250 -0.500000
vt 0.296875 -0.437500
vt 0.281250 -0.415799
vt 0.265625 -0.437500
vt 0.281250 -0.370370
vt 0.296875 -0.437500
vt 0.250000 -0.375000
vt 0.265625 -0.437500
vt 0.281250 -0.370370
vt 0.281250 0.437500
vt 0.281250 0.375000
vt 0.281250 0.500000
vt 0.250000 0.500000
vt 0.250000 0.437500
vt 0.250000 0.375000
vt 0.281250 1.311921
vt 0.281250 1.250000
vt 0.281250 1.370371
vt 0.250000 1.375000
vt 0.250000 1.312211
vt 0.250000 1.250000
vt 0.281250 0.312500
vt 0.281250 0.250000
vt 0.250000 0.312500
vt 0.250000 0.250000
vt 0.281250 1.187500
vt 0.281250 1.125000
vt 0.281250 1.250000
vt 0.250000 1.250000
vt 0.250000 1.187500
vt 0.250000 1.125000
vt 0.281250 0.187500
vt 0.281250 0.125000
vt 0.250000 0.187500
vt 0.250000 0.125000
vt 0.281250 1.062500
vt 0.281250 1.000000
vt 0.250000 1.062500
vt 0.250000 1.000000
vt 0.281250 0.062500
vt 0.281250 -0.000000
vt 0.250000 0.062500
vt 0.250000 -0.000000
vt 0.281250 0.937500
vt 0.281250 0.875000
vt 0.250000 0.937500
vt 0.250000 0.875000
vt 0.281250 -0.062500
vt 0.281250 -0.125000
vt 0.250000 -0.062500
vt 0.250000 -0.125000
vt 0.281250 0.812500
vt 0.281250 0.750000
vt 0.250000 0.812500
vt 0.250000 0.750000
vt 0.281250 -0.187500
vt 0.281250 -0.250000
vt 0.250000 -0.187500
vt 0.250000 -0.250000
vt 0.281250 0.687500
vt 0.281250 0.625000
vt 0.250000 0.687500
vt 0.250000 0.625000
vt 0.281250 -0.311921
vt 0.281250 -0.370371
vt 0.281250 -0.250000
vt 0.250000 -0.312211
vt 0.281250 0.562500
vt 0.250000 0.562500
vt 0.296875 1.437500
vt 0.281250 1.415799
vt 0.281250 1.500000
vt 0.265625 1.437500
vt 0.296875 1.437500
vt 0.281250 1.370371
vt 0.265625 1.437500
vt 0.218750 -0.062500
vt 0.218750 -0.125000
vt 0.218750 -0.000000
vt 0.187500 -0.000000
vt 0.187500 -0.062500
vt 0.187500 -0.125000
vt 0.218750 0.812500
vt 0.218750 0.750000
vt 0.218750 0.875000
vt 0.187500 0.875000
vt 0.187500 0.812500
vt 0.187500 0.750000
vt 0.218750 -0.187500
vt 0.218750 -0.250000
vt 0.187500 -0.187500
vt 0.187500 -0.250000
vt 0.218750 0.687500
vt 0.218750 0.625000
vt 0.187500 0.687500
vt 0.187500 0.625000
vt 0.218750 -0.311921
vt 0.218750 -0.370371
vt 0.218750 -0.250000
vt 0.187500 -0.312211
vt 0.187500 -0.375000
vt 0.218750 0.562500
vt 0.218750 0.500000
vt 0.187500 0.562500
vt 0.187500 0.500000
vt 0.234375 1.437500
vt 0.218750 1.415799
vt 0.218750 1.370371
vt 0.218750 1.500000
vt 0.203125 1.437500
vt 0.234375 1.437500
vt 0.187500 1.375000
vt 0.218750 1.370371
vt 0.203125 1.437500
vt 0.218750 -0.500000
vt 0.234375 -0.437500
vt 0.218750 -0.415799
vt 0.203125 -0.437500
vt 0.218750 -0.370370
vt 0.234375 -0.437500
vt 0.203125 -0.437500
vt 0.218750 0.437500
vt 0.218750 0.375000
vt 0.187500 0.437500
vt 0.187500 0.375000
vt 0.218750 1.311921
vt 0.218750 1.250000
vt 0.187500 1.312211
vt 0.187500 1.250000
vt 0.218750 0.312500
vt 0.218750 0.250000
vt 0.187500 0.312500
vt 0.187500 0.250000
vt 0.218750 1.187500
vt 0.218750 1.125000
vt 0.218750 1.250000
vt 0.187500 1.250000
vt 0.187500 1.187500
vt 0.187500 1.125000
vt 0.218750 0.187500
vt 0.218750 0.125000
vt 0.187500 0.187500
vt 0.187500 0.125000
vt 0.218750 1.062500
vt 0.218750 1.000000
vt 0.187500 1.062500
vt 0.187500 1.000000
vt 0.218750 0.062500
vt 0.187500 0.062500
vt 0.218750 0.937500
vt 0.187500 0.937500
vt 0.156250 1.311921
vt 0.156250 1.250000
vt 0.156250 1.370371
vt 0.125000 1.375000
vt 0.125000 1.312211
vt 0.125000 1.250000
vt 0.156250 0.312500
vt 0.156250 0.250000
vt 0.156250 0.375000
vt 0.125000 0.375000
vt 0.125000 0.312500
vt 0.125000 0.250000
vt 0.156250 1.187500
vt 0.156250 1.125000
vt 0.156250 1.250000
vt 0.125000 1.250000
vt 0.125000 1.187500
vt 0.125000 1.125000
vt 0.156250 0.187500
vt 0.156250 0.125000
vt 0.125000 0.187500
vt 0.125000 0.125000
vt 0.156250 1.062500
vt 0.156250 1.000000
vt 0.125000 1.062500
vt 0.125000 1.000000
vt 0.156250 0.062500
vt 0.156250 -0.000000
vt 0.125000 0.062500
vt 0.125000 -0.000000
vt 0.156250 0.937500
vt 0.156250 0.875000
vt 0.125000 0.937500
vt 0.125000 0.875000
vt 0.156250 -0.062500
vt 0.156250 -0.125000
vt 0.125000 -0.062500
vt 0.125000 -0.125000
vt 0.156250 0.812500
vt 0.156250 0.750000
vt 0.125000 0.812500
vt 0.125000 0.750000
vt 0.156250 -0.187500
vt 0.156250 -0.250000
vt 0.125000 -0.187500
vt 0.125000 -0.250000
vt 0.156250 0.687500
vt 0.156250 0.625000
vt 0.125000 0.687500
vt 0.125000 0.625000
vt 0.156250 -0.311921
vt 0.156250 -0.370371
vt 0.156250 -0.250000
vt 0.125000 -0.312211
vt 0.125000 -0.375000
vt 0.156250 0.562500
vt 0.156250 0.500000
vt 0.125000 0.562500
vt 0.125000 0.500000
vt 0.171875 1.437500
vt 0.156250 1.415799
vt 0.156250 1.500000
vt 0.140625 1.437500
vt 0.171875 1.437500
vt 0.156250 1.370371
vt 0.140625 1.437500
vt 0.156250 -0.500000
vt 0.171875 -0.437500
vt 0.156250 -0.415799
vt 0.140625 -0.437500
vt 0.156250 -0.370370
vt 0.171875 -0.437500
vt 0.140625 -0.437500
vt 0.156250 -0.370371
vt 0.156250 0.437500
vt 0.125000 0.437500
vt 0.093750 0.812500
vt 0.093750 0.750000
vt 0.093750 0.875000
vt 0.062500 0.875000
vt 0.062500 0.812500
vt 0.062500 0.750000
vt 0.093750 -0.187500
vt 0.093750 -0.250000
vt 0.093750 -0.125000
vt 0.062500 -0.125000
vt 0.062500 -0.187500
vt 0.062500 -0.250000
vt 0.093750 0.687500
vt 0.093750 0.625000
vt 0.062500 0.687500
vt 0.062500 0.625000
vt 0.093750 -0.311921
vt 0.093750 -0.370371
vt 0.093750 -0.250000
vt 0.062500 -0.312211
vt 0.062500 -0.375000
vt 0.093750 0.562500
vt 0.093750 0.500000
vt 0.062500 0.562500
vt 0.062500 0.500000
vt 0.109375 1.437500
vt 0.093750 1.415799
vt 0.093750 1.370371
vt 0.093750 1.500000
vt 0.078125 1.437500
vt 0.109375 1.437500
vt 0.062500 1.375000
vt 0.093750 1.370371
vt 0.078125 1.437500
vt 0.093750 -0.500000
vt 0.109375 -0.437500
vt 0.093750 -0.415799
vt 0.078125 -0.437500
vt 0.093750 -0.370370
vt 0.109375 -0.437500
vt 0.078125 -0.437500
vt 0.093750 0.437500
vt 0.093750 0.375000
vt 0.062500 0.437500
vt 0.062500 0.375000
vt 0.093750 1.311921
vt 0.093750 1.250000
vt 0.062500 1.312211
vt 0.062500 1.250000
vt 0.093750 0.312500
vt 0.093750 0.250000
vt 0.062500 0.312500
vt 0.062500 0.250000
vt 0.093750 1.187500
vt 0.093750 1.125000
vt 0.062500 1.250000
vt 0.062500 1.187500
vt 0.062500 1.125000
vt 0.093750 0.187500
vt 0.093750 0.125000
vt 0.062500 0.187500
vt 0.062500 0.125000
vt 0.093750 1.062500
vt 0.093750 1.000000
vt 0.062500 1.062500
vt 0.062500 1.000000
vt 0.093750 0.062500
vt 0.093750 -0.000000
vt 0.062500 0.062500
vt 0.062500 -0.000000
vt 0.093750 0.937500
vt 0.062500 0.937500
vt 0.093750 -0.062500
vt 0.062500 -0.062500
vt 0.031250 0.312500
vt 0.031250 0.250000
vt 0.031250 0.375000
vt -0.000000 0.375000
vt -0.000000 0.312500
vt -0.000000 0.250000
vt 0.031250 1.187500
vt 0.031250 1.125000
vt 0.031250 1.250000
vt -0.000000 1.250000
vt -0.000000 1.187500
vt -0.000000 1.125000
vt 0.031250 0.187500
vt 0.031250 0.125000
vt -0.000000 0.187500
vt -0.000000 0.125000
vt 0.031250 1.062500
vt 0.031250 1.000000
vt -0.000000 1.062500
vt -0.000000 1.000000
vt 0.031250 0.062500
vt 0.031250 -0.000000
vt -0.000000 0.062500
vt -0.000000 -0.000000
vt 0.031250 0.937500
vt 0.031250 0.875000
vt -0.000000 0.937500
vt -0.000000 0.875000
vt 0.031250 -0.062500
vt 0.031250 -0.125000
vt -0.000000 -0.062500
vt -0.000000 -0.125000
vt 0.031250 0.812500
vt 0.031250 0.750000
vt -0.000000 0.812500
vt -0.000000 0.750000
vt 0.031250 -0.187500
vt 0.031250 -0.250000
vt -0.000000 -0.187500
vt -0.000000 -0.250000
vt 0.031250 0.687500
vt 0.031250 0.625000
vt -0.000000 0.687500
vt -0.000000 0.625000
vt 0.031250 -0.311921
vt 0.031250 -0.370371
vt 0.031250 -0.250000
vt -0.000000 -0.250000
vt -0.000000 -0.312211
vt 0.000000 -0.375000
vt 0.031250 0.562500
vt 0.031250 0.500000
vt -0.000000 0.562500
vt -0.000000 0.500000
vt 0.046875 1.437500
vt 0.031250 1.415799
vt 0.031250 1.370371
vt 0.031250 1.500000
vt 0.015625 1.437500
vt 0.046875 1.437500
vt 0.000000 1.375000
vt 0.031250 1.370371
vt 0.015625 1.437500
vt 0.031250 -0.500000
vt 0.046875 -0.437500
vt 0.031250 -0.415799
vt 0.015625 -0.437500
vt 0.031250 -0.370370
vt 0.046875 -0.437500
vt 0.015625 -0.437500
vt 0.031250 -0.370371
vt 0.031250 0.437500
vt -0.000000 0.437500
vt 0.031250 1.311921
vt 0.031250 1.250000
vt -0.000000 1.312211
vt -0.000000 1.250000
vt -0.031250 -0.187500
vt -0.031250 -0.250000
vt -0.031250 -0.125000
vt -0.062500 -0.125000
vt -0.062500 -0.187500
vt -0.062500 -0.250000
vt -0.031250 0.687500
vt -0.031250 0.625000
vt -0.031250 0.750000
vt -0.062500 0.750000
vt -0.062500 0.687500
vt -0.062500 0.625000
vt -0.031250 -0.311921
vt -0.031250 -0.370371
vt -0.031250 -0.250000
vt -0.062500 -0.312211
vt -0.062500 -0.375000
vt -0.031250 0.562500
vt -0.031250 0.500000
vt -0.062500 0.562500
vt -0.062500 0.500000
vt -0.015625 1.437500
vt -0.031250 1.415799
vt -0.031250 1.370371
vt -0.031250 1.500000
vt -0.046875 1.437500
vt -0.015625 1.437500
vt -0.062500 1.375000
vt -0.031250 1.370371
vt -0.046875 1.437500
vt -0.031250 -0.500000
vt -0.015625 -0.437500
vt -0.031250 -0.415799
vt -0.046875 -0.437500
vt -0.031250 -0.370370
vt -0.015625 -0.437500
vt -0.046875 -0.437500
vt -0.031250 -0.370371
vt -0.031250 0.437500
vt -0.031250 0.375000
vt -0.062500 0.437500
vt -0.062500 0.375000
vt -0.031250 1.311921
vt -0.031250 1.250000
vt -0.062500 1.312211
vt -0.062500 1.250000
vt -0.031250 0.312500
vt -0.031250 0.250000
vt -0.062500 0.312500
vt -0.062500 0.250000
vt -0.031250 1.187500
vt -0.031250 1.125000
vt -0.031250 1.250000
vt -0.062500 1.250000
vt -0.062500 1.187500
vt -0.062500 1.125000
vt -0.031250 0.187500
vt -0.031250 0.125000
vt -0.062500 0.187500
vt -0.062500 0.125000
vt -0.031250 1.062500
vt -0.031250 1.000000
vt -0.062500 1.062500
vt -0.062500 1.000000
vt -0.031250 0.062500
vt -0.031250 -0.000000
vt -0.062500 0.062500
vt -0.062500 -0.000000
vt -0.031250 0.937500
vt -0.031250 0.875000
vt -0.062500 0.937500
vt -0.062500 0.875000
vt -0.031250 -0.062500
vt -0.062500 -0.062500
vt -0.031250 0.812500
vt -0.062500 0.812500
vt -0.093750 1.187500
vt -0.093750 1.125000
vt -0.093750 1.250000
vt -0.125000 1.250000
vt -0.125000 1.187500
vt -0.125000 1.125000
vt -0.093750 0.187500
vt -0.093750 0.125000
vt -0.093750 0.250000
vt -0.125000 0.250000
vt -0.125000 0.187500
vt -0.125000 0.125000
vt -0.093750 1.062500
vt -0.093750 1.000000
vt -0.125000 1.062500
vt -0.125000 1.000000
vt -0.093750 0.062500
vt -0.093750 -0.000000
vt -0.125000 0.062500
vt -0.125000 -0.000000
vt -0.093750 0.937500
vt -0.093750 0.875000
vt -0.125000 0.937500
vt -0.125000 0.875000
vt -0.093750 -0.062500
vt -0.093750 -0.125000
vt -0.125000 -0.062500
vt -0.125000 -0.125000
vt -0.093750 0.812500
vt -0.093750 0.750000
vt -0.125000 0.812500
vt -0.125000 0.750000
vt -0.093750 -0.187500
vt -0.093750 -0.250000
vt -0.125000 -0.187500
vt -0.125000 -0.250000
vt -0.093750 0.687500
vt -0.093750 0.625000
vt -0.125000 0.687500
vt -0.125000 0.625000
vt -0.093750 -0.311921
vt -0.093750 -0.370371
vt -0.093750 -0.250000
vt -0.125000 -0.250000
vt -0.125000 -0.312211
vt -0.125000 -0.375000
vt -0.093750 0.562500
vt -0.093750 0.500000
vt -0.125000 0.562500
vt -0.125000 0.500000
vt -0.078125 1.437500
vt -0.093750 1.415799
vt -0.093750 1.370371
vt -0.093750 1.500000
vt -0.109375 1.437500
vt -0.078125 1.437500
vt -0.125000 1.375000
vt -0.093750 1.370371
vt -0.109375 1.437500
vt -0.093750 -0.500000
vt -0.078125 -0.437500
vt -0.093750 -0.415799
vt -0.109375 -0.437500
vt -0.093750 -0.370370
vt -0.078125 -0.437500
vt -0.109375 -0.437500
vt -0.093750 0.437500
vt -0.093750 0.375000
vt -0.125000 0.437500
vt -0.125000 0.375000
vt -0.093750 1.311921
vt -0.125000 1.312211
vt -0.125000 1.250000
vt -0.093750 0.312500
vt -0.125000 0.312500
vt -0.156250 0.687500
vt -0.156250 0.625000
vt -0.156250 0.750000
vt -0.187500 0.750000
vt -0.187500 0.687500
vt -0.187500 0.625000
vt -0.156250 -0.311921
vt -0.156250 -0.370371
vt -0.156250 -0.250000
vt -0.187500 -0.250000
vt -0.187500 -0.312211
vt -0.187500 -0.375000
vt -0.156250 0.562500
vt -0.156250 0.500000
vt -0.187500 0.562500
vt -0.187500 0.500000
vt -0.140625 1.437500
vt -0.156250 1.415799
vt -0.156250 1.370371
vt -0.156250 1.500000
vt -0.171875 1.437500
vt -0.140625 1.437500
vt -0.187500 1.375000
vt -0.156250 1.370371
vt -0.171875 1.437500
vt -0.156250 -0.500000
vt -0.140625 -0.437500
vt -0.156250 -0.415799
vt -0.171875 -0.437500
vt -0.156250 -0.370370
vt -0.140625 -0.437500
vt -0.171875 -0.437500
vt -0.156250 -0.370371
vt -0.156250 0.437500
vt -0.156250 0.375000
vt -0.187500 0.437500
vt -0.187500 0.375000
vt -0.156250 1.311921
vt -0.156250 1.250000
vt -0.187500 1.312211
vt -0.187500 1.250000
vt -0.156250 0.312500
vt -0.156250 0.250000
vt -0.187500 0.312500
vt -0.187500 0.250000
vt -0.156250 1.187500
vt -0.156250 1.125000
vt -0.156250 1.250000
vt -0.187500 1.250000
vt -0.187500 1.187500
vt -0.187500 1.125000
vt -0.156250 0.187500
vt -0.156250 0.125000
vt -0.187500 0.187500
vt -0.187500 0.125000
vt -0.156250 1.062500
vt -0.156250 1.000000
vt -0.187500 1.062500
vt -0.187500 1.000000
vt -0.156250 0.062500
vt -0.156250 -0.000000
vt -0.187500 0.062500
vt -0.187500 -0.000000
vt -0.156250 0.937500
vt -0.156250 0.875000
vt -0.187500 0.937500
vt -0.187500 0.875000
vt -0.156250 -0.062500
vt -0.156250 -0.125000
vt -0.187500 -0.062500
vt -0.187500 -0.125000
vt -0.156250 0.812500
vt -0.187500 0.812500
vt -0.156250 -0.187500
vt -0.156250 -0.250000
vt -0.187500 -0.187500
vt -0.187500 -0.250000
vt -0.218750 0.187500
vt -0.218750 0.125000
vt -0.218750 0.250000
vt -0.250000 0.250000
vt -0.250000 0.187500
vt -0.250000 0.125000
vt -0.218750 1.062500
vt -0.218750 1.000000
vt -0.218750 1.125000
vt -0.250000 1.125000
vt -0.250000 1.062500
vt -0.250000 1.000000
vt -0.218750 0.062500
vt -0.218750 -0.000000
vt -0.250000 0.062500
vt -0.250000 -0.000000
vt -0.218750 0.937500
vt -0.218750 0.875000
vt -0.250000 0.937500
vt -0.250000 0.875000
vt -0.218750 -0.062500
vt -0.218750 -0.125000
vt -0.250000 -0.062500
vt -0.250000 -0.125000
vt -0.218750 0.812500
vt -0.218750 0.750000
vt -0.250000 0.812500
vt -0.250000 0.750000
vt -0.218750 -0.187500
vt -0.218750 -0.250000
vt -0.250000 -0.187500
vt -0.250000 -0.250000
vt -0.218750 0.687500
vt -0.218750 0.625000
vt -0.250000 0.687500
vt -0.250000 0.625000
vt -0.218750 -0.311921
vt -0.218750 -0.370371
vt -0.218750 -0.250000
vt -0.250000 -0.250000
vt -0.250000 -0.312211
vt -0.250000 -0.375000
vt -0.218750 0.562500
vt -0.218750 0.500000
vt -0.250000 0.562500
vt -0.250000 0.500000
vt -0.203125 1.437500
vt -0.218750 1.415799
vt -0.218750 1.370371
vt -0.218750 1.500000
vt -0.234375 1.437500
vt -0.203125 1.437500
vt -0.250000 1.375000
vt -0.218750 1.370371
vt -0.234375 1.437500
vt -0.218750 -0.500000
vt -0.203125 -0.437500
vt -0.218750 -0.415799
vt -0.234375 -0.437500
vt -0.218750 -0.370370
vt -0.203125 -0.437500
vt -0.234375 -0.437500
vt -0.218750 -0.370371
vt -0.218750 0.437500
vt -0.218750 0.375000
vt -0.250000 0.437500
vt -0.250000 0.375000
vt -0.218750 1.311921
vt -0.218750 1.250000
vt -0.250000 1.312211
vt -0.250000 1.250000
vt -0.218750 0.312500
vt -0.250000 0.312500
vt -0.218750 1.187500
vt -0.250000 1.187500
vt -0.281250 -0.311921
vt -0.281250 -0.370371
vt -0.281250 -0.250000
vt -0.312500 -0.250000
vt -0.312500 -0.312211
vt -0.312500 -0.375000
vt -0.281250 0.562500
vt -0.281250 0.500000
vt -0.281250 0.625000
vt -0.312500 0.625000
vt -0.312500 0.562500
vt -0.312500 0.500000
vt -0.265625 1.437500
vt -0.281250 1.415799
vt -0.281250 1.370371
vt -0.281250 1.500000
vt -0.296875 1.437500
vt -0.265625 1.437500
vt -0.312500 1.375000
vt -0.281250 1.370371
vt -0.296875 1.437500
vt -0.281250 -0.500000
vt -0.265625 -0.437500
vt -0.281250 -0.415799
vt -0.296875 -0.437500
vt -0.281250 -0.370370
vt -0.265625 -0.437500
vt -0.296875 -0.437500
vt -0.281250 -0.370371
vt -0.281250 0.437500
vt -0.281250 0.375000
vt -0.312500 0.437500
vt -0.312500 0.375000
vt -0.281250 1.311921
vt -0.281250 1.250000
vt -0.312500 1.312211
vt -0.312500 1.250000
vt -0.281250 0.312500
vt -0.281250 0.250000
vt -0.312500 0.312500
vt -0.312500 0.250000
vt -0.281250 1.187500
vt -0.281250 1.125000
vt -0.281250 1.250000
vt -0.312500 1.250000
vt -0.312500 1.187500
vt -0.312500 1.125000
vt -0.281250 0.187500
vt -0.281250 0.125000
vt -0.312500 0.187500
vt -0.312500 0.125000
vt -0.281250 1.062500
vt -0.281250 1.000000
vt -0.312500 1.062500
vt -0.312500 1.000000
vt -0.281250 0.062500
vt -0.281250 -0.000000
vt -0.312500 0.062500
vt -0.312500 -0.000000
vt -0.281250 0.937500
vt -0.281250 0.875000
vt -0.312500 0.937500
vt -0.312500 0.875000
vt -0.281250 -0.062500
vt -0.281250 -0.125000
vt -0.312500 -0.062500
vt -0.312500 -0.125000
vt -0.281250 0.812500
vt -0.281250 0.750000
vt -0.312500 0.812500
vt -0.312500 0.750000
vt -0.281250 -0.187500
vt -0.281250 -0.250000
vt -0.312500 -0.187500
vt -0.312500 -0.250000
vt -0.281250 0.687500
vt -0.312500 0.687500
vt -0.343750 0.062500
vt -0.343750 -0.000000
vt -0.343750 0.125000
vt -0.375000 0.125000
vt -0.375000 0.062500
vt -0.375000 -0.000000
vt -0.343750 0.937500
vt -0.343750 0.875000
vt -0.343750 1.000000
vt -0.375000 1.000000
vt -0.375000 0.937500
vt -0.375000 0.875000
vt -0.343750 -0.062500
vt -0.343750 -0.125000
vt -0.375000 -0.062500
vt -0.375000 -0.125000
vt -0.343750 0.812500
vt -0.343750 0.750000
vt -0.375000 0.812500
vt -0.375000 0.750000
vt -0.343750 -0.187500
vt -0.343750 -0.250000
vt -0.375000 -0.187500
vt -0.375000 -0.250000
vt -0.343750 0.687500
vt -0.343750 0.625000
vt -0.375000 0.687500
vt -0.375000 0.625000
vt -0.343750 -0.311921
vt -0.343750 -0.370371
vt -0.343750 -0.250000
vt -0.375000 -0.250000
vt -0.375000 -0.312211
vt -0.375000 -0.375000
vt -0.343750 0.562500
vt -0.343750 0.500000
vt -0.375000 0.562500
vt -0.375000 0.500000
vt -0.328125 1.437500
vt -0.343750 1.415799
vt -0.343750 1.370371
vt -0.343750 1.500000
vt -0.359375 1.437500
vt -0.328125 1.437500
vt -0.375000 1.375000
vt -0.343750 1.370371
vt -0.359375 1.437500
vt -0.343750 -0.500000
vt -0.328125 -0.437500
vt -0.343750 -0.415799
vt -0.359375 -0.437500
vt -0.343750 -0.370370
vt -0.328125 -0.437500
vt -0.359375 -0.437500
vt -0.343750 -0.370371
vt -0.343750 0.437500
vt -0.343750 0.375000
vt -0.375000 0.437500
vt -0.375000 0.375000
vt -0.343750 1.311921
vt -0.343750 1.250000
vt -0.375000 1.312211
vt -0.375000 1.250000
vt -0.343750 0.312500
vt -0.343750 0.250000
vt -0.375000 0.312500
vt -0.375000 0.250000
vt -0.343750 1.187500
vt -0.343750 1.125000
vt -0.343750 1.250000
vt -0.375000 1.250000
vt -0.375000 1.187500
vt -0.375000 1.125000
vt -0.343750 0.187500
vt -0.375000 0.187500
vt -0.343750 1.062500
vt -0.375000 1.062500
vt -0.390625 1.437500
vt -0.406250 1.415799
vt -0.406250 1.370371
vt -0.406250 1.500000
vt -0.421875 1.437500
vt -0.390625 1.437500
vt -0.437500 1.375000
vt -0.406250 1.370371
vt -0.421875 1.437500
vt -0.406250 -0.500000
vt -0.390625 -0.437500
vt -0.406250 -0.415799
vt -0.421875 -0.437500
vt -0.406250 -0.370370
vt -0.390625 -0.437500
vt -0.437500 -0.375000
vt -0.421875 -0.437500
vt -0.406250 -0.370370
vt -0.406250 0.437500
vt -0.406250 0.375000
vt -0.406250 0.500000
vt -0.437500 0.500000
vt -0.437500 0.437500
vt -0.437500 0.375000
vt -0.406250 1.311921
vt -0.406250 1.250000
vt -0.437500 1.312211
vt -0.437500 1.250000
vt -0.406250 0.312500
vt -0.406250 0.250000
vt -0.437500 0.312500
vt -0.437500 0.250000
vt -0.406250 1.187500
vt -0.406250 1.125000
vt -0.406250 1.250000
vt -0.437500 1.250000
vt -0.437500 1.187500
vt -0.437500 1.125000
vt -0.406250 0.187500
vt -0.406250 0.125000
vt -0.437500 0.187500
vt -0.437500 0.125000
vt -0.406250 1.062500
vt -0.406250 1.000000
vt -0.437500 1.062500
vt -0.437500 1.000000
vt -0.406250 0.062500
vt -0.406250 -0.000000
vt -0.437500 0.062500
vt -0.437500 -0.000000
vt -0.406250 0.937500
vt -0.406250 0.875000
vt -0.437500 0.937500
vt -0.437500 0.875000
vt -0.406250 -0.062500
vt -0.406250 -0.125000
vt -0.437500 -0.062500
vt -0.437500 -0.125000
vt -0.406250 0.812500
vt -0.406250 0.750000
vt -0.437500 0.812500
vt -0.437500 0.750000
vt -0.406250 -0.187500
vt -0.406250 -0.250000
vt -0.437500 -0.187500
vt -0.437500 -0.250000
vt -0.406250 0.687500
vt -0.406250 0.625000
vt -0.437500 0.687500
vt -0.437500 0.625000
vt -0.406250 -0.311921
vt -0.406250 -0.370371
vt -0.406250 -0.250000
vt -0.437500 -0.250000
vt -0.437500 -0.312211
vt -0.406250 0.562500
vt -0.437500 0.562500
vt -0.437500 0.875000
vt -0.437500 0.937500
vt -0.468750 0.937500
vt -0.468750 0.875000
vt -0.437500 1.000000
vt -0.468750 1.000000
vt -0.500000 1.000000
vt -0.500000 0.937500
vt -0.500000 0.875000
vt -0.437500 -0.125000
vt -0.437500 -0.062500
vt -0.468750 -0.062500
vt -0.468750 -0.125000
vt -0.437500 -0.000000
vt -0.468750 -0.000000
vt -0.500000 -0.000000
vt -0.500000 -0.062500
vt -0.500000 -0.125000
vt -0.437500 0.750000
vt -0.437500 0.812500
vt -0.468750 0.812500
vt -0.468750 0.750000
vt -0.500000 0.812500
vt -0.500000 0.750000
vt -0.468750 -0.187500
vt -0.468750 -0.250000
vt -0.500000 -0.187500
vt -0.500000 -0.250000
vt -0.437500 0.687500
vt -0.468750 0.687500
vt -0.468750 0.625000
vt -0.500000 0.687500
vt -0.500000 0.625000
vt -0.468750 -0.311921
vt -0.468750 -0.370371
vt -0.500000 -0.312500
vt -0.500000 -0.375000
vt -0.437500 0.500000
vt -0.437500 0.562500
vt -0.468750 0.562500
vt -0.468750 0.500000
vt -0.500000 0.562500
vt -0.500000 0.500000
vt -0.453125 1.437500
vt -0.468750 1.415799
vt -0.468750 1.370371
vt -0.468750 1.500000
vt -0.484375 1.437500
vt -0.453125 1.437500
vt -0.500000 1.375000
vt -0.468750 1.370371
vt -0.484375 1.437500
vt -0.468750 -0.500000
vt -0.453125 -0.437500
vt -0.468750 -0.415799
vt -0.484375 -0.437500
vt -0.468750 -0.370370
vt -0.453125 -0.437500
vt -0.484375 -0.437500
vt -0.468750 -0.370371
vt -0.437500 0.375000
vt -0.437500 0.437500
vt -0.468750 0.437500
vt -0.468750 0.375000
vt -0.500000 0.437500
vt -0.500000 0.375000
vt -0.468750 1.311921
vt -0.468750 1.250000
vt -0.500000 1.312500
vt -0.500000 1.250000
vt -0.437500 0.312500
vt -0.468750 0.312500
vt -0.468750 0.250000
vt -0.500000 0.312500
vt -0.500000 0.250000
vt -0.437500 1.125000
vt -0.437500 1.187500
vt -0.468750 1.187500
vt -0.468750 1.125000
vt -0.500000 1.187500
vt -0.500000 1.125000
vt -0.437500 0.187500
vt -0.468750 0.187500
vt -0.468750 0.125000
vt -0.500000 0.187500
vt -0.500000 0.125000
vt -0.437500 1.062500
vt -0.468750 1.062500
vt -0.500000 1.062500
vt -0.437500 0.062500
vt -0.468750 0.062500
vt -0.500000 0.062500
vt 1.500000 0.375000
vt 1.500000 0.437500
vt 1.468750 0.437500
vt 1.468750 0.375000
vt 1.500000 0.500000
vt 1.468750 0.500000
vt 1.437500 0.500000
vt 1.437500 0.437500
vt 1.437500 0.375000
vt 1.500000 1.250000
vt 1.500000 1.312500
vt 1.468750 1.311921
vt 1.468750 1.250000
vt 1.500000 1.375000
vt 1.468750 1.370371
vt 1.437500 1.375000
vt 1.437500 1.312211
vt 1.437500 1.250000
vt 1.500000 0.250000
vt 1.500000 0.312500
vt 1.468750 0.312500
vt 1.468750 0.250000
vt 1.437500 0.312500
vt 1.437500 0.250000
vt 1.500000 1.125000
vt 1.500000 1.187500
vt 1.468750 1.187500
vt 1.468750 1.125000
vt 1.437500 1.187500
vt 1.437500 1.125000
vt 1.500000 0.125000
vt 1.500000 0.187500
vt 1.468750 0.187500
vt 1.468750 0.125000
vt 1.437500 0.187500
vt 1.437500 0.125000
vt 1.500000 1.000000
vt 1.500000 1.062500
vt 1.468750 1.062500
vt 1.468750 1.000000
vt 1.437500 1.062500
vt 1.437500 1.000000
vt 1.500000 -0.000000
vt 1.500000 0.062500
vt 1.468750 0.062500
vt 1.468750 -0.000000
vt 1.437500 0.062500
vt 1.437500 -0.000000
vt 1.500000 0.875000
vt 1.500000 0.937500
vt 1.468750 0.937500
vt 1.468750 0.875000
vt 1.437500 0.937500
vt 1.437500 0.875000
vt 1.500000 -0.125000
vt 1.500000 -0.062500
vt 1.468750 -0.062500
vt 1.468750 -0.125000
vt 1.437500 -0.062500
vt 1.437500 -0.125000
vt 1.500000 0.750000
vt 1.500000 0.812500
vt 1.468750 0.812500
vt 1.468750 0.750000
vt 1.437500 0.812500
vt 1.437500 0.750000
vt 1.500000 -0.250000
vt 1.500000 -0.187500
vt 1.468750 -0.187500
vt 1.468750 -0.250000
vt 1.437500 -0.187500
vt 1.437500 -0.250000
vt 1.500000 0.625000
vt 1.500000 0.687500
vt 1.468750 0.687500
vt 1.468750 0.625000
vt 1.437500 0.687500
vt 1.437500 0.625000
vt 1.500000 -0.375000
vt 1.500000 -0.312500
vt 1.468750 -0.311921
vt 1.468750 -0.370371
vt 1.437500 -0.312211
vt 1.437500 -0.375000
vt 1.500000 0.562500
vt 1.468750 0.562500
vt 1.437500 0.562500
vt 1.484375 1.437500
vt 1.468750 1.415799
vt 1.468750 1.500000
vt 1.453125 1.437500
vt 1.484375 1.437500
vt 1.468750 1.370371
vt 1.453125 1.437500
vt 1.468750 -0.500000
vt 1.484375 -0.437500
vt 1.468750 -0.415799
vt 1.453125 -0.437500
vt 1.468750 -0.370370
vt 1.484375 -0.437500
vt 1.453125 -0.437500
vt 1.468750 -0.370371
vt 1.437500 -0.125000
vt 1.437500 -0.062500
vt 1.406250 -0.062500
vt 1.406250 -0.125000
vt 1.437500 -0.000000
vt 1.406250 -0.000000
vt 1.375000 -0.000000
vt 1.375000 -0.062500
vt 1.375000 -0.125000
vt 1.437500 0.750000
vt 1.437500 0.812500
vt 1.406250 0.812500
vt 1.406250 0.750000
vt 1.437500 0.875000
vt 1.406250 0.875000
vt 1.375000 0.875000
vt 1.375000 0.812500
vt 1.375000 0.750000
vt 1.437500 -0.250000
vt 1.437500 -0.187500
vt 1.406250 -0.187500
vt 1.406250 -0.250000
vt 1.375000 -0.187500
vt 1.375000 -0.250000
vt 1.437500 0.625000
vt 1.437500 0.687500
vt 1.406250 0.687500
vt 1.406250 0.625000
vt 1.375000 0.687500
vt 1.375000 0.625000
vt 1.406250 -0.311921
vt 1.406250 -0.370371
vt 1.406250 -0.250000
vt 1.375000 -0.250000
vt 1.375000 -0.312211
vt 1.375000 -0.375000
vt 1.437500 0.500000
vt 1.437500 0.562500
vt 1.406250 0.562500
vt 1.406250 0.500000
vt 1.375000 0.562500
vt 1.375000 0.500000
vt 1.421875 1.437500
vt 1.406250 1.415799
vt 1.406250 1.370371
vt 1.406250 1.500000
vt 1.390625 1.437500
vt 1.421875 1.437500
vt 1.375000 1.375000
vt 1.390625 1.437500
vt 1.406250 -0.500000
vt 1.421875 -0.437500
vt 1.406250 -0.415799
vt 1.390625 -0.437500
vt 1.406250 -0.370370
vt 1.421875 -0.437500
vt 1.390625 -0.437500
vt 1.406250 -0.370371
vt 1.437500 0.437500
vt 1.406250 0.437500
vt 1.406250 0.375000
vt 1.375000 0.437500
vt 1.375000 0.375000
vt 1.406250 1.311921
vt 1.406250 1.250000
vt 1.375000 1.312211
vt 1.375000 1.250000
vt 1.437500 0.250000
vt 1.437500 0.312500
vt 1.406250 0.312500
vt 1.406250 0.250000
vt 1.375000 0.312500
vt 1.375000 0.250000
vt 1.437500 1.125000
vt 1.437500 1.187500
vt 1.406250 1.187500
vt 1.406250 1.125000
vt 1.437500 1.250000
vt 1.406250 1.250000
vt 1.375000 1.250000
vt 1.375000 1.187500
vt 1.375000 1.125000
vt 1.437500 0.125000
vt 1.437500 0.187500
vt 1.406250 0.187500
vt 1.406250 0.125000
vt 1.375000 0.187500
vt 1.375000 0.125000
vt 1.437500 1.000000
vt 1.437500 1.062500
vt 1.406250 1.062500
vt 1.406250 1.000000
vt 1.375000 1.062500
vt 1.375000 1.000000
vt 1.437500 0.062500
vt 1.406250 0.062500
vt 1.375000 0.062500
vt 1.437500 0.937500
vt 1.406250 0.937500
vt 1.375000 0.937500
vt 1.343750 1.311921
vt 1.343750 1.250000
vt 1.343750 1.370371
vt 1.312500 1.375000
vt 1.312500 1.312211
vt 1.312500 1.250000
vt 1.343750 0.312500
vt 1.343750 0.250000
vt 1.343750 0.375000
vt 1.312500 0.375000
vt 1.312500 0.312500
vt 1.312500 0.250000
vt 1.343750 1.187500
vt 1.343750 1.125000
vt 1.343750 1.250000
vt 1.312500 1.250000
vt 1.312500 1.187500
vt 1.312500 1.125000
vt 1.343750 0.187500
vt 1.343750 0.125000
vt 1.312500 0.187500
vt 1.312500 0.125000
vt 1.343750 1.062500
vt 1.343750 1.000000
vt 1.312500 1.062500
vt 1.312500 1.000000
vt 1.343750 0.062500
vt 1.343750 -0.000000
vt 1.312500 0.062500
vt 1.312500 -0.000000
vt 1.343750 0.937500
vt 1.343750 0.875000
vt 1.312500 0.937500
vt 1.312500 0.875000
vt 1.343750 -0.062500
vt 1.343750 -0.125000
vt 1.312500 -0.062500
vt 1.312500 -0.125000
vt 1.343750 0.812500
vt 1.343750 0.750000
vt 1.312500 0.812500
vt 1.312500 0.750000
vt 1.343750 -0.187500
vt 1.343750 -0.250000
vt 1.312500 -0.187500
vt 1.312500 -0.250000
vt 1.343750 0.687500
vt 1.343750 0.625000
vt 1.312500 0.687500
vt 1.312500 0.625000
vt 1.343750 -0.311921
vt 1.343750 -0.370371
vt 1.343750 -0.250000
vt 1.312500 -0.250000
vt 1.312500 -0.312211
vt 1.312500 -0.375000
vt 1.343750 0.562500
vt 1.343750 0.500000
vt 1.312500 0.562500
vt 1.312500 0.500000
vt 1.359375 1.437500
vt 1.343750 1.415799
vt 1.343750 1.500000
vt 1.328125 1.437500
vt 1.359375 1.437500
vt 1.343750 1.370371
vt 1.328125 1.437500
vt 1.343750 -0.500000
vt 1.359375 -0.437500
vt 1.343750 -0.415799
vt 1.328125 -0.437500
vt 1.343750 -0.370370
vt 1.359375 -0.437500
vt 1.328125 -0.437500
vt 1.343750 -0.370371
vt 1.343750 0.437500
vt 1.312500 0.437500
vt 1.281250 0.812500
vt 1.281250 0.750000
vt 1.281250 0.875000
vt 1.250000 0.875000
vt 1.250000 0.812500
vt 1.250000 0.750000
vt 1.281250 -0.187500
vt 1.281250 -0.250000
vt 1.281250 -0.125000
vt 1.250000 -0.125000
vt 1.250000 -0.187500
vt 1.250000 -0.250000
vt 1.281250 0.687500
vt 1.281250 0.625000
vt 1.250000 0.687500
vt 1.250000 0.625000
vt 1.281250 -0.311921
vt 1.281250 -0.370371
vt 1.281250 -0.250000
vt 1.250000 -0.250000
vt 1.250000 -0.312211
vt 1.250000 -0.375000
vt 1.281250 0.562500
vt 1.281250 0.500000
vt 1.250000 0.562500
vt 1.250000 0.500000
vt 1.296875 1.437500
vt 1.281250 1.415799
vt 1.281250 1.370371
vt 1.281250 1.500000
vt 1.265625 1.437500
vt 1.296875 1.437500
vt 1.250000 1.375000
vt 1.281250 1.370371
vt 1.265625 1.437500
vt 1.281250 -0.500000
vt 1.296875 -0.437500
vt 1.281250 -0.415799
vt 1.265625 -0.437500
vt 1.281250 -0.370370
vt 1.296875 -0.437500
vt 1.265625 -0.437500
vt 1.281250 -0.370371
vt 1.281250 0.437500
vt 1.281250 0.375000
vt 1.250000 0.437500
vt 1.250000 0.375000
vt 1.281250 1.311921
vt 1.281250 1.250000
vt 1.250000 1.312211
vt 1.250000 1.250000
vt 1.281250 0.312500
vt 1.281250 0.250000
vt 1.250000 0.312500
vt 1.250000 0.250000
vt 1.281250 1.187500
vt 1.281250 1.125000
vt 1.281250 1.250000
vt 1.250000 1.250000
vt 1.250000 1.187500
vt 1.250000 1.125000
vt 1.281250 0.187500
vt 1.281250 0.125000
vt 1.250000 0.187500
vt 1.250000 0.125000
vt 1.281250 1.062500
vt 1.281250 1.000000
vt 1.250000 1.062500
vt 1.250000 1.000000
vt 1.281250 0.062500
vt 1.281250 -0.000000
vt 1.250000 0.062500
vt 1.250000 -0.000000
vt 1.281250 0.937500
vt 1.250000 0.937500
vt 1.281250 -0.062500
vt 1.250000 -0.062500
vt 1.218750 0.312500
vt 1.218750 0.250000
vt 1.218750 0.375000
vt 1.187500 0.375000
vt 1.187500 0.312500
vt 1.187500 0.250000
vt 1.218750 1.187500
vt 1.218750 1.125000
vt 1.218750 1.250000
vt 1.187500 1.250000
vt 1.187500 1.187500
vt 1.187500 1.125000
vt 1.218750 0.187500
vt 1.218750 0.125000
vt 1.187500 0.187500
vt 1.187500 0.125000
vt 1.218750 1.062500
vt 1.218750 1.000000
vt 1.187500 1.062500
vt 1.187500 1.000000
vt 1.218750 0.062500
vt 1.218750 -0.000000
vt 1.187500 0.062500
vt 1.187500 -0.000000
vt 1.218750 0.937500
vt 1.218750 0.875000
vt 1.187500 0.937500
vt 1.187500 0.875000
vt 1.218750 -0.062500
vt 1.218750 -0.125000
vt 1.187500 -0.062500
vt 1.187500 -0.125000
vt 1.218750 0.812500
vt 1.218750 0.750000
vt 1.187500 0.812500
vt 1.187500 0.750000
vt 1.218750 -0.187500
vt 1.218750 -0.250000
vt 1.187500 -0.187500
vt 1.187500 -0.250000
vt 1.218750 0.687500
vt 1.218750 0.625000
vt 1.187500 0.687500
vt 1.187500 0.625000
vt 1.218750 -0.311921
vt 1.218750 -0.370371
vt 1.218750 -0.250000
vt 1.187500 -0.312211
vt 1.187500 -0.375000
vt 1.218750 0.562500
vt 1.218750 0.500000
vt 1.187500 0.562500
vt 1.187500 0.500000
vt 1.234375 1.437500
vt 1.218750 1.415799
vt 1.218750 1.370371
vt 1.218750 1.500000
vt 1.203125 1.437500
vt 1.234375 1.437500
vt 1.187500 1.375000
vt 1.203125 1.437500
vt 1.218750 -0.500000
vt 1.234375 -0.437500
vt 1.218750 -0.415799
vt 1.203125 -0.437500
vt 1.218750 -0.370370
vt 1.234375 -0.437500
vt 1.203125 -0.437500
vt 1.218750 -0.370371
vt 1.218750 0.437500
vt 1.187500 0.437500
vt 1.218750 1.311921
vt 1.218750 1.250000
vt 1.187500 1.312211
vt 1.187500 1.250000
vt 1.156250 -0.187500
vt 1.156250 -0.250000
vt 1.156250 -0.125000
vt 1.125000 -0.125000
vt 1.125000 -0.187500
vt 1.125000 -0.250000
vt 1.156250 0.687500
vt 1.156250 0.625000
vt 1.156250 0.750000
vt 1.125000 0.750000
vt 1.125000 0.687500
vt 1.125000 0.625000
vt 1.156250 -0.311921
vt 1.156250 -0.370371
vt 1.156250 -0.250000
vt 1.125000 -0.312211
vt 1.125000 -0.375000
vt 1.156250 0.562500
vt 1.156250 0.500000
vt 1.125000 0.562500
vt 1.125000 0.500000
vt 1.171875 1.437500
vt 1.156250 1.415799
vt 1.156250 1.370371
vt 1.156250 1.500000
vt 1.140625 1.437500
vt 1.171875 1.437500
vt 1.125000 1.375000
vt 1.156250 1.370371
vt 1.156250 -0.500000
vt 1.171875 -0.437500
vt 1.156250 -0.415799
vt 1.140625 -0.437500
vt 1.156250 -0.370371
vt 1.171875 -0.437500
vt 1.156250 0.437500
vt 1.156250 0.375000
vt 1.125000 0.437500
vt 1.125000 0.375000
vt 1.156250 1.311922
vt 1.156250 1.250000
vt 1.125000 1.312211
vt 1.125000 1.250000
vt 1.156250 0.312500
vt 1.156250 0.250000
vt 1.125000 0.312500
vt 1.125000 0.250000
vt 1.156250 1.187500
vt 1.156250 1.125000
vt 1.156250 1.250000
vt 1.125000 1.250000
vt 1.125000 1.187500
vt 1.125000 1.125000
vt 1.156250 0.187500
vt 1.156250 0.125000
vt 1.125000 0.187500
vt 1.125000 0.125000
vt 1.156250 1.062500
vt 1.156250 1.000000
vt 1.125000 1.062500
vt 1.125000 1.000000
vt 1.156250 0.062500
vt 1.156250 -0.000000
vt 1.125000 0.062500
vt 1.125000 -0.000000
vt 1.156250 0.937500
vt 1.156250 0.875000
vt 1.125000 0.937500
vt 1.125000 0.875000
vt 1.156250 -0.062500
vt 1.125000 -0.062500
vt 1.156250 0.812500
vt 1.125000 0.812500
vt 1.093750 0.187500
vt 1.093750 0.125000
vt 1.093750 0.250000
vt 1.062500 0.250000
vt 1.062500 0.187500
vt 1.062500 0.125000
vt 1.093750 1.062500
vt 1.093750 1.000000
vt 1.093750 1.125000
vt 1.062500 1.125000
vt 1.062500 1.062500
vt 1.062500 1.000000
vt 1.093750 0.062500
vt 1.093750 -0.000000
vt 1.062500 0.062500
vt 1.062500 -0.000000
vt 1.093750 0.937500
vt 1.093750 0.875000
vt 1.062500 0.937500
vt 1.062500 0.875000
vt 1.093750 -0.062500
vt 1.093750 -0.125000
vt 1.062500 -0.062500
vt 1.062500 -0.125000
vt 1.093750 0.812500
vt 1.093750 0.750000
vt 1.062500 0.812500
vt 1.062500 0.750000
vt 1.093750 -0.187500
vt 1.093750 -0.250000
vt 1.062500 -0.187500
vt 1.062500 -0.250000
vt 1.093750 0.687500
vt 1.093750 0.625000
vt 1.062500 0.687500
vt 1.062500 0.625000
vt 1.093750 -0.311921
vt 1.093750 -0.370371
vt 1.062500 -0.250000
vt 1.062500 -0.312211
vt 1.062500 -0.375000
vt 1.093750 0.562500
vt 1.093750 0.500000
vt 1.062500 0.562500
vt 1.062500 0.500000
vt 1.109375 1.437500
vt 1.093750 1.415799
vt 1.093750 1.370371
vt 1.093750 1.500000
vt 1.078125 1.437500
vt 1.062500 1.375000
vt 1.093750 1.370371
vt 1.093750 -0.500000
vt 1.109375 -0.437500
vt 1.093750 -0.415799
vt 1.078125 -0.437500
vt 1.093750 -0.370371
vt 1.093750 0.437500
vt 1.093750 0.375000
vt 1.062500 0.437500
vt 1.062500 0.375000
vt 1.093750 1.311922
vt 1.093750 1.250000
vt 1.062500 1.312211
vt 1.062500 1.250000
vt 1.093750 0.312500
vt 1.062500 0.312500
vt 1.093750 1.187500
vt 1.062500 1.250000
vt 1.062500 1.187500
vt 1.031250 -0.311921
vt 1.031250 -0.370371
vt 1.031250 -0.250000
vt 1.031250 0.562500
vt 1.031250 0.500000
vt 1.031250 0.625000
vt 1.046875 1.437500
vt 1.031250 1.415799
vt 1.031250 1.370371
vt 1.031250 1.500000
vt 1.015625 1.437500
vt 1.031250 1.370371
vt 1.031250 -0.500000
vt 1.046875 -0.437500
vt 1.031250 -0.415799
vt 1.015625 -0.437500
vt 1.031250 -0.370371
vt 1.031250 0.437500
vt 1.031250 0.375000
vt 1.031250 1.311922
vt 1.031250 1.250000
vt 1.031250 0.312500
vt 1.031250 0.250000
vt 1.031250 1.187500
vt 1.031250 1.125000
vt 1.031250 1.250000
vt 1.031250 0.187500
vt 1.031250 0.125000
vt 1.031250 1.062500
vt 1.031250 1.000000
vt 1.031250 0.062500
vt 1.031250 -0.000000
vt 1.031250 0.937500
vt 1.031250 0.875000
vt 1.031250 -0.062500
vt 1.031250 -0.125000
vt 1.031250 0.812500
vt 1.031250 0.750000
vt 1.031250 -0.187500
vt 1.031250 -0.250000
vt 1.031250 0.687500
s 1
f 4/1/4 1393/2/1393 1475/3/1475 499/4/499
f 1393/2/1393 477/5/477 1400/6/1400 1475/3/1475
f 1475/3/1475 1400/6/1400 14/7/14 490/8/490
f 499/4/499 1475/3/1475 490/8/490 15/9/15
f 482/10/482 1378/11/1378 1476/12/1476 1401/13/1401
f 1378/11/1378 481/14/481 1402/15/1402 1476/12/1476
f 1476/12/1476 1402/15/1402 22/16/22 498/17/498
f 1401/13/1401 1476/12/1476 498/17/498 23/18/23
f 5/19/5 483/20/483 1477/21/1477 500/22/500
f 483/20/483 4/1/4 499/4/499 1477/21/1477
f 1477/21/1477 499/4/499 15/9/15 491/23/491
f 500/22/500 1477/21/1477 491/23/491 16/24/16
f 474/25/474 1388/26/1388 1478/27/1478 1403/28/1403
f 1/29/1 1398/30/1398 1478/27/1478 1388/26/1388
f 9/31/9 1403/28/1403 1478/27/1478 1398/32/1398
f 8/33/8 1397/34/1397 1479/35/1479 1399/36/1399
f 482/10/482 1401/37/1401 1479/35/1479 1397/34/1397
f 23/18/23 1399/38/1399 1479/35/1479 1401/37/1401
f 6/39/6 484/40/484 1480/41/1480 501/42/501
f 484/40/484 5/19/5 500/22/500 1480/41/1480
f 1480/41/1480 500/22/500 16/24/16 492/43/492
f 501/42/501 1480/41/1480 492/43/492 17/44/17
f 475/45/475 1375/46/1375 1481/47/1481 1404/48/1404
f 1375/46/1375 474/25/474 1403/28/1403 1481/47/1481
f 1481/47/1481 1403/28/1403 9/31/9 485/49/485
f 1404/48/1404 1481/47/1481 485/49/485 10/50/10
f 478/51/478 1394/52/1394 1482/53/1482 1405/54/1405
f 1394/52/1394 6/39/6 501/42/501 1482/53/1482
f 1482/53/1482 501/42/501 17/44/17 493/55/493
f 1405/54/1405 1482/53/1482 493/55/493 18/56/18
f 2/57/2 1389/58/1389 1483/59/1483 502/60/502
f 1389/58/1389 475/45/475 1404/61/1404 1483/59/1483
f 1483/59/1483 1404/61/1404 10/62/10 486/63/486
f 502/60/502 1483/59/1483 486/63/486 11/64/11
f 7/65/7 1395/66/1395 1484/67/1484 503/68/503
f 1395/66/1395 478/51/478 1405/54/1405 1484/67/1484
f 1484/67/1484 1405/54/1405 18/56/18 494/69/494
f 503/68/503 1484/67/1484 494/69/494 19/70/19
f 476/71/476 1390/72/1390 1485/73/1485 1406/74/1406
f 1390/72/1390 2/57/2 502/60/502 1485/73/1485
f 1485/73/1485 502/60/502 11/64/11 487/75/487
f 1406/74/1406 1485/73/1485 487/75/487 12/76/12
f 479/77/479 1396/78/1396 1486/79/1486 1407/80/1407
f 1396/78/1396 7/65/7 503/68/503 1486/79/1486
f 1486/79/1486 503/68/503 19/70/19 495/81/495
f 1407/80/1407 1486/79/1486 495/81/495 20/82/20
f 3/83/3 1391/84/1391 1487/85/1487 504/86/504
f 1391/84/1391 476/71/476 1406/74/1406 1487/85/1487
f 1487/85/1487 1406/74/1406 12/76/12 488/87/488
f 504/86/504 1487/85/1487 488/87/488 13/88/13
f 480/89/480 1376/90/1376 1488/91/1488 1408/92/1408
f 1376/90/1376 479/77/479 1407/80/1407 1488/91/1488
f 1488/91/1488 1407/80/1407 20/82/20 496/93/496
f 1408/92/1408 1488/91/1488 496/93/496 21/94/21
f 477/5/477 1392/95/1392 1489/96/1489 1400/6/1400
f 1392/95/1392 3/83/3 504/86/504 1489/96/1489
f 1489/96/1489 504/86/504 13/88/13 489/97/489
f 1400/6/1400 1489/96/1489 489/97/489 14/7/14
f 481/14/481 1377/98/1377 1490/99/1490 1402/100/1402
f 1377/98/1377 480/89/480 1408/92/1408 1490/99/1490
f 1490/99/1490 1408/92/1408 21/94/21 497/101/497
f 1402/100/1402 1490/99/1490 497/101/497 22/102/22
f 21/94/21 496/93/496 1491/103/1491 519/104/519
f 496/93/496 20/82/20 520/105/520 1491/103/1491
f 1491/103/1491 520/105/520 35/106/35 516/107/516
f 519/104/519 1491/103/1491 516/107/516 36/108/36
f 14/7/14 489/97/489 1492/109/1492 521/110/521
f 489/97/489 13/88/13 522/111/522 1492/109/1492
f 1492/109/1492 522/111/522 28/112/28 509/113/509
f 521/110/521 1492/109/1492 509/113/509 29/114/29
f 22/102/22 497/101/497 1493/115/1493 523/116/523
f 497/101/497 21/94/21 519/104/519 1493/115/1493
f 1493/115/1493 519/104/519 36/108/36 517/117/517
f 523/116/523 1493/115/1493 517/117/517 37/118/37
f 15/9/15 490/8/490 1494/119/1494 524/120/524
f 490/8/490 14/7/14 521/110/521 1494/119/1494
f 1494/119/1494 521/110/521 29/114/29 510/121/510
f 524/120/524 1494/119/1494 510/121/510 30/122/30
f 23/18/23 498/17/498 1495/123/1495 525/124/525
f 498/17/498 22/16/22 523/125/523 1495/123/1495
f 1495/123/1495 523/125/523 37/126/37 518/127/518
f 525/124/525 1495/123/1495 518/127/518 38/128/38
f 16/24/16 491/23/491 1496/129/1496 526/130/526
f 491/23/491 15/9/15 524/120/524 1496/129/1496
f 1496/129/1496 524/120/524 30/122/30 511/131/511
f 526/130/526 1496/129/1496 511/131/511 31/132/31
f 9/31/9 1398/133/1398 1497/134/1497 527/135/527
f 1/136/1 1409/137/1409 1497/134/1497 1398/138/1398
f 24/139/24 527/140/527 1497/134/1497 1409/141/1409
f 8/142/8 1399/143/1399 1498/144/1498 1410/145/1410
f 23/18/23 525/146/525 1498/144/1498 1399/147/1399
f 38/128/38 1410/148/1410 1498/144/1498 525/149/525
f 17/44/17 492/43/492 1499/150/1499 528/151/528
f 492/43/492 16/24/16 526/130/526 1499/150/1499
f 1499/150/1499 526/130/526 31/132/31 512/152/512
f 528/151/528 1499/150/1499 512/152/512 32/153/32
f 10/50/10 485/49/485 1500/154/1500 529/155/529
f 485/49/485 9/31/9 527/135/527 1500/154/1500
f 1500/154/1500 527/135/527 24/139/24 505/156/505
f 529/155/529 1500/154/1500 505/156/505 25/157/25
f 18/56/18 493/55/493 1501/158/1501 530/159/530
f 493/55/493 17/44/17 528/151/528 1501/158/1501
f 1501/158/1501 528/151/528 32/153/32 513/160/513
f 530/159/530 1501/158/1501 513/160/513 33/161/33
f 11/64/11 486/63/486 1502/162/1502 531/163/531
f 486/63/486 10/62/10 529/155/529 1502/162/1502
f 1502/162/1502 529/155/529 25/164/25 506/165/506
f 531/163/531 1502/162/1502 506/165/506 26/166/26
f 19/70/19 494/69/494 1503/167/1503 532/168/532
f 494/69/494 18/56/18 530/159/530 1503/167/1503
f 1503/167/1503 530/159/530 33/161/33 514/169/514
f 532/168/532 1503/167/1503 514/169/514 34/170/34
f 12/76/12 487/75/487 1504/171/1504 533/172/533
f 487/75/487 11/64/11 531/163/531 1504/171/1504
f 1504/171/1504 531/163/531 26/166/26 507/173/507
f 533/172/533 1504/171/1504 507/173/507 27/174/27
f 20/82/20 495/81/495 1505/175/1505 520/105/520
f 495/81/495 19/70/19 532/168/532 1505/175/1505
f 1505/175/1505 532/168/532 34/170/34 515/176/515
f 520/105/520 1505/175/1505 515/176/515 35/106/35
f 13/88/13 488/87/488 1506/177/1506 522/111/522
f 488/87/488 12/76/12 533/172/533 1506/177/1506
f 1506/177/1506 533/172/533 27/174/27 508/178/508
f 522/111/522 1506/177/1506 508/178/508 28/112/28
f 33/161/33 513/160/513 1507/179/1507 548/180/548
f 513/160/513 32/153/32 549/181/549 1507/179/1507
f 1507/179/1507 549/181/549 47/182/47 542/183/542
f 548/180/548 1507/179/1507 542/183/542 48/184/48
f 26/166/26 506/165/506 1508/185/1508 550/186/550
f 506/165/506 25/164/25 551/187/551 1508/185/1508
f 1508/185/1508 551/187/551 40/188/40 535/189/535
f 550/186/550 1508/185/1508 535/189/535 41/190/41
f 34/170/34 514/169/514 1509/191/1509 552/192/552
f 514/169/514 33/161/33 548/180/548 1509/191/1509
f 1509/191/1509 548/180/548 48/184/48 543/193/543
f 552/192/552 1509/191/1509 543/193/543 49/194/49
f 27/174/27 507/173/507 1510/195/1510 553/196/553
f 507/173/507 26/166/26 550/186/550 1510/195/1510
f 1510/195/1510 550/186/550 41/190/41 536/197/536
f 553/196/553 1510/195/1510 536/197/536 42/198/42
f 35/106/35 515/176/515 1511/199/1511 554/200/554
f 515/176/515 34/170/34 552/192/552 1511/199/1511
f 1511/199/1511 552/192/552 49/194/49 544/201/544
f 554/200/554 1511/199/1511 544/201/544 50/202/50
f 28/112/28 508/178/508 1512/203/1512 555/204/555
f 508/178/508 27/174/27 553/196/553 1512/203/1512
f 1512/203/1512 553/196/553 42/198/42 537/205/537
f 555/204/555 1512/203/1512 537/205/537 43/206/43
f 36/108/36 516/107/516 1513/207/1513 556/208/556
f 516/107/516 35/106/35 554/200/554 1513/207/1513
f 1513/207/1513 554/200/554 50/202/50 545/209/545
f 556/208/556 1513/207/1513 545/209/545 51/210/51
f 29/114/29 509/113/509 1514/211/1514 557/212/557
f 509/113/509 28/112/28 555/204/555 1514/211/1514
f 1514/211/1514 555/204/555 43/206/43 538/213/538
f 557/212/557 1514/211/1514 538/213/538 44/214/44
f 37/118/37 517/117/517 1515/215/1515 558/216/558
f 517/117/517 36/108/36 556/208/556 1515/215/1515
f 1515/215/1515 556/208/556 51/210/51 546/217/546
f 558/216/558 1515/215/1515 546/217/546 52/218/52
f 30/122/30 510/121/510 1516/219/1516 559/220/559
f 510/121/510 29/114/29 557/212/557 1516/219/1516
f 1516/219/1516 557/212/557 44/214/44 539/221/539
f 559/220/559 1516/219/1516 539/221/539 45/222/45
f 38/128/38 518/127/518 1517/223/1517 560/224/560
f 518/127/518 37/126/37 558/225/558 1517/223/1517
f 1517/223/1517 558/225/558 52/226/52 547/227/547
f 560/224/560 1517/223/1517 547/227/547 53/228/53
f 31/132/31 511/131/511 1518/229/1518 561/230/561
f 511/131/511 30/122/30 559/220/559 1518/229/1518
f 1518/229/1518 559/220/559 45/222/45 540/231/540
f 561/230/561 1518/229/1518 540/231/540 46/232/46
f 24/139/24 1409/233/1409 1519/234/1519 562/235/562
f 1/236/1 1411/237/1411 1519/234/1519 1409/238/1409
f 39/239/39 562/240/562 1519/234/1519 1411/241/1411
f 8/242/8 1410/243/1410 1520/244/1520 1412/245/1412
f 38/128/38 560/246/560 1520/244/1520 1410/247/1410
f 53/228/53 1412/248/1412 1520/244/1520 560/224/560
f 32/153/32 512/152/512 1521/249/1521 549/181/549
f 512/152/512 31/132/31 561/230/561 1521/249/1521
f 1521/249/1521 561/230/561 46/232/46 541/250/541
f 549/181/549 1521/249/1521 541/250/541 47/182/47
f 25/157/25 505/156/505 1522/251/1522 551/252/551
f 505/156/505 24/139/24 562/235/562 1522/251/1522
f 1522/251/1522 562/235/562 39/239/39 534/253/534
f 551/252/551 1522/251/1522 534/253/534 40/254/40
f 52/218/52 546/217/546 1523/255/1523 577/256/577
f 546/217/546 51/210/51 578/257/578 1523/255/1523
f 1523/255/1523 578/257/578 66/258/66 575/259/575
f 577/256/577 1523/255/1523 575/259/575 67/260/67
f 45/222/45 539/221/539 1524/261/1524 579/262/579
f 539/221/539 44/214/44 580/263/580 1524/261/1524
f 1524/261/1524 580/263/580 59/264/59 568/265/568
f 579/262/579 1524/261/1524 568/265/568 60/266/60
f 53/228/53 547/227/547 1525/267/1525 581/268/581
f 547/227/547 52/226/52 577/269/577 1525/267/1525
f 1525/267/1525 577/269/577 67/270/67 576/271/576
f 581/268/581 1525/267/1525 576/271/576 68/272/68
f 46/232/46 540/231/540 1526/273/1526 582/274/582
f 540/231/540 45/222/45 579/262/579 1526/273/1526
f 1526/273/1526 579/262/579 60/266/60 569/275/569
f 582/274/582 1526/273/1526 569/275/569 61/276/61
f 39/239/39 1411/277/1411 1527/278/1527 583/279/583
f 1/280/1 1413/281/1413 1527/278/1527 1411/282/1411
f 54/283/54 583/284/583 1527/278/1527 1413/285/1413
f 8/286/8 1412/287/1412 1528/288/1528 1414/289/1414
f 53/228/53 581/268/581 1528/288/1528 1412/290/1412
f 68/272/68 1414/291/1414 1528/288/1528 581/292/581
f 47/182/47 541/250/541 1529/293/1529 584/294/584
f 541/250/541 46/232/46 582/274/582 1529/293/1529
f 1529/293/1529 582/274/582 61/276/61 570/295/570
f 584/294/584 1529/293/1529 570/295/570 62/296/62
f 40/254/40 534/253/534 1530/297/1530 585/298/585
f 534/253/534 39/239/39 583/279/583 1530/297/1530
f 1530/297/1530 583/279/583 54/283/54 563/299/563
f 585/298/585 1530/297/1530 563/299/563 55/300/55
f 48/184/48 542/183/542 1531/301/1531 586/302/586
f 542/183/542 47/182/47 584/294/584 1531/301/1531
f 1531/301/1531 584/294/584 62/296/62 571/303/571
f 586/302/586 1531/301/1531 571/303/571 63/304/63
f 41/190/41 535/189/535 1532/305/1532 587/306/587
f 535/189/535 40/188/40 585/307/585 1532/305/1532
f 1532/305/1532 585/307/585 55/308/55 564/309/564
f 587/306/587 1532/305/1532 564/309/564 56/310/56
f 49/194/49 543/193/543 1533/311/1533 588/312/588
f 543/193/543 48/184/48 586/302/586 1533/311/1533
f 1533/311/1533 586/302/586 63/304/63 572/313/572
f 588/312/588 1533/311/1533 572/313/572 64/314/64
f 42/198/42 536/197/536 1534/315/1534 589/316/589
f 536/197/536 41/190/41 587/306/587 1534/315/1534
f 1534/315/1534 587/306/587 56/310/56 565/317/565
f 589/316/589 1534/315/1534 565/317/565 57/318/57
f 50/202/50 544/201/544 1535/319/1535 590/320/590
f 544/201/544 49/194/49 588/312/588 1535/319/1535
f 1535/319/1535 588/312/588 64/314/64 573/321/573
f 590/320/590 1535/319/1535 573/321/573 65/322/65
f 43/206/43 537/205/537 1536/323/1536 591/324/591
f 537/205/537 42/198/42 589/316/589 1536/323/1536
f 1536/323/1536 589/316/589 57/318/57 566/325/566
f 591/324/591 1536/323/1536 566/325/566 58/326/58
f 51/210/51 545/209/545 1537/327/1537 578/257/578
f 545/209/545 50/202/50 590/320/590 1537/327/1537
f 1537/327/1537 590/320/590 65/322/65 574/328/574
f 578/257/578 1537/327/1537 574/328/574 66/258/66
f 44/214/44 538/213/538 1538/329/1538 580/263/580
f 538/213/538 43/206/43 591/324/591 1538/329/1538
f 1538/329/1538 591/324/591 58/326/58 567/330/567
f 580/263/580 1538/329/1538 567/330/567 59/264/59
f 56/310/56 564/309/564 1539/331/1539 606/332/606
f 564/309/564 55/308/55 607/333/607 1539/331/1539
f 1539/331/1539 607/333/607 70/334/70 593/335/593
f 606/332/606 1539/331/1539 593/335/593 71/336/71
f 64/314/64 572/313/572 1540/337/1540 608/338/608
f 572/313/572 63/304/63 609/339/609 1540/337/1540
f 1540/337/1540 609/339/609 78/340/78 601/341/601
f 608/338/608 1540/337/1540 601/341/601 79/342/79
f 57/318/57 565/317/565 1541/343/1541 610/344/610
f 565/317/565 56/310/56 606/332/606 1541/343/1541
f 1541/343/1541 606/332/606 71/336/71 594/345/594
f 610/344/610 1541/343/1541 594/345/594 72/346/72
f 65/322/65 573/321/573 1542/347/1542 611/348/611
f 573/321/573 64/314/64 608/338/608 1542/347/1542
f 1542/347/1542 608/338/608 79/342/79 602/349/602
f 611/348/611 1542/347/1542 602/349/602 80/350/80
f 58/326/58 566/325/566 1543/351/1543 612/352/612
f 566/325/566 57/318/57 610/344/610 1543/351/1543
f 1543/351/1543 610/344/610 72/346/72 595/353/595
f 612/352/612 1543/351/1543 595/353/595 73/354/73
f 66/258/66 574/328/574 1544/355/1544 613/356/613
f 574/328/574 65/322/65 611/348/611 1544/355/1544
f 1544/355/1544 611/348/611 80/350/80 603/357/603
f 613/356/613 1544/355/1544 603/357/603 81/358/81
f 59/264/59 567/330/567 1545/359/1545 614/360/614
f 567/330/567 58/326/58 612/352/612 1545/359/1545
f 1545/359/1545 612/352/612 73/354/73 596/361/596
f 614/360/614 1545/359/1545 596/361/596 74/362/74
f 67/260/67 575/259/575 1546/363/1546 615/364/615
f 575/259/575 66/258/66 613/356/613 1546/363/1546
f 1546/363/1546 613/356/613 81/358/81 604/365/604
f 615/364/615 1546/363/1546 604/365/604 82/366/82
f 60/266/60 568/265/568 1547/367/1547 616/368/616
f 568/265/568 59/264/59 614/360/614 1547/367/1547
f 1547/367/1547 614/360/614 74/362/74 597/369/597
f 616/368/616 1547/367/1547 597/369/597 75/370/75
f 68/272/68 576/271/576 1548/371/1548 617/372/617
f 576/271/576 67/270/67 615/373/615 1548/371/1548
f 1548/371/1548 615/373/615 82/374/82 605/375/605
f 617/372/617 1548/371/1548 605/375/605 83/376/83
f 61/276/61 569/275/569 1549/377/1549 618/378/618
f 569/275/569 60/266/60 616/368/616 1549/377/1549
f 1549/377/1549 616/368/616 75/370/75 598/379/598
f 618/378/618 1549/377/1549 598/379/598 76/380/76
f 54/283/54 1413/381/1413 1550/382/1550 619/383/619
f 1/384/1 1415/385/1415 1550/382/1550 1413/386/1413
f 69/387/69 619/388/619 1550/382/1550 1415/389/1415
f 8/390/8 1414/391/1414 1551/392/1551 1416/393/1416
f 68/272/68 617/394/617 1551/392/1551 1414/395/1414
f 83/376/83 1416/396/1416 1551/392/1551 617/372/617
f 62/296/62 570/295/570 1552/397/1552 620/398/620
f 570/295/570 61/276/61 618/378/618 1552/397/1552
f 1552/397/1552 618/378/618 76/380/76 599/399/599
f 620/398/620 1552/397/1552 599/399/599 77/400/77
f 55/300/55 563/299/563 1553/401/1553 607/402/607
f 563/299/563 54/283/54 619/383/619 1553/401/1553
f 1553/401/1553 619/383/619 69/387/69 592/403/592
f 607/402/607 1553/401/1553 592/403/592 70/404/70
f 63/304/63 571/303/571 1554/405/1554 609/339/609
f 571/303/571 62/296/62 620/398/620 1554/405/1554
f 1554/405/1554 620/398/620 77/400/77 600/406/600
f 609/339/609 1554/405/1554 600/406/600 78/340/78
f 75/370/75 597/369/597 1555/407/1555 635/408/635
f 597/369/597 74/362/74 636/409/636 1555/407/1555
f 1555/407/1555 636/409/636 89/410/89 626/411/626
f 635/408/635 1555/407/1555 626/411/626 90/412/90
f 83/376/83 605/375/605 1556/413/1556 637/414/637
f 605/375/605 82/374/82 638/415/638 1556/413/1556
f 1556/413/1556 638/415/638 97/416/97 634/417/634
f 637/414/637 1556/413/1556 634/417/634 98/418/98
f 76/380/76 598/379/598 1557/419/1557 639/420/639
f 598/379/598 75/370/75 635/408/635 1557/419/1557
f 1557/419/1557 635/408/635 90/412/90 627/421/627
f 639/420/639 1557/419/1557 627/421/627 91/422/91
f 69/387/69 1415/423/1415 1558/424/1558 640/425/640
f 1/426/1 1417/427/1417 1558/424/1558 1415/428/1415
f 84/429/84 640/430/640 1558/424/1558 1417/431/1417
f 8/432/8 1416/433/1416 1559/434/1559 1418/435/1418
f 83/376/83 637/436/637 1559/434/1559 1416/437/1416
f 98/418/98 1418/438/1418 1559/434/1559 637/414/637
f 77/400/77 599/399/599 1560/439/1560 641/440/641
f 599/399/599 76/380/76 639/420/639 1560/439/1560
f 1560/439/1560 639/420/639 91/422/91 628/441/628
f 641/440/641 1560/439/1560 628/441/628 92/442/92
f 70/404/70 592/403/592 1561/443/1561 642/444/642
f 592/403/592 69/387/69 640/425/640 1561/443/1561
f 1561/443/1561 640/425/640 84/429/84 621/445/621
f 642/444/642 1561/443/1561 621/445/621 85/446/85
f 78/340/78 600/406/600 1562/447/1562 643/448/643
f 600/406/600 77/400/77 641/440/641 1562/447/1562
f 1562/447/1562 641/440/641 92/442/92 629/449/629
f 643/448/643 1562/447/1562 629/449/629 93/450/93
f 71/336/71 593/335/593 1563/451/1563 644/452/644
f 593/335/593 70/334/70 642/453/642 1563/451/1563
f 1563/451/1563 642/453/642 85/454/85 622/455/622
f 644/452/644 1563/451/1563 622/455/622 86/456/86
f 79/342/79 601/341/601 1564/457/1564 645/458/645
f 601/341/601 78/340/78 643/448/643 1564/457/1564
f 1564/457/1564 643/448/643 93/450/93 630/459/630
f 645/458/645 1564/457/1564 630/459/630 94/460/94
f 72/346/72 594/345/594 1565/461/1565 646/462/646
f 594/345/594 71/336/71 644/452/644 1565/461/1565
f 1565/461/1565 644/452/644 86/456/86 623/463/623
f 646/462/646 1565/461/1565 623/463/623 87/464/87
f 80/350/80 602/349/602 1566/465/1566 647/466/647
f 602/349/602 79/342/79 645/458/645 1566/465/1566
f 1566/465/1566 645/458/645 94/460/94 631/467/631
f 647/466/647 1566/465/1566 631/467/631 95/468/95
f 73/354/73 595/353/595 1567/469/1567 648/470/648
f 595/353/595 72/346/72 646/462/646 1567/469/1567
f 1567/469/1567 646/462/646 87/464/87 624/471/624
f 648/470/648 1567/469/1567 624/471/624 88/472/88
f 81/358/81 603/357/603 1568/473/1568 649/474/649
f 603/357/603 80/350/80 647/466/647 1568/473/1568
f 1568/473/1568 647/466/647 95/468/95 632/475/632
f 649/474/649 1568/473/1568 632/475/632 96/476/96
f 74/362/74 596/361/596 1569/477/1569 636/409/636
f 596/361/596 73/354/73 648/470/648 1569/477/1569
f 1569/477/1569 648/470/648 88/472/88 625/478/625
f 636/409/636 1569/477/1569 625/478/625 89/410/89
f 82/366/82 604/365/604 1570/479/1570 638/480/638
f 604/365/604 81/358/81 649/474/649 1570/479/1570
f 1570/479/1570 649/474/649 96/476/96 633/481/633
f 638/480/638 1570/479/1570 633/481/633 97/482/97
f 94/460/94 630/459/630 1571/483/1571 664/484/664
f 630/459/630 93/450/93 665/485/665 1571/483/1571
f 1571/483/1571 665/485/665 108/486/108 659/487/659
f 664/484/664 1571/483/1571 659/487/659 109/488/109
f 87/464/87 623/463/623 1572/489/1572 666/490/666
f 623/463/623 86/456/86 667/491/667 1572/489/1572
f 1572/489/1572 667/491/667 101/492/101 652/493/652
f 666/490/666 1572/489/1572 652/493/652 102/494/102
f 95/468/95 631/467/631 1573/495/1573 668/496/668
f 631/467/631 94/460/94 664/484/664 1573/495/1573
f 1573/495/1573 664/484/664 109/488/109 660/497/660
f 668/496/668 1573/495/1573 660/497/660 110/498/110
f 88/472/88 624/471/624 1574/499/1574 669/500/669
f 624/471/624 87/464/87 666/490/666 1574/499/1574
f 1574/499/1574 666/490/666 102/494/102 653/501/653
f 669/500/669 1574/499/1574 653/501/653 103/502/103
f 96/476/96 632/475/632 1575/503/1575 670/504/670
f 632/475/632 95/468/95 668/496/668 1575/503/1575
f 1575/503/1575 668/496/668 110/498/110 661/505/661
f 670/504/670 1575/503/1575 661/505/661 111/506/111
f 89/410/89 625/478/625 1576/507/1576 671/508/671
f 625/478/625 88/472/88 669/500/669 1576/507/1576
f 1576/507/1576 669/500/669 103/502/103 654/509/654
f 671/508/671 1576/507/1576 654/509/654 104/510/104
f 97/482/97 633/481/633 1577/511/1577 672/512/672
f 633/481/633 96/476/96 670/504/670 1577/511/1577
f 1577/511/1577 670/504/670 111/506/111 662/513/662
f 672/512/672 1577/511/1577 662/513/662 112/514/112
f 90/412/90 626/411/626 1578/515/1578 673/516/673
f 626/411/626 89/410/89 671/508/671 1578/515/1578
f 1578/515/1578 671/508/671 104/510/104 655/517/655
f 673/516/673 1578/515/1578 655/517/655 105/518/105
f 98/418/98 634/417/634 1579/519/1579 674/520/674
f 634/417/634 97/416/97 672/521/672 1579/519/1579
f 1579/519/1579 672/521/672 112/522/112 663/523/663
f 674/520/674 1579/519/1579 663/523/663 113/524/113
f 91/422/91 627/421/627 1580/525/1580 675/526/675
f 627/421/627 90/412/90 673/516/673 1580/525/1580
f 1580/525/1580 673/516/673 105/518/105 656/527/656
f 675/526/675 1580/525/1580 656/527/656 106/528/106
f 84/429/84 1417/529/1417 1581/530/1581 676/531/676
f 1/532/1 1419/533/1419 1581/530/1581 1417/534/1417
f 99/535/99 676/536/676 1581/530/1581 1419/537/1419
f 8/538/8 1418/539/1418 1582/540/1582 1420/541/1420
f 98/418/98 674/542/674 1582/540/1582 1418/543/1418
f 113/524/113 1420/544/1420 1582/540/1582 674/545/674
f 92/442/92 628/441/628 1583/546/1583 677/547/677
f 628/441/628 91/422/91 675/526/675 1583/546/1583
f 1583/546/1583 675/526/675 106/528/106 657/548/657
f 677/547/677 1583/546/1583 657/548/657 107/549/107
f 85/446/85 621/445/621 1584/550/1584 678/551/678
f 621/445/621 84/429/84 676/531/676 1584/550/1584
f 1584/550/1584 676/531/676 99/535/99 650/552/650
f 678/551/678 1584/550/1584 650/552/650 100/553/100
f 93/450/93 629/449/629 1585/554/1585 665/485/665
f 629/449/629 92/442/92 677/547/677 1585/554/1585
f 1585/554/1585 677/547/677 107/549/107 658/555/658
f 665/485/665 1585/554/1585 658/555/658 108/486/108
f 86/456/86 622/455/622 1586/556/1586 667/491/667
f 622/455/622 85/454/85 678/551/678 1586/556/1586
f 1586/556/1586 678/551/678 100/557/100 651/558/651
f 667/491/667 1586/556/1586 651/558/651 101/492/101
f 113/524/113 663/523/663 1587/559/1587 693/560/693
f 663/523/663 112/522/112 694/561/694 1587/559/1587
f 1587/559/1587 694/561/694 127/562/127 692/563/692
f 693/560/693 1587/559/1587 692/563/692 128/564/128
f 106/528/106 656/527/656 1588/565/1588 695/566/695
f 656/527/656 105/518/105 696/567/696 1588/565/1588
f 1588/565/1588 696/567/696 120/568/120 685/569/685
f 695/566/695 1588/565/1588 685/569/685 121/570/121
f 99/535/99 1419/571/1419 1589/572/1589 697/573/697
f 1/574/1 1421/575/1421 1589/572/1589 1419/576/1419
f 114/577/114 697/578/697 1589/572/1589 1421/579/1421
f 8/580/8 1420/581/1420 1590/582/1590 1422/583/1422
f 113/524/113 693/584/693 1590/582/1590 1420/585/1420
f 128/564/128 1422/586/1422 1590/582/1590 693/560/693
f 107/549/107 657/548/657 1591/587/1591 698/588/698
f 657/548/657 106/528/106 695/566/695 1591/587/1591
f 1591/587/1591 695/566/695 121/570/121 686/589/686
f 698/588/698 1591/587/1591 686/589/686 122/590/122
f 100/553/100 650/552/650 1592/591/1592 699/592/699
f 650/552/650 99/535/99 697/573/697 1592/591/1592
f 1592/591/1592 697/573/697 114/577/114 679/593/679
f 699/592/699 1592/591/1592 679/593/679 115/594/115
f 108/486/108 658/555/658 1593/595/1593 700/596/700
f 658/555/658 107/549/107 698/588/698 1593/595/1593
f 1593/595/1593 698/588/698 122/590/122 687/597/687
f 700/596/700 1593/595/1593 687/597/687 123/598/123
f 101/492/101 651/558/651 1594/599/1594 701/600/701
f 651/558/651 100/557/100 699/592/699 1594/599/1594
f 1594/599/1594 699/592/699 115/601/115 680/602/680
f 701/600/701 1594/599/1594 680/602/680 116/603/116
f 109/488/109 659/487/659 1595/604/1595 702/605/702
f 659/487/659 108/486/108 700/596/700 1595/604/1595
f 1595/604/1595 700/596/700 123/598/123 688/606/688
f 702/605/702 1595/604/1595 688/606/688 124/607/124
f 102/494/102 652/493/652 1596/608/1596 703/609/703
f 652/493/652 101/492/101 701/600/701 1596/608/1596
f 1596/608/1596 701/600/701 116/603/116 681/610/681
f 703/609/703 1596/608/1596 681/610/681 117/611/117
f 110/498/110 660/497/660 1597/612/1597 704/613/704
f 660/497/660 109/488/109 702/605/702 1597/612/1597
f 1597/612/1597 702/605/702 124/607/124 689/614/689
f 704/613/704 1597/612/1597 689/614/689 125/615/125
f 103/502/103 653/501/653 1598/616/1598 705/617/705
f 653/501/653 102/494/102 703/609/703 1598/616/1598
f 1598/616/1598 703/609/703 117/611/117 682/618/682
f 705/617/705 1598/616/1598 682/618/682 118/619/118
f 111/506/111 661/505/661 1599/620/1599 706/621/706
f 661/505/661 110/498/110 704/613/704 1599/620/1599
f 1599/620/1599 704/613/704 125/615/125 690/622/690
f 706/621/706 1599/620/1599 690/622/690 126/623/126
f 104/510/104 654/509/654 1600/624/1600 707/625/707
f 654/509/654 103/502/103 705/617/705 1600/624/1600
f 1600/624/1600 705/617/705 118/619/118 683/626/683
f 707/625/707 1600/624/1600 683/626/683 119/627/119
f 112/514/112 662/513/662 1601/628/1601 694/629/694
f 662/513/662 111/506/111 706/621/706 1601/628/1601
f 1601/628/1601 706/621/706 126/623/126 691/630/691
f 694/629/694 1601/628/1601 691/630/691 127/631/127
f 105/518/105 655/517/655 1602/632/1602 696/567/696
f 655/517/655 104/510/104 707/625/707 1602/632/1602
f 1602/632/1602 707/625/707 119/627/119 684/633/684
f 696/567/696 1602/632/1602 684/633/684 120/568/120
f 117/611/117 681/610/681 1603/634/1603 722/635/722
f 681/610/681 116/603/116 723/636/723 1603/634/1603
f 1603/634/1603 723/636/723 131/637/131 710/638/710
f 722/635/722 1603/634/1603 710/638/710 132/639/132
f 125/615/125 689/614/689 1604/640/1604 724/641/724
f 689/614/689 124/607/124 725/642/725 1604/640/1604
f 1604/640/1604 725/642/725 139/643/139 718/644/718
f 724/641/724 1604/640/1604 718/644/718 140/645/140
f 118/619/118 682/618/682 1605/646/1605 726/647/726
f 682/618/682 117/611/117 722/635/722 1605/646/1605
f 1605/646/1605 722/635/722 132/639/132 711/648/711
f 726/647/726 1605/646/1605 711/648/711 133/649/133
f 126/623/126 690/622/690 1606/650/1606 727/651/727
f 690/622/690 125/615/125 724/641/724 1606/650/1606
f 1606/650/1606 724/641/724 140/645/140 719/652/719
f 727/651/727 1606/650/1606 719/652/719 141/653/141
f 119/627/119 683/626/683 1607/654/1607 728/655/728
f 683/626/683 118/619/118 726/647/726 1607/654/1607
f 1607/654/1607 726/647/726 133/649/133 712/656/712
f 728/655/728 1607/654/1607 712/656/712 134/657/134
f 127/631/127 691/630/691 1608/658/1608 729/659/729
f 691/630/691 126/623/126 727/651/727 1608/658/1608
f 1608/658/1608 727/651/727 141/653/141 720/660/720
f 729/659/729 1608/658/1608 720/660/720 142/661/142
f 120/568/120 684/633/684 1609/662/1609 730/663/730
f 684/633/684 119/627/119 728/655/728 1609/662/1609
f 1609/662/1609 728/655/728 134/657/134 713/664/713
f 730/663/730 1609/662/1609 713/664/713 135/665/135
f 128/564/128 692/563/692 1610/666/1610 731/667/731
f 692/563/692 127/562/127 729/668/729 1610/666/1610
f 1610/666/1610 729/668/729 142/669/142 721/670/721
f 731/667/731 1610/666/1610 721/670/721 143/671/143
f 121/570/121 685/569/685 1611/672/1611 732/673/732
f 685/569/685 120/568/120 730/663/730 1611/672/1611
f 1611/672/1611 730/663/730 135/665/135 714/674/714
f 732/673/732 1611/672/1611 714/674/714 136/675/136
f 114/577/114 1421/676/1421 1612/677/1612 733/678/733
f 1/679/1 1423/680/1423 1612/677/1612 1421/681/1421
f 129/682/129 733/683/733 1612/677/1612 1423/684/1423
f 8/685/8 1422/686/1422 1613/687/1613 1424/688/1424
f 128/564/128 731/689/731 1613/687/1613 1422/690/1422
f 143/671/143 1424/691/1424 1613/687/1613 731/667/731
f 122/590/122 686/589/686 1614/692/1614 734/693/734
f 686/589/686 121/570/121 732/673/732 1614/692/1614
f 1614/692/1614 732/673/732 136/675/136 715/694/715
f 734/693/734 1614/692/1614 715/694/715 137/695/137
f 115/594/115 679/593/679 1615/696/1615 735/697/735
f 679/593/679 114/577/114 733/678/733 1615/696/1615
f 1615/696/1615 733/678/733 129/682/129 708/698/708
f 735/697/735 1615/696/1615 708/698/708 130/699/130
f 123/598/123 687/597/687 1616/700/1616 736/701/736
f 687/597/687 122/590/122 734/693/734 1616/700/1616
f 1616/700/1616 734/693/734 137/695/137 716/702/716
f 736/701/736 1616/700/1616 716/702/716 138/703/138
f 116/603/116 680/602/680 1617/704/1617 723/636/723
f 680/602/680 115/601/115 735/705/735 1617/704/1617
f 1617/704/1617 735/705/735 130/706/130 709/707/709
f 723/636/723 1617/704/1617 709/707/709 131/637/131
f 124/607/124 688/606/688 1618/708/1618 725/642/725
f 688/606/688 123/598/123 736/701/736 1618/708/1618
f 1618/708/1618 736/701/736 138/703/138 717/709/717
f 725/642/725 1618/708/1618 717/709/717 139/643/139
f 136/675/136 714/674/714 1619/710/1619 751/711/751
f 714/674/714 135/665/135 752/712/752 1619/710/1619
f 1619/710/1619 752/712/752 150/713/150 743/714/743
f 751/711/751 1619/710/1619 743/714/743 151/715/151
f 129/682/129 1423/716/1423 1620/717/1620 753/718/753
f 1/719/1 1425/720/1425 1620/717/1620 1423/721/1423
f 144/722/144 753/723/753 1620/717/1620 1425/724/1425
f 8/725/8 1424/726/1424 1621/727/1621 1426/728/1426
f 143/671/143 754/729/754 1621/727/1621 1424/730/1424
f 158/731/158 1426/732/1426 1621/727/1621 754/729/754
f 137/695/137 715/694/715 1622/733/1622 755/734/755
f 715/694/715 136/675/136 751/711/751 1622/733/1622
f 1622/733/1622 751/711/751 151/715/151 744/735/744
f 755/734/755 1622/733/1622 744/735/744 152/736/152
f 130/699/130 708/698/708 1623/737/1623 756/738/756
f 708/698/708 129/682/129 753/718/753 1623/737/1623
f 1623/737/1623 753/718/753 144/722/144 737/739/737
f 756/738/756 1623/737/1623 737/739/737 145/740/145
f 138/703/138 716/702/716 1624/741/1624 757/742/757
f 716/702/716 137/695/137 755/734/755 1624/741/1624
f 1624/741/1624 755/734/755 152/736/152 745/743/745
f 757/742/757 1624/741/1624 745/743/745 153/744/153
f 131/637/131 709/707/709 1625/745/1625 758/746/758
f 709/707/709 130/706/130 756/747/756 1625/745/1625
f 1625/745/1625 756/747/756 145/748/145 738/749/738
f 758/746/758 1625/745/1625 738/749/738 146/750/146
f 139/643/139 717/709/717 1626/751/1626 759/752/759
f 717/709/717 138/703/138 757/742/757 1626/751/1626
f 1626/751/1626 757/742/757 153/744/153 746/753/746
f 759/752/759 1626/751/1626 746/753/746 154/754/154
f 132/639/132 710/638/710 1627/755/1627 760/756/760
f 710/638/710 131/637/131 758/746/758 1627/755/1627
f 1627/755/1627 758/746/758 146/750/146 739/757/739
f 760/756/760 1627/755/1627 739/757/739 147/758/147
f 140/645/140 718/644/718 1628/759/1628 761/760/761
f 718/644/718 139/643/139 759/752/759 1628/759/1628
f 1628/759/1628 759/752/759 154/754/154 747/761/747
f 761/760/761 1628/759/1628 747/761/747 155/762/155
f 133/649/133 711/648/711 1629/763/1629 762/764/762
f 711/648/711 132/639/132 760/756/760 1629/763/1629
f 1629/763/1629 760/756/760 147/758/147 740/765/740
f 762/764/762 1629/763/1629 740/765/740 148/766/148
f 141/653/141 719/652/719 1630/767/1630 763/768/763
f 719/652/719 140/645/140 761/760/761 1630/767/1630
f 1630/767/1630 761/760/761 155/762/155 748/769/748
f 763/768/763 1630/767/1630 748/769/748 156/770/156
f 134/657/134 712/656/712 1631/771/1631 764/772/764
f 712/656/712 133/649/133 762/764/762 1631/771/1631
f 1631/771/1631 762/764/762 148/766/148 741/773/741
f 764/772/764 1631/771/1631 741/773/741 149/774/149
f 142/661/142 720/660/720 1632/775/1632 765/776/765
f 720/660/720 141/653/141 763/768/763 1632/775/1632
f 1632/775/1632 763/768/763 156/770/156 749/777/749
f 765/776/765 1632/775/1632 749/777/749 157/778/157
f 135/665/135 713/664/713 1633/779/1633 752/712/752
f 713/664/713 134/657/134 764/772/764 1633/779/1633
f 1633/779/1633 764/772/764 149/774/149 742/780/742
f 752/712/752 1633/779/1633 742/780/742 150/713/150
f 143/671/143 721/670/721 1634/781/1634 754/782/754
f 721/670/721 142/669/142 765/783/765 1634/781/1634
f 1634/781/1634 765/783/765 157/784/157 750/785/750
f 754/782/754 1634/781/1634 750/785/750 158/731/158
f 155/762/155 747/761/747 1635/786/1635 780/787/780
f 747/761/747 154/754/154 781/788/781 1635/786/1635
f 1635/786/1635 781/788/781 169/789/169 776/790/776
f 780/787/780 1635/786/1635 776/790/776 170/791/170
f 148/766/148 740/765/740 1636/792/1636 782/793/782
f 740/765/740 147/758/147 783/794/783 1636/792/1636
f 1636/792/1636 783/794/783 162/795/162 769/796/769
f 782/793/782 1636/792/1636 769/796/769 163/797/163
f 156/770/156 748/769/748 1637/798/1637 784/799/784
f 748/769/748 155/762/155 780/787/780 1637/798/1637
f 1637/798/1637 780/787/780 170/791/170 777/800/777
f 784/799/784 1637/798/1637 777/800/777 171/801/171
f 149/774/149 741/773/741 1638/802/1638 785/803/785
f 741/773/741 148/766/148 782/793/782 1638/802/1638
f 1638/802/1638 782/793/782 163/797/163 770/804/770
f 785/803/785 1638/802/1638 770/804/770 164/805/164
f 157/778/157 749/777/749 1639/806/1639 786/807/786
f 749/777/749 156/770/156 784/799/784 1639/806/1639
f 1639/806/1639 784/799/784 171/801/171 778/808/778
f 786/807/786 1639/806/1639 778/808/778 172/809/172
f 150/713/150 742/780/742 1640/810/1640 787/811/787
f 742/780/742 149/774/149 785/803/785 1640/810/1640
f 1640/810/1640 785/803/785 164/805/164 771/812/771
f 787/811/787 1640/810/1640 771/812/771 165/813/165
f 158/731/158 750/785/750 1641/814/1641 788/815/788
f 750/785/750 157/784/157 786/816/786 1641/814/1641
f 1641/814/1641 786/816/786 172/809/172 779/817/779
f 788/815/788 1641/814/1641 779/817/779 173/818/173
f 151/715/151 743/714/743 1642/819/1642 789/820/789
f 743/714/743 150/713/150 787/811/787 1642/819/1642
f 1642/819/1642 787/811/787 165/813/165 772/821/772
f 789/820/789 1642/819/1642 772/821/772 166/822/166
f 144/722/144 1425/823/1425 1643/824/1643 790/825/790
f 1/826/1 1427/827/1427 1643/824/1643 1425/828/1425
f 159/829/159 790/830/790 1643/824/1643 1427/831/1427
f 8/832/8 1426/833/1426 1644/834/1644 1428/835/1428
f 158/731/158 788/836/788 1644/834/1644 1426/837/1426
f 173/818/173 1428/838/1428 1644/834/1644 788/839/788
f 152/736/152 744/735/744 1645/840/1645 791/841/791
f 744/735/744 151/715/151 789/820/789 1645/840/1645
f 1645/840/1645 789/820/789 166/822/166 773/842/773
f 791/841/791 1645/840/1645 773/842/773 167/843/167
f 145/740/145 737/739/737 1646/844/1646 792/845/792
f 737/739/737 144/722/144 790/825/790 1646/844/1646
f 1646/844/1646 790/825/790 159/829/159 766/846/766
f 792/845/792 1646/844/1646 766/846/766 160/847/160
f 153/744/153 745/743/745 1647/848/1647 793/849/793
f 745/743/745 152/736/152 791/841/791 1647/848/1647
f 1647/848/1647 791/841/791 167/843/167 774/850/774
f 793/849/793 1647/848/1647 774/850/774 168/851/168
f 146/750/146 738/749/738 1648/852/1648 794/853/794
f 738/749/738 145/748/145 792/845/792 1648/852/1648
f 1648/852/1648 792/845/792 160/854/160 767/855/767
f 794/853/794 1648/852/1648 767/855/767 161/856/161
f 154/754/154 746/753/746 1649/857/1649 781/788/781
f 746/753/746 153/744/153 793/849/793 1649/857/1649
f 1649/857/1649 793/849/793 168/851/168 775/858/775
f 781/788/781 1649/857/1649 775/858/775 169/789/169
f 147/758/147 739/757/739 1650/859/1650 783/794/783
f 739/757/739 146/750/146 794/853/794 1650/859/1650
f 1650/859/1650 794/853/794 161/856/161 768/860/768
f 783/794/783 1650/859/1650 768/860/768 162/795/162
f 8/861/8 1428/862/1428 1651/863/1651 1430/864/1430
f 173/818/173 809/865/809 1651/863/1651 1428/866/1428
f 188/867/188 1430/868/1430 1651/863/1651 809/869/809
f 167/843/167 773/842/773 1652/870/1652 810/871/810
f 773/842/773 166/822/166 811/872/811 1652/870/1652
f 1652/870/1652 811/872/811 181/873/181 802/874/802
f 810/871/810 1652/870/1652 802/874/802 182/875/182
f 160/847/160 766/846/766 1653/876/1653 812/877/812
f 766/846/766 159/829/159 813/878/813 1653/876/1653
f 1653/876/1653 813/878/813 174/879/174 795/880/795
f 812/877/812 1653/876/1653 795/880/795 175/881/175
f 168/851/168 774/850/774 1654/882/1654 814/883/814
f 774/850/774 167/843/167 810/871/810 1654/882/1654
f 1654/882/1654 810/871/810 182/875/182 803/884/803
f 814/883/814 1654/882/1654 803/884/803 183/885/183
f 161/856/161 767/855/767 1655/886/1655 815/887/815
f 767/855/767 160/854/160 812/888/812 1655/886/1655
f 1655/886/1655 812/888/812 175/889/175 796/890/796
f 815/887/815 1655/886/1655 796/890/796 176/891/176
f 169/789/169 775/858/775 1656/892/1656 816/893/816
f 775/858/775 168/851/168 814/883/814 1656/892/1656
f 1656/892/1656 814/883/814 183/885/183 804/894/804
f 816/893/816 1656/892/1656 804/894/804 184/895/184
f 162/795/162 768/860/768 1657/896/1657 817/897/817
f 768/860/768 161/856/161 815/887/815 1657/896/1657
f 1657/896/1657 815/887/815 176/891/176 797/898/797
f 817/897/817 1657/896/1657 797/898/797 177/899/177
f 170/791/170 776/790/776 1658/900/1658 818/901/818
f 776/790/776 169/789/169 816/893/816 1658/900/1658
f 1658/900/1658 816/893/816 184/895/184 805/902/805
f 818/901/818 1658/900/1658 805/902/805 185/903/185
f 163/797/163 769/796/769 1659/904/1659 819/905/819
f 769/796/769 162/795/162 817/897/817 1659/904/1659
f 1659/904/1659 817/897/817 177/899/177 798/906/798
f 819/905/819 1659/904/1659 798/906/798 178/907/178
f 171/801/171 777/800/777 1660/908/1660 820/909/820
f 777/800/777 170/791/170 818/901/818 1660/908/1660
f 1660/908/1660 818/901/818 185/903/185 806/910/806
f 820/909/820 1660/908/1660 806/910/806 186/911/186
f 164/805/164 770/804/770 1661/912/1661 821/913/821
f 770/804/770 163/797/163 819/905/819 1661/912/1661
f 1661/912/1661 819/905/819 178/907/178 799/914/799
f 821/913/821 1661/912/1661 799/914/799 179/915/179
f 172/809/172 778/808/778 1662/916/1662 822/917/822
f 778/808/778 171/801/171 820/909/820 1662/916/1662
f 1662/916/1662 820/909/820 186/911/186 807/918/807
f 822/917/822 1662/916/1662 807/918/807 187/919/187
f 165/813/165 771/812/771 1663/920/1663 823/921/823
f 771/812/771 164/805/164 821/913/821 1663/920/1663
f 1663/920/1663 821/913/821 179/915/179 800/922/800
f 823/921/823 1663/920/1663 800/922/800 180/923/180
f 173/818/173 779/817/779 1664/924/1664 809/925/809
f 779/817/779 172/809/172 822/926/822 1664/924/1664
f 1664/924/1664 822/926/822 187/919/187 808/927/808
f 809/925/809 1664/924/1664 808/927/808 188/867/188
f 166/822/166 772/821/772 1665/928/1665 811/872/811
f 772/821/772 165/813/165 823/921/823 1665/928/1665
f 1665/928/1665 823/921/823 180/923/180 801/929/801
f 811/872/811 1665/928/1665 801/929/801 181/873/181
f 159/829/159 1427/930/1427 1666/931/1666 813/878/813
f 1/932/1 1429/933/1429 1666/931/1666 1427/934/1427
f 174/879/174 813/935/813 1666/931/1666 1429/936/1429
f 186/911/186 806/910/806 1667/937/1667 838/938/838
f 806/910/806 185/903/185 839/939/839 1667/937/1667
f 1667/937/1667 839/939/839 200/940/200 835/941/835
f 838/938/838 1667/937/1667 835/941/835 201/942/201
f 179/915/179 799/914/799 1668/943/1668 840/944/840
f 799/914/799 178/907/178 841/945/841 1668/943/1668
f 1668/943/1668 841/945/841 193/946/193 828/947/828
f 840/944/840 1668/943/1668 828/947/828 194/948/194
f 187/919/187 807/918/807 1669/949/1669 842/950/842
f 807/918/807 186/911/186 838/938/838 1669/949/1669
f 1669/949/1669 838/938/838 201/942/201 836/951/836
f 842/950/842 1669/949/1669 836/951/836 202/952/202
f 180/923/180 800/922/800 1670/953/1670 843/954/843
f 800/922/800 179/915/179 840/944/840 1670/953/1670
f 1670/953/1670 840/944/840 194/948/194 829/955/829
f 843/954/843 1670/953/1670 829/955/829 195/956/195
f 188/867/188 808/927/808 1671/957/1671 844/958/844
f 808/927/808 187/919/187 842/959/842 1671/957/1671
f 1671/957/1671 842/959/842 202/952/202 837/960/837
f 844/958/844 1671/957/1671 837/960/837 203/961/203
f 181/873/181 801/929/801 1672/962/1672 845/963/845
f 801/929/801 180/923/180 843/954/843 1672/962/1672
f 1672/962/1672 843/954/843 195/956/195 830/964/830
f 845/963/845 1672/962/1672 830/964/830 196/965/196
f 174/879/174 1429/966/1429 1673/967/1673 846/968/846
f 1/969/1 1431/970/1431 1673/967/1673 1429/971/1429
f 189/972/189 846/973/846 1673/967/1673 1431/974/1431
f 8/975/8 1430/976/1430 1674/977/1674 1432/978/1432
f 188/867/188 844/979/844 1674/977/1674 1430/980/1430
f 203/961/203 1432/981/1432 1674/977/1674 844/958/844
f 182/875/182 802/874/802 1675/982/1675 847/983/847
f 802/874/802 181/873/181 845/963/845 1675/982/1675
f 1675/982/1675 845/963/845 196/965/196 831/984/831
f 847/983/847 1675/982/1675 831/984/831 197/985/197
f 175/881/175 795/880/795 1676/986/1676 848/987/848
f 795/880/795 174/879/174 846/968/846 1676/986/1676
f 1676/986/1676 846/968/846 189/972/189 824/988/824
f 848/987/848 1676/986/1676 824/988/824 190/989/190
f 183/885/183 803/884/803 1677/990/1677 849/991/849
f 803/884/803 182/875/182 847/983/847 1677/990/1677
f 1677/990/1677 847/983/847 197/985/197 832/992/832
f 849/991/849 1677/990/1677 832/992/832 198/993/198
f 176/891/176 796/890/796 1678/994/1678 850/995/850
f 796/890/796 175/889/175 848/996/848 1678/994/1678
f 1678/994/1678 848/996/848 190/997/190 825/998/825
f 850/995/850 1678/994/1678 825/998/825 191/999/191
f 184/895/184 804/894/804 1679/1000/1679 851/1001/851
f 804/894/804 183/885/183 849/991/849 1679/1000/1679
f 1679/1000/1679 849/991/849 198/993/198 833/1002/833
f 851/1001/851 1679/1000/1679 833/1002/833 199/1003/199
f 177/899/177 797/898/797 1680/1004/1680 852/1005/852
f 797/898/797 176/891/176 850/995/850 1680/1004/1680
f 1680/1004/1680 850/995/850 191/999/191 826/1006/826
f 852/1005/852 1680/1004/1680 826/1006/826 192/1007/192
f 185/903/185 805/902/805 1681/1008/1681 839/939/839
f 805/902/805 184/895/184 851/1001/851 1681/1008/1681
f 1681/1008/1681 851/1001/851 199/1003/199 834/1009/834
f 839/939/839 1681/1008/1681 834/1009/834 200/940/200
f 178/907/178 798/906/798 1682/1010/1682 841/945/841
f 798/906/798 177/899/177 852/1005/852 1682/1010/1682
f 1682/1010/1682 852/1005/852 192/1007/192 827/1011/827
f 841/945/841 1682/1010/1682 827/1011/827 193/946/193
f 190/989/190 824/988/824 1683/1012/1683 867/1013/867
f 824/988/824 189/972/189 868/1014/868 1683/1012/1683
f 1683/1012/1683 868/1014/868 204/1015/204 853/1016/853
f 867/1013/867 1683/1012/1683 853/1016/853 205/1017/205
f 198/993/198 832/992/832 1684/1018/1684 869/1019/869
f 832/992/832 197/985/197 870/1020/870 1684/1018/1684
f 1684/1018/1684 870/1020/870 212/1021/212 861/1022/861
f 869/1019/869 1684/1018/1684 861/1022/861 213/1023/213
f 191/999/191 825/998/825 1685/1024/1685 871/1025/871
f 825/998/825 190/997/190 867/1026/867 1685/1024/1685
f 1685/1024/1685 867/1026/867 205/1027/205 854/1028/854
f 871/1025/871 1685/1024/1685 854/1028/854 206/1029/206
f 199/1003/199 833/1002/833 1686/1030/1686 872/1031/872
f 833/1002/833 198/993/198 869/1019/869 1686/1030/1686
f 1686/1030/1686 869/1019/869 213/1023/213 862/1032/862
f 872/1031/872 1686/1030/1686 862/1032/862 214/1033/214
f 192/1007/192 826/1006/826 1687/1034/1687 873/1035/873
f 826/1006/826 191/999/191 871/1025/871 1687/1034/1687
f 1687/1034/1687 871/1025/871 206/1029/206 855/1036/855
f 873/1035/873 1687/1034/1687 855/1036/855 207/1037/207
f 200/940/200 834/1009/834 1688/1038/1688 874/1039/874
f 834/1009/834 199/1003/199 872/1031/872 1688/1038/1688
f 1688/1038/1688 872/1031/872 214/1033/214 863/1040/863
f 874/1039/874 1688/1038/1688 863/1040/863 215/1041/215
f 193/946/193 827/1011/827 1689/1042/1689 875/1043/875
f 827/1011/827 192/1007/192 873/1035/873 1689/1042/1689
f 1689/1042/1689 873/1035/873 207/1037/207 856/1044/856
f 875/1043/875 1689/1042/1689 856/1044/856 208/1045/208
f 201/942/201 835/941/835 1690/1046/1690 876/1047/876
f 835/941/835 200/940/200 874/1039/874 1690/1046/1690
f 1690/1046/1690 874/1039/874 215/1041/215 864/1048/864
f 876/1047/876 1690/1046/1690 864/1048/864 216/1049/216
f 194/948/194 828/947/828 1691/1050/1691 877/1051/877
f 828/947/828 193/946/193 875/1043/875 1691/1050/1691
f 1691/1050/1691 875/1043/875 208/1045/208 857/1052/857
f 877/1051/877 1691/1050/1691 857/1052/857 209/1053/209
f 202/952/202 836/951/836 1692/1054/1692 878/1055/878
f 836/951/836 201/942/201 876/1047/876 1692/1054/1692
f 1692/1054/1692 876/1047/876 216/1049/216 865/1056/865
f 878/1055/878 1692/1054/1692 865/1056/865 217/1057/217
f 195/956/195 829/955/829 1693/1058/1693 879/1059/879
f 829/955/829 194/948/194 877/1051/877 1693/1058/1693
f 1693/1058/1693 877/1051/877 209/1053/209 858/1060/858
f 879/1059/879 1693/1058/1693 858/1060/858 210/1061/210
f 203/961/203 837/960/837 1694/1062/1694 880/1063/880
f 837/960/837 202/952/202 878/1064/878 1694/1062/1694
f 1694/1062/1694 878/1064/878 217/1057/217 866/1065/866
f 880/1063/880 1694/1062/1694 866/1065/866 218/1066/218
f 196/965/196 830/964/830 1695/1067/1695 881/1068/881
f 830/964/830 195/956/195 879/1059/879 1695/1067/1695
f 1695/1067/1695 879/1059/879 210/1061/210 859/1069/859
f 881/1068/881 1695/1067/1695 859/1069/859 211/1070/211
f 189/972/189 1431/1071/1431 1696/1072/1696 868/1014/868
f 1/1073/1 1433/1074/1433 1696/1072/1696 1431/1075/1431
f 204/1015/204 868/1076/868 1696/1072/1696 1433/1077/1433
f 8/1078/8 1432/1079/1432 1697/1080/1697 1434/1081/1434
f 203/961/203 880/1082/880 1697/1080/1697 1432/1083/1432
f 218/1066/218 1434/1084/1434 1697/1080/1697 880/1085/880
f 197/985/197 831/984/831 1698/1086/1698 870/1020/870
f 831/984/831 196/965/196 881/1068/881 1698/1086/1698
f 1698/1086/1698 881/1068/881 211/1070/211 860/1087/860
f 870/1020/870 1698/1086/1698 860/1087/860 212/1021/212
f 209/1053/209 857/1052/857 1699/1088/1699 896/1089/896
f 857/1052/857 208/1045/208 897/1090/897 1699/1088/1699
f 1699/1088/1699 897/1090/897 223/1091/223 886/1092/886
f 896/1089/896 1699/1088/1699 886/1092/886 224/1093/224
f 217/1057/217 865/1056/865 1700/1094/1700 898/1095/898
f 865/1056/865 216/1049/216 899/1096/899 1700/1094/1700
f 1700/1094/1700 899/1096/899 231/1097/231 894/1098/894
f 898/1095/898 1700/1094/1700 894/1098/894 232/1099/232
f 210/1061/210 858/1060/858 1701/1100/1701 900/1101/900
f 858/1060/858 209/1053/209 896/1089/896 1701/1100/1701
f 1701/1100/1701 896/1089/896 224/1093/224 887/1102/887
f 900/1101/900 1701/1100/1701 887/1102/887 225/1103/225
f 218/1066/218 866/1065/866 1702/1104/1702 901/1105/901
f 866/1065/866 217/1057/217 898/1106/898 1702/1104/1702
f 1702/1104/1702 898/1106/898 232/1099/232 895/1107/895
f 901/1105/901 1702/1104/1702 895/1107/895 233/1108/233
f 211/1070/211 859/1069/859 1703/1109/1703 902/1110/902
f 859/1069/859 210/1061/210 900/1101/900 1703/1109/1703
f 1703/1109/1703 900/1101/900 225/1103/225 888/1111/888
f 902/1110/902 1703/1109/1703 888/1111/888 226/1112/226
f 204/1015/204 1433/1113/1433 1704/1114/1704 903/1115/903
f 1/1116/1 1435/1117/1435 1704/1114/1704 1433/1118/1433
f 219/1119/219 903/1120/903 1704/1114/1704 1435/1121/1435
f 8/1122/8 1434/1123/1434 1705/1124/1705 1436/1125/1436
f 218/1066/218 901/1126/901 1705/1124/1705 1434/1127/1434
f 233/1108/233 1436/1128/1436 1705/1124/1705 901/1105/901
f 212/1021/212 860/1087/860 1706/1129/1706 904/1130/904
f 860/1087/860 211/1070/211 902/1110/902 1706/1129/1706
f 1706/1129/1706 902/1110/902 226/1112/226 889/1131/889
f 904/1130/904 1706/1129/1706 889/1131/889 227/1132/227
f 205/1017/205 853/1016/853 1707/1133/1707 905/1134/905
f 853/1016/853 204/1015/204 903/1115/903 1707/1133/1707
f 1707/1133/1707 903/1115/903 219/1119/219 882/1135/882
f 905/1134/905 1707/1133/1707 882/1135/882 220/1136/220
f 213/1023/213 861/1022/861 1708/1137/1708 906/1138/906
f 861/1022/861 212/1021/212 904/1130/904 1708/1137/1708
f 1708/1137/1708 904/1130/904 227/1132/227 890/1139/890
f 906/1138/906 1708/1137/1708 890/1139/890 228/1140/228
f 206/1029/206 854/1028/854 1709/1141/1709 907/1142/907
f 854/1028/854 205/1027/205 905/1134/905 1709/1141/1709
f 1709/1141/1709 905/1134/905 220/1143/220 883/1144/883
f 907/1142/907 1709/1141/1709 883/1144/883 221/1145/221
f 214/1033/214 862/1032/862 1710/1146/1710 908/1147/908
f 862/1032/862 213/1023/213 906/1138/906 1710/1146/1710
f 1710/1146/1710 906/1138/906 228/1140/228 891/1148/891
f 908/1147/908 1710/1146/1710 891/1148/891 229/1149/229
f 207/1037/207 855/1036/855 1711/1150/1711 909/1151/909
f 855/1036/855 206/1029/206 907/1142/907 1711/1150/1711
f 1711/1150/1711 907/1142/907 221/1145/221 884/1152/884
f 909/1151/909 1711/1150/1711 884/1152/884 222/1153/222
f 215/1041/215 863/1040/863 1712/1154/1712 910/1155/910
f 863/1040/863 214/1033/214 908/1147/908 1712/1154/1712
f 1712/1154/1712 908/1147/908 229/1149/229 892/1156/892
f 910/1155/910 1712/1154/1712 892/1156/892 230/1157/230
f 208/1045/208 856/1044/856 1713/1158/1713 897/1090/897
f 856/1044/856 207/1037/207 909/1151/909 1713/1158/1713
f 1713/1158/1713 909/1151/909 222/1153/222 885/1159/885
f 897/1090/897 1713/1158/1713 885/1159/885 223/1091/223
f 216/1049/216 864/1048/864 1714/1160/1714 899/1096/899
f 864/1048/864 215/1041/215 910/1155/910 1714/1160/1714
f 1714/1160/1714 910/1155/910 230/1157/230 893/1161/893
f 899/1096/899 1714/1160/1714 893/1161/893 231/1097/231
f 228/1140/228 890/1139/890 1715/1162/1715 925/1163/925
f 890/1139/890 227/1132/227 926/1164/926 1715/1162/1715
f 1715/1162/1715 926/1164/926 242/1165/242 919/1166/919
f 925/1163/925 1715/1162/1715 919/1166/919 243/1167/243
f 221/1145/221 883/1144/883 1716/1168/1716 927/1169/927
f 883/1144/883 220/1143/220 928/1170/928 1716/1168/1716
f 1716/1168/1716 928/1170/928 235/1171/235 912/1172/912
f 927/1169/927 1716/1168/1716 912/1172/912 236/1173/236
f 229/1149/229 891/1148/891 1717/1174/1717 929/1175/929
f 891/1148/891 228/1140/228 925/1163/925 1717/1174/1717
f 1717/1174/1717 925/1163/925 243/1167/243 920/1176/920
f 929/1175/929 1717/1174/1717 920/1176/920 244/1177/244
f 222/1153/222 884/1152/884 1718/1178/1718 930/1179/930
f 884/1152/884 221/1145/221 927/1169/927 1718/1178/1718
f 1718/1178/1718 927/1169/927 236/1173/236 913/1180/913
f 930/1179/930 1718/1178/1718 913/1180/913 237/1181/237
f 230/1157/230 892/1156/892 1719/1182/1719 931/1183/931
f 892/1156/892 229/1149/229 929/1175/929 1719/1182/1719
f 1719/1182/1719 929/1175/929 244/1177/244 921/1184/921
f 931/1183/931 1719/1182/1719 921/1184/921 245/1185/245
f 223/1091/223 885/1159/885 1720/1186/1720 932/1187/932
f 885/1159/885 222/1153/222 930/1179/930 1720/1186/1720
f 1720/1186/1720 930/1179/930 237/1181/237 914/1188/914
f 932/1187/932 1720/1186/1720 914/1188/914 238/1189/238
f 231/1097/231 893/1161/893 1721/1190/1721 933/1191/933
f 893/1161/893 230/1157/230 931/1183/931 1721/1190/1721
f 1721/1190/1721 931/1183/931 245/1185/245 922/1192/922
f 933/1191/933 1721/1190/1721 922/1192/922 246/1193/246
f 224/1093/224 886/1092/886 1722/1194/1722 934/1195/934
f 886/1092/886 223/1091/223 932/1187/932 1722/1194/1722
f 1722/1194/1722 932/1187/932 238/1189/238 915/1196/915
f 934/1195/934 1722/1194/1722 915/1196/915 239/1197/239
f 232/1099/232 894/1098/894 1723/1198/1723 935/1199/935
f 894/1098/894 231/1097/231 933/1191/933 1723/1198/1723
f 1723/1198/1723 933/1191/933 246/1193/246 923/1200/923
f 935/1199/935 1723/1198/1723 923/1200/923 247/1201/247
f 225/1103/225 887/1102/887 1724/1202/1724 936/1203/936
f 887/1102/887 224/1093/224 934/1195/934 1724/1202/1724
f 1724/1202/1724 934/1195/934 239/1197/239 916/1204/916
f 936/1203/936 1724/1202/1724 916/1204/916 240/1205/240
f 233/1108/233 895/1107/895 1725/1206/1725 937/1207/937
f 895/1107/895 232/1099/232 935/1208/935 1725/1206/1725
f 1725/1206/1725 935/1208/935 247/1209/247 924/1210/924
f 937/1207/937 1725/1206/1725 924/1210/924 248/1211/248
f 226/1112/226 888/1111/888 1726/1212/1726 938/1213/938
f 888/1111/888 225/1103/225 936/1203/936 1726/1212/1726
f 1726/1212/1726 936/1203/936 240/1205/240 917/1214/917
f 938/1213/938 1726/1212/1726 917/1214/917 241/1215/241
f 219/1119/219 1435/1216/1435 1727/1217/1727 939/1218/939
f 1/1219/1 1437/1220/1437 1727/1217/1727 1435/1221/1435
f 234/1222/234 939/1223/939 1727/1217/1727 1437/1224/1437
f 8/1225/8 1436/1226/1436 1728/1227/1728 1438/1228/1438
f 233/1108/233 937/1229/937 1728/1227/1728 1436/1230/1436
f 248/1211/248 1438/1231/1438 1728/1227/1728 937/1232/937
f 227/1132/227 889/1131/889 1729/1233/1729 926/1164/926
f 889/1131/889 226/1112/226 938/1213/938 1729/1233/1729
f 1729/1233/1729 938/1213/938 241/1215/241 918/1234/918
f 926/1164/926 1729/1233/1729 918/1234/918 242/1165/242
f 220/1136/220 882/1135/882 1730/1235/1730 928/1236/928
f 882/1135/882 219/1119/219 939/1218/939 1730/1235/1730
f 1730/1235/1730 939/1218/939 234/1222/234 911/1237/911
f 928/1236/928 1730/1235/1730 911/1237/911 235/1238/235
f 247/1201/247 923/1200/923 1731/1239/1731 954/1240/954
f 923/1200/923 246/1193/246 955/1241/955 1731/1239/1731
f 1731/1239/1731 955/1241/955 261/1242/261 952/1243/952
f 954/1240/954 1731/1239/1731 952/1243/952 262/1244/262
f 240/1205/240 916/1204/916 1732/1245/1732 956/1246/956
f 916/1204/916 239/1197/239 957/1247/957 1732/1245/1732
f 1732/1245/1732 957/1247/957 254/1248/254 945/1249/945
f 956/1246/956 1732/1245/1732 945/1249/945 255/1250/255
f 248/1211/248 924/1210/924 1733/1251/1733 958/1252/958
f 924/1210/924 247/1209/247 954/1253/954 1733/1251/1733
f 1733/1251/1733 954/1253/954 262/1244/262 953/1254/953
f 958/1252/958 1733/1251/1733 953/1254/953 263/1255/263
f 241/1215/241 917/1214/917 1734/1256/1734 959/1257/959
f 917/1214/917 240/1205/240 956/1246/956 1734/1256/1734
f 1734/1256/1734 956/1246/956 255/1250/255 946/1258/946
f 959/1257/959 1734/1256/1734 946/1258/946 256/1259/256
f 234/1222/234 1437/1260/1437 1735/1261/1735 960/1262/960
f 1/1263/1 1439/1264/1439 1735/1261/1735 1437/1265/1437
f 249/1266/249 960/1267/960 1735/1261/1735 1439/1268/1439
f 8/1269/8 1438/1270/1438 1736/1271/1736 1440/1272/1440
f 248/1211/248 958/1273/958 1736/1271/1736 1438/1274/1438
f 263/1255/263 1440/1275/1440 1736/1271/1736 958/1276/958
f 242/1165/242 918/1234/918 1737/1277/1737 961/1278/961
f 918/1234/918 241/1215/241 959/1257/959 1737/1277/1737
f 1737/1277/1737 959/1257/959 256/1259/256 947/1279/947
f 961/1278/961 1737/1277/1737 947/1279/947 257/1280/257
f 235/1238/235 911/1237/911 1738/1281/1738 962/1282/962
f 911/1237/911 234/1222/234 960/1262/960 1738/1281/1738
f 1738/1281/1738 960/1262/960 249/1266/249 940/1283/940
f 962/1282/962 1738/1281/1738 940/1283/940 250/1284/250
f 243/1167/243 919/1166/919 1739/1285/1739 963/1286/963
f 919/1166/919 242/1165/242 961/1278/961 1739/1285/1739
f 1739/1285/1739 961/1278/961 257/1280/257 948/1287/948
f 963/1286/963 1739/1285/1739 948/1287/948 258/1288/258
f 236/1173/236 912/1172/912 1740/1289/1740 964/1290/964
f 912/1172/912 235/1171/235 962/1291/962 1740/1289/1740
f 1740/1289/1740 962/1291/962 250/1292/250 941/1293/941
f 964/1290/964 1740/1289/1740 941/1293/941 251/1294/251
f 244/1177/244 920/1176/920 1741/1295/1741 965/1296/965
f 920/1176/920 243/1167/243 963/1286/963 1741/1295/1741
f 1741/1295/1741 963/1286/963 258/1288/258 949/1297/949
f 965/1296/965 1741/1295/1741 949/1297/949 259/1298/259
f 237/1181/237 913/1180/913 1742/1299/1742 966/1300/966
f 913/1180/913 236/1173/236 964/1290/964 1742/1299/1742
f 1742/1299/1742 964/1290/964 251/1294/251 942/1301/942
f 966/1300/966 1742/1299/1742 942/1301/942 252/1302/252
f 245/1185/245 921/1184/921 1743/1303/1743 967/1304/967
f 921/1184/921 244/1177/244 965/1296/965 1743/1303/1743
f 1743/1303/1743 965/1296/965 259/1298/259 950/1305/950
f 967/1304/967 1743/1303/1743 950/1305/950 260/1306/260
f 238/1189/238 914/1188/914 1744/1307/1744 968/1308/968
f 914/1188/914 237/1181/237 966/1300/966 1744/1307/1744
f 1744/1307/1744 966/1300/966 252/1302/252 943/1309/943
f 968/1308/968 1744/1307/1744 943/1309/943 253/1310/253
f 246/1193/246 922/1192/922 1745/1311/1745 955/1241/955
f 922/1192/922 245/1185/245 967/1304/967 1745/1311/1745
f 1745/1311/1745 967/1304/967 260/1306/260 951/1312/951
f 955/1241/955 1745/1311/1745 951/1312/951 261/1242/261
f 239/1197/239 915/1196/915 1746/1313/1746 957/1247/957
f 915/1196/915 238/1189/238 968/1308/968 1746/1313/1746
f 1746/1313/1746 968/1308/968 253/1310/253 944/1314/944
f 957/1247/957 1746/1313/1746 944/1314/944 254/1248/254
f 251/1294/251 941/1293/941 1747/1315/1747 983/1316/983
f 941/1293/941 250/1292/250 984/1317/984 1747/1315/1747
f 1747/1315/1747 984/1317/984 265/1318/265 970/1319/970
f 983/1316/983 1747/1315/1747 970/1319/970 266/1320/266
f 259/1298/259 949/1297/949 1748/1321/1748 985/1322/985
f 949/1297/949 258/1288/258 986/1323/986 1748/1321/1748
f 1748/1321/1748 986/1323/986 273/1324/273 978/1325/978
f 985/1322/985 1748/1321/1748 978/1325/978 274/1326/274
f 252/1302/252 942/1301/942 1749/1327/1749 987/1328/987
f 942/1301/942 251/1294/251 983/1316/983 1749/1327/1749
f 1749/1327/1749 983/1316/983 266/1320/266 971/1329/971
f 987/1328/987 1749/1327/1749 971/1329/971 267/1330/267
f 260/1306/260 950/1305/950 1750/1331/1750 988/1332/988
f 950/1305/950 259/1298/259 985/1322/985 1750/1331/1750
f 1750/1331/1750 985/1322/985 274/1326/274 979/1333/979
f 988/1332/988 1750/1331/1750 979/1333/979 275/1334/275
f 253/1310/253 943/1309/943 1751/1335/1751 989/1336/989
f 943/1309/943 252/1302/252 987/1328/987 1751/1335/1751
f 1751/1335/1751 987/1328/987 267/1330/267 972/1337/972
f 989/1336/989 1751/1335/1751 972/1337/972 268/1338/268
f 261/1242/261 951/1312/951 1752/1339/1752 990/1340/990
f 951/1312/951 260/1306/260 988/1332/988 1752/1339/1752
f 1752/1339/1752 988/1332/988 275/1334/275 980/1341/980
f 990/1340/990 1752/1339/1752 980/1341/980 276/1342/276
f 254/1248/254 944/1314/944 1753/1343/1753 991/1344/991
f 944/1314/944 253/1310/253 989/1336/989 1753/1343/1753
f 1753/1343/1753 989/1336/989 268/1338/268 973/1345/973
f 991/1344/991 1753/1343/1753 973/1345/973 269/1346/269
f 262/1244/262 952/1243/952 1754/1347/1754 992/1348/992
f 952/1243/952 261/1242/261 990/1340/990 1754/1347/1754
f 1754/1347/1754 990/1340/990 276/1342/276 981/1349/981
f 992/1348/992 1754/1347/1754 981/1349/981 277/1350/277
f 255/1250/255 945/1249/945 1755/1351/1755 993/1352/993
f 945/1249/945 254/1248/254 991/1344/991 1755/1351/1755
f 1755/1351/1755 991/1344/991 269/1346/269 974/1353/974
f 993/1352/993 1755/1351/1755 974/1353/974 270/1354/270
f 263/1255/263 953/1254/953 1756/1355/1756 994/1356/994
f 953/1254/953 262/1244/262 992/1357/992 1756/1355/1756
f 1756/1355/1756 992/1357/992 277/1358/277 982/1359/982
f 994/1356/994 1756/1355/1756 982/1359/982 278/1360/278
f 256/1259/256 946/1258/946 1757/1361/1757 995/1362/995
f 946/1258/946 255/1250/255 993/1352/993 1757/1361/1757
f 1757/1361/1757 993/1352/993 270/1354/270 975/1363/975
f 995/1362/995 1757/1361/1757 975/1363/975 271/1364/271
f 249/1266/249 1439/1365/1439 1758/1366/1758 996/1367/996
f 1/1368/1 1441/1369/1441 1758/1366/1758 1439/1370/1439
f 264/1371/264 996/1372/996 1758/1366/1758 1441/1373/1441
f 8/1374/8 1440/1375/1440 1759/1376/1759 1442/1377/1442
f 263/1255/263 994/1378/994 1759/1376/1759 1440/1379/1440
f 278/1360/278 1442/1380/1442 1759/1376/1759 994/1356/994
f 257/1280/257 947/1279/947 1760/1381/1760 997/1382/997
f 947/1279/947 256/1259/256 995/1362/995 1760/1381/1760
f 1760/1381/1760 995/1362/995 271/1364/271 976/1383/976
f 997/1382/997 1760/1381/1760 976/1383/976 272/1384/272
f 250/1284/250 940/1283/940 1761/1385/1761 984/1317/984
f 940/1283/940 249/1266/249 996/1367/996 1761/1385/1761
f 1761/1385/1761 996/1367/996 264/1371/264 969/1386/969
f 984/1317/984 1761/1385/1761 969/1386/969 265/1387/265
f 258/1288/258 948/1287/948 1762/1388/1762 986/1323/986
f 948/1287/948 257/1280/257 997/1382/997 1762/1388/1762
f 1762/1388/1762 997/1382/997 272/1384/272 977/1389/977
f 986/1323/986 1762/1388/1762 977/1389/977 273/1324/273
f 270/1354/270 974/1353/974 1763/1390/1763 1012/1391/1012
f 974/1353/974 269/1346/269 1013/1392/1013 1763/1390/1763
f 1763/1390/1763 1013/1392/1013 284/1393/284 1003/1394/1003
f 1012/1391/1012 1763/1390/1763 1003/1394/1003 285/1395/285
f 278/1360/278 982/1359/982 1764/1396/1764 1014/1397/1014
f 982/1359/982 277/1358/277 1015/1398/1015 1764/1396/1764
f 1764/1396/1764 1015/1398/1015 292/1399/292 1011/1400/1011
f 1014/1397/1014 1764/1396/1764 1011/1400/1011 293/1401/293
f 271/1364/271 975/1363/975 1765/1402/1765 1016/1403/1016
f 975/1363/975 270/1354/270 1012/1391/1012 1765/1402/1765
f 1765/1402/1765 1012/1391/1012 285/1395/285 1004/1404/1004
f 1016/1403/1016 1765/1402/1765 1004/1404/1004 286/1405/286
f 264/1371/264 1441/1406/1441 1766/1407/1766 1017/1408/1017
f 1/1409/1 1443/1410/1443 1766/1407/1766 1441/1411/1441
f 279/1412/279 1017/1413/1017 1766/1407/1766 1443/1414/1443
f 8/1415/8 1442/1416/1442 1767/1417/1767 1444/1418/1444
f 278/1360/278 1014/1419/1014 1767/1417/1767 1442/1420/1442
f 293/1401/293 1444/1421/1444 1767/1417/1767 1014/1422/1014
f 272/1384/272 976/1383/976 1768/1423/1768 1018/1424/1018
f 976/1383/976 271/1364/271 1016/1403/1016 1768/1423/1768
f 1768/1423/1768 1016/1403/1016 286/1405/286 1005/1425/1005
f 1018/1424/1018 1768/1423/1768 1005/1425/1005 287/1426/287
f 265/1387/265 969/1386/969 1769/1427/1769 1019/1428/1019
f 969/1386/969 264/1371/264 1017/1408/1017 1769/1427/1769
f 1769/1427/1769 1017/1408/1017 279/1412/279 998/1429/998
f 1019/1428/1019 1769/1427/1769 998/1429/998 280/1430/280
f 273/1324/273 977/1389/977 1770/1431/1770 1020/1432/1020
f 977/1389/977 272/1384/272 1018/1424/1018 1770/1431/1770
f 1770/1431/1770 1018/1424/1018 287/1426/287 1006/1433/1006
f 1020/1432/1020 1770/1431/1770 1006/1433/1006 288/1434/288
f 266/1320/266 970/1319/970 1771/1435/1771 1021/1436/1021
f 970/1319/970 265/1318/265 1019/1437/1019 1771/1435/1771
f 1771/1435/1771 1019/1437/1019 280/1438/280 999/1439/999
f 1021/1436/1021 1771/1435/1771 999/1439/999 281/1440/281
f 274/1326/274 978/1325/978 1772/1441/1772 1022/1442/1022
f 978/1325/978 273/1324/273 1020/1432/1020 1772/1441/1772
f 1772/1441/1772 1020/1432/1020 288/1434/288 1007/1443/1007
f 1022/1442/1022 1772/1441/1772 1007/1443/1007 289/1444/289
f 267/1330/267 971/1329/971 1773/1445/1773 1023/1446/1023
f 971/1329/971 266/1320/266 1021/1436/1021 1773/1445/1773
f 1773/1445/1773 1021/1436/1021 281/1440/281 1000/1447/1000
f 1023/1446/1023 1773/1445/1773 1000/1447/1000 282/1448/282
f 275/1334/275 979/1333/979 1774/1449/1774 1024/1450/1024
f 979/1333/979 274/1326/274 1022/1442/1022 1774/1449/1774
f 1774/1449/1774 1022/1442/1022 289/1444/289 1008/1451/1008
f 1024/1450/1024 1774/1449/1774 1008/1451/1008 290/1452/290
f 268/1338/268 972/1337/972 1775/1453/1775 1025/1454/1025
f 972/1337/972 267/1330/267 1023/1446/1023 1775/1453/1775
f 1775/1453/1775 1023/1446/1023 282/1448/282 1001/1455/1001
f 1025/1454/1025 1775/1453/1775 1001/1455/1001 283/1456/283
f 276/1342/276 980/1341/980 1776/1457/1776 1026/1458/1026
f 980/1341/980 275/1334/275 1024/1450/1024 1776/1457/1776
f 1776/1457/1776 1024/1450/1024 290/1452/290 1009/1459/1009
f 1026/1458/1026 1776/1457/1776 1009/1459/1009 291/1460/291
f 269/1346/269 973/1345/973 1777/1461/1777 1013/1392/1013
f 973/1345/973 268/1338/268 1025/1454/1025 1777/1461/1777
f 1777/1461/1777 1025/1454/1025 283/1456/283 1002/1462/1002
f 1013/1392/1013 1777/1461/1777 1002/1462/1002 284/1393/284
f 277/1350/277 981/1349/981 1778/1463/1778 1015/1464/1015
f 981/1349/981 276/1342/276 1026/1458/1026 1778/1463/1778
f 1778/1463/1778 1026/1458/1026 291/1460/291 1010/1465/1010
f 1015/1464/1015 1778/1463/1778 1010/1465/1010 292/1466/292
f 289/1444/289 1007/1443/1007 1779/1467/1779 1041/1468/1041
f 1007/1443/1007 288/1434/288 1042/1469/1042 1779/1467/1779
f 1779/1467/1779 1042/1469/1042 303/1470/303 1036/1471/1036
f 1041/1468/1041 1779/1467/1779 1036/1471/1036 304/1472/304
f 282/1448/282 1000/1447/1000 1780/1473/1780 1043/1474/1043
f 1000/1447/1000 281/1440/281 1044/1475/1044 1780/1473/1780
f 1780/1473/1780 1044/1475/1044 296/1476/296 1029/1477/1029
f 1043/1474/1043 1780/1473/1780 1029/1477/1029 297/1478/297
f 290/1452/290 1008/1451/1008 1781/1479/1781 1045/1480/1045
f 1008/1451/1008 289/1444/289 1041/1468/1041 1781/1479/1781
f 1781/1479/1781 1041/1468/1041 304/1472/304 1037/1481/1037
f 1045/1480/1045 1781/1479/1781 1037/1481/1037 305/1482/305
f 283/1456/283 1001/1455/1001 1782/1483/1782 1046/1484/1046
f 1001/1455/1001 282/1448/282 1043/1474/1043 1782/1483/1782
f 1782/1483/1782 1043/1474/1043 297/1478/297 1030/1485/1030
f 1046/1484/1046 1782/1483/1782 1030/1485/1030 298/1486/298
f 291/1460/291 1009/1459/1009 1783/1487/1783 1047/1488/1047
f 1009/1459/1009 290/1452/290 1045/1480/1045 1783/1487/1783
f 1783/1487/1783 1045/1480/1045 305/1482/305 1038/1489/1038
f 1047/1488/1047 1783/1487/1783 1038/1489/1038 306/1490/306
f 284/1393/284 1002/1462/1002 1784/1491/1784 1048/1492/1048
f 1002/1462/1002 283/1456/283 1046/1484/1046 1784/1491/1784
f 1784/1491/1784 1046/1484/1046 298/1486/298 1031/1493/1031
f 1048/1492/1048 1784/1491/1784 1031/1493/1031 299/1494/299
f 292/1466/292 1010/1465/1010 1785/1495/1785 1049/1496/1049
f 1010/1465/1010 291/1460/291 1047/1488/1047 1785/1495/1785
f 1785/1495/1785 1047/1488/1047 306/1490/306 1039/1497/1039
f 1049/1496/1049 1785/1495/1785 1039/1497/1039 307/1498/307
f 285/1395/285 1003/1394/1003 1786/1499/1786 1050/1500/1050
f 1003/1394/1003 284/1393/284 1048/1492/1048 1786/1499/1786
f 1786/1499/1786 1048/1492/1048 299/1494/299 1032/1501/1032
f 1050/1500/1050 1786/1499/1786 1032/1501/1032 300/1502/300
f 293/1401/293 1011/1400/1011 1787/1503/1787 1051/1504/1051
f 1011/1400/1011 292/1399/292 1049/1505/1049 1787/1503/1787
f 1787/1503/1787 1049/1505/1049 307/1506/307 1040/1507/1040
f 1051/1504/1051 1787/1503/1787 1040/1507/1040 308/1508/308
f 286/1405/286 1004/1404/1004 1788/1509/1788 1052/1510/1052
f 1004/1404/1004 285/1395/285 1050/1500/1050 1788/1509/1788
f 1788/1509/1788 1050/1500/1050 300/1502/300 1033/1511/1033
f 1052/1510/1052 1788/1509/1788 1033/1511/1033 301/1512/301
f 279/1412/279 1443/1513/1443 1789/1514/1789 1053/1515/1053
f 1/1516/1 1445/1517/1445 1789/1514/1789 1443/1518/1443
f 294/1519/294 1053/1520/1053 1789/1514/1789 1445/1521/1445
f 8/1522/8 1444/1523/1444 1790/1524/1790 1446/1525/1446
f 293/1401/293 1051/1526/1051 1790/1524/1790 1444/1527/1444
f 308/1508/308 1446/1528/1446 1790/1524/1790 1051/1529/1051
f 287/1426/287 1005/1425/1005 1791/1530/1791 1054/1531/1054
f 1005/1425/1005 286/1405/286 1052/1510/1052 1791/1530/1791
f 1791/1530/1791 1052/1510/1052 301/1512/301 1034/1532/1034
f 1054/1531/1054 1791/1530/1791 1034/1532/1034 302/1533/302
f 280/1430/280 998/1429/998 1792/1534/1792 1055/1535/1055
f 998/1429/998 279/1412/279 1053/1515/1053 1792/1534/1792
f 1792/1534/1792 1053/1515/1053 294/1519/294 1027/1536/1027
f 1055/1535/1055 1792/1534/1792 1027/1536/1027 295/1537/295
f 288/1434/288 1006/1433/1006 1793/1538/1793 1042/1469/1042
f 1006/1433/1006 287/1426/287 1054/1531/1054 1793/1538/1793
f 1793/1538/1793 1054/1531/1054 302/1533/302 1035/1539/1035
f 1042/1469/1042 1793/1538/1793 1035/1539/1035 303/1470/303
f 281/1440/281 999/1439/999 1794/1540/1794 1044/1475/1044
f 999/1439/999 280/1438/280 1055/1535/1055 1794/1540/1794
f 1794/1540/1794 1055/1535/1055 295/1537/295 1028/1541/1028
f 1044/1475/1044 1794/1540/1794 1028/1541/1028 296/1476/296
f 308/1508/308 1040/1507/1040 1795/1542/1795 1070/1543/1070
f 1040/1507/1040 307/1506/307 1071/1544/1071 1795/1542/1795
f 1795/1542/1795 1071/1544/1071 322/1545/322 1069/1546/1069
f 1070/1543/1070 1795/1542/1795 1069/1546/1069 323/1547/323
f 301/1512/301 1033/1511/1033 1796/1548/1796 1072/1549/1072
f 1033/1511/1033 300/1502/300 1073/1550/1073 1796/1548/1796
f 1796/1548/1796 1073/1550/1073 315/1551/315 1062/1552/1062
f 1072/1549/1072 1796/1548/1796 1062/1552/1062 316/1553/316
f 294/1519/294 1445/1554/1445 1797/1555/1797 1074/1556/1074
f 1/1557/1 1447/1558/1447 1797/1555/1797 1445/1559/1445
f 309/1560/309 1074/1561/1074 1797/1555/1797 1447/1562/1447
f 8/1563/8 1446/1564/1446 1798/1565/1798 1448/1566/1448
f 308/1508/308 1070/1567/1070 1798/1565/1798 1446/1568/1446
f 323/1547/323 1448/1569/1448 1798/1565/1798 1070/1570/1070
f 302/1533/302 1034/1532/1034 1799/1571/1799 1075/1572/1075
f 1034/1532/1034 301/1512/301 1072/1549/1072 1799/1571/1799
f 1799/1571/1799 1072/1549/1072 316/1553/316 1063/1573/1063
f 1075/1572/1075 1799/1571/1799 1063/1573/1063 317/1574/317
f 295/1537/295 1027/1536/1027 1800/1575/1800 1076/1576/1076
f 1027/1536/1027 294/1519/294 1074/1556/1074 1800/1575/1800
f 1800/1575/1800 1074/1556/1074 309/1560/309 1056/1577/1056
f 1076/1576/1076 1800/1575/1800 1056/1577/1056 310/1578/310
f 303/1470/303 1035/1539/1035 1801/1579/1801 1077/1580/1077
f 1035/1539/1035 302/1533/302 1075/1572/1075 1801/1579/1801
f 1801/1579/1801 1075/1572/1075 317/1574/317 1064/1581/1064
f 1077/1580/1077 1801/1579/1801 1064/1581/1064 318/1582/318
f 296/1476/296 1028/1541/1028 1802/1583/1802 1078/1584/1078
f 1028/1541/1028 295/1537/295 1076/1585/1076 1802/1583/1802
f 1802/1583/1802 1076/1585/1076 310/1586/310 1057/1587/1057
f 1078/1584/1078 1802/1583/1802 1057/1587/1057 311/1588/311
f 304/1472/304 1036/1471/1036 1803/1589/1803 1079/1590/1079
f 1036/1471/1036 303/1470/303 1077/1580/1077 1803/1589/1803
f 1803/1589/1803 1077/1580/1077 318/1582/318 1065/1591/1065
f 1079/1590/1079 1803/1589/1803 1065/1591/1065 319/1592/319
f 297/1478/297 1029/1477/1029 1804/1593/1804 1080/1594/1080
f 1029/1477/1029 296/1476/296 1078/1584/1078 1804/1593/1804
f 1804/1593/1804 1078/1584/1078 311/1588/311 1058/1595/1058
f 1080/1594/1080 1804/1593/1804 1058/1595/1058 312/1596/312
f 305/1482/305 1037/1481/1037 1805/1597/1805 1081/1598/1081
f 1037/1481/1037 304/1472/304 1079/1590/1079 1805/1597/1805
f 1805/1597/1805 1079/1590/1079 319/1592/319 1066/1599/1066
f 1081/1598/1081 1805/1597/1805 1066/1599/1066 320/1600/320
f 298/1486/298 1030/1485/1030 1806/1601/1806 1082/1602/1082
f 1030/1485/1030 297/1478/297 1080/1594/1080 1806/1601/1806
f 1806/1601/1806 1080/1594/1080 312/1596/312 1059/1603/1059
f 1082/1602/1082 1806/1601/1806 1059/1603/1059 313/1604/313
f 306/1490/306 1038/1489/1038 1807/1605/1807 1083/1606/1083
f 1038/1489/1038 305/1482/305 1081/1598/1081 1807/1605/1807
f 1807/1605/1807 1081/1598/1081 320/1600/320 1067/1607/1067
f 1083/1606/1083 1807/1605/1807 1067/1607/1067 321/1608/321
f 299/1494/299 1031/1493/1031 1808/1609/1808 1084/1610/1084
f 1031/1493/1031 298/1486/298 1082/1602/1082 1808/1609/1808
f 1808/1609/1808 1082/1602/1082 313/1604/313 1060/1611/1060
f 1084/1610/1084 1808/1609/1808 1060/1611/1060 314/1612/314
f 307/1498/307 1039/1497/1039 1809/1613/1809 1071/1614/1071
f 1039/1497/1039 306/1490/306 1083/1606/1083 1809/1613/1809
f 1809/1613/1809 1083/1606/1083 321/1608/321 1068/1615/1068
f 1071/1614/1071 1809/1613/1809 1068/1615/1068 322/1616/322
f 300/1502/300 1032/1501/1032 1810/1617/1810 1073/1550/1073
f 1032/1501/1032 299/1494/299 1084/1610/1084 1810/1617/1810
f 1810/1617/1810 1084/1610/1084 314/1612/314 1061/1618/1061
f 1073/1550/1073 1810/1617/1810 1061/1618/1061 315/1551/315
f 320/1600/320 1066/1599/1066 1811/1619/1811 1099/1620/1099
f 1066/1599/1066 319/1592/319 1100/1621/1100 1811/1619/1811
f 1811/1619/1811 1100/1621/1100 334/1622/334 1095/1623/1095
f 1099/1620/1099 1811/1619/1811 1095/1623/1095 335/1624/335
f 313/1604/313 1059/1603/1059 1812/1625/1812 1101/1626/1101
f 1059/1603/1059 312/1596/312 1102/1627/1102 1812/1625/1812
f 1812/1625/1812 1102/1627/1102 327/1628/327 1088/1629/1088
f 1101/1626/1101 1812/1625/1812 1088/1629/1088 328/1630/328
f 321/1608/321 1067/1607/1067 1813/1631/1813 1103/1632/1103
f 1067/1607/1067 320/1600/320 1099/1620/1099 1813/1631/1813
f 1813/1631/1813 1099/1620/1099 335/1624/335 1096/1633/1096
f 1103/1632/1103 1813/1631/1813 1096/1633/1096 336/1634/336
f 314/1612/314 1060/1611/1060 1814/1635/1814 1104/1636/1104
f 1060/1611/1060 313/1604/313 1101/1626/1101 1814/1635/1814
f 1814/1635/1814 1101/1626/1101 328/1630/328 1089/1637/1089
f 1104/1636/1104 1814/1635/1814 1089/1637/1089 329/1638/329
f 322/1616/322 1068/1615/1068 1815/1639/1815 1105/1640/1105
f 1068/1615/1068 321/1608/321 1103/1632/1103 1815/1639/1815
f 1815/1639/1815 1103/1632/1103 336/1634/336 1097/1641/1097
f 1105/1640/1105 1815/1639/1815 1097/1641/1097 337/1642/337
f 315/1551/315 1061/1618/1061 1816/1643/1816 1106/1644/1106
f 1061/1618/1061 314/1612/314 1104/1636/1104 1816/1643/1816
f 1816/1643/1816 1104/1636/1104 329/1638/329 1090/1645/1090
f 1106/1644/1106 1816/1643/1816 1090/1645/1090 330/1646/330
f 323/1547/323 1069/1546/1069 1817/1647/1817 1107/1648/1107
f 1069/1546/1069 322/1545/322 1105/1649/1105 1817/1647/1817
f 1817/1647/1817 1105/1649/1105 337/1650/337 1098/1651/1098
f 1107/1648/1107 1817/1647/1817 1098/1651/1098 338/1652/338
f 316/1553/316 1062/1552/1062 1818/1653/1818 1108/1654/1108
f 1062/1552/1062 315/1551/315 1106/1644/1106 1818/1653/1818
f 1818/1653/1818 1106/1644/1106 330/1646/330 1091/1655/1091
f 1108/1654/1108 1818/1653/1818 1091/1655/1091 331/1656/331
f 309/1560/309 1447/1657/1447 1819/1658/1819 1109/1659/1109
f 1/1660/1 1449/1661/1449 1819/1658/1819 1447/1662/1447
f 324/1663/324 1109/1664/1109 1819/1658/1819 1449/1665/1449
f 8/1666/8 1448/1667/1448 1820/1668/1820 1450/1669/1450
f 323/1547/323 1107/1670/1107 1820/1668/1820 1448/1671/1448
f 338/1652/338 1450/1672/1450 1820/1668/1820 1107/1673/1107
f 317/1574/317 1063/1573/1063 1821/1674/1821 1110/1675/1110
f 1063/1573/1063 316/1553/316 1108/1654/1108 1821/1674/1821
f 1821/1674/1821 1108/1654/1108 331/1656/331 1092/1676/1092
f 1110/1675/1110 1821/1674/1821 1092/1676/1092 332/1677/332
f 310/1578/310 1056/1577/1056 1822/1678/1822 1111/1679/1111
f 1056/1577/1056 309/1560/309 1109/1659/1109 1822/1678/1822
f 1822/1678/1822 1109/1659/1109 324/1663/324 1085/1680/1085
f 1111/1679/1111 1822/1678/1822 1085/1680/1085 325/1681/325
f 318/1582/318 1064/1581/1064 1823/1682/1823 1112/1683/1112
f 1064/1581/1064 317/1574/317 1110/1675/1110 1823/1682/1823
f 1823/1682/1823 1110/1675/1110 332/1677/332 1093/1684/1093
f 1112/1683/1112 1823/1682/1823 1093/1684/1093 333/1685/333
f 311/1588/311 1057/1587/1057 1824/1686/1824 1113/1687/1113
f 1057/1587/1057 310/1586/310 1111/1688/1111 1824/1686/1824
f 1824/1686/1824 1111/1688/1111 325/1689/325 1086/1690/1086
f 1113/1687/1113 1824/1686/1824 1086/1690/1086 326/1691/326
f 319/1592/319 1065/1591/1065 1825/1692/1825 1100/1621/1100
f 1065/1591/1065 318/1582/318 1112/1683/1112 1825/1692/1825
f 1825/1692/1825 1112/1683/1112 333/1685/333 1094/1693/1094
f 1100/1621/1100 1825/1692/1825 1094/1693/1094 334/1622/334
f 312/1596/312 1058/1595/1058 1826/1694/1826 1102/1627/1102
f 1058/1595/1058 311/1588/311 1113/1687/1113 1826/1694/1826
f 1826/1694/1826 1113/1687/1113 326/1691/326 1087/1695/1087
f 1102/1627/1102 1826/1694/1826 1087/1695/1087 327/1628/327
f 324/1663/324 1449/1696/1449 1827/1697/1827 1128/1698/1128
f 1/1699/1 1451/1700/1451 1827/1697/1827 1449/1701/1449
f 339/1702/339 1128/1703/1128 1827/1697/1827 1451/1704/1451
f 8/1705/8 1450/1706/1450 1828/1707/1828 1452/1708/1452
f 338/1652/338 1129/1709/1129 1828/1707/1828 1450/1710/1450
f 353/1711/353 1452/1712/1452 1828/1707/1828 1129/1713/1129
f 332/1677/332 1092/1676/1092 1829/1714/1829 1130/1715/1130
f 1092/1676/1092 331/1656/331 1131/1716/1131 1829/1714/1829
f 1829/1714/1829 1131/1716/1131 346/1717/346 1121/1718/1121
f 1130/1715/1130 1829/1714/1829 1121/1718/1121 347/1719/347
f 325/1681/325 1085/1680/1085 1830/1720/1830 1132/1721/1132
f 1085/1680/1085 324/1663/324 1128/1698/1128 1830/1720/1830
f 1830/1720/1830 1128/1698/1128 339/1702/339 1114/1722/1114
f 1132/1721/1132 1830/1720/1830 1114/1722/1114 340/1723/340
f 333/1685/333 1093/1684/1093 1831/1724/1831 1133/1725/1133
f 1093/1684/1093 332/1677/332 1130/1715/1130 1831/1724/1831
f 1831/1724/1831 1130/1715/1130 347/1719/347 1122/1726/1122
f 1133/1725/1133 1831/1724/1831 1122/1726/1122 348/1727/348
f 326/1691/326 1086/1690/1086 1832/1728/1832 1134/1729/1134
f 1086/1690/1086 325/1689/325 1132/1730/1132 1832/1728/1832
f 1832/1728/1832 1132/1730/1132 340/1731/340 1115/1732/1115
f 1134/1729/1134 1832/1728/1832 1115/1732/1115 341/1733/341
f 334/1622/334 1094/1693/1094 1833/1734/1833 1135/1735/1135
f 1094/1693/1094 333/1685/333 1133/1725/1133 1833/1734/1833
f 1833/1734/1833 1133/1725/1133 348/1727/348 1123/1736/1123
f 1135/1735/1135 1833/1734/1833 1123/1736/1123 349/1737/349
f 327/1628/327 1087/1695/1087 1834/1738/1834 1136/1739/1136
f 1087/1695/1087 326/1691/326 1134/1729/1134 1834/1738/1834
f 1834/1738/1834 1134/1729/1134 341/1733/341 1116/1740/1116
f 1136/1739/1136 1834/1738/1834 1116/1740/1116 342/1741/342
f 335/1624/335 1095/1623/1095 1835/1742/1835 1137/1743/1137
f 1095/1623/1095 334/1622/334 1135/1735/1135 1835/1742/1835
f 1835/1742/1835 1135/1735/1135 349/1737/349 1124/1744/1124
f 1137/1743/1137 1835/1742/1835 1124/1744/1124 350/1745/350
f 328/1630/328 1088/1629/1088 1836/1746/1836 1138/1747/1138
f 1088/1629/1088 327/1628/327 1136/1739/1136 1836/1746/1836
f 1836/1746/1836 1136/1739/1136 342/1741/342 1117/1748/1117
f 1138/1747/1138 1836/1746/1836 1117/1748/1117 343/1749/343
f 336/1634/336 1096/1633/1096 1837/1750/1837 1139/1751/1139
f 1096/1633/1096 335/1624/335 1137/1743/1137 1837/1750/1837
f 1837/1750/1837 1137/1743/1137 350/1745/350 1125/1752/1125
f 1139/1751/1139 1837/1750/1837 1125/1752/1125 351/1753/351
f 329/1638/329 1089/1637/1089 1838/1754/1838 1140/1755/1140
f 1089/1637/1089 328/1630/328 1138/1747/1138 1838/1754/1838
f 1838/1754/1838 1138/1747/1138 343/1749/343 1118/1756/1118
f 1140/1755/1140 1838/1754/1838 1118/1756/1118 344/1757/344
f 337/1642/337 1097/1641/1097 1839/1758/1839 1141/1759/1141
f 1097/1641/1097 336/1634/336 1139/1751/1139 1839/1758/1839
f 1839/1758/1839 1139/1751/1139 351/1753/351 1126/1760/1126
f 1141/1759/1141 1839/1758/1839 1126/1760/1126 352/1761/352
f 330/1646/330 1090/1645/1090 1840/1762/1840 1142/1763/1142
f 1090/1645/1090 329/1638/329 1140/1755/1140 1840/1762/1840
f 1840/1762/1840 1140/1755/1140 344/1757/344 1119/1764/1119
f 1142/1763/1142 1840/1762/1840 1119/1764/1119 345/1765/345
f 338/1652/338 1098/1651/1098 1841/1766/1841 1129/1767/1129
f 1098/1651/1098 337/1650/337 1141/1768/1141 1841/1766/1841
f 1841/1766/1841 1141/1768/1141 352/1769/352 1127/1770/1127
f 1129/1767/1129 1841/1766/1841 1127/1770/1127 353/1711/353
f 331/1656/331 1091/1655/1091 1842/1771/1842 1131/1716/1131
f 1091/1655/1091 330/1646/330 1142/1763/1142 1842/1771/1842
f 1842/1771/1842 1142/1763/1142 345/1765/345 1120/1772/1120
f 1131/1716/1131 1842/1771/1842 1120/1772/1120 346/1717/346
f 343/1773/343 1117/1774/1117 1843/1775/1843 1157/1776/1157
f 1117/1774/1117 342/1777/342 1158/1778/1158 1843/1775/1843
f 1843/1775/1843 1158/1778/1158 357/1779/357 1146/1780/1146
f 1157/1776/1157 1843/1775/1843 1146/1780/1146 358/1781/358
f 351/1782/351 1125/1783/1125 1844/1784/1844 1159/1785/1159
f 1125/1783/1125 350/1786/350 1160/1787/1160 1844/1784/1844
f 1844/1784/1844 1160/1787/1160 365/1788/365 1154/1789/1154
f 1159/1785/1159 1844/1784/1844 1154/1789/1154 366/1790/366
f 344/1791/344 1118/1792/1118 1845/1793/1845 1161/1794/1161
f 1118/1792/1118 343/1773/343 1157/1776/1157 1845/1793/1845
f 1845/1793/1845 1157/1776/1157 358/1781/358 1147/1795/1147
f 1161/1794/1161 1845/1793/1845 1147/1795/1147 359/1796/359
f 352/1769/352 1126/1760/1126 1846/1797/1846 1162/1798/1162
f 1126/1760/1126 351/1782/351 1159/1785/1159 1846/1797/1846
f 1846/1797/1846 1159/1785/1159 366/1790/366 1155/1799/1155
f 1162/1798/1162 1846/1797/1846 1155/1799/1155 367/1800/367
f 345/1765/345 1119/1801/1119 1847/1802/1847 1163/1803/1163
f 1119/1801/1119 344/1791/344 1161/1794/1161 1847/1802/1847
f 1847/1802/1847 1161/1794/1161 359/1796/359 1148/1804/1148
f 1163/1803/1163 1847/1802/1847 1148/1804/1148 360/1805/360
f 353/1711/353 1127/1770/1127 1848/1806/1848 1164/1807/1164
f 1127/1770/1127 352/1769/352 1162/1798/1162 1848/1806/1848
f 1848/1806/1848 1162/1798/1162 367/1800/367 1156/1808/1156
f 1164/1807/1164 1848/1806/1848 1156/1808/1156 368/1809/368
f 346/1810/346 1120/1811/1120 1849/1812/1849 1165/1813/1165
f 1120/1811/1120 345/1765/345 1163/1803/1163 1849/1812/1849
f 1849/1812/1849 1163/1803/1163 360/1805/360 1149/1814/1149
f 1165/1813/1165 1849/1812/1849 1149/1814/1149 361/1815/361
f 339/1702/339 1451/1816/1451 1850/1817/1850 1166/1818/1166
f 1/1819/1 1453/1820/1453 1850/1817/1850 1451/1821/1451
f 354/1822/354 1166/1823/1166 1850/1817/1850 1453/1824/1453
f 8/1825/8 1452/1826/1452 1851/1827/1851 1454/1828/1454
f 353/1711/353 1164/1829/1164 1851/1827/1851 1452/1830/1452
f 368/1809/368 1454/1831/1454 1851/1827/1851 1164/1832/1164
f 347/1833/347 1121/1834/1121 1852/1835/1852 1167/1836/1167
f 1121/1834/1121 346/1810/346 1165/1813/1165 1852/1835/1852
f 1852/1835/1852 1165/1813/1165 361/1815/361 1150/1837/1150
f 1167/1836/1167 1852/1835/1852 1150/1837/1150 362/1838/362
f 340/1723/340 1114/1722/1114 1853/1839/1853 1168/1840/1168
f 1114/1722/1114 339/1702/339 1166/1818/1166 1853/1839/1853
f 1853/1839/1853 1166/1818/1166 354/1822/354 1143/1841/1143
f 1168/1840/1168 1853/1839/1853 1143/1841/1143 355/1842/355
f 348/1727/348 1122/1843/1122 1854/1844/1854 1169/1845/1169
f 1122/1843/1122 347/1833/347 1167/1836/1167 1854/1844/1854
f 1854/1844/1854 1167/1836/1167 362/1838/362 1151/1846/1151
f 1169/1845/1169 1854/1844/1854 1151/1846/1151 363/1847/363
f 341/1848/341 1115/1849/1115 1855/1850/1855 1170/1851/1170
f 1115/1849/1115 340/1723/340 1168/1840/1168 1855/1850/1855
f 1855/1850/1855 1168/1840/1168 355/1842/355 1144/1852/1144
f 1170/1851/1170 1855/1850/1855 1144/1852/1144 356/1853/356
f 349/1737/349 1123/1854/1123 1856/1855/1856 1171/1856/1171
f 1123/1854/1123 348/1727/348 1169/1845/1169 1856/1855/1856
f 1856/1855/1856 1169/1845/1169 363/1847/363 1152/1857/1152
f 1171/1856/1171 1856/1855/1856 1152/1857/1152 364/1858/364
f 342/1777/342 1116/1859/1116 1857/1860/1857 1158/1778/1158
f 1116/1859/1116 341/1848/341 1170/1851/1170 1857/1860/1857
f 1857/1860/1857 1170/1851/1170 356/1853/356 1145/1861/1145
f 1158/1778/1158 1857/1860/1857 1145/1861/1145 357/1779/357
f 350/1786/350 1124/1862/1124 1858/1863/1858 1160/1787/1160
f 1124/1862/1124 349/1737/349 1171/1856/1171 1858/1863/1858
f 1858/1863/1858 1171/1856/1171 364/1858/364 1153/1864/1153
f 1160/1787/1160 1858/1863/1858 1153/1864/1153 365/1788/365
f 362/1865/362 1150/1866/1150 1859/1867/1859 1186/1868/1186
f 1150/1866/1150 361/1869/361 1187/1870/1187 1859/1867/1859
f 1859/1867/1859 1187/1870/1187 376/1871/376 1179/1872/1179
f 1186/1868/1186 1859/1867/1859 1179/1872/1179 377/1873/377
f 355/1874/355 1143/1875/1143 1860/1876/1860 1188/1877/1188
f 1143/1875/1143 354/1878/354 1189/1879/1189 1860/1876/1860
f 1860/1876/1860 1189/1879/1189 369/1880/369 1172/1881/1172
f 1188/1877/1188 1860/1876/1860 1172/1881/1172 370/1882/370
f 363/1883/363 1151/1884/1151 1861/1885/1861 1190/1886/1190
f 1151/1884/1151 362/1865/362 1186/1868/1186 1861/1885/1861
f 1861/1885/1861 1186/1868/1186 377/1873/377 1180/1887/1180
f 1190/1886/1190 1861/1885/1861 1180/1887/1180 378/1888/378
f 356/1889/356 1144/1890/1144 1862/1891/1862 1191/1892/1191
f 1144/1890/1144 355/1874/355 1188/1877/1188 1862/1891/1862
f 1862/1891/1862 1188/1877/1188 370/1882/370 1173/1893/1173
f 1191/1892/1191 1862/1891/1862 1173/1893/1173 371/1894/371
f 364/1895/364 1152/1896/1152 1863/1897/1863 1192/1898/1192
f 1152/1896/1152 363/1883/363 1190/1886/1190 1863/1897/1863
f 1863/1897/1863 1190/1886/1190 378/1888/378 1181/1899/1181
f 1192/1898/1192 1863/1897/1863 1181/1899/1181 379/1900/379
f 357/1901/357 1145/1902/1145 1864/1903/1864 1193/1904/1193
f 1145/1902/1145 356/1889/356 1191/1892/1191 1864/1903/1864
f 1864/1903/1864 1191/1892/1191 371/1894/371 1174/1905/1174
f 1193/1904/1193 1864/1903/1864 1174/1905/1174 372/1906/372
f 365/1907/365 1153/1908/1153 1865/1909/1865 1194/1910/1194
f 1153/1908/1153 364/1895/364 1192/1898/1192 1865/1909/1865
f 1865/1909/1865 1192/1898/1192 379/1900/379 1182/1911/1182
f 1194/1910/1194 1865/1909/1865 1182/1911/1182 380/1912/380
f 358/1913/358 1146/1914/1146 1866/1915/1866 1195/1916/1195
f 1146/1914/1146 357/1901/357 1193/1904/1193 1866/1915/1866
f 1866/1915/1866 1193/1904/1193 372/1906/372 1175/1917/1175
f 1195/1916/1195 1866/1915/1866 1175/1917/1175 373/1918/373
f 366/1919/366 1154/1920/1154 1867/1921/1867 1196/1922/1196
f 1154/1920/1154 365/1907/365 1194/1910/1194 1867/1921/1867
f 1867/1921/1867 1194/1910/1194 380/1912/380 1183/1923/1183
f 1196/1922/1196 1867/1921/1867 1183/1923/1183 381/1924/381
f 359/1925/359 1147/1926/1147 1868/1927/1868 1197/1928/1197
f 1147/1926/1147 358/1913/358 1195/1916/1195 1868/1927/1868
f 1868/1927/1868 1195/1916/1195 373/1918/373 1176/1929/1176
f 1197/1928/1197 1868/1927/1868 1176/1929/1176 374/1930/374
f 367/1931/367 1155/1932/1155 1869/1933/1869 1198/1934/1198
f 1155/1932/1155 366/1919/366 1196/1922/1196 1869/1933/1869
f 1869/1933/1869 1196/1922/1196 381/1924/381 1184/1935/1184
f 1198/1934/1198 1869/1933/1869 1184/1935/1184 382/1936/382
f 360/1937/360 1148/1938/1148 1870/1939/1870 1199/1940/1199
f 1148/1938/1148 359/1925/359 1197/1928/1197 1870/1939/1870
f 1870/1939/1870 1197/1928/1197 374/1930/374 1177/1941/1177
f 1199/1940/1199 1870/1939/1870 1177/1941/1177 375/1942/375
f 368/1943/368 1156/1944/1156 1871/1945/1871 1200/1946/1200
f 1156/1944/1156 367/1931/367 1198/1934/1198 1871/1945/1871
f 1871/1945/1871 1198/1934/1198 382/1936/382 1185/1947/1185
f 1200/1946/1200 1871/1945/1871 1185/1947/1185 383/1948/383
f 361/1869/361 1149/1949/1149 1872/1950/1872 1187/1870/1187
f 1149/1949/1149 360/1937/360 1199/1940/1199 1872/1950/1872
f 1872/1950/1872 1199/1940/1199 375/1942/375 1178/1951/1178
f 1187/1870/1187 1872/1950/1872 1178/1951/1178 376/1871/376
f 354/1878/354 1453/1952/1453 1873/1953/1873 1189/1879/1189
f 1/1954/1 1455/1955/1455 1873/1953/1873 1453/1956/1453
f 369/1880/369 1189/1957/1189 1873/1953/1873 1455/1958/1455
f 8/1959/8 1454/1960/1454 1874/1961/1874 1456/1962/1456
f 368/1943/368 1200/1963/1200 1874/1961/1874 1454/1964/1454
f 383/1948/383 1456/1965/1456 1874/1961/1874 1200/1966/1200
f 381/1967/381 1183/1968/1183 1875/1969/1875 1215/1970/1215
f 1183/1968/1183 380/1971/380 1216/1972/1216 1875/1969/1875
f 1875/1969/1875 1216/1972/1216 395/1973/395 1212/1974/1212
f 1215/1970/1215 1875/1969/1875 1212/1974/1212 396/1975/396
f 374/1976/374 1176/1977/1176 1876/1978/1876 1217/1979/1217
f 1176/1977/1176 373/1980/373 1218/1981/1218 1876/1978/1876
f 1876/1978/1876 1218/1981/1218 388/1982/388 1205/1983/1205
f 1217/1979/1217 1876/1978/1876 1205/1983/1205 389/1984/389
f 382/1985/382 1184/1986/1184 1877/1987/1877 1219/1988/1219
f 1184/1986/1184 381/1967/381 1215/1970/1215 1877/1987/1877
f 1877/1987/1877 1215/1970/1215 396/1975/396 1213/1989/1213
f 1219/1988/1219 1877/1987/1877 1213/1989/1213 397/1990/397
f 375/1991/375 1177/1992/1177 1878/1993/1878 1220/1994/1220
f 1177/1992/1177 374/1976/374 1217/1979/1217 1878/1993/1878
f 1878/1993/1878 1217/1979/1217 389/1984/389 1206/1995/1206
f 1220/1994/1220 1878/1993/1878 1206/1995/1206 390/1996/390
f 383/1948/383 1185/1947/1185 1879/1997/1879 1221/1998/1221
f 1185/1947/1185 382/1936/382 1219/1999/1219 1879/1997/1879
f 1879/1997/1879 1219/1999/1219 397/2000/397 1214/2001/1214
f 1221/1998/1221 1879/1997/1879 1214/2001/1214 398/2002/398
f 376/2003/376 1178/2004/1178 1880/2005/1880 1222/2006/1222
f 1178/2004/1178 375/1991/375 1220/1994/1220 1880/2005/1880
f 1880/2005/1880 1220/1994/1220 390/1996/390 1207/2007/1207
f 1222/2006/1222 1880/2005/1880 1207/2007/1207 391/2008/391
f 369/1880/369 1455/2009/1455 1881/2010/1881 1223/2011/1223
f 1/2012/1 1457/2013/1457 1881/2010/1881 1455/2014/1455
f 384/2015/384 1223/2011/1223 1881/2010/1881 1457/2016/1457
f 8/2017/8 1456/2018/1456 1882/2019/1882 1458/2020/1458
f 383/1948/383 1221/2021/1221 1882/2019/1882 1456/2022/1456
f 398/2002/398 1458/2023/1458 1882/2019/1882 1221/2024/1221
f 377/1873/377 1179/2025/1179 1883/2026/1883 1224/2027/1224
f 1179/2025/1179 376/2003/376 1222/2006/1222 1883/2026/1883
f 1883/2026/1883 1222/2006/1222 391/2008/391 1208/2028/1208
f 1224/2027/1224 1883/2026/1883 1208/2028/1208 392/2029/392
f 370/1882/370 1172/1881/1172 1884/2030/1884 1225/2031/1225
f 1172/1881/1172 369/1880/369 1223/2011/1223 1884/2030/1884
f 1884/2030/1884 1223/2011/1223 384/2015/384 1201/2032/1201
f 1225/2031/1225 1884/2030/1884 1201/2032/1201 385/2033/385
f 378/2034/378 1180/2035/1180 1885/2036/1885 1226/2037/1226
f 1180/2035/1180 377/1873/377 1224/2027/1224 1885/2036/1885
f 1885/2036/1885 1224/2027/1224 392/2029/392 1209/2038/1209
f 1226/2037/1226 1885/2036/1885 1209/2038/1209 393/2039/393
f 371/2040/371 1173/2041/1173 1886/2042/1886 1227/2043/1227
f 1173/2041/1173 370/2044/370 1225/2045/1225 1886/2042/1886
f 1886/2042/1886 1225/2045/1225 385/2046/385 1202/2047/1202
f 1227/2043/1227 1886/2042/1886 1202/2047/1202 386/2048/386
f 379/2049/379 1181/2050/1181 1887/2051/1887 1228/2052/1228
f 1181/2050/1181 378/2034/378 1226/2037/1226 1887/2051/1887
f 1887/2051/1887 1226/2037/1226 393/2039/393 1210/2053/1210
f 1228/2052/1228 1887/2051/1887 1210/2053/1210 394/2054/394
f 372/2055/372 1174/2056/1174 1888/2057/1888 1229/2058/1229
f 1174/2056/1174 371/2040/371 1227/2043/1227 1888/2057/1888
f 1888/2057/1888 1227/2043/1227 386/2048/386 1203/2059/1203
f 1229/2058/1229 1888/2057/1888 1203/2059/1203 387/2060/387
f 380/1971/380 1182/2061/1182 1889/2062/1889 1216/1972/1216
f 1182/2061/1182 379/2049/379 1228/2052/1228 1889/2062/1889
f 1889/2062/1889 1228/2052/1228 394/2054/394 1211/2063/1211
f 1216/1972/1216 1889/2062/1889 1211/2063/1211 395/1973/395
f 373/1980/373 1175/2064/1175 1890/2065/1890 1218/1981/1218
f 1175/2064/1175 372/2055/372 1229/2058/1229 1890/2065/1890
f 1890/2065/1890 1229/2058/1229 387/2060/387 1204/2066/1204
f 1218/1981/1218 1890/2065/1890 1204/2066/1204 388/1982/388
f 385/2033/385 1201/2032/1201 1891/2067/1891 1244/2068/1244
f 1201/2032/1201 384/2015/384 1245/2069/1245 1891/2067/1891
f 1891/2067/1891 1245/2069/1245 399/2070/399 1230/2071/1230
f 1244/2068/1244 1891/2067/1891 1230/2071/1230 400/2072/400
f 393/2039/393 1209/2038/1209 1892/2073/1892 1246/2074/1246
f 1209/2038/1209 392/2029/392 1247/2075/1247 1892/2073/1892
f 1892/2073/1892 1247/2075/1247 407/2076/407 1238/2077/1238
f 1246/2074/1246 1892/2073/1892 1238/2077/1238 408/2078/408
f 386/2048/386 1202/2047/1202 1893/2079/1893 1248/2080/1248
f 1202/2047/1202 385/2046/385 1244/2081/1244 1893/2079/1893
f 1893/2079/1893 1244/2081/1244 400/2082/400 1231/2083/1231
f 1248/2080/1248 1893/2079/1893 1231/2083/1231 401/2084/401
f 394/2054/394 1210/2053/1210 1894/2085/1894 1249/2086/1249
f 1210/2053/1210 393/2039/393 1246/2074/1246 1894/2085/1894
f 1894/2085/1894 1246/2074/1246 408/2078/408 1239/2087/1239
f 1249/2086/1249 1894/2085/1894 1239/2087/1239 409/2088/409
f 387/2060/387 1203/2059/1203 1895/2089/1895 1250/2090/1250
f 1203/2059/1203 386/2048/386 1248/2080/1248 1895/2089/1895
f 1895/2089/1895 1248/2080/1248 401/2084/401 1232/2091/1232
f 1250/2090/1250 1895/2089/1895 1232/2091/1232 402/2092/402
f 395/1973/395 1211/2063/1211 1896/2093/1896 1251/2094/1251
f 1211/2063/1211 394/2054/394 1249/2086/1249 1896/2093/1896
f 1896/2093/1896 1249/2086/1249 409/2088/409 1240/2095/1240
f 1251/2094/1251 1896/2093/1896 1240/2095/1240 410/2096/410
f 388/1982/388 1204/2066/1204 1897/2097/1897 1252/2098/1252
f 1204/2066/1204 387/2060/387 1250/2090/1250 1897/2097/1897
f 1897/2097/1897 1250/2090/1250 402/2092/402 1233/2099/1233
f 1252/2098/1252 1897/2097/1897 1233/2099/1233 403/2100/403
f 396/1975/396 1212/1974/1212 1898/2101/1898 1253/2102/1253
f 1212/1974/1212 395/1973/395 1251/2094/1251 1898/2101/1898
f 1898/2101/1898 1251/2094/1251 410/2096/410 1241/2103/1241
f 1253/2102/1253 1898/2101/1898 1241/2103/1241 411/2104/411
f 389/1984/389 1205/1983/1205 1899/2105/1899 1254/2106/1254
f 1205/1983/1205 388/1982/388 1252/2098/1252 1899/2105/1899
f 1899/2105/1899 1252/2098/1252 403/2100/403 1234/2107/1234
f 1254/2106/1254 1899/2105/1899 1234/2107/1234 404/2108/404
f 397/1990/397 1213/1989/1213 1900/2109/1900 1255/2110/1255
f 1213/1989/1213 396/1975/396 1253/2102/1253 1900/2109/1900
f 1900/2109/1900 1253/2102/1253 411/2104/411 1242/2111/1242
f 1255/2110/1255 1900/2109/1900 1242/2111/1242 412/2112/412
f 390/1996/390 1206/1995/1206 1901/2113/1901 1256/2114/1256
f 1206/1995/1206 389/1984/389 1254/2106/1254 1901/2113/1901
f 1901/2113/1901 1254/2106/1254 404/2108/404 1235/2115/1235
f 1256/2114/1256 1901/2113/1901 1235/2115/1235 405/2116/405
f 398/2002/398 1214/2001/1214 1902/2117/1902 1257/2118/1257
f 1214/2001/1214 397/2000/397 1255/2119/1255 1902/2117/1902
f 1902/2117/1902 1255/2119/1255 412/2120/412 1243/2121/1243
f 1257/2118/1257 1902/2117/1902 1243/2121/1243 413/2122/413
f 391/2008/391 1207/2007/1207 1903/2123/1903 1258/2124/1258
f 1207/2007/1207 390/1996/390 1256/2114/1256 1903/2123/1903
f 1903/2123/1903 1256/2114/1256 405/2116/405 1236/2125/1236
f 1258/2124/1258 1903/2123/1903 1236/2125/1236 406/2126/406
f 384/2015/384 1457/2127/1457 1904/2128/1904 1245/2069/1245
f 1/2129/1 1459/2130/1459 1904/2128/1904 1457/2131/1457
f 399/2070/399 1245/2132/1245 1904/2128/1904 1459/2133/1459
f 8/2134/8 1458/2135/1458 1905/2136/1905 1460/2137/1460
f 398/2002/398 1257/2138/1257 1905/2136/1905 1458/2139/1458
f 413/2122/413 1460/2140/1460 1905/2136/1905 1257/2141/1257
f 392/2029/392 1208/2028/1208 1906/2142/1906 1247/2075/1247
f 1208/2028/1208 391/2008/391 1258/2124/1258 1906/2142/1906
f 1906/2142/1906 1258/2124/1258 406/2126/406 1237/2143/1237
f 1247/2075/1247 1906/2142/1906 1237/2143/1237 407/2076/407
f 404/2108/404 1234/2107/1234 1907/2144/1907 1273/2145/1273
f 1234/2107/1234 403/2100/403 1274/2146/1274 1907/2144/1907
f 1907/2144/1907 1274/2146/1274 418/2147/418 1263/2148/1263
f 1273/2145/1273 1907/2144/1907 1263/2148/1263 419/2149/419
f 412/2112/412 1242/2111/1242 1908/2150/1908 1275/2151/1275
f 1242/2111/1242 411/2104/411 1276/2152/1276 1908/2150/1908
f 1908/2150/1908 1276/2152/1276 426/2153/426 1271/2154/1271
f 1275/2151/1275 1908/2150/1908 1271/2154/1271 427/2155/427
f 405/2116/405 1235/2115/1235 1909/2156/1909 1277/2157/1277
f 1235/2115/1235 404/2108/404 1273/2145/1273 1909/2156/1909
f 1909/2156/1909 1273/2145/1273 419/2149/419 1264/2158/1264
f 1277/2157/1277 1909/2156/1909 1264/2158/1264 420/2159/420
f 413/2122/413 1243/2121/1243 1910/2160/1910 1278/2161/1278
f 1243/2121/1243 412/2120/412 1275/2162/1275 1910/2160/1910
f 1910/2160/1910 1275/2162/1275 427/2163/427 1272/2164/1272
f 1278/2161/1278 1910/2160/1910 1272/2164/1272 428/2165/428
f 406/2126/406 1236/2125/1236 1911/2166/1911 1279/2167/1279
f 1236/2125/1236 405/2116/405 1277/2157/1277 1911/2166/1911
f 1911/2166/1911 1277/2157/1277 420/2159/420 1265/2168/1265
f 1279/2167/1279 1911/2166/1911 1265/2168/1265 421/2169/421
f 399/2070/399 1459/2170/1459 1912/2171/1912 1280/2172/1280
f 1/2173/1 1461/2174/1461 1912/2171/1912 1459/2175/1459
f 414/2176/414 1280/2177/1280 1912/2171/1912 1461/2178/1461
f 8/2179/8 1460/2180/1460 1913/2181/1913 1462/2182/1462
f 413/2122/413 1278/2183/1278 1913/2181/1913 1460/2184/1460
f 428/2165/428 1462/2185/1462 1913/2181/1913 1278/2186/1278
f 407/2076/407 1237/2143/1237 1914/2187/1914 1281/2188/1281
f 1237/2143/1237 406/2126/406 1279/2167/1279 1914/2187/1914
f 1914/2187/1914 1279/2167/1279 421/2169/421 1266/2189/1266
f 1281/2188/1281 1914/2187/1914 1266/2189/1266 422/2190/422
f 400/2072/400 1230/2071/1230 1915/2191/1915 1282/2192/1282
f 1230/2071/1230 399/2070/399 1280/2172/1280 1915/2191/1915
f 1915/2191/1915 1280/2172/1280 414/2176/414 1259/2193/1259
f 1282/2192/1282 1915/2191/1915 1259/2193/1259 415/2194/415
f 408/2078/408 1238/2077/1238 1916/2195/1916 1283/2196/1283
f 1238/2077/1238 407/2076/407 1281/2188/1281 1916/2195/1916
f 1916/2195/1916 1281/2188/1281 422/2190/422 1267/2197/1267
f 1283/2196/1283 1916/2195/1916 1267/2197/1267 423/2198/423
f 401/2084/401 1231/2083/1231 1917/2199/1917 1284/2200/1284
f 1231/2083/1231 400/2082/400 1282/2201/1282 1917/2199/1917
f 1917/2199/1917 1282/2201/1282 415/2202/415 1260/2203/1260
f 1284/2200/1284 1917/2199/1917 1260/2203/1260 416/2204/416
f 409/2088/409 1239/2087/1239 1918/2205/1918 1285/2206/1285
f 1239/2087/1239 408/2078/408 1283/2196/1283 1918/2205/1918
f 1918/2205/1918 1283/2196/1283 423/2198/423 1268/2207/1268
f 1285/2206/1285 1918/2205/1918 1268/2207/1268 424/2208/424
f 402/2092/402 1232/2091/1232 1919/2209/1919 1286/2210/1286
f 1232/2091/1232 401/2084/401 1284/2200/1284 1919/2209/1919
f 1919/2209/1919 1284/2200/1284 416/2204/416 1261/2211/1261
f 1286/2210/1286 1919/2209/1919 1261/2211/1261 417/2212/417
f 410/2096/410 1240/2095/1240 1920/2213/1920 1287/2214/1287
f 1240/2095/1240 409/2088/409 1285/2206/1285 1920/2213/1920
f 1920/2213/1920 1285/2206/1285 424/2208/424 1269/2215/1269
f 1287/2214/1287 1920/2213/1920 1269/2215/1269 425/2216/425
f 403/2100/403 1233/2099/1233 1921/2217/1921 1274/2146/1274
f 1233/2099/1233 402/2092/402 1286/2210/1286 1921/2217/1921
f 1921/2217/1921 1286/2210/1286 417/2212/417 1262/2218/1262
f 1274/2146/1274 1921/2217/1921 1262/2218/1262 418/2147/418
f 411/2104/411 1241/2103/1241 1922/2219/1922 1276/2152/1276
f 1241/2103/1241 410/2096/410 1287/2214/1287 1922/2219/1922
f 1922/2219/1922 1287/2214/1287 425/2216/425 1270/2220/1270
f 1276/2152/1276 1922/2219/1922 1270/2220/1270 426/2153/426
f 423/2198/423 1267/2197/1267 1923/2221/1923 1302/2222/1302
f 1267/2197/1267 422/2190/422 1303/2223/1303 1923/2221/1923
f 1923/2221/1923 1303/2223/1303 437/2224/437 1296/2225/1296
f 1302/2222/1302 1923/2221/1923 1296/2225/1296 438/2226/438
f 416/2204/416 1260/2203/1260 1924/2227/1924 1304/2228/1304
f 1260/2203/1260 415/2202/415 1305/2229/1305 1924/2227/1924
f 1924/2227/1924 1305/2229/1305 430/2230/430 1289/2231/1289
f 1304/2228/1304 1924/2227/1924 1289/2231/1289 431/2232/431
f 424/2208/424 1268/2207/1268 1925/2233/1925 1306/2234/1306
f 1268/2207/1268 423/2198/423 1302/2222/1302 1925/2233/1925
f 1925/2233/1925 1302/2222/1302 438/2226/438 1297/2235/1297
f 1306/2234/1306 1925/2233/1925 1297/2235/1297 439/2236/439
f 417/2212/417 1261/2211/1261 1926/2237/1926 1307/2238/1307
f 1261/2211/1261 416/2204/416 1304/2228/1304 1926/2237/1926
f 1926/2237/1926 1304/2228/1304 431/2232/431 1290/2239/1290
f 1307/2238/1307 1926/2237/1926 1290/2239/1290 432/2240/432
f 425/2216/425 1269/2215/1269 1927/2241/1927 1308/2242/1308
f 1269/2215/1269 424/2208/424 1306/2234/1306 1927/2241/1927
f 1927/2241/1927 1306/2234/1306 439/2236/439 1298/2243/1298
f 1308/2242/1308 1927/2241/1927 1298/2243/1298 440/2244/440
f 418/2147/418 1262/2218/1262 1928/2245/1928 1309/2246/1309
f 1262/2218/1262 417/2212/417 1307/2238/1307 1928/2245/1928
f 1928/2245/1928 1307/2238/1307 432/2240/432 1291/2247/1291
f 1309/2246/1309 1928/2245/1928 1291/2247/1291 433/2248/433
f 426/2153/426 1270/2220/1270 1929/2249/1929 1310/2250/1310
f 1270/2220/1270 425/2216/425 1308/2242/1308 1929/2249/1929
f 1929/2249/1929 1308/2242/1308 440/2244/440 1299/2251/1299
f 1310/2250/1310 1929/2249/1929 1299/2251/1299 441/2252/441
f 419/2149/419 1263/2148/1263 1930/2253/1930 1311/2254/1311
f 1263/2148/1263 418/2147/418 1309/2246/1309 1930/2253/1930
f 1930/2253/1930 1309/2246/1309 433/2248/433 1292/2255/1292
f 1311/2254/1311 1930/2253/1930 1292/2255/1292 434/2256/434
f 427/2155/427 1271/2154/1271 1931/2257/1931 1312/2258/1312
f 1271/2154/1271 426/2153/426 1310/2250/1310 1931/2257/1931
f 1931/2257/1931 1310/2250/1310 441/2252/441 1300/2259/1300
f 1312/2258/1312 1931/2257/1931 1300/2259/1300 442/2260/442
f 420/2159/420 1264/2158/1264 1932/2261/1932 1313/2262/1313
f 1264/2158/1264 419/2149/419 1311/2254/1311 1932/2261/1932
f 1932/2261/1932 1311/2254/1311 434/2256/434 1293/2263/1293
f 1313/2262/1313 1932/2261/1932 1293/2263/1293 435/2264/435
f 428/2165/428 1272/2164/1272 1933/2265/1933 1314/2266/1314
f 1272/2164/1272 427/2163/427 1312/2267/1312 1933/2265/1933
f 1933/2265/1933 1312/2267/1312 442/2260/442 1301/2268/1301
f 1314/2266/1314 1933/2265/1933 1301/2268/1301 443/2269/443
f 421/2169/421 1265/2168/1265 1934/2270/1934 1315/2271/1315
f 1265/2168/1265 420/2159/420 1313/2262/1313 1934/2270/1934
f 1934/2270/1934 1313/2262/1313 435/2264/435 1294/2272/1294
f 1315/2271/1315 1934/2270/1934 1294/2272/1294 436/2273/436
f 414/2176/414 1461/2274/1461 1935/2275/1935 1316/2276/1316
f 1/2277/1 1463/2278/1463 1935/2275/1935 1461/2279/1461
f 429/2280/429 1316/2276/1316 1935/2275/1935 1463/2281/1463
f 8/2282/8 1462/2283/1462 1936/2284/1936 1464/2285/1464
f 428/2165/428 1314/2286/1314 1936/2284/1936 1462/2287/1462
f 443/2269/443 1464/2288/1464 1936/2284/1936 1314/2289/1314
f 422/2190/422 1266/2189/1266 1937/2290/1937 1303/2223/1303
f 1266/2189/1266 421/2169/421 1315/2271/1315 1937/2290/1937
f 1937/2290/1937 1315/2271/1315 436/2273/436 1295/2291/1295
f 1303/2223/1303 1937/2290/1937 1295/2291/1295 437/2224/437
f 415/2194/415 1259/2193/1259 1938/2292/1938 1305/2293/1305
f 1259/2193/1259 414/2176/414 1316/2276/1316 1938/2292/1938
f 1938/2292/1938 1316/2276/1316 429/2280/429 1288/2294/1288
f 1305/2293/1305 1938/2292/1938 1288/2294/1288 430/2295/430
f 442/2260/442 1300/2259/1300 1939/2296/1939 1331/2297/1331
f 1300/2259/1300 441/2252/441 1332/2298/1332 1939/2296/1939
f 1939/2296/1939 1332/2298/1332 456/2299/456 1329/2300/1329
f 1331/2297/1331 1939/2296/1939 1329/2300/1329 457/2301/457
f 435/2264/435 1293/2263/1293 1940/2302/1940 1333/2303/1333
f 1293/2263/1293 434/2256/434 1334/2304/1334 1940/2302/1940
f 1940/2302/1940 1334/2304/1334 449/2305/449 1322/2306/1322
f 1333/2303/1333 1940/2302/1940 1322/2306/1322 450/2307/450
f 443/2269/443 1301/2268/1301 1941/2308/1941 1335/2309/1335
f 1301/2268/1301 442/2260/442 1331/2310/1331 1941/2308/1941
f 1941/2308/1941 1331/2310/1331 457/2301/457 1330/2311/1330
f 1335/2309/1335 1941/2308/1941 1330/2311/1330 458/2312/458
f 436/2273/436 1294/2272/1294 1942/2313/1942 1336/2314/1336
f 1294/2272/1294 435/2264/435 1333/2303/1333 1942/2313/1942
f 1942/2313/1942 1333/2303/1333 450/2307/450 1323/2315/1323
f 1336/2314/1336 1942/2313/1942 1323/2315/1323 451/2316/451
f 429/2280/429 1463/2317/1463 1943/2318/1943 1337/2319/1337
f 1/2320/1 1465/2321/1465 1943/2318/1943 1463/2322/1463
f 444/2323/444 1337/2324/1337 1943/2318/1943 1465/2321/1465
f 8/2325/8 1464/2326/1464 1944/2327/1944 1466/2328/1466
f 443/2269/443 1335/2329/1335 1944/2327/1944 1464/2330/1464
f 458/2312/458 1466/2328/1466 1944/2327/1944 1335/2309/1335
f 437/2224/437 1295/2291/1295 1945/2331/1945 1338/2332/1338
f 1295/2291/1295 436/2273/436 1336/2314/1336 1945/2331/1945
f 1945/2331/1945 1336/2314/1336 451/2316/451 1324/2333/1324
f 1338/2332/1338 1945/2331/1945 1324/2333/1324 452/2334/452
f 430/2295/430 1288/2294/1288 1946/2335/1946 1339/2336/1339
f 1288/2294/1288 429/2280/429 1337/2319/1337 1946/2335/1946
f 1946/2335/1946 1337/2319/1337 444/2323/444 1317/2337/1317
f 1339/2336/1339 1946/2335/1946 1317/2337/1317 445/2338/445
f 438/2226/438 1296/2225/1296 1947/2339/1947 1340/2340/1340
f 1296/2225/1296 437/2224/437 1338/2332/1338 1947/2339/1947
f 1947/2339/1947 1338/2332/1338 452/2334/452 1325/2341/1325
f 1340/2340/1340 1947/2339/1947 1325/2341/1325 453/2342/453
f 431/2232/431 1289/2231/1289 1948/2343/1948 1341/2344/1341
f 1289/2231/1289 430/2230/430 1339/2345/1339 1948/2343/1948
f 1948/2343/1948 1339/2345/1339 445/2346/445 1318/2347/1318
f 1341/2344/1341 1948/2343/1948 1318/2347/1318 446/2348/446
f 439/2236/439 1297/2235/1297 1949/2349/1949 1342/2350/1342
f 1297/2235/1297 438/2226/438 1340/2340/1340 1949/2349/1949
f 1949/2349/1949 1340/2340/1340 453/2342/453 1326/2351/1326
f 1342/2350/1342 1949/2349/1949 1326/2351/1326 454/2352/454
f 432/2240/432 1290/2239/1290 1950/2353/1950 1343/2354/1343
f 1290/2239/1290 431/2232/431 1341/2344/1341 1950/2353/1950
f 1950/2353/1950 1341/2344/1341 446/2348/446 1319/2355/1319
f 1343/2354/1343 1950/2353/1950 1319/2355/1319 447/2356/447
f 440/2244/440 1298/2243/1298 1951/2357/1951 1344/2358/1344
f 1298/2243/1298 439/2236/439 1342/2350/1342 1951/2357/1951
f 1951/2357/1951 1342/2350/1342 454/2352/454 1327/2359/1327
f 1344/2358/1344 1951/2357/1951 1327/2359/1327 455/2360/455
f 433/2248/433 1291/2247/1291 1952/2361/1952 1345/2362/1345
f 1291/2247/1291 432/2240/432 1343/2354/1343 1952/2361/1952
f 1952/2361/1952 1343/2354/1343 447/2356/447 1320/2363/1320
f 1345/2362/1345 1952/2361/1952 1320/2363/1320 448/2364/448
f 441/2252/441 1299/2251/1299 1953/2365/1953 1332/2298/1332
f 1299/2251/1299 440/2244/440 1344/2358/1344 1953/2365/1953
f 1953/2365/1953 1344/2358/1344 455/2360/455 1328/2366/1328
f 1332/2298/1332 1953/2365/1953 1328/2366/1328 456/2299/456
f 434/2256/434 1292/2255/1292 1954/2367/1954 1334/2304/1334
f 1292/2255/1292 433/2248/433 1345/2362/1345 1954/2367/1954
f 1954/2367/1954 1345/2362/1345 448/2364/448 1321/2368/1321
f 1334/2304/1334 1954/2367/1954 1321/2368/1321 449/2305/449
f 454/2352/454 1326/2351/1326 1955/2369/1955 1360/2370/1360
f 1326/2351/1326 453/2342/453 1361/2371/1361 1955/2369/1955
f 1955/2369/1955 1361/2371/1361 468/2372/468 1355/2373/1355
f 1360/2370/1360 1955/2369/1955 1355/2373/1355 469/2374/469
f 447/2356/447 1319/2355/1319 1956/2375/1956 1362/2376/1362
f 1319/2355/1319 446/2348/446 1363/2377/1363 1956/2375/1956
f 1956/2375/1956 1363/2377/1363 461/2378/461 1348/2379/1348
f 1362/2376/1362 1956/2375/1956 1348/2379/1348 462/2380/462
f 455/2360/455 1327/2359/1327 1957/2381/1957 1364/2382/1364
f 1327/2359/1327 454/2352/454 1360/2370/1360 1957/2381/1957
f 1957/2381/1957 1360/2370/1360 469/2374/469 1356/2383/1356
f 1364/2382/1364 1957/2381/1957 1356/2383/1356 470/2384/470
f 448/2364/448 1320/2363/1320 1958/2385/1958 1365/2386/1365
f 1320/2363/1320 447/2356/447 1362/2376/1362 1958/2385/1958
f 1958/2385/1958 1362/2376/1362 462/2380/462 1349/2387/1349
f 1365/2386/1365 1958/2385/1958 1349/2387/1349 463/2388/463
f 456/2299/456 1328/2366/1328 1959/2389/1959 1366/2390/1366
f 1328/2366/1328 455/2360/455 1364/2382/1364 1959/2389/1959
f 1959/2389/1959 1364/2382/1364 470/2384/470 1357/2391/1357
f 1366/2390/1366 1959/2389/1959 1357/2391/1357 471/2392/471
f 449/2305/449 1321/2368/1321 1960/2393/1960 1367/2394/1367
f 1321/2368/1321 448/2364/448 1365/2386/1365 1960/2393/1960
f 1960/2393/1960 1365/2386/1365 463/2388/463 1350/2395/1350
f 1367/2394/1367 1960/2393/1960 1350/2395/1350 464/2396/464
f 457/2301/457 1329/2300/1329 1961/2397/1961 1368/2398/1368
f 1329/2300/1329 456/2299/456 1366/2390/1366 1961/2397/1961
f 1961/2397/1961 1366/2390/1366 471/2392/471 1358/2399/1358
f 1368/2398/1368 1961/2397/1961 1358/2399/1358 472/2400/472
f 450/2307/450 1322/2306/1322 1962/2401/1962 1369/2402/1369
f 1322/2306/1322 449/2305/449 1367/2394/1367 1962/2401/1962
f 1962/2401/1962 1367/2394/1367 464/2396/464 1351/2403/1351
f 1369/2402/1369 1962/2401/1962 1351/2403/1351 465/2404/465
f 458/2312/458 1330/2311/1330 1963/2405/1963 1370/2406/1370
f 1330/2311/1330 457/2301/457 1368/2398/1368 1963/2405/1963
f 1963/2405/1963 1368/2398/1368 472/2407/472 1359/2408/1359
f 1370/2406/1370 1963/2405/1963 1359/2408/1359 473/2409/473
f 451/2316/451 1323/2315/1323 1964/2410/1964 1371/2411/1371
f 1323/2315/1323 450/2307/450 1369/2402/1369 1964/2410/1964
f 1964/2410/1964 1369/2402/1369 465/2404/465 1352/2412/1352
f 1371/2411/1371 1964/2410/1964 1352/2412/1352 466/2413/466
f 444/2323/444 1465/2414/1465 1965/2415/1965 1372/2416/1372
f 1/2417/1 1467/2418/1467 1965/2415/1965 1465/2414/1465
f 459/2419/459 1372/2420/1372 1965/2415/1965 1467/2418/1467
f 8/2421/8 1466/2422/1466 1966/2423/1966 1468/2424/1468
f 458/2312/458 1370/2406/1370 1966/2423/1966 1466/2422/1466
f 473/2409/473 1468/2424/1468 1966/2423/1966 1370/2425/1370
f 452/2334/452 1324/2333/1324 1967/2426/1967 1373/2427/1373
f 1324/2333/1324 451/2316/451 1371/2411/1371 1967/2426/1967
f 1967/2426/1967 1371/2411/1371 466/2413/466 1353/2428/1353
f 1373/2427/1373 1967/2426/1967 1353/2428/1353 467/2429/467
f 445/2338/445 1317/2337/1317 1968/2430/1968 1374/2431/1374
f 1317/2337/1317 444/2323/444 1372/2416/1372 1968/2430/1968
f 1968/2430/1968 1372/2416/1372 459/2419/459 1346/2432/1346
f 1374/2431/1374 1968/2430/1968 1346/2432/1346 460/2433/460
f 453/2342/453 1325/2341/1325 1969/2434/1969 1361/2371/1361
f 1325/2341/1325 452/2334/452 1373/2427/1373 1969/2434/1969
f 1969/2434/1969 1373/2427/1373 467/2429/467 1354/2435/1354
f 1361/2371/1361 1969/2434/1969 1354/2435/1354 468/2372/468
f 446/2348/446 1318/2347/1318 1970/2436/1970 1363/2377/1363
f 1318/2347/1318 445/2346/445 1374/2431/1374 1970/2436/1970
f 1970/2436/1970 1374/2431/1374 460/2437/460 1347/2438/1347
f 1363/2377/1363 1970/2436/1970 1347/2438/1347 461/2378/461
f 473/2409/473 1359/2408/1359 1971/2439/1971 1379/2440/1379
f 1359/2408/1359 472/2407/472 1380/2441/1380 1971/2439/1971
f 1971/2439/1971 1380/2441/1380 481/14/481 1378/11/1378
f 1379/2440/1379 1971/2439/1971 1378/11/1378 482/10/482
f 466/2413/466 1352/2412/1352 1972/2442/1972 1469/2443/1469
f 1352/2412/1352 465/2404/465 1470/2444/1470 1972/2442/1972
f 1972/2442/1972 1470/2444/1470 4/1/4 483/20/483
f 1469/2443/1469 1972/2442/1972 483/20/483 5/19/5
f 459/2419/459 1467/2445/1467 1973/2446/1973 1381/2447/1381
f 1/2448/1 1388/2449/1388 1973/2446/1973 1467/2445/1467
f 474/25/474 1381/2450/1381 1973/2446/1973 1388/2449/1388
f 8/2451/8 1468/2452/1468 1974/2453/1974 1397/2454/1397
f 473/2409/473 1379/2440/1379 1974/2453/1974 1468/2452/1468
f 482/10/482 1397/2454/1397 1974/2453/1974 1379/2455/1379
f 467/2429/467 1353/2428/1353 1975/2456/1975 1471/2457/1471
f 1353/2428/1353 466/2413/466 1469/2443/1469 1975/2456/1975
f 1975/2456/1975 1469/2443/1469 5/19/5 484/40/484
f 1471/2457/1471 1975/2456/1975 484/40/484 6/39/6
f 460/2433/460 1346/2432/1346 1976/2458/1976 1382/2459/1382
f 1346/2432/1346 459/2419/459 1381/2447/1381 1976/2458/1976
f 1976/2458/1976 1381/2447/1381 474/25/474 1375/46/1375
f 1382/2459/1382 1976/2458/1976 1375/46/1375 475/45/475
f 468/2372/468 1354/2435/1354 1977/2460/1977 1383/2461/1383
f 1354/2435/1354 467/2429/467 1471/2457/1471 1977/2460/1977
f 1977/2460/1977 1471/2457/1471 6/39/6 1394/52/1394
f 1383/2461/1383 1977/2460/1977 1394/52/1394 478/51/478
f 461/2378/461 1347/2438/1347 1978/2462/1978 1472/2463/1472
f 1347/2438/1347 460/2437/460 1382/2464/1382 1978/2462/1978
f 1978/2462/1978 1382/2464/1382 475/45/475 1389/58/1389
f 1472/2463/1472 1978/2462/1978 1389/58/1389 2/57/2
f 469/2374/469 1355/2373/1355 1979/2465/1979 1473/2466/1473
f 1355/2373/1355 468/2372/468 1383/2461/1383 1979/2465/1979
f 1979/2465/1979 1383/2461/1383 478/51/478 1395/66/1395
f 1473/2466/1473 1979/2465/1979 1395/66/1395 7/65/7
f 462/2380/462 1348/2379/1348 1980/2467/1980 1384/2468/1384
f 1348/2379/1348 461/2378/461 1472/2463/1472 1980/2467/1980
f 1980/2467/1980 1472/2463/1472 2/57/2 1390/72/1390
f 1384/2468/1384 1980/2467/1980 1390/72/1390 476/71/476
f 470/2384/470 1356/2383/1356 1981/2469/1981 1385/2470/1385
f 1356/2383/1356 469/2374/469 1473/2466/1473 1981/2469/1981
f 1981/2469/1981 1473/2466/1473 7/65/7 1396/78/1396
f 1385/2470/1385 1981/2469/1981 1396/78/1396 479/77/479
f 463/2388/463 1349/2387/1349 1982/2471/1982 1474/2472/1474
f 1349/2387/1349 462/2380/462 1384/2468/1384 1982/2471/1982
f 1982/2471/1982 1384/2468/1384 476/71/476 1391/84/1391
f 1474/2472/1474 1982/2471/1982 1391/84/1391 3/83/3
f 471/2392/471 1357/2391/1357 1983/2473/1983 1386/2474/1386
f 1357/2391/1357 470/2384/470 1385/2470/1385 1983/2473/1983
f 1983/2473/1983 1385/2470/1385 479/77/479 1376/90/1376
f 1386/2474/1386 1983/2473/1983 1376/90/1376 480/89/480
f 464/2396/464 1350/2395/1350 1984/2475/1984 1387/2476/1387
f 1350/2395/1350 463/2388/463 1474/2472/1474 1984/2475/1984
f 1984/2475/1984 1474/2472/1474 3/83/3 1392/95/1392
f 1387/2476/1387 1984/2475/1984 1392/95/1392 477/5/477
f 472/2400/472 1358/2399/1358 1985/2477/1985 1380/2478/1380
f 1358/2399/1358 471/2392/471 1386/2474/1386 1985/2477/1985
f 1985/2477/1985 1386/2474/1386 480/89/480 1377/98/1377
f 1380/2478/1380 1985/2477/1985 1377/98/1377 481/14/481
f 465/2404/465 1351/2403/1351 1986/2479/1986 1470/2444/1470
f 1351/2403/1351 464/2396/464 1387/2476/1387 1986/2479/1986
f 1986/2479/1986 1387/2476/1387 477/5/477 1393/2/1393
f 1470/2444/1470 1986/2479/1986 1393/2/1393 4/1/4
o Floor
v -6.105219 0.000000 6.595438
v 3.894781 0.000000 6.595438
v -6.105219 0.000000 -3.404562
v 3.894781 0.000000 -3.404562
vn -0.0000 1.0000 -0.0000
vt -1.500000 -1.500000
vt 2.500000 -1.500000
vt 2.500000 2.500000
vt -1.500000 2.500000
s 0
f 1987/2480/1987 1988/2481/1987 1990/2482/1987 1989/2483/1987
o Cube
v -1.777765 -0.000000 2.219892
v -1.712288 0.100000 2.295475
v -1.853348 0.100000 2.285368
v -1.760824 0.003405 2.239447
v -1.745021 0.013402 2.257689
v -1.731466 0.029289 2.273337
v -1.797320 0.003405 2.236832
v -1.780318 0.007459 2.257703
v -1.764762 0.017570 2.274994
v -1.752480 0.031635 2.288353
v -1.815562 0.013402 2.252635
v -1.798411 0.017635 2.272709
v -1.782564 0.026109 2.287101
v -1.770967 0.037043 2.297288
v -1.783600 0.042265 2.301332
v -1.734073 0.100000 2.309842
v -1.758861 0.100000 2.318089
v -1.784912 0.100000 2.319636
v -1.714518 0.074127 2.292901
v -1.737510 0.073313 2.307455
v -1.761707 0.073749 2.315039
v -1.784626 0.074285 2.316285
v -1.721064 0.049992 2.285345
v -1.743791 0.049812 2.299433
v -1.765404 0.052366 2.306945
v -1.784123 0.054462 2.308694
v -1.850775 0.074127 2.283138
v -1.843218 0.049992 2.276592
v -1.831210 0.029289 2.266190
v -1.833834 0.100000 2.302694
v -1.830236 0.073093 2.300655
v -1.822880 0.049838 2.293705
v -1.812600 0.031699 2.284090
v -1.810475 0.100000 2.314390
v -1.807158 0.073598 2.311755
v -1.802425 0.052343 2.304276
v -1.795533 0.037050 2.295533
v -1.712288 0.318028 2.295475
v -1.777765 0.418028 2.219892
v -1.853348 0.318028 2.285368
v -1.714518 0.343901 2.292901
v -1.721064 0.368036 2.285345
v -1.731466 0.388739 2.273337
v -1.734073 0.318028 2.309842
v -1.737343 0.344935 2.307311
v -1.743634 0.368190 2.299383
v -1.752438 0.386329 2.288401
v -1.758861 0.318028 2.318089
v -1.761769 0.344430 2.315007
v -1.765387 0.365685 2.306930
v -1.770962 0.380978 2.297293
v -1.783600 0.375763 2.301332
v -1.797320 0.414623 2.236832
v -1.815562 0.404626 2.252635
v -1.831210 0.388739 2.266190
v -1.760824 0.414623 2.239447
v -1.780628 0.410569 2.257680
v -1.798490 0.400458 2.272577
v -1.812552 0.386393 2.284049
v -1.745021 0.404626 2.257689
v -1.764859 0.400393 2.275113
v -1.782597 0.391919 2.287098
v -1.795528 0.380985 2.295528
v -1.833834 0.318028 2.302694
v -1.810475 0.318028 2.314390
v -1.784912 0.318028 2.319636
v -1.850775 0.343901 2.283138
v -1.830092 0.344715 2.300821
v -1.807224 0.344279 2.311777
v -1.784716 0.343743 2.316278
v -1.843218 0.368036 2.276592
v -1.822732 0.368216 2.293777
v -1.802410 0.365662 2.304293
v -1.784132 0.363566 2.308693
v -1.920521 -0.000000 2.055098
v -1.996105 0.100000 2.120574
v -1.985997 0.100000 1.979515
v -1.940077 0.003405 2.072039
v -1.958319 0.013402 2.087842
v -1.973967 0.029289 2.101397
v -1.937462 0.003405 2.035543
v -1.958332 0.007459 2.052545
v -1.975623 0.017570 2.068100
v -1.988982 0.031635 2.080383
v -1.953265 0.013402 2.017300
v -1.973338 0.017635 2.034451
v -1.987731 0.026109 2.050299
v -1.997918 0.037043 2.061896
v -2.001962 0.042265 2.049263
v -2.010472 0.100000 2.098789
v -2.018718 0.100000 2.074001
v -2.020266 0.100000 2.047951
v -1.993531 0.074127 2.118345
v -2.008085 0.073313 2.095353
v -2.015668 0.073749 2.071156
v -2.016915 0.074285 2.048237
v -1.985975 0.049992 2.111799
v -2.000063 0.049812 2.089072
v -2.007575 0.052366 2.067459
v -2.009324 0.054462 2.048740
v -1.983768 0.074127 1.982088
v -1.977222 0.049992 1.989645
v -1.966820 0.029289 2.001653
v -2.003324 0.100000 1.999029
v -2.001285 0.073093 2.002626
v -1.994335 0.049838 2.009983
v -1.984720 0.031699 2.020263
v -2.015020 0.100000 2.022388
v -2.012385 0.073598 2.025705
v -2.004905 0.052343 2.030438
v -1.996162 0.037050 2.037330
v -1.920521 0.418028 2.055098
v -1.985997 0.318028 1.979515
v -1.996105 0.318028 2.120574
v -1.937462 0.414623 2.035543
v -1.953265 0.404626 2.017300
v -1.966820 0.388739 2.001653
v -1.940077 0.414623 2.072039
v -1.958310 0.410569 2.052235
v -1.973207 0.400458 2.034373
v -1.984678 0.386393 2.020311
v -1.958319 0.404626 2.087842
v -1.975742 0.400393 2.068004
v -1.987728 0.391919 2.050266
v -1.996158 0.380985 2.037335
v -2.001962 0.375763 2.049263
v -2.003324 0.318028 1.999029
v -2.015020 0.318028 2.022388
v -2.020266 0.318028 2.047951
v -1.983768 0.343901 1.982088
v -2.001451 0.344715 2.002770
v -2.012407 0.344279 2.025639
v -2.016908 0.343743 2.048147
v -1.977222 0.368036 1.989645
v -1.994407 0.368216 2.010131
v -2.004923 0.365662 2.030453
v -2.009323 0.363566 2.048731
v -1.993531 0.343901 2.118345
v -1.985975 0.368036 2.111799
v -1.973967 0.388739 2.101397
v -2.010472 0.318028 2.098789
v -2.007941 0.344935 2.095519
v -2.000013 0.368190 2.089228
v -1.989031 0.386329 2.080425
v -2.018718 0.318028 2.074001
v -2.015637 0.344430 2.071094
v -2.007559 0.365685 2.067476
v -1.997923 0.380978 2.061901
v -1.612971 -0.000000 2.077135
v -1.537388 0.100000 2.011659
v -1.547495 0.100000 2.152718
v -1.593416 0.003405 2.060194
v -1.575173 0.013402 2.044391
v -1.559526 0.029289 2.030836
v -1.596031 0.003405 2.096690
v -1.575160 0.007459 2.079688
v -1.557869 0.017570 2.064133
v -1.544510 0.031635 2.051850
v -1.580228 0.013402 2.114933
v -1.560154 0.017635 2.097782
v -1.545762 0.026109 2.081934
v -1.535575 0.037043 2.070337
v -1.531530 0.042265 2.082970
v -1.523021 0.100000 2.033444
v -1.514774 0.100000 2.058232
v -1.513227 0.100000 2.084282
v -1.539961 0.074127 2.013888
v -1.525408 0.073313 2.036880
v -1.517824 0.073749 2.061077
v -1.516578 0.074285 2.083997
v -1.547518 0.049992 2.020434
v -1.533430 0.049812 2.043161
v -1.525918 0.052366 2.064775
v -1.524169 0.054462 2.083493
v -1.549725 0.074127 2.150145
v -1.556270 0.049992 2.142589
v -1.566673 0.029289 2.130580
v -1.530169 0.100000 2.133204
v -1.532208 0.073093 2.129607
v -1.539158 0.049838 2.122250
v -1.548773 0.031699 2.111970
v -1.518472 0.100000 2.109845
v -1.521108 0.073598 2.106528
v -1.528587 0.052343 2.101795
v -1.537330 0.037050 2.094903
v -1.612971 0.418028 2.077135
v -1.547495 0.318028 2.152718
v -1.537388 0.318028 2.011659
v -1.596031 0.414623 2.096690
v -1.580228 0.404626 2.114933
v -1.566673 0.388739 2.130580
v -1.593416 0.414623 2.060194
v -1.575182 0.410569 2.079998
v -1.560286 0.400458 2.097860
v -1.548814 0.386393 2.111922
v -1.575173 0.404626 2.044391
v -1.557750 0.400393 2.064229
v -1.545764 0.391919 2.081967
v -1.537335 0.380985 2.094898
v -1.531530 0.375763 2.082970
v -1.530169 0.318028 2.133204
v -1.518472 0.318028 2.109845
v -1.513227 0.318028 2.084282
v -1.549725 0.343901 2.150145
v -1.532042 0.344715 2.129463
v -1.521086 0.344279 2.106594
v -1.516585 0.343743 2.084086
v -1.556270 0.368036 2.142589
v -1.539086 0.368216 2.122102
v -1.528570 0.365662 2.101780
v -1.524170 0.363566 2.083503
v -1.539961 0.343901 2.013888
v -1.547518 0.368036 2.020434
v -1.559526 0.388739 2.030836
v -1.523021 0.318028 2.033444
v -1.525552 0.344935 2.036714
v -1.533480 0.368190 2.043005
v -1.544462 0.386329 2.051808
v -1.514774 0.318028 2.058232
v -1.517855 0.344430 2.061139
v -1.525933 0.365685 2.064757
v -1.535570 0.380978 2.070333
v -1.755728 -0.000000 1.912342
v -1.821204 0.100000 1.836758
v -1.680144 0.100000 1.846865
v -1.772668 0.003405 1.892786
v -1.788471 0.013402 1.874544
v -1.802027 0.029289 1.858896
v -1.736172 0.003405 1.895401
v -1.753175 0.007459 1.874531
v -1.768730 0.017570 1.857239
v -1.781013 0.031635 1.843880
v -1.717930 0.013402 1.879598
v -1.735081 0.017635 1.859524
v -1.750929 0.026109 1.845132
v -1.762526 0.037043 1.834945
v -1.749893 0.042265 1.830901
v -1.799419 0.100000 1.822391
v -1.774631 0.100000 1.814144
v -1.748581 0.100000 1.812597
v -1.818975 0.074127 1.839332
v -1.795983 0.073313 1.824778
v -1.771786 0.073749 1.817194
v -1.748866 0.074285 1.815948
v -1.812429 0.049992 1.846888
v -1.789702 0.049812 1.832800
v -1.768088 0.052366 1.825288
v -1.749370 0.054462 1.823539
v -1.682718 0.074127 1.849095
v -1.690274 0.049992 1.855641
v -1.702282 0.029289 1.866043
v -1.699659 0.100000 1.829539
v -1.703256 0.073093 1.831578
v -1.710613 0.049838 1.838528
v -1.720893 0.031699 1.848143
v -1.723018 0.100000 1.817843
v -1.726335 0.073598 1.820478
v -1.731067 0.052343 1.827958
v -1.737960 0.037050 1.836700
v -1.755728 0.418028 1.912342
v -1.680144 0.318028 1.846865
v -1.821204 0.318028 1.836758
v -1.736172 0.414623 1.895401
v -1.717930 0.404626 1.879598
v -1.702282 0.388739 1.866043
v -1.772668 0.414623 1.892786
v -1.752864 0.410569 1.874553
v -1.735003 0.400458 1.859656
v -1.720941 0.386393 1.848185
v -1.788471 0.404626 1.874544
v -1.768634 0.400393 1.857120
v -1.750896 0.391919 1.845135
v -1.737965 0.380985 1.836705
v -1.749893 0.375763 1.830901
v -1.699659 0.318028 1.829539
v -1.723018 0.318028 1.817843
v -1.748581 0.318028 1.812597
v -1.682718 0.343901 1.849095
v -1.703400 0.344715 1.831412
v -1.726269 0.344279 1.820456
v -1.748776 0.343743 1.815955
v -1.690274 0.368036 1.855641
v -1.710761 0.368216 1.838456
v -1.731083 0.365662 1.827940
v -1.749360 0.363566 1.823540
v -1.818975 0.343901 1.839332
v -1.812429 0.368036 1.846888
v -1.802027 0.388739 1.858896
v -1.799419 0.318028 1.822391
v -1.796149 0.344935 1.824922
v -1.789858 0.368190 1.832850
v -1.781054 0.386329 1.843832
v -1.774631 0.318028 1.814144
v -1.771724 0.344430 1.817226
v -1.768106 0.365685 1.825304
v -1.762530 0.380978 1.834940
vn -0.0068 -0.9955 0.0943
vn 0.6013 -0.0669 0.7962
vn -0.7087 -0.0669 0.7024
vn 0.1185 -0.9634 0.2403
vn 0.2777 -0.8642 0.4196
vn 0.4146 -0.7056 0.5746
vn -0.1515 -0.9633 0.2214
vn -0.0257 -0.9283 0.3708
vn 0.1351 -0.8321 0.5380
vn 0.2670 -0.6865 0.6764
vn -0.3341 -0.8643 0.3760
vn -0.2098 -0.8318 0.5139
vn -0.0467 -0.7551 0.6540
vn 0.0839 -0.6354 0.7676
vn -0.0584 -0.5774 0.8144
vn 0.4349 -0.0678 0.8979
vn 0.1887 -0.0648 0.9799
vn -0.0714 -0.0628 0.9955
vn 0.5793 -0.2594 0.7728
vn 0.4087 -0.2623 0.8742
vn 0.1706 -0.2502 0.9531
vn -0.0691 -0.2410 0.9681
vn 0.5165 -0.4987 0.6961
vn 0.3549 -0.4950 0.7931
vn 0.1439 -0.4635 0.8743
vn -0.0641 -0.4392 0.8961
vn -0.6838 -0.2592 0.6820
vn -0.6107 -0.4989 0.6149
vn -0.4922 -0.7058 0.5095
vn -0.5583 -0.0681 0.8269
vn -0.5300 -0.2634 0.8061
vn -0.4651 -0.4951 0.7339
vn -0.3610 -0.6861 0.6316
vn -0.3267 -0.0654 0.9429
vn -0.3046 -0.2511 0.9188
vn -0.2673 -0.4637 0.8447
vn -0.1927 -0.6352 0.7480
vn 0.6013 0.0669 0.7962
vn -0.0068 0.9955 0.0943
vn -0.7087 0.0669 0.7024
vn 0.5796 0.2592 0.7726
vn 0.5168 0.4989 0.6957
vn 0.4146 0.7058 0.5745
vn 0.4347 0.0681 0.8980
vn 0.4096 0.2634 0.8734
vn 0.3557 0.4951 0.7927
vn 0.2673 0.6861 0.6767
vn 0.1889 0.0654 0.9798
vn 0.1705 0.2511 0.9528
vn 0.1441 0.4637 0.8742
vn 0.0841 0.6352 0.7678
vn -0.0584 0.5774 0.8144
vn -0.1516 0.9634 0.2210
vn -0.3347 0.8642 0.3757
vn -0.4923 0.7056 0.5096
vn 0.1184 0.9633 0.2407
vn -0.0274 0.9283 0.3707
vn -0.2104 0.8321 0.5132
vn -0.3607 0.6865 0.6314
vn 0.2771 0.8643 0.4198
vn 0.1344 0.8318 0.5385
vn -0.0470 0.7551 0.6539
vn -0.1925 0.6354 0.7478
vn -0.5585 0.0678 0.8268
vn -0.3265 0.0648 0.9430
vn -0.0712 0.0628 0.9955
vn -0.6835 0.2594 0.6823
vn -0.5292 0.2623 0.8069
vn -0.3047 0.2502 0.9190
vn -0.0696 0.2410 0.9680
vn -0.6104 0.4987 0.6153
vn -0.4643 0.4950 0.7344
vn -0.2671 0.4635 0.8449
vn -0.0644 0.4392 0.8961
vn -0.0943 -0.9955 -0.0068
vn -0.7962 -0.0669 0.6013
vn -0.7024 -0.0669 -0.7087
vn -0.2403 -0.9634 0.1185
vn -0.4196 -0.8642 0.2777
vn -0.5746 -0.7056 0.4146
vn -0.2214 -0.9633 -0.1515
vn -0.3708 -0.9283 -0.0257
vn -0.5380 -0.8321 0.1351
vn -0.6764 -0.6865 0.2670
vn -0.3760 -0.8643 -0.3341
vn -0.5139 -0.8318 -0.2098
vn -0.6540 -0.7551 -0.0467
vn -0.7676 -0.6354 0.0839
vn -0.8144 -0.5774 -0.0584
vn -0.8979 -0.0678 0.4349
vn -0.9799 -0.0648 0.1887
vn -0.9955 -0.0628 -0.0714
vn -0.7728 -0.2594 0.5793
vn -0.8742 -0.2623 0.4087
vn -0.9531 -0.2502 0.1706
vn -0.9681 -0.2410 -0.0691
vn -0.6961 -0.4987 0.5165
vn -0.7931 -0.4950 0.3549
vn -0.8743 -0.4635 0.1439
vn -0.8961 -0.4392 -0.0641
vn -0.6820 -0.2592 -0.6838
vn -0.6149 -0.4989 -0.6107
vn -0.5095 -0.7058 -0.4922
vn -0.8269 -0.0681 -0.5583
vn -0.8061 -0.2634 -0.5300
vn -0.7339 -0.4951 -0.4651
vn -0.6316 -0.6861 -0.3610
vn -0.9429 -0.0654 -0.3267
vn -0.9188 -0.2511 -0.3046
vn -0.8447 -0.4637 -0.2673
vn -0.7480 -0.6352 -0.1927
vn -0.0943 0.9955 -0.0068
vn -0.7024 0.0669 -0.7087
vn -0.7962 0.0669 0.6013
vn -0.2210 0.9634 -0.1516
vn -0.3757 0.8642 -0.3347
vn -0.5096 0.7056 -0.4923
vn -0.2407 0.9633 0.1184
vn -0.3707 0.9283 -0.0274
vn -0.5132 0.8321 -0.2104
vn -0.6314 0.6865 -0.3607
vn -0.4198 0.8643 0.2771
vn -0.5385 0.8318 0.1344
vn -0.6539 0.7551 -0.0470
vn -0.7478 0.6354 -0.1925
vn -0.8144 0.5774 -0.0584
vn -0.8268 0.0678 -0.5585
vn -0.9430 0.0648 -0.3265
vn -0.9955 0.0628 -0.0712
vn -0.6823 0.2594 -0.6835
vn -0.8069 0.2623 -0.5292
vn -0.9190 0.2502 -0.3047
vn -0.9680 0.2410 -0.0696
vn -0.6153 0.4987 -0.6104
vn -0.7344 0.4950 -0.4643
vn -0.8449 0.4635 -0.2671
vn -0.8961 0.4392 -0.0644
vn -0.7726 0.2592 0.5796
vn -0.6957 0.4989 0.5168
vn -0.5745 0.7058 0.4146
vn -0.8980 0.0681 0.4347
vn -0.8734 0.2634 0.4096
vn -0.7927 0.4951 0.3557
vn -0.6767 0.6861 0.2673
vn -0.9798 0.0654 0.1889
vn -0.9528 0.2511 0.1705
vn -0.8742 0.4637 0.1441
vn -0.7678 0.6352 0.0841
vn 0.0943 -0.9955 0.0068
vn 0.7962 -0.0669 -0.6013
vn 0.7024 -0.0669 0.7087
vn 0.2403 -0.9634 -0.1185
vn 0.4196 -0.8642 -0.2777
vn 0.5746 -0.7056 -0.4146
vn 0.2214 -0.9633 0.1515
vn 0.3708 -0.9283 0.0257
vn 0.5380 -0.8321 -0.1351
vn 0.6764 -0.6865 -0.2670
vn 0.3760 -0.8643 0.3341
vn 0.5139 -0.8318 0.2098
vn 0.6540 -0.7551 0.0467
vn 0.7676 -0.6354 -0.0839
vn 0.8144 -0.5774 0.0584
vn 0.8979 -0.0678 -0.4349
vn 0.9799 -0.0648 -0.1887
vn 0.9955 -0.0628 0.0714
vn 0.7728 -0.2594 -0.5793
vn 0.8742 -0.2623 -0.4087
vn 0.9531 -0.2502 -0.1706
vn 0.9681 -0.2410 0.0691
vn 0.6961 -0.4987 -0.5165
vn 0.7931 -0.4950 -0.3549
vn 0.8743 -0.4635 -0.1439
vn 0.8961 -0.4392 0.0641
vn 0.6820 -0.2592 0.6838
vn 0.6149 -0.4989 0.6107
vn 0.5095 -0.7058 0.4922
vn 0.8269 -0.0681 0.5583
vn 0.8061 -0.2634 0.5300
vn 0.7339 -0.4951 0.4651
vn 0.6316 -0.6861 0.3610
vn 0.9429 -0.0654 0.3267
vn 0.9188 -0.2511 0.3046
vn 0.8447 -0.4637 0.2673
vn 0.7480 -0.6352 0.1927
vn 0.0943 0.9955 0.0068
vn 0.7024 0.0669 0.7087
vn 0.7962 0.0669 -0.6013
vn 0.2210 0.9634 0.1516
vn 0.3757 0.8642 0.3347
vn 0.5096 0.7056 0.4923
vn 0.2407 0.9633 -0.1184
vn 0.3707 0.9283 0.0274
vn 0.5132 0.8321 0.2104
vn 0.6314 0.6865 0.3607
vn 0.4198 0.8643 -0.2771
vn 0.5385 0.8318 -0.1344
vn 0.6539 0.7551 0.0470
vn 0.7478 0.6354 0.1925
vn 0.8144 0.5774 0.0584
vn 0.8268 0.0678 0.5585
vn 0.9430 0.0648 0.3265
vn 0.9955 0.0628 0.0712
vn 0.6823 0.2594 0.6835
vn 0.8069 0.2623 0.5292
vn 0.9190 0.2502 0.3047
vn 0.9680 0.2410 0.0696
vn 0.6153 0.4987 0.6104
vn 0.7344 0.4950 0.4643
vn 0.8449 0.4635 0.2671
vn 0.8961 0.4392 0.0644
vn 0.7726 0.2592 -0.5796
vn 0.6957 0.4989 -0.5168
vn 0.5745 0.7058 -0.4146
vn 0.8980 0.0681 -0.4347
vn 0.8734 0.2634 -0.4096
vn 0.7927 0.4951 -0.3557
vn 0.6767 0.6861 -0.2673
vn 0.9798 0.0654 -0.1889
vn 0.9528 0.2511 -0.1705
vn 0.8742 0.4637 -0.1441
vn 0.7678 0.6352 -0.0841
vn 0.0068 -0.9955 -0.0943
vn -0.6013 -0.0669 -0.7962
vn 0.7087 -0.0669 -0.7024
vn -0.1185 -0.9634 -0.2403
vn -0.2777 -0.8642 -0.4196
vn -0.4146 -0.7056 -0.5746
vn 0.1515 -0.9633 -0.2214
vn 0.0257 -0.9283 -0.3708
vn -0.1351 -0.8321 -0.5380
vn -0.2670 -0.6865 -0.6764
vn 0.3341 -0.8643 -0.3760
vn 0.2098 -0.8318 -0.5139
vn 0.0467 -0.7551 -0.6540
vn -0.0839 -0.6354 -0.7676
vn 0.0584 -0.5774 -0.8144
vn -0.4349 -0.0678 -0.8979
vn -0.1887 -0.0648 -0.9799
vn 0.0714 -0.0628 -0.9955
vn -0.5793 -0.2594 -0.7728
vn -0.4087 -0.2623 -0.8742
vn -0.1706 -0.2502 -0.9531
vn 0.0691 -0.2410 -0.9681
vn -0.5165 -0.4987 -0.6961
vn -0.3549 -0.4950 -0.7931
vn -0.1439 -0.4635 -0.8743
vn 0.0641 -0.4392 -0.8961
vn 0.6838 -0.2592 -0.6820
vn 0.6107 -0.4989 -0.6149
vn 0.4922 -0.7058 -0.5095
vn 0.5583 -0.0681 -0.8269
vn 0.5300 -0.2634 -0.8061
vn 0.4651 -0.4951 -0.7339
vn 0.3610 -0.6861 -0.6316
vn 0.3267 -0.0654 -0.9429
vn 0.3046 -0.2511 -0.9188
vn 0.2673 -0.4637 -0.8447
vn 0.1927 -0.6352 -0.7480
vn 0.0068 0.9955 -0.0943
vn 0.7087 0.0669 -0.7024
vn -0.6013 0.0669 -0.7962
vn 0.1516 0.9634 -0.2210
vn 0.3347 0.8642 -0.3757
vn 0.4923 0.7056 -0.5096
vn -0.1184 0.9633 -0.2407
vn 0.0274 0.9283 -0.3707
vn 0.2104 0.8321 -0.5132
vn 0.3607 0.6865 -0.6314
vn -0.2771 0.8643 -0.4198
vn -0.1344 0.8318 -0.5385
vn 0.0470 0.7551 -0.6539
vn 0.1925 0.6354 -0.7478
vn 0.0584 0.5774 -0.8144
vn 0.5585 0.0678 -0.8268
vn 0.3265 0.0648 -0.9430
vn 0.0712 0.0628 -0.9955
vn 0.6835 0.2594 -0.6823
vn 0.5292 0.2623 -0.8069
vn 0.3047 0.2502 -0.9190
vn 0.0696 0.2410 -0.9680
vn 0.6104 0.4987 -0.6153
vn 0.4643 0.4950 -0.7344
vn 0.2671 0.4635 -0.8449
vn 0.0644 0.4392 -0.8961
vn -0.5796 0.2592 -0.7726
vn -0.5168 0.4989 -0.6957
vn -0.4146 0.7058 -0.5745
vn -0.4347 0.0681 -0.8980
vn -0.4096 0.2634 -0.8734
vn -0.3557 0.4951 -0.7927
vn -0.2673 0.6861 -0.6767
vn -0.1889 0.0654 -0.9798
vn -0.1705 0.2511 -0.9528
vn -0.1441 0.4637 -0.8742
vn -0.0841 0.6352 -0.7678
vt -0.303122 0.984621
vt -0.303122 1.024046
vt -0.343789 1.025622
vt -0.342548 0.984621
vt -0.303122 1.060824
vt -0.343125 1.061058
vt -0.303122 1.137003
vt -0.342307 1.137003
vt -0.379601 1.024853
vt -0.379326 0.984621
vt -0.375708 1.057241
vt -0.372515 1.137003
vt -0.455505 1.023805
vt -0.455505 0.984621
vt -0.455505 1.054013
vt -0.391101 1.137003
vt 0.333881 1.621624
vt 0.333881 1.661050
vt 0.293214 1.662626
vt 0.294455 1.621624
vt 0.333881 1.697828
vt 0.293878 1.698062
vt 0.333881 1.774007
vt 0.294696 1.774007
vt 0.257403 1.661857
vt 0.257677 1.621624
vt 0.261296 1.694245
vt 0.264489 1.774007
vt 0.181498 1.660809
vt 0.181498 1.621624
vt 0.181498 1.691016
vt 0.245903 1.774007
vt 0.333881 -0.621624
vt 0.294455 -0.621624
vt 0.292879 -0.662291
vt 0.333881 -0.661050
vt 0.257677 -0.621624
vt 0.257443 -0.661627
vt 0.181498 -0.621624
vt 0.181498 -0.660809
vt 0.293649 -0.698102
vt 0.333881 -0.697828
vt 0.261260 -0.694210
vt 0.181498 -0.691016
vt 0.294696 -0.774007
vt 0.333881 -0.774007
vt 0.264489 -0.774007
vt 0.181498 -0.709602
vt 0.666119 1.621624
vt 0.705545 1.621624
vt 0.707121 1.662291
vt 0.666119 1.661050
vt 0.742323 1.621624
vt 0.742557 1.661627
vt 0.818502 1.621624
vt 0.818502 1.660809
vt 0.706351 1.698102
vt 0.666119 1.697828
vt 0.738740 1.694209
vt 0.818502 1.691016
vt 0.705304 1.774007
vt 0.666119 1.774007
vt 0.735511 1.774007
vt 0.818502 1.709602
vt 1.303122 0.984620
vt 1.342548 0.984621
vt 1.344124 1.025287
vt 1.303122 1.024046
vt 1.379326 0.984621
vt 1.379560 1.024623
vt 1.455505 0.984621
vt 1.455505 1.023805
vt 1.343355 1.061099
vt 1.303122 1.060824
vt 1.375743 1.057206
vt 1.455505 1.054013
vt 1.342307 1.137003
vt 1.303122 1.137003
vt 1.372515 1.137003
vt 1.455505 1.072599
vt 0.666119 -0.621624
vt 0.666119 -0.661050
vt 0.706785 -0.662626
vt 0.705545 -0.621624
vt 0.666119 -0.697828
vt 0.706121 -0.698062
vt 0.666119 -0.774007
vt 0.705303 -0.774007
vt 0.742597 -0.661857
vt 0.742323 -0.621624
vt 0.738704 -0.694245
vt 0.735511 -0.774007
vt 0.818502 -0.660809
vt 0.818502 -0.621624
vt 0.818502 -0.691017
vt 0.754097 -0.774007
vt -0.303122 0.652383
vt -0.342548 0.652383
vt -0.344124 0.611716
vt -0.303122 0.612957
vt -0.379326 0.652383
vt -0.379560 0.612380
vt -0.455505 0.652383
vt -0.455505 0.613198
vt -0.343355 0.575904
vt -0.303122 0.576179
vt -0.375743 0.579797
vt -0.455505 0.582990
vt -0.342307 0.500000
vt -0.303122 0.500000
vt -0.372515 0.500000
vt -0.455505 0.564405
vt 0.333881 -0.289386
vt 0.333881 -0.249961
vt 0.293214 -0.248385
vt 0.294455 -0.289386
vt 0.333881 -0.213183
vt 0.293878 -0.212949
vt 0.333881 -0.137003
vt 0.294696 -0.137003
vt 0.257403 -0.249154
vt 0.257677 -0.289386
vt 0.261296 -0.216766
vt 0.264489 -0.137003
vt 0.181498 -0.250202
vt 0.181498 -0.289386
vt 0.181498 -0.219994
vt 0.213701 -0.104801
vt 0.333881 0.015379
vt 0.294455 0.015379
vt 0.292879 -0.025287
vt 0.333881 -0.024046
vt 0.257677 0.015379
vt 0.257443 -0.024623
vt 0.181498 0.015379
vt 0.181498 -0.023805
vt 0.293649 -0.061099
vt 0.333881 -0.060824
vt 0.261260 -0.057206
vt 0.181498 -0.054013
vt 1.303122 0.652383
vt 1.303122 0.612957
vt 1.343789 0.611381
vt 1.342548 0.652383
vt 1.303122 0.576179
vt 1.343125 0.575945
vt 1.303122 0.500000
vt 1.342307 0.500000
vt 1.379601 0.612150
vt 1.379326 0.652383
vt 1.375708 0.579762
vt 1.372515 0.500000
vt 1.455505 0.613198
vt 1.455505 0.652383
vt 1.455505 0.582990
vt 1.391101 0.500000
vt 0.666119 0.015379
vt 0.666119 -0.024046
vt 0.706785 -0.025622
vt 0.705545 0.015379
vt 0.666119 -0.060824
vt 0.706121 -0.061058
vt 0.666119 -0.137003
vt 0.705304 -0.137003
vt 0.742597 -0.024853
vt 0.742323 0.015379
vt 0.738704 -0.057241
vt 0.735511 -0.137003
vt 0.818502 -0.023805
vt 0.818502 0.015379
vt 0.818502 -0.054013
vt 0.786299 -0.169206
vt 0.666119 -0.289386
vt 0.705545 -0.289386
vt 0.707121 -0.248720
vt 0.666119 -0.249961
vt 0.742323 -0.289386
vt 0.742557 -0.249384
vt 0.818502 -0.289386
vt 0.818502 -0.250202
vt 0.706351 -0.212908
vt 0.666119 -0.213183
vt 0.738740 -0.216801
vt 0.818502 -0.219994
vt 0.029115 0.984620
vt 0.068541 0.984621
vt 0.070117 1.025287
vt 0.029115 1.024046
vt 0.105319 0.984621
vt 0.105553 1.024623
vt 0.181498 0.984621
vt 0.181498 1.023805
vt 0.069348 1.061099
vt 0.029115 1.060824
vt 0.101736 1.057206
vt 0.181498 1.054013
vt 0.124899 1.193603
vt 0.105307 1.213195
vt 0.140003 1.178499
vt 0.202966 1.137003
vt 0.333881 0.984621
vt 0.333881 1.024046
vt 0.293214 1.025622
vt 0.294455 0.984621
vt 0.333881 1.060824
vt 0.293878 1.061058
vt 0.333881 1.137003
vt 0.294696 1.137003
vt 0.257403 1.024853
vt 0.257677 0.984621
vt 0.261296 1.057241
vt 0.264489 1.137003
vt 0.333881 1.289386
vt 0.294455 1.289387
vt 0.292879 1.248720
vt 0.333881 1.249961
vt 0.257677 1.289387
vt 0.257443 1.249384
vt 0.293649 1.212908
vt 0.333881 1.213182
vt 0.261260 1.216801
vt 0.970885 0.984621
vt 0.970885 1.024046
vt 0.930218 1.025622
vt 0.931459 0.984621
vt 0.970885 1.060824
vt 0.930882 1.061058
vt 0.894693 1.213195
vt 0.875101 1.193602
vt 0.894406 1.024853
vt 0.894681 0.984621
vt 0.898299 1.057241
vt 0.859997 1.178499
vt 0.818502 1.023805
vt 0.818502 0.984621
vt 0.818502 1.054013
vt 0.818502 1.115535
vt 0.666119 1.289386
vt 0.666119 1.249960
vt 0.706785 1.248384
vt 0.705545 1.289386
vt 0.666119 1.213182
vt 0.706121 1.212949
vt 0.666119 1.137003
vt 0.705304 1.137003
vt 0.742597 1.249154
vt 0.742323 1.289386
vt 0.738704 1.216765
vt 0.735511 1.137003
vt 0.666119 0.984620
vt 0.705545 0.984620
vt 0.707121 1.025287
vt 0.666119 1.024046
vt 0.742323 0.984621
vt 0.742557 1.024623
vt 0.706351 1.061099
vt 0.666119 1.060824
vt 0.738740 1.057206
vt 0.029115 0.652383
vt 0.029115 0.612957
vt 0.069782 0.611381
vt 0.068541 0.652383
vt 0.029115 0.576179
vt 0.069118 0.575945
vt 0.105307 0.423809
vt 0.124899 0.443401
vt 0.105594 0.612150
vt 0.105319 0.652383
vt 0.101701 0.579762
vt 0.140003 0.458505
vt 0.181498 0.613198
vt 0.181498 0.652383
vt 0.181498 0.582990
vt 0.181498 0.521468
vt 0.333881 0.347617
vt 0.333881 0.387043
vt 0.293214 0.388619
vt 0.294455 0.347617
vt 0.333881 0.423821
vt 0.293878 0.424055
vt 0.333881 0.500000
vt 0.294696 0.500000
vt 0.257403 0.387850
vt 0.257677 0.347617
vt 0.261296 0.420238
vt 0.264489 0.500000
vt 0.333881 0.652383
vt 0.294455 0.652383
vt 0.292879 0.611716
vt 0.333881 0.612957
vt 0.257677 0.652383
vt 0.257443 0.612380
vt 0.293649 0.575904
vt 0.333881 0.576179
vt 0.261260 0.579797
vt 0.970885 0.652383
vt 0.931459 0.652383
vt 0.929883 0.611716
vt 0.970885 0.612957
vt 0.894681 0.652383
vt 0.894447 0.612380
vt 0.818502 0.652383
vt 0.818502 0.613198
vt 0.930652 0.575904
vt 0.970885 0.576179
vt 0.898264 0.579797
vt 0.818502 0.582990
vt 0.875101 0.443401
vt 0.894693 0.423809
vt 0.859997 0.458505
vt 0.797033 0.500000
vt 0.666119 0.652383
vt 0.666119 0.612957
vt 0.706785 0.611381
vt 0.705545 0.652383
vt 0.666119 0.576179
vt 0.706121 0.575945
vt 0.666119 0.500000
vt 0.705304 0.500000
vt 0.742597 0.612150
vt 0.742323 0.652383
vt 0.738704 0.579762
vt 0.735511 0.500000
vt 0.666119 0.347617
vt 0.705545 0.347617
vt 0.707121 0.388284
vt 0.666119 0.387043
vt 0.742323 0.347617
vt 0.742557 0.387620
vt 0.706351 0.424095
vt 0.666119 0.423821
vt 0.738740 0.420202
s 1
f 1991/2484/1988 1994/2485/1991 1998/2486/1995 1997/2487/1994
f 1994/2485/1991 1995/2488/1992 1999/2489/1996 1998/2486/1995
f 1995/2488/1992 1996/2490/1993 2000/2491/1997 1999/2489/1996
f 1997/2487/1994 1998/2486/1995 2002/2492/1999 2001/2493/1998
f 1998/2486/1995 1999/2489/1996 2003/2494/2000 2002/2492/1999
f 1999/2489/1996 2000/2491/1997 2004/2495/2001 2003/2494/2000
f 2001/2493/1998 2002/2492/1999 2023/2496/2020 2019/2497/2016
f 2002/2492/1999 2003/2494/2000 2027/2498/2024 2023/2496/2020
f 2003/2494/2000 2004/2495/2001 2005/2499/2002 2027/2498/2024
f 1992/2500/1989 2006/2501/2003 2010/2502/2007 2009/2503/2006
f 2006/2501/2003 2007/2504/2004 2011/2505/2008 2010/2502/2007
f 2007/2504/2004 2008/2506/2005 2012/2507/2009 2011/2505/2008
f 2009/2503/2006 2010/2502/2007 2014/2508/2011 2013/2509/2010
f 2010/2502/2007 2011/2505/2008 2015/2510/2012 2014/2508/2011
f 2011/2505/2008 2012/2507/2009 2016/2511/2013 2015/2510/2012
f 2013/2509/2010 2014/2508/2011 2000/2512/1997 1996/2513/1993
f 2014/2508/2011 2015/2510/2012 2004/2514/2001 2000/2512/1997
f 2015/2510/2012 2016/2511/2013 2005/2515/2002 2004/2514/2001
f 1993/2516/1990 2017/2517/2014 2021/2518/2018 2020/2519/2017
f 2017/2517/2014 2018/2520/2015 2022/2521/2019 2021/2518/2018
f 2018/2520/2015 2019/2522/2016 2023/2523/2020 2022/2521/2019
f 2020/2519/2017 2021/2518/2018 2025/2524/2022 2024/2525/2021
f 2021/2518/2018 2022/2521/2019 2026/2526/2023 2025/2524/2022
f 2022/2521/2019 2023/2523/2020 2027/2527/2024 2026/2526/2023
f 2024/2525/2021 2025/2524/2022 2012/2528/2009 2008/2529/2005
f 2025/2524/2022 2026/2526/2023 2016/2530/2013 2012/2528/2009
f 2026/2526/2023 2027/2527/2024 2005/2531/2002 2016/2530/2013
f 2028/2532/2025 2031/2533/2028 2035/2534/2032 2034/2535/2031
f 2031/2533/2028 2032/2536/2029 2036/2537/2033 2035/2534/2032
f 2032/2536/2029 2033/2538/2030 2037/2539/2034 2036/2537/2033
f 2034/2535/2031 2035/2534/2032 2039/2540/2036 2038/2541/2035
f 2035/2534/2032 2036/2537/2033 2040/2542/2037 2039/2540/2036
f 2036/2537/2033 2037/2539/2034 2041/2543/2038 2040/2542/2037
f 2038/2541/2035 2039/2540/2036 2060/2544/2057 2056/2545/2053
f 2039/2540/2036 2040/2542/2037 2064/2546/2061 2060/2544/2057
f 2040/2542/2037 2041/2543/2038 2042/2547/2039 2064/2546/2061
f 2029/2548/2026 2043/2549/2040 2047/2550/2044 2046/2551/2043
f 2043/2549/2040 2044/2552/2041 2048/2553/2045 2047/2550/2044
f 2044/2552/2041 2045/2554/2042 2049/2555/2046 2048/2553/2045
f 2046/2551/2043 2047/2550/2044 2051/2556/2048 2050/2557/2047
f 2047/2550/2044 2048/2553/2045 2052/2558/2049 2051/2556/2048
f 2048/2553/2045 2049/2555/2046 2053/2559/2050 2052/2558/2049
f 2050/2557/2047 2051/2556/2048 2037/2560/2034 2033/2561/2030
f 2051/2556/2048 2052/2558/2049 2041/2562/2038 2037/2560/2034
f 2052/2558/2049 2053/2559/2050 2042/2563/2039 2041/2562/2038
f 2030/2564/2027 2054/2565/2051 2058/2566/2055 2057/2567/2054
f 2054/2565/2051 2055/2568/2052 2059/2569/2056 2058/2566/2055
f 2055/2568/2052 2056/2570/2053 2060/2571/2057 2059/2569/2056
f 2057/2567/2054 2058/2566/2055 2062/2572/2059 2061/2573/2058
f 2058/2566/2055 2059/2569/2056 2063/2574/2060 2062/2572/2059
f 2059/2569/2056 2060/2571/2057 2064/2575/2061 2063/2574/2060
f 2061/2573/2058 2062/2572/2059 2049/2576/2046 2045/2577/2042
f 2062/2572/2059 2063/2574/2060 2053/2578/2050 2049/2576/2046
f 2063/2574/2060 2064/2575/2061 2042/2579/2039 2053/2578/2050
f 2065/2580/2062 2068/2581/2065 2072/2582/2069 2071/2583/2068
f 2068/2581/2065 2069/2584/2066 2073/2585/2070 2072/2582/2069
f 2069/2584/2066 2070/2586/2067 2074/2587/2071 2073/2585/2070
f 2071/2583/2068 2072/2582/2069 2076/2588/2073 2075/2589/2072
f 2072/2582/2069 2073/2585/2070 2077/2590/2074 2076/2588/2073
f 2073/2585/2070 2074/2587/2071 2078/2591/2075 2077/2590/2074
f 2075/2589/2072 2076/2588/2073 2097/2592/2094 2093/2593/2090
f 2076/2588/2073 2077/2590/2074 2101/2594/2098 2097/2592/2094
f 2077/2590/2074 2078/2591/2075 2079/2595/2076 2101/2594/2098
f 2066/2596/2063 2080/2597/2077 2084/2598/2081 2083/2599/2080
f 2080/2597/2077 2081/2600/2078 2085/2601/2082 2084/2598/2081
f 2081/2600/2078 2082/2602/2079 2086/2603/2083 2085/2601/2082
f 2083/2599/2080 2084/2598/2081 2088/2604/2085 2087/2605/2084
f 2084/2598/2081 2085/2601/2082 2089/2606/2086 2088/2604/2085
f 2085/2601/2082 2086/2603/2083 2090/2607/2087 2089/2606/2086
f 2087/2605/2084 2088/2604/2085 2074/2608/2071 2070/2609/2067
f 2088/2604/2085 2089/2606/2086 2078/2610/2075 2074/2608/2071
f 2089/2606/2086 2090/2607/2087 2079/2611/2076 2078/2610/2075
f 2067/2612/2064 2091/2613/2088 2095/2614/2092 2094/2615/2091
f 2091/2613/2088 2092/2616/2089 2096/2617/2093 2095/2614/2092
f 2092/2616/2089 2093/2618/2090 2097/2619/2094 2096/2617/2093
f 2094/2615/2091 2095/2614/2092 2099/2620/2096 2098/2621/2095
f 2095/2614/2092 2096/2617/2093 2100/2622/2097 2099/2620/2096
f 2096/2617/2093 2097/2619/2094 2101/2623/2098 2100/2622/2097
f 2098/2621/2095 2099/2620/2096 2086/2603/2083 2082/2602/2079
f 2099/2620/2096 2100/2622/2097 2090/2607/2087 2086/2603/2083
f 2100/2622/2097 2101/2623/2098 2079/2611/2076 2090/2607/2087
f 2102/2624/2099 2105/2625/2102 2109/2626/2106 2108/2627/2105
f 2105/2625/2102 2106/2628/2103 2110/2629/2107 2109/2626/2106
f 2106/2628/2103 2107/2630/2104 2111/2631/2108 2110/2629/2107
f 2108/2627/2105 2109/2626/2106 2113/2632/2110 2112/2633/2109
f 2109/2626/2106 2110/2629/2107 2114/2634/2111 2113/2632/2110
f 2110/2629/2107 2111/2631/2108 2115/2635/2112 2114/2634/2111
f 2112/2633/2109 2113/2632/2110 2134/2636/2131 2130/2637/2127
f 2113/2632/2110 2114/2634/2111 2138/2638/2135 2134/2636/2131
f 2114/2634/2111 2115/2635/2112 2116/2639/2113 2138/2638/2135
f 2103/2640/2100 2117/2641/2114 2121/2642/2118 2120/2643/2117
f 2117/2641/2114 2118/2644/2115 2122/2645/2119 2121/2642/2118
f 2118/2644/2115 2119/2646/2116 2123/2647/2120 2122/2645/2119
f 2120/2643/2117 2121/2642/2118 2125/2648/2122 2124/2649/2121
f 2121/2642/2118 2122/2645/2119 2126/2650/2123 2125/2648/2122
f 2122/2645/2119 2123/2647/2120 2127/2651/2124 2126/2650/2123
f 2124/2649/2121 2125/2648/2122 2111/2652/2108 2107/2653/2104
f 2125/2648/2122 2126/2650/2123 2115/2654/2112 2111/2652/2108
f 2126/2650/2123 2127/2651/2124 2116/2655/2113 2115/2654/2112
f 2104/2656/2101 2128/2657/2125 2132/2658/2129 2131/2659/2128
f 2128/2657/2125 2129/2660/2126 2133/2661/2130 2132/2658/2129
f 2129/2660/2126 2130/2662/2127 2134/2663/2131 2133/2661/2130
f 2131/2659/2128 2132/2658/2129 2136/2664/2133 2135/2665/2132
f 2132/2658/2129 2133/2661/2130 2137/2666/2134 2136/2664/2133
f 2133/2661/2130 2134/2663/2131 2138/2667/2135 2137/2666/2134
f 2135/2665/2132 2136/2664/2133 2123/2647/2120 2119/2646/2116
f 2136/2664/2133 2137/2666/2134 2127/2651/2124 2123/2647/2120
f 2137/2666/2134 2138/2667/2135 2116/2655/2113 2127/2651/2124
f 2139/2668/2136 2142/2669/2139 2146/2670/2143 2145/2671/2142
f 2142/2669/2139 2143/2672/2140 2147/2673/2144 2146/2670/2143
f 2143/2672/2140 2144/2674/2141 2148/2675/2145 2147/2673/2144
f 2145/2671/2142 2146/2670/2143 2150/2676/2147 2149/2677/2146
f 2146/2670/2143 2147/2673/2144 2151/2678/2148 2150/2676/2147
f 2147/2673/2144 2148/2675/2145 2152/2679/2149 2151/2678/2148
f 2149/2677/2146 2150/2676/2147 2171/2680/2168 2167/2681/2164
f 2150/2676/2147 2151/2678/2148 2175/2682/2172 2171/2680/2168
f 2151/2678/2148 2152/2679/2149 2153/2683/2150 2175/2682/2172
f 2140/2684/2137 2154/2685/2151 2158/2686/2155 2157/2687/2154
f 2154/2685/2151 2155/2688/2152 2159/2689/2156 2158/2686/2155
f 2155/2688/2152 2156/2690/2153 2160/2691/2157 2159/2689/2156
f 2157/2687/2154 2158/2686/2155 2162/2692/2159 2161/2693/2158
f 2158/2686/2155 2159/2689/2156 2163/2694/2160 2162/2692/2159
f 2159/2689/2156 2160/2691/2157 2164/2695/2161 2163/2694/2160
f 2161/2693/2158 2162/2692/2159 2148/2675/2145 2144/2674/2141
f 2162/2692/2159 2163/2694/2160 2152/2679/2149 2148/2675/2145
f 2163/2694/2160 2164/2695/2161 2153/2683/2150 2152/2679/2149
f 2141/2696/2138 2165/2697/2162 2169/2698/2166 2168/2699/2165
f 2165/2697/2162 2166/2700/2163 2170/2701/2167 2169/2698/2166
f 2166/2700/2163 2167/2681/2164 2171/2680/2168 2170/2701/2167
f 2168/2699/2165 2169/2698/2166 2173/2702/2170 2172/2703/2169
f 2169/2698/2166 2170/2701/2167 2174/2704/2171 2173/2702/2170
f 2170/2701/2167 2171/2680/2168 2175/2682/2172 2174/2704/2171
f 2172/2703/2169 2173/2702/2170 2160/2691/2157 2156/2690/2153
f 2173/2702/2170 2174/2704/2171 2164/2695/2161 2160/2691/2157
f 2174/2704/2171 2175/2682/2172 2153/2683/2150 2164/2695/2161
f 2176/2705/2173 2179/2706/2176 2183/2707/2180 2182/2708/2179
f 2179/2706/2176 2180/2709/2177 2184/2710/2181 2183/2707/2180
f 2180/2709/2177 2181/2711/2178 2185/2712/2182 2184/2710/2181
f 2182/2708/2179 2183/2707/2180 2187/2713/2184 2186/2714/2183
f 2183/2707/2180 2184/2710/2181 2188/2715/2185 2187/2713/2184
f 2184/2710/2181 2185/2712/2182 2189/2716/2186 2188/2715/2185
f 2186/2714/2183 2187/2713/2184 2208/2717/2205 2204/2718/2201
f 2187/2713/2184 2188/2715/2185 2212/2719/2209 2208/2717/2205
f 2188/2715/2185 2189/2716/2186 2190/2720/2187 2212/2719/2209
f 2177/2721/2174 2191/2722/2188 2195/2723/2192 2194/2724/2191
f 2191/2722/2188 2192/2725/2189 2196/2726/2193 2195/2723/2192
f 2192/2725/2189 2193/2727/2190 2197/2728/2194 2196/2726/2193
f 2194/2724/2191 2195/2723/2192 2199/2729/2196 2198/2730/2195
f 2195/2723/2192 2196/2726/2193 2200/2731/2197 2199/2729/2196
f 2196/2726/2193 2197/2728/2194 2201/2732/2198 2200/2731/2197
f 2198/2730/2195 2199/2729/2196 2185/2712/2182 2181/2711/2178
f 2199/2729/2196 2200/2731/2197 2189/2716/2186 2185/2712/2182
f 2200/2731/2197 2201/2732/2198 2190/2720/2187 2189/2716/2186
f 2178/2733/2175 2202/2734/2199 2206/2735/2203 2205/2736/2202
f 2202/2734/2199 2203/2737/2200 2207/2738/2204 2206/2735/2203
f 2203/2737/2200 2204/2718/2201 2208/2717/2205 2207/2738/2204
f 2205/2736/2202 2206/2735/2203 2210/2739/2207 2209/2740/2206
f 2206/2735/2203 2207/2738/2204 2211/2741/2208 2210/2739/2207
f 2207/2738/2204 2208/2717/2205 2212/2719/2209 2211/2741/2208
f 2209/2740/2206 2210/2739/2207 2197/2728/2194 2193/2727/2190
f 2210/2739/2207 2211/2741/2208 2201/2732/2198 2197/2728/2194
f 2211/2741/2208 2212/2719/2209 2190/2720/2187 2201/2732/2198
f 2213/2742/2210 2216/2743/2213 2220/2744/2217 2219/2745/2216
f 2216/2743/2213 2217/2746/2214 2221/2747/2218 2220/2744/2217
f 2217/2746/2214 2218/2748/2215 2222/2749/2219 2221/2747/2218
f 2219/2745/2216 2220/2744/2217 2224/2750/2221 2223/2751/2220
f 2220/2744/2217 2221/2747/2218 2225/2752/2222 2224/2750/2221
f 2221/2747/2218 2222/2749/2219 2226/2753/2223 2225/2752/2222
f 2223/2751/2220 2224/2750/2221 2245/2754/2242 2241/2755/2238
f 2224/2750/2221 2225/2752/2222 2249/2756/2246 2245/2754/2242
f 2225/2752/2222 2226/2753/2223 2227/2757/2224 2249/2756/2246
f 2214/2758/2211 2228/2759/2225 2232/2760/2229 2231/2761/2228
f 2228/2759/2225 2229/2762/2226 2233/2763/2230 2232/2760/2229
f 2229/2762/2226 2230/2764/2227 2234/2765/2231 2233/2763/2230
f 2231/2761/2228 2232/2760/2229 2236/2766/2233 2235/2767/2232
f 2232/2760/2229 2233/2763/2230 2237/2768/2234 2236/2766/2233
f 2233/2763/2230 2234/2765/2231 2238/2769/2235 2237/2768/2234
f 2235/2767/2232 2236/2766/2233 2222/2749/2219 2218/2748/2215
f 2236/2766/2233 2237/2768/2234 2226/2753/2223 2222/2749/2219
f 2237/2768/2234 2238/2769/2235 2227/2757/2224 2226/2753/2223
f 2215/2770/2212 2239/2771/2236 2243/2772/2240 2242/2773/2239
f 2239/2771/2236 2240/2774/2237 2244/2775/2241 2243/2772/2240
f 2240/2774/2237 2241/2755/2238 2245/2754/2242 2244/2775/2241
f 2242/2773/2239 2243/2772/2240 2247/2776/2244 2246/2777/2243
f 2243/2772/2240 2244/2775/2241 2248/2778/2245 2247/2776/2244
f 2244/2775/2241 2245/2754/2242 2249/2756/2246 2248/2778/2245
f 2246/2777/2243 2247/2776/2244 2234/2765/2231 2230/2764/2227
f 2247/2776/2244 2248/2778/2245 2238/2769/2235 2234/2765/2231
f 2248/2778/2245 2249/2756/2246 2227/2757/2224 2238/2769/2235
f 2250/2779/2247 2253/2780/2250 2257/2781/2254 2256/2782/2253
f 2253/2780/2250 2254/2783/2251 2258/2784/2255 2257/2781/2254
f 2254/2783/2251 2255/2785/2252 2259/2786/2256 2258/2784/2255
f 2256/2782/2253 2257/2781/2254 2261/2787/2258 2260/2788/2257
f 2257/2781/2254 2258/2784/2255 2262/2789/2259 2261/2787/2258
f 2258/2784/2255 2259/2786/2256 2263/2790/2260 2262/2789/2259
f 2260/2788/2257 2261/2787/2258 2282/2791/2279 2278/2792/2275
f 2261/2787/2258 2262/2789/2259 2286/2793/2283 2282/2791/2279
f 2262/2789/2259 2263/2790/2260 2264/2794/2261 2286/2793/2283
f 2251/2795/2248 2265/2796/2262 2269/2797/2266 2268/2798/2265
f 2265/2796/2262 2266/2799/2263 2270/2800/2267 2269/2797/2266
f 2266/2799/2263 2267/2801/2264 2271/2802/2268 2270/2800/2267
f 2268/2798/2265 2269/2797/2266 2273/2803/2270 2272/2804/2269
f 2269/2797/2266 2270/2800/2267 2274/2805/2271 2273/2803/2270
f 2270/2800/2267 2271/2802/2268 2275/2806/2272 2274/2805/2271
f 2272/2804/2269 2273/2803/2270 2259/2786/2256 2255/2785/2252
f 2273/2803/2270 2274/2805/2271 2263/2790/2260 2259/2786/2256
f 2274/2805/2271 2275/2806/2272 2264/2794/2261 2263/2790/2260
f 2252/2807/2249 2276/2808/2273 2280/2809/2277 2279/2810/2276
f 2276/2808/2273 2277/2811/2274 2281/2812/2278 2280/2809/2277
f 2277/2811/2274 2278/2792/2275 2282/2791/2279 2281/2812/2278
f 2279/2810/2276 2280/2809/2277 2284/2813/2281 2283/2814/2280
f 2280/2809/2277 2281/2812/2278 2285/2815/2282 2284/2813/2281
f 2281/2812/2278 2282/2791/2279 2286/2793/2283 2285/2815/2282
f 2283/2814/2280 2284/2813/2281 2271/2802/2268 2267/2801/2264
f 2284/2813/2281 2285/2815/2282 2275/2806/2272 2271/2802/2268
f 2285/2815/2282 2286/2793/2283 2264/2794/2261 2275/2806/2272
f 2065/2580/2062 1991/2484/1988 1997/2487/1994 2068/2581/2065
f 2068/2581/2065 1997/2487/1994 2001/2493/1998 2069/2584/2066
f 2069/2584/2066 2001/2493/1998 2019/2497/2016 2070/2586/2067
f 2070/2609/2067 2019/2522/2016 2018/2520/2015 2087/2605/2084
f 2087/2605/2084 2018/2520/2015 2017/2517/2014 2083/2599/2080
f 2083/2599/2080 2017/2517/2014 1993/2516/1990 2066/2596/2063
f 1992/2500/1989 2028/2532/2025 2034/2535/2031 2006/2501/2003
f 2006/2501/2003 2034/2535/2031 2038/2541/2035 2007/2504/2004
f 2007/2504/2004 2038/2541/2035 2056/2545/2053 2008/2506/2005
f 2008/2529/2005 2056/2570/2053 2055/2568/2052 2024/2525/2021
f 2024/2525/2021 2055/2568/2052 2054/2565/2051 2020/2519/2017
f 2020/2519/2017 2054/2565/2051 2030/2564/2027 1993/2516/1990
f 2029/2548/2026 2102/2624/2099 2108/2627/2105 2043/2549/2040
f 2043/2549/2040 2108/2627/2105 2112/2633/2109 2044/2552/2041
f 2044/2552/2041 2112/2633/2109 2130/2637/2127 2045/2554/2042
f 2045/2577/2042 2130/2662/2127 2129/2660/2126 2061/2573/2058
f 2061/2573/2058 2129/2660/2126 2128/2657/2125 2057/2567/2054
f 2057/2567/2054 2128/2657/2125 2104/2656/2101 2030/2564/2027
f 2103/2640/2100 2067/2612/2064 2094/2615/2091 2117/2641/2114
f 2117/2641/2114 2094/2615/2091 2098/2621/2095 2118/2644/2115
f 2118/2644/2115 2098/2621/2095 2082/2602/2079 2119/2646/2116
f 2119/2646/2116 2082/2602/2079 2081/2600/2078 2135/2665/2132
f 2135/2665/2132 2081/2600/2078 2080/2597/2077 2131/2659/2128
f 2131/2659/2128 2080/2597/2077 2066/2596/2063 2104/2656/2101
f 2213/2742/2210 2065/2580/2062 2071/2583/2068 2216/2743/2213
f 2216/2743/2213 2071/2583/2068 2075/2589/2072 2217/2746/2214
f 2217/2746/2214 2075/2589/2072 2093/2593/2090 2218/2748/2215
f 2218/2748/2215 2093/2618/2090 2092/2616/2089 2235/2767/2232
f 2235/2767/2232 2092/2616/2089 2091/2613/2088 2231/2761/2228
f 2231/2761/2228 2091/2613/2088 2067/2612/2064 2214/2758/2211
f 2102/2624/2099 2250/2779/2247 2256/2782/2253 2105/2625/2102
f 2105/2625/2102 2256/2782/2253 2260/2788/2257 2106/2628/2103
f 2106/2628/2103 2260/2788/2257 2278/2792/2275 2107/2630/2104
f 2107/2653/2104 2278/2792/2275 2277/2811/2274 2124/2649/2121
f 2124/2649/2121 2277/2811/2274 2276/2808/2273 2120/2643/2117
f 2120/2643/2117 2276/2808/2273 2252/2807/2249 2103/2640/2100
f 2251/2795/2248 2215/2770/2212 2242/2773/2239 2265/2796/2262
f 2265/2796/2262 2242/2773/2239 2246/2777/2243 2266/2799/2263
f 2266/2799/2263 2246/2777/2243 2230/2764/2227 2267/2801/2264
f 2267/2801/2264 2230/2764/2227 2229/2762/2226 2283/2814/2280
f 2283/2814/2280 2229/2762/2226 2228/2759/2225 2279/2810/2276
f 2279/2810/2276 2228/2759/2225 2214/2758/2211 2252/2807/2249
f 2139/2668/2136 2213/2742/2210 2219/2745/2216 2142/2669/2139
f 2142/2669/2139 2219/2745/2216 2223/2751/2220 2143/2672/2140
f 2143/2672/2140 2223/2751/2220 2241/2755/2238 2144/2674/2141
f 2144/2674/2141 2241/2755/2238 2240/2774/2237 2161/2693/2158
f 2161/2693/2158 2240/2774/2237 2239/2771/2236 2157/2687/2154
f 2157/2687/2154 2239/2771/2236 2215/2770/2212 2140/2684/2137
f 2250/2779/2247 2176/2705/2173 2182/2708/2179 2253/2780/2250
f 2253/2780/2250 2182/2708/2179 2186/2714/2183 2254/2783/2251
f 2254/2783/2251 2186/2714/2183 2204/2718/2201 2255/2785/2252
f 2255/2785/2252 2204/2718/2201 2203/2737/2200 2272/2804/2269
f 2272/2804/2269 2203/2737/2200 2202/2734/2199 2268/2798/2265
f 2268/2798/2265 2202/2734/2199 2178/2733/2175 2251/2795/2248
f 2177/2721/2174 2141/2696/2138 2168/2699/2165 2191/2722/2188
f 2191/2722/2188 2168/2699/2165 2172/2703/2169 2192/2725/2189
f 2192/2725/2189 2172/2703/2169 2156/2690/2153 2193/2727/2190
f 2193/2727/2190 2156/2690/2153 2155/2688/2152 2209/2740/2206
f 2209/2740/2206 2155/2688/2152 2154/2685/2151 2205/2736/2202
f 2205/2736/2202 2154/2685/2151 2140/2684/2137 2178/2733/2175
f 1991/2484/1988 2139/2668/2136 2145/2671/2142 1994/2485/1991
f 1994/2485/1991 2145/2671/2142 2149/2677/2146 1995/2488/1992
f 1995/2488/1992 2149/2677/2146 2167/2681/2164 1996/2490/1993
f 1996/2513/1993 2167/2681/2164 2166/2700/2163 2013/2509/2010
f 2013/2509/2010 2166/2700/2163 2165/2697/2162 2009/2503/2006
f 2009/2503/2006 2165/2697/2162 2141/2696/2138 1992/2500/1989
f 2176/2705/2173 2029/2548/2026 2046/2551/2043 2179/2706/2176
f 2179/2706/2176 2046/2551/2043 2050/2557/2047 2180/2709/2177
f 2180/2709/2177 2050/2557/2047 2033/2561/2030 2181/2711/2178
f 2181/2711/2178 2033/2538/2030 2032/2536/2029 2198/2730/2195
f 2198/2730/2195 2032/2536/2029 2031/2533/2028 2194/2724/2191
f 2194/2724/2191 2031/2533/2028 2028/2532/2025 2177/2721/2174
f 2065/2580/2062 2213/2742/2210 2139/2668/2136 1991/2484/1988
f 1993/2516/1990 2030/2564/2027 2104/2656/2101 2066/2596/2063
f 2141/2696/2138 2177/2721/2174 2028/2532/2025 1992/2500/1989
f 2250/2779/2247 2102/2624/2099 2029/2548/2026 2176/2705/2173
f 2067/2612/2064 2103/2640/2100 2252/2807/2249 2214/2758/2211
f 2215/2770/2212 2251/2795/2248 2178/2733/2175 2140/2684/2137
o Rug
v -3.880457 0.021541 2.140129
v -3.861965 0.002500 2.135590
v -3.857426 0.021541 2.154081
v -3.879827 0.016614 2.139974
v -3.877978 0.012019 2.139520
v -3.875041 0.008077 2.138799
v -3.878653 0.021541 2.144758
v -3.877866 0.016417 2.144724
v -3.876016 0.011990 2.144185
v -3.873440 0.008536 2.143447
v -3.875709 0.021541 2.148767
v -3.874918 0.016513 2.148609
v -3.873467 0.012466 2.147751
v -3.871540 0.009555 2.146868
v -3.870021 0.010547 2.148886
v -3.860791 0.003148 2.140374
v -3.859695 0.005052 2.144837
v -3.858756 0.008077 2.148665
v -3.866749 0.003148 2.136764
v -3.865679 0.003920 2.141776
v -3.864543 0.005845 2.146057
v -3.863620 0.008524 2.149387
v -3.871212 0.005052 2.137859
v -3.870047 0.005858 2.142749
v -3.868610 0.007471 2.146564
v -3.867529 0.009553 2.149297
v -3.862365 0.021541 2.154626
v -3.867282 0.021541 2.153872
v -3.871831 0.021541 2.151875
v -3.857581 0.016614 2.153451
v -3.862741 0.016459 2.153923
v -3.867499 0.016542 2.153109
v -3.871492 0.016644 2.151331
v -3.858035 0.012019 2.151603
v -3.863109 0.011984 2.152019
v -3.867424 0.012471 2.151416
v -3.870748 0.012870 2.150088
v 0.161315 0.021541 1.167718
v 0.156776 0.002500 1.149226
v 0.175268 0.021541 1.144687
v 0.161160 0.016614 1.167088
v 0.160706 0.012019 1.165239
v 0.159985 0.008077 1.162301
v 0.165944 0.021541 1.165913
v 0.165911 0.016417 1.165127
v 0.165371 0.011990 1.163277
v 0.164634 0.008536 1.160700
v 0.169953 0.021541 1.162969
v 0.169795 0.016513 1.162179
v 0.168937 0.012466 1.160727
v 0.168054 0.009555 1.158801
v 0.170072 0.010547 1.157281
v 0.161560 0.003148 1.148051
v 0.166023 0.005052 1.146956
v 0.169851 0.008077 1.146016
v 0.157950 0.003148 1.154010
v 0.162962 0.003920 1.152939
v 0.167243 0.005845 1.151803
v 0.170573 0.008524 1.150881
v 0.159045 0.005052 1.158473
v 0.163936 0.005858 1.157308
v 0.167750 0.007471 1.155871
v 0.170483 0.009553 1.154789
v 0.175812 0.021541 1.149626
v 0.175059 0.021541 1.154543
v 0.173061 0.021541 1.159092
v 0.174638 0.016614 1.144841
v 0.175109 0.016459 1.150001
v 0.174295 0.016542 1.154760
v 0.172517 0.016644 1.158753
v 0.172789 0.012019 1.145295
v 0.173205 0.011984 1.150369
v 0.172602 0.012471 1.154685
v 0.171275 0.012870 1.158009
v -4.866821 0.021541 -1.878613
v -4.852868 0.021541 -1.901643
v -4.848329 0.002500 -1.883151
v -4.867365 0.021541 -1.883551
v -4.866612 0.021541 -1.888468
v -4.864614 0.021541 -1.893017
v -4.866191 0.016614 -1.878767
v -4.866663 0.016459 -1.883927
v -4.865848 0.016542 -1.888686
v -4.864070 0.016644 -1.892679
v -4.864342 0.012019 -1.879221
v -4.864758 0.011984 -1.884295
v -4.864156 0.012471 -1.888610
v -4.862828 0.012870 -1.891934
v -4.861626 0.010547 -1.891207
v -4.852713 0.016614 -1.901013
v -4.852259 0.012019 -1.899165
v -4.851538 0.008077 -1.896227
v -4.857497 0.021541 -1.899839
v -4.857464 0.016417 -1.899052
v -4.856925 0.011990 -1.897202
v -4.856187 0.008536 -1.894626
v -4.861506 0.021541 -1.896895
v -4.861348 0.016513 -1.896104
v -4.860491 0.012466 -1.894653
v -4.859607 0.009555 -1.892726
v -4.853113 0.003148 -1.881977
v -4.857576 0.005052 -1.880881
v -4.861404 0.008077 -1.879942
v -4.849503 0.003148 -1.887936
v -4.854516 0.003920 -1.886865
v -4.858796 0.005845 -1.885729
v -4.862126 0.008524 -1.884806
v -4.850598 0.005052 -1.892398
v -4.855489 0.005858 -1.891234
v -4.859303 0.007471 -1.889796
v -4.862036 0.009553 -1.888715
v -0.811096 0.021541 -2.874054
v -0.829588 0.002500 -2.869515
v -0.834127 0.021541 -2.888007
v -0.811726 0.016614 -2.873899
v -0.813575 0.012019 -2.873446
v -0.816513 0.008077 -2.872725
v -0.812900 0.021541 -2.878684
v -0.813687 0.016417 -2.878650
v -0.815537 0.011990 -2.878111
v -0.818114 0.008536 -2.877373
v -0.815845 0.021541 -2.882693
v -0.816635 0.016513 -2.882534
v -0.818086 0.012466 -2.881677
v -0.820013 0.009555 -2.880794
v -0.821532 0.010547 -2.882812
v -0.830763 0.003148 -2.874300
v -0.831858 0.005052 -2.878762
v -0.832798 0.008077 -2.882591
v -0.824804 0.003148 -2.870689
v -0.825874 0.003920 -2.875702
v -0.827010 0.005845 -2.879982
v -0.827933 0.008524 -2.883312
v -0.820341 0.005052 -2.871785
v -0.821506 0.005858 -2.876675
v -0.822943 0.007471 -2.880490
v -0.824024 0.009553 -2.883223
v -0.829188 0.021541 -2.888551
v -0.824271 0.021541 -2.887798
v -0.819722 0.021541 -2.885800
v -0.833972 0.016614 -2.887377
v -0.828813 0.016459 -2.887849
v -0.824054 0.016542 -2.887034
v -0.820061 0.016644 -2.885257
v -0.833519 0.012019 -2.885529
v -0.828444 0.011984 -2.885944
v -0.824129 0.012471 -2.885342
v -0.820805 0.012870 -2.884014
v -3.880457 0.021541 2.140129
v -3.857426 0.021541 2.154081
v -3.861965 0.040581 2.135590
v -3.878653 0.021541 2.144758
v -3.875709 0.021541 2.148767
v -3.871831 0.021541 2.151875
v -3.879827 0.026467 2.139974
v -3.877856 0.026622 2.144765
v -3.874931 0.026539 2.148606
v -3.871507 0.026437 2.151322
v -3.877978 0.031062 2.139520
v -3.875998 0.031097 2.144210
v -3.873466 0.030610 2.147756
v -3.870750 0.030211 2.150087
v -3.870021 0.032534 2.148886
v -3.857581 0.026467 2.153451
v -3.858035 0.031062 2.151603
v -3.858756 0.035004 2.148665
v -3.862365 0.021541 2.154626
v -3.862700 0.026664 2.153913
v -3.863078 0.031092 2.152023
v -3.863617 0.034545 2.149398
v -3.867282 0.021541 2.153872
v -3.867507 0.026568 2.153098
v -3.867419 0.030615 2.151415
v -3.867528 0.033527 2.149298
v -3.866749 0.039933 2.136764
v -3.871212 0.038029 2.137859
v -3.875041 0.035004 2.138799
v -3.860791 0.039933 2.140374
v -3.865729 0.039161 2.141746
v -3.870049 0.037236 2.142721
v -3.873428 0.034558 2.143445
v -3.859695 0.038029 2.144837
v -3.864569 0.037223 2.146069
v -3.868616 0.035610 2.146561
v -3.871539 0.033528 2.146867
v 0.161315 0.021541 1.167718
v 0.175268 0.021541 1.144687
v 0.156776 0.040581 1.149226
v 0.165944 0.021541 1.165913
v 0.169953 0.021541 1.162969
v 0.173061 0.021541 1.159092
v 0.161160 0.026467 1.167088
v 0.165951 0.026622 1.165117
v 0.169793 0.026539 1.162192
v 0.172509 0.026437 1.158767
v 0.160706 0.031062 1.165239
v 0.165396 0.031097 1.163258
v 0.168942 0.030610 1.160726
v 0.171274 0.030211 1.158010
v 0.170072 0.032534 1.157281
v 0.174638 0.026467 1.144841
v 0.172789 0.031062 1.145295
v 0.169851 0.035004 1.146016
v 0.175812 0.021541 1.149626
v 0.175099 0.026664 1.149961
v 0.173210 0.031092 1.150339
v 0.170584 0.034545 1.150878
v 0.175059 0.021541 1.154543
v 0.174284 0.026568 1.154768
v 0.172601 0.030615 1.154680
v 0.170485 0.033527 1.154789
v 0.157950 0.039933 1.154010
v 0.159045 0.038029 1.158473
v 0.159985 0.035004 1.162301
v 0.161560 0.039933 1.148051
v 0.162932 0.039161 1.152990
v 0.163907 0.037236 1.157310
v 0.164631 0.034558 1.160689
v 0.166023 0.038029 1.146956
v 0.167255 0.037223 1.151830
v 0.167747 0.035610 1.155876
v 0.168054 0.033528 1.158799
v -4.866821 0.021541 -1.878613
v -4.848329 0.040581 -1.883151
v -4.852868 0.021541 -1.901643
v -4.866191 0.026467 -1.878767
v -4.864342 0.031062 -1.879221
v -4.861404 0.035004 -1.879942
v -4.867365 0.021541 -1.883551
v -4.866652 0.026664 -1.883886
v -4.864763 0.031092 -1.884264
v -4.862138 0.034545 -1.884803
v -4.866612 0.021541 -1.888468
v -4.865838 0.026568 -1.888694
v -4.864155 0.030615 -1.888606
v -4.862038 0.033527 -1.888715
v -4.861626 0.032534 -1.891207
v -4.849503 0.039933 -1.887936
v -4.850598 0.038029 -1.892398
v -4.851538 0.035004 -1.896227
v -4.853113 0.039933 -1.881977
v -4.854485 0.039161 -1.886915
v -4.855460 0.037236 -1.891235
v -4.856184 0.034558 -1.894614
v -4.857576 0.038029 -1.880881
v -4.858808 0.037223 -1.885755
v -4.859300 0.035610 -1.889802
v -4.859607 0.033528 -1.892725
v -4.857497 0.021541 -1.899839
v -4.861506 0.021541 -1.896895
v -4.864614 0.021541 -1.893017
v -4.852713 0.026467 -1.901013
v -4.857504 0.026622 -1.899042
v -4.861346 0.026539 -1.896117
v -4.864062 0.026437 -1.892693
v -4.852259 0.031062 -1.899165
v -4.856949 0.031097 -1.897184
v -4.860495 0.030610 -1.894652
v -4.862827 0.030211 -1.891936
v -0.811096 0.021541 -2.874054
v -0.834127 0.021541 -2.888007
v -0.829588 0.040581 -2.869515
v -0.812900 0.021541 -2.878684
v -0.815845 0.021541 -2.882693
v -0.819722 0.021541 -2.885800
v -0.811726 0.026467 -2.873899
v -0.813697 0.026622 -2.878691
v -0.816622 0.026539 -2.882532
v -0.820046 0.026437 -2.885248
v -0.813575 0.031062 -2.873446
v -0.815556 0.031097 -2.878136
v -0.818087 0.030610 -2.881681
v -0.820803 0.030211 -2.884013
v -0.821532 0.032534 -2.882812
v -0.833972 0.026467 -2.887377
v -0.833519 0.031062 -2.885529
v -0.832798 0.035004 -2.882591
v -0.829188 0.021541 -2.888551
v -0.828853 0.026664 -2.887839
v -0.828475 0.031092 -2.885949
v -0.827936 0.034545 -2.883324
v -0.824271 0.021541 -2.887798
v -0.824046 0.026568 -2.887024
v -0.824134 0.030615 -2.885341
v -0.824025 0.033527 -2.883224
v -0.824804 0.039933 -2.870689
v -0.820341 0.038029 -2.871785
v -0.816513 0.035004 -2.872725
v -0.830763 0.039933 -2.874300
v -0.825824 0.039161 -2.875671
v -0.821504 0.037236 -2.876646
v -0.818125 0.034558 -2.877370
v -0.831858 0.038029 -2.878762
v -0.826984 0.037223 -2.879994
v -0.822937 0.035610 -2.880486
v -0.820014 0.033528 -2.880793
vn -0.9419 -0.0671 0.3292
vn -0.0490 -0.9955 0.0809
vn 0.1884 -0.0668 0.9798
vn -0.9195 -0.2593 0.2955
vn -0.8238 -0.4989 0.2690
vn -0.6703 -0.7058 0.2292
vn -0.8517 -0.0681 0.5196
vn -0.8391 -0.2634 0.4760
vn -0.7484 -0.4951 0.4413
vn -0.6092 -0.6861 0.3977
vn -0.7090 -0.0653 0.7022
vn -0.6899 -0.2511 0.6790
vn -0.6228 -0.4637 0.6301
vn -0.5124 -0.6352 0.5780
vn -0.4231 -0.5774 0.6983
vn -0.0040 -0.9634 0.2679
vn 0.0560 -0.8642 0.5000
vn 0.1072 -0.7057 0.7004
vn -0.2357 -0.9633 0.1280
vn -0.1919 -0.9283 0.3184
vn -0.1250 -0.8321 0.5404
vn -0.0705 -0.6865 0.7237
vn -0.4688 -0.8643 0.1824
vn -0.4209 -0.8318 0.3618
vn -0.3396 -0.7551 0.5608
vn -0.2751 -0.6354 0.7215
vn -0.0081 -0.0680 0.9977
vn -0.2333 -0.0646 0.9703
vn -0.4741 -0.0634 0.8782
vn 0.1634 -0.2595 0.9518
vn -0.0346 -0.2623 0.9644
vn -0.2825 -0.2502 0.9261
vn -0.5027 -0.2410 0.8302
vn 0.1425 -0.4987 0.8550
vn -0.0455 -0.4950 0.8677
vn -0.2704 -0.4635 0.8438
vn -0.4654 -0.4392 0.7684
vn 0.2867 -0.0668 0.9557
vn 0.0809 -0.9955 0.0490
vn 0.9873 -0.0671 -0.1443
vn 0.2955 -0.2592 0.9195
vn 0.2690 -0.4989 0.8238
vn 0.2292 -0.7058 0.6703
vn 0.4693 -0.0684 0.8804
vn 0.4760 -0.2634 0.8391
vn 0.4413 -0.4951 0.7484
vn 0.3977 -0.6861 0.6092
vn 0.6558 -0.0652 0.7521
vn 0.6790 -0.2511 0.6899
vn 0.6301 -0.4637 0.6229
vn 0.5780 -0.6351 0.5124
vn 0.6983 -0.5774 0.4231
vn 0.2679 -0.9634 0.0040
vn 0.5000 -0.8642 -0.0560
vn 0.7004 -0.7056 -0.1072
vn 0.1280 -0.9633 0.2357
vn 0.3183 -0.9283 0.1919
vn 0.5404 -0.8321 0.1250
vn 0.7237 -0.6865 0.0706
vn 0.1824 -0.8643 0.4688
vn 0.3618 -0.8318 0.4209
vn 0.5608 -0.7551 0.3396
vn 0.7215 -0.6354 0.2751
vn 0.9955 -0.0677 0.0660
vn 0.9535 -0.0647 0.2943
vn 0.8267 -0.0634 0.5590
vn 0.9518 -0.2595 -0.1634
vn 0.9644 -0.2623 0.0346
vn 0.9261 -0.2502 0.2825
vn 0.8302 -0.2410 0.5027
vn 0.8550 -0.4987 -0.1425
vn 0.8677 -0.4950 0.0455
vn 0.8439 -0.4635 0.2704
vn 0.7685 -0.4392 0.4654
vn -0.9815 -0.0669 0.1791
vn -0.3086 -0.0669 -0.9488
vn -0.0809 -0.9955 -0.0490
vn -0.9977 -0.0678 -0.0046
vn -0.9608 -0.0650 -0.2694
vn -0.8436 -0.0630 -0.5333
vn -0.9518 -0.2595 0.1634
vn -0.9644 -0.2623 -0.0346
vn -0.9261 -0.2502 -0.2825
vn -0.8302 -0.2410 -0.5027
vn -0.8550 -0.4987 0.1425
vn -0.8677 -0.4950 -0.0455
vn -0.8439 -0.4635 -0.2704
vn -0.7685 -0.4392 -0.4654
vn -0.6983 -0.5774 -0.4231
vn -0.2955 -0.2592 -0.9195
vn -0.2690 -0.4989 -0.8238
vn -0.2292 -0.7058 -0.6703
vn -0.4895 -0.0681 -0.8694
vn -0.4760 -0.2634 -0.8391
vn -0.4413 -0.4951 -0.7484
vn -0.3977 -0.6861 -0.6092
vn -0.6791 -0.0653 -0.7312
vn -0.6790 -0.2511 -0.6899
vn -0.6301 -0.4637 -0.6229
vn -0.5780 -0.6351 -0.5124
vn -0.2679 -0.9634 -0.0040
vn -0.5000 -0.8642 0.0560
vn -0.7004 -0.7056 0.1072
vn -0.1280 -0.9633 -0.2357
vn -0.3183 -0.9283 -0.1919
vn -0.5404 -0.8321 -0.1250
vn -0.7237 -0.6865 -0.0706
vn -0.1824 -0.8643 -0.4688
vn -0.3618 -0.8318 -0.4209
vn -0.5608 -0.7551 -0.3396
vn -0.7215 -0.6354 -0.2751
vn 0.9419 -0.0671 -0.3292
vn 0.0490 -0.9955 -0.0809
vn -0.1884 -0.0668 -0.9798
vn 0.9195 -0.2593 -0.2955
vn 0.8238 -0.4989 -0.2690
vn 0.6703 -0.7058 -0.2292
vn 0.8517 -0.0681 -0.5196
vn 0.8391 -0.2634 -0.4760
vn 0.7484 -0.4951 -0.4413
vn 0.6092 -0.6861 -0.3977
vn 0.7090 -0.0653 -0.7022
vn 0.6899 -0.2511 -0.6790
vn 0.6228 -0.4637 -0.6301
vn 0.5124 -0.6352 -0.5780
vn 0.4231 -0.5774 -0.6983
vn 0.0040 -0.9634 -0.2679
vn -0.0560 -0.8642 -0.5000
vn -0.1072 -0.7057 -0.7004
vn 0.2357 -0.9633 -0.1280
vn 0.1919 -0.9283 -0.3184
vn 0.1250 -0.8321 -0.5404
vn 0.0705 -0.6865 -0.7237
vn 0.4688 -0.8643 -0.1824
vn 0.4209 -0.8318 -0.3618
vn 0.3396 -0.7551 -0.5608
vn 0.2751 -0.6354 -0.7215
vn 0.0081 -0.0680 -0.9977
vn 0.2333 -0.0646 -0.9703
vn 0.4741 -0.0634 -0.8782
vn -0.1634 -0.2595 -0.9518
vn 0.0346 -0.2623 -0.9644
vn 0.2825 -0.2502 -0.9261
vn 0.5027 -0.2410 -0.8302
vn -0.1425 -0.4987 -0.8550
vn 0.0455 -0.4950 -0.8677
vn 0.2704 -0.4635 -0.8438
vn 0.4654 -0.4392 -0.7684
vn -0.9419 0.0671 0.3292
vn 0.1884 0.0668 0.9798
vn -0.0490 0.9955 0.0809
vn -0.8518 0.0677 0.5194
vn -0.7089 0.0647 0.7023
vn -0.4740 0.0634 0.8783
vn -0.9193 0.2595 0.2958
vn -0.8388 0.2623 0.4771
vn -0.6900 0.2502 0.6791
vn -0.5031 0.2410 0.8299
vn -0.8238 0.4987 0.2695
vn -0.7480 0.4950 0.4421
vn -0.6228 0.4635 0.6303
vn -0.4657 0.4392 0.7683
vn -0.4231 0.5774 0.6983
vn 0.1638 0.2593 0.9518
vn 0.1430 0.4989 0.8547
vn 0.1072 0.7058 0.7003
vn -0.0084 0.0684 0.9976
vn -0.0334 0.2634 0.9641
vn -0.0446 0.4951 0.8677
vn -0.0704 0.6861 0.7241
vn -0.2330 0.0652 0.9703
vn -0.2825 0.2511 0.9258
vn -0.2701 0.4637 0.8438
vn -0.2751 0.6351 0.7218
vn -0.2356 0.9634 0.1276
vn -0.4691 0.8642 0.1819
vn -0.6705 0.7056 0.2292
vn -0.0043 0.9633 0.2682
vn -0.1933 0.9283 0.3175
vn -0.4212 0.8321 0.3610
vn -0.6088 0.6865 0.3976
vn 0.0554 0.8643 0.4999
vn -0.1258 0.8318 0.5406
vn -0.3399 0.7551 0.5606
vn -0.5122 0.6354 0.5779
vn 0.2867 0.0668 0.9557
vn 0.9873 0.0671 -0.1443
vn 0.0809 0.9955 0.0490
vn 0.4691 0.0680 0.8805
vn 0.6560 0.0646 0.7520
vn 0.8268 0.0634 0.5589
vn 0.2958 0.2595 0.9193
vn 0.4771 0.2623 0.8388
vn 0.6791 0.2502 0.6901
vn 0.8299 0.2410 0.5031
vn 0.2695 0.4987 0.8238
vn 0.4421 0.4950 0.7480
vn 0.6303 0.4635 0.6228
vn 0.7683 0.4392 0.4656
vn 0.6983 0.5774 0.4231
vn 0.9518 0.2593 -0.1638
vn 0.8548 0.4989 -0.1430
vn 0.7003 0.7058 -0.1072
vn 0.9955 0.0681 0.0662
vn 0.9641 0.2634 0.0334
vn 0.8677 0.4951 0.0446
vn 0.7241 0.6861 0.0704
vn 0.9535 0.0653 0.2941
vn 0.9258 0.2511 0.2825
vn 0.8438 0.4637 0.2701
vn 0.7217 0.6352 0.2751
vn 0.1276 0.9634 0.2356
vn 0.1819 0.8642 0.4691
vn 0.2292 0.7057 0.6704
vn 0.2682 0.9633 0.0043
vn 0.3175 0.9283 0.1933
vn 0.3610 0.8321 0.4212
vn 0.3976 0.6865 0.6088
vn 0.4999 0.8643 -0.0554
vn 0.5406 0.8318 0.1258
vn 0.5607 0.7551 0.3399
vn 0.5779 0.6354 0.5122
vn -0.9815 0.0669 0.1791
vn -0.0809 0.9955 -0.0490
vn -0.3086 0.0669 -0.9488
vn -0.9518 0.2593 0.1638
vn -0.8548 0.4989 0.1430
vn -0.7003 0.7058 0.1072
vn -0.9977 0.0681 -0.0048
vn -0.9641 0.2634 -0.0334
vn -0.8677 0.4951 -0.0446
vn -0.7241 0.6861 -0.0704
vn -0.9609 0.0655 -0.2692
vn -0.9258 0.2511 -0.2825
vn -0.8438 0.4637 -0.2701
vn -0.7217 0.6352 -0.2751
vn -0.6983 0.5774 -0.4231
vn -0.1276 0.9634 -0.2356
vn -0.1819 0.8642 -0.4691
vn -0.2292 0.7057 -0.6704
vn -0.2682 0.9633 -0.0043
vn -0.3175 0.9283 -0.1933
vn -0.3610 0.8321 -0.4212
vn -0.3976 0.6865 -0.6088
vn -0.4999 0.8643 0.0554
vn -0.5406 0.8318 -0.1258
vn -0.5607 0.7551 -0.3399
vn -0.5779 0.6354 -0.5122
vn -0.4893 0.0677 -0.8695
vn -0.6793 0.0647 -0.7310
vn -0.8437 0.0630 -0.5331
vn -0.2958 0.2595 -0.9193
vn -0.4771 0.2623 -0.8388
vn -0.6791 0.2502 -0.6901
vn -0.8299 0.2410 -0.5031
vn -0.2695 0.4987 -0.8238
vn -0.4421 0.4950 -0.7480
vn -0.6303 0.4635 -0.6228
vn -0.7683 0.4392 -0.4656
vn 0.9419 0.0671 -0.3292
vn -0.1884 0.0668 -0.9798
vn 0.0490 0.9955 -0.0809
vn 0.8518 0.0677 -0.5194
vn 0.7089 0.0647 -0.7023
vn 0.4740 0.0634 -0.8783
vn 0.9193 0.2595 -0.2958
vn 0.8388 0.2623 -0.4771
vn 0.6900 0.2502 -0.6791
vn 0.5031 0.2410 -0.8299
vn 0.8238 0.4987 -0.2695
vn 0.7480 0.4950 -0.4421
vn 0.6228 0.4635 -0.6303
vn 0.4657 0.4392 -0.7683
vn 0.4231 0.5774 -0.6983
vn -0.1638 0.2593 -0.9518
vn -0.1430 0.4989 -0.8547
vn -0.1072 0.7058 -0.7003
vn 0.0084 0.0684 -0.9976
vn 0.0334 0.2634 -0.9641
vn 0.0446 0.4951 -0.8677
vn 0.0704 0.6861 -0.7241
vn 0.2330 0.0652 -0.9703
vn 0.2825 0.2511 -0.9258
vn 0.2701 0.4637 -0.8438
vn 0.2751 0.6351 -0.7218
vn 0.2356 0.9634 -0.1276
vn 0.4691 0.8642 -0.1819
vn 0.6705 0.7056 -0.2292
vn 0.0043 0.9633 -0.2682
vn 0.1933 0.9283 -0.3175
vn 0.4212 0.8321 -0.3610
vn 0.6088 0.6865 -0.3976
vn -0.0554 0.8643 -0.4999
vn 0.1258 0.8318 -0.5406
vn 0.3399 0.7551 -0.5606
vn 0.5122 0.6354 -0.5779
vt -0.400039 0.500000
vt -0.400039 0.497857
vt -0.402249 0.497771
vt -0.402182 0.500000
vt -0.400039 0.495858
vt -0.402213 0.495845
vt -0.400039 0.491717
vt -0.402169 0.491717
vt -0.404196 0.497813
vt -0.404181 0.500000
vt -0.403984 0.496053
vt -0.403811 0.491717
vt -0.408322 0.497870
vt -0.408322 0.500000
vt -0.408322 0.496228
vt -0.406571 0.493468
vt -0.400039 -0.400039
vt -0.400039 -0.402182
vt -0.402249 -0.402268
vt -0.402182 -0.400039
vt -0.400039 -0.404181
vt -0.402213 -0.404194
vt -0.400039 -0.408322
vt -0.402169 -0.408322
vt -0.404196 -0.402226
vt -0.404181 -0.400039
vt -0.403984 -0.403986
vt -0.403811 -0.408322
vt -0.408322 -0.402169
vt -0.408322 -0.400039
vt -0.408322 -0.403811
vt -0.404821 -0.408322
vt -0.400039 0.500000
vt -0.402268 0.497789
vt -0.400039 0.497857
vt -0.404181 0.500000
vt -0.404194 0.497826
vt -0.402226 0.495843
vt -0.403986 0.496055
vt -0.402169 0.491717
vt -0.400039 0.491717
vt -0.403811 0.491717
vt 1.400039 0.500000
vt 1.400039 0.497857
vt 1.402249 0.497771
vt 1.402182 0.500000
vt 1.400039 0.495858
vt 1.402213 0.495845
vt 1.400039 0.491717
vt 1.402169 0.491717
vt 1.404196 0.497813
vt 1.404181 0.500000
vt 1.403984 0.496053
vt 1.403811 0.491717
vt 1.408322 0.497870
vt 1.408322 0.500000
vt 1.408322 0.496228
vt 1.404821 0.491717
vt 1.400039 -0.400039
vt 1.402182 -0.400039
vt 1.402268 -0.402249
vt 1.400039 -0.402182
vt 1.404181 -0.400039
vt 1.404194 -0.402213
vt 1.408322 -0.400039
vt 1.408322 -0.402169
vt 1.402225 -0.404196
vt 1.400039 -0.404181
vt 1.403986 -0.403984
vt 1.408322 -0.403811
vt 1.402169 -0.408322
vt 1.400039 -0.408322
vt 1.403811 -0.408322
vt 1.408322 -0.404821
vt -0.408322 0.496228
vt -0.408322 0.495218
vt 1.400039 0.500000
vt 1.402182 0.500000
vt 1.402267 0.497789
vt 1.400039 0.497857
vt 1.404194 0.497826
vt 1.402226 0.495843
vt 1.400039 0.495858
vt 1.403986 0.496055
vt 1.402169 0.491717
vt 1.400039 0.491717
vt 1.403811 0.491717
vt 1.408322 0.495218
vt -0.404821 0.491717
vt -0.400039 1.400039
vt -0.402182 1.400039
vt -0.402268 1.402249
vt -0.400039 1.402182
vt -0.404181 1.400039
vt -0.404194 1.402213
vt -0.408322 1.400039
vt -0.408322 1.402169
vt -0.402226 1.404196
vt -0.400039 1.404181
vt -0.403986 1.403984
vt -0.408322 1.403811
vt -0.402169 1.408322
vt -0.400039 1.408322
vt -0.403811 1.408322
vt -0.408322 1.404821
vt 1.408322 0.496228
vt 1.406571 0.493468
vt 1.400039 1.400039
vt 1.400039 1.402182
vt 1.402249 1.402268
vt 1.402182 1.400039
vt 1.400039 1.404181
vt 1.402213 1.404194
vt 1.400039 1.408322
vt 1.402169 1.408322
vt 1.404196 1.402226
vt 1.404181 1.400039
vt 1.403984 1.403986
vt 1.403811 1.408322
vt 1.408322 1.402169
vt 1.408322 1.400039
vt 1.408322 1.403811
vt 1.404821 1.408322
vt -0.402182 0.500000
vt -0.402268 0.502210
vt -0.400039 0.502143
vt -0.404194 0.502174
vt -0.408322 0.502130
vt -0.402226 0.504157
vt -0.400039 0.504142
vt -0.403986 0.503945
vt -0.408322 0.503772
vt -0.402169 0.508283
vt -0.400039 0.508283
vt -0.403811 0.508283
vt -0.406571 0.506532
vt -0.400039 0.500000
vt -0.400039 0.502143
vt -0.402249 0.502229
vt -0.402182 0.500000
vt -0.400039 0.504142
vt -0.402213 0.504155
vt -0.400039 0.508283
vt -0.402169 0.508283
vt -0.404196 0.502187
vt -0.403984 0.503947
vt -0.403811 0.508283
vt -0.402268 -0.402249
vt -0.404194 -0.402213
vt -0.408322 -0.400039
vt -0.408322 -0.402169
vt -0.402226 -0.404196
vt -0.403986 -0.403984
vt -0.408322 -0.403811
vt -0.402169 -0.408322
vt -0.400039 -0.408322
vt -0.408322 -0.404821
vt 1.402182 0.500000
vt 1.402268 0.502210
vt 1.400039 0.502143
vt 1.404194 0.502174
vt 1.408322 0.502130
vt 1.402226 0.504157
vt 1.400039 0.504142
vt 1.403986 0.503945
vt 1.408322 0.503772
vt 1.402169 0.508283
vt 1.400039 0.508283
vt 1.403811 0.508283
vt 1.408322 0.504782
vt -0.408322 0.503772
vt -0.404821 0.508283
vt 1.400039 -0.400039
vt 1.400039 -0.402182
vt 1.402249 -0.402268
vt 1.400039 -0.404181
vt 1.402213 -0.404194
vt 1.400039 -0.408322
vt 1.404196 -0.402226
vt 1.404181 -0.400039
vt 1.403984 -0.403986
vt 1.408322 -0.402169
vt 1.408322 -0.400039
vt 1.404821 -0.408322
vt 1.400039 0.502143
vt 1.402249 0.502229
vt 1.402182 0.500000
vt 1.402213 0.504155
vt 1.404196 0.502187
vt 1.403984 0.503947
vt 1.403811 0.508283
vt 1.408322 0.500000
vt 1.408322 0.503772
vt 1.404821 0.508283
vt -0.400039 1.400039
vt -0.402249 1.402268
vt -0.402182 1.400039
vt -0.400039 1.404181
vt -0.402213 1.404194
vt -0.400039 1.408322
vt -0.402169 1.408322
vt -0.404196 1.402225
vt -0.404181 1.400039
vt -0.403984 1.403986
vt -0.403811 1.408322
vt -0.408322 1.402169
vt -0.408322 1.400039
vt -0.404821 1.408322
vt -0.402182 0.500000
vt -0.402268 0.502210
vt -0.400039 0.502143
vt -0.404181 0.500000
vt -0.404194 0.502174
vt -0.402226 0.504157
vt -0.403986 0.503945
vt -0.408322 0.504782
vt 1.406571 0.506532
vt 1.402182 0.500000
vt 1.400039 0.504142
vt 1.402213 0.504155
vt 1.404196 0.502187
vt 1.402182 1.400039
vt 1.402268 1.402249
vt 1.400039 1.402182
vt 1.404181 1.400039
vt 1.404194 1.402213
vt 1.402226 1.404196
vt 1.400039 1.404181
vt 1.403986 1.403984
vt 1.402169 1.408322
vt 1.400039 1.408322
vt 1.408322 1.404821
s 1
f 2287/2816/2284 2290/2817/2287 2294/2818/2291 2293/2819/2290
f 2290/2817/2287 2291/2820/2288 2295/2821/2292 2294/2818/2291
f 2291/2820/2288 2292/2822/2289 2296/2823/2293 2295/2821/2292
f 2293/2819/2290 2294/2818/2291 2298/2824/2295 2297/2825/2294
f 2294/2818/2291 2295/2821/2292 2299/2826/2296 2298/2824/2295
f 2295/2821/2292 2296/2823/2293 2300/2827/2297 2299/2826/2296
f 2297/2825/2294 2298/2824/2295 2319/2828/2316 2315/2829/2312
f 2298/2824/2295 2299/2826/2296 2323/2830/2320 2319/2828/2316
f 2299/2826/2296 2300/2827/2297 2301/2831/2298 2323/2830/2320
f 2288/2832/2285 2302/2833/2299 2306/2834/2303 2305/2835/2302
f 2302/2833/2299 2303/2836/2300 2307/2837/2304 2306/2834/2303
f 2303/2836/2300 2304/2838/2301 2308/2839/2305 2307/2837/2304
f 2305/2835/2302 2306/2834/2303 2310/2840/2307 2309/2841/2306
f 2306/2834/2303 2307/2837/2304 2311/2842/2308 2310/2840/2307
f 2307/2837/2304 2308/2839/2305 2312/2843/2309 2311/2842/2308
f 2309/2841/2306 2310/2840/2307 2296/2844/2293 2292/2845/2289
f 2310/2840/2307 2311/2842/2308 2300/2846/2297 2296/2844/2293
f 2311/2842/2308 2312/2843/2309 2301/2847/2298 2300/2846/2297
f 2289/2848/2286 2313/2819/2310 2317/2849/2314 2316/2850/2313
f 2313/2819/2310 2314/2851/2311 2318/2852/2315 2317/2849/2314
f 2314/2851/2311 2315/2829/2312 2319/2828/2316 2318/2852/2315
f 2316/2850/2313 2317/2849/2314 2321/2853/2318 2320/2820/2317
f 2317/2849/2314 2318/2852/2315 2322/2854/2319 2321/2853/2318
f 2318/2852/2315 2319/2828/2316 2323/2830/2320 2322/2854/2319
f 2320/2820/2317 2321/2853/2318 2308/2855/2305 2304/2856/2301
f 2321/2853/2318 2322/2854/2319 2312/2857/2309 2308/2855/2305
f 2322/2854/2319 2323/2830/2320 2301/2831/2298 2312/2857/2309
f 2324/2858/2321 2327/2859/2324 2331/2860/2328 2330/2861/2327
f 2327/2859/2324 2328/2862/2325 2332/2863/2329 2331/2860/2328
f 2328/2862/2325 2329/2864/2326 2333/2865/2330 2332/2863/2329
f 2330/2861/2327 2331/2860/2328 2335/2866/2332 2334/2867/2331
f 2331/2860/2328 2332/2863/2329 2336/2868/2333 2335/2866/2332
f 2332/2863/2329 2333/2865/2330 2337/2869/2334 2336/2868/2333
f 2334/2867/2331 2335/2866/2332 2356/2870/2353 2352/2871/2349
f 2335/2866/2332 2336/2868/2333 2360/2872/2357 2356/2870/2353
f 2336/2868/2333 2337/2869/2334 2338/2873/2335 2360/2872/2357
f 2325/2874/2322 2339/2875/2336 2343/2876/2340 2342/2877/2339
f 2339/2875/2336 2340/2878/2337 2344/2879/2341 2343/2876/2340
f 2340/2878/2337 2341/2880/2338 2345/2881/2342 2344/2879/2341
f 2342/2877/2339 2343/2876/2340 2347/2882/2344 2346/2883/2343
f 2343/2876/2340 2344/2879/2341 2348/2884/2345 2347/2882/2344
f 2344/2879/2341 2345/2881/2342 2349/2885/2346 2348/2884/2345
f 2346/2883/2343 2347/2882/2344 2333/2886/2330 2329/2887/2326
f 2347/2882/2344 2348/2884/2345 2337/2888/2334 2333/2886/2330
f 2348/2884/2345 2349/2885/2346 2338/2889/2335 2337/2888/2334
f 2326/2848/2323 2350/2819/2347 2354/2849/2351 2353/2850/2350
f 2350/2819/2347 2351/2851/2348 2355/2852/2352 2354/2849/2351
f 2351/2851/2348 2352/2829/2349 2356/2828/2353 2355/2852/2352
f 2353/2850/2350 2354/2849/2351 2358/2853/2355 2357/2820/2354
f 2354/2849/2351 2355/2852/2352 2359/2854/2356 2358/2853/2355
f 2355/2852/2352 2356/2828/2353 2360/2890/2357 2359/2854/2356
f 2357/2820/2354 2358/2853/2355 2345/2855/2342 2341/2856/2338
f 2358/2853/2355 2359/2854/2356 2349/2857/2346 2345/2855/2342
f 2359/2854/2356 2360/2890/2357 2338/2891/2335 2349/2857/2346
f 2361/2892/2358 2364/2893/2361 2368/2894/2365 2367/2895/2364
f 2364/2893/2361 2365/2867/2362 2369/2896/2366 2368/2894/2365
f 2365/2867/2362 2366/2871/2363 2370/2870/2367 2369/2896/2366
f 2367/2895/2364 2368/2894/2365 2372/2897/2369 2371/2898/2368
f 2368/2894/2365 2369/2896/2366 2373/2899/2370 2372/2897/2369
f 2369/2896/2366 2370/2870/2367 2374/2872/2371 2373/2899/2370
f 2371/2898/2368 2372/2897/2369 2393/2900/2390 2389/2901/2386
f 2372/2897/2369 2373/2899/2370 2397/2902/2394 2393/2900/2390
f 2373/2899/2370 2374/2872/2371 2375/2903/2372 2397/2902/2394
f 2362/2816/2359 2376/2817/2373 2380/2818/2377 2379/2819/2376
f 2376/2817/2373 2377/2820/2374 2381/2821/2378 2380/2818/2377
f 2377/2820/2374 2378/2822/2375 2382/2823/2379 2381/2821/2378
f 2379/2819/2376 2380/2818/2377 2384/2824/2381 2383/2825/2380
f 2380/2818/2377 2381/2821/2378 2385/2826/2382 2384/2824/2381
f 2381/2821/2378 2382/2823/2379 2386/2827/2383 2385/2826/2382
f 2383/2825/2380 2384/2824/2381 2370/2828/2367 2366/2829/2363
f 2384/2824/2381 2385/2826/2382 2374/2890/2371 2370/2828/2367
f 2385/2826/2382 2386/2827/2383 2375/2904/2372 2374/2890/2371
f 2363/2905/2360 2387/2906/2384 2391/2907/2388 2390/2908/2387
f 2387/2906/2384 2388/2909/2385 2392/2910/2389 2391/2907/2388
f 2388/2909/2385 2389/2911/2386 2393/2912/2390 2392/2910/2389
f 2390/2908/2387 2391/2907/2388 2395/2913/2392 2394/2914/2391
f 2391/2907/2388 2392/2910/2389 2396/2915/2393 2395/2913/2392
f 2392/2910/2389 2393/2912/2390 2397/2916/2394 2396/2915/2393
f 2394/2914/2391 2395/2913/2392 2382/2917/2379 2378/2918/2375
f 2395/2913/2392 2396/2915/2393 2386/2919/2383 2382/2917/2379
f 2396/2915/2393 2397/2916/2394 2375/2920/2372 2386/2919/2383
f 2398/2858/2395 2401/2859/2398 2405/2860/2402 2404/2861/2401
f 2401/2859/2398 2402/2862/2399 2406/2863/2403 2405/2860/2402
f 2402/2862/2399 2403/2864/2400 2407/2865/2404 2406/2863/2403
f 2404/2861/2401 2405/2860/2402 2409/2866/2406 2408/2867/2405
f 2405/2860/2402 2406/2863/2403 2410/2868/2407 2409/2866/2406
f 2406/2863/2403 2407/2865/2404 2411/2869/2408 2410/2868/2407
f 2408/2867/2405 2409/2866/2406 2430/2870/2427 2426/2871/2423
f 2409/2866/2406 2410/2868/2407 2434/2921/2431 2430/2870/2427
f 2410/2868/2407 2411/2869/2408 2412/2922/2409 2434/2921/2431
f 2399/2923/2396 2413/2924/2410 2417/2925/2414 2416/2926/2413
f 2413/2924/2410 2414/2927/2411 2418/2928/2415 2417/2925/2414
f 2414/2927/2411 2415/2929/2412 2419/2930/2416 2418/2928/2415
f 2416/2926/2413 2417/2925/2414 2421/2931/2418 2420/2932/2417
f 2417/2925/2414 2418/2928/2415 2422/2933/2419 2421/2931/2418
f 2418/2928/2415 2419/2930/2416 2423/2934/2420 2422/2933/2419
f 2420/2932/2417 2421/2931/2418 2407/2935/2404 2403/2936/2400
f 2421/2931/2418 2422/2933/2419 2411/2937/2408 2407/2935/2404
f 2422/2933/2419 2423/2934/2420 2412/2938/2409 2411/2937/2408
f 2400/2892/2397 2424/2893/2421 2428/2894/2425 2427/2895/2424
f 2424/2893/2421 2425/2867/2422 2429/2896/2426 2428/2894/2425
f 2425/2867/2422 2426/2871/2423 2430/2870/2427 2429/2896/2426
f 2427/2895/2424 2428/2894/2425 2432/2897/2429 2431/2898/2428
f 2428/2894/2425 2429/2896/2426 2433/2899/2430 2432/2897/2429
f 2429/2896/2426 2430/2870/2427 2434/2921/2431 2433/2899/2430
f 2431/2898/2428 2432/2897/2429 2419/2900/2416 2415/2901/2412
f 2432/2897/2429 2433/2899/2430 2423/2902/2420 2419/2900/2416
f 2433/2899/2430 2434/2921/2431 2412/2922/2409 2423/2902/2420
f 2435/2816/2432 2438/2939/2435 2442/2940/2439 2441/2941/2438
f 2438/2939/2435 2439/2851/2436 2443/2942/2440 2442/2940/2439
f 2439/2851/2436 2440/2829/2437 2444/2943/2441 2443/2942/2440
f 2441/2941/2438 2442/2940/2439 2446/2944/2443 2445/2945/2442
f 2442/2940/2439 2443/2942/2440 2447/2946/2444 2446/2944/2443
f 2443/2942/2440 2444/2943/2441 2448/2947/2445 2447/2946/2444
f 2445/2945/2442 2446/2944/2443 2467/2948/2464 2463/2949/2460
f 2446/2944/2443 2447/2946/2444 2471/2950/2468 2467/2948/2464
f 2447/2946/2444 2448/2947/2445 2449/2951/2446 2471/2950/2468
f 2436/2952/2433 2450/2953/2447 2454/2954/2451 2453/2955/2450
f 2450/2953/2447 2451/2956/2448 2455/2957/2452 2454/2954/2451
f 2451/2956/2448 2452/2958/2449 2456/2959/2453 2455/2957/2452
f 2453/2955/2450 2454/2954/2451 2458/2960/2455 2457/2851/2454
f 2454/2954/2451 2455/2957/2452 2459/2961/2456 2458/2960/2455
f 2455/2957/2452 2456/2959/2453 2460/2962/2457 2459/2961/2456
f 2457/2851/2454 2458/2960/2455 2444/2943/2441 2440/2829/2437
f 2458/2960/2455 2459/2961/2456 2448/2947/2445 2444/2943/2441
f 2459/2961/2456 2460/2962/2457 2449/2951/2446 2448/2947/2445
f 2437/2832/2434 2461/2835/2458 2465/2963/2462 2464/2833/2461
f 2461/2835/2458 2462/2841/2459 2466/2964/2463 2465/2963/2462
f 2462/2841/2459 2463/2965/2460 2467/2966/2464 2466/2964/2463
f 2464/2833/2461 2465/2963/2462 2469/2967/2466 2468/2836/2465
f 2465/2963/2462 2466/2964/2463 2470/2968/2467 2469/2967/2466
f 2466/2964/2463 2467/2966/2464 2471/2969/2468 2470/2968/2467
f 2468/2836/2465 2469/2967/2466 2456/2970/2453 2452/2971/2449
f 2469/2967/2466 2470/2968/2467 2460/2843/2457 2456/2970/2453
f 2470/2968/2467 2471/2969/2468 2449/2972/2446 2460/2843/2457
f 2472/2858/2469 2475/2973/2472 2479/2974/2476 2478/2975/2475
f 2475/2973/2472 2476/2867/2473 2480/2976/2477 2479/2974/2476
f 2476/2867/2473 2477/2871/2474 2481/2977/2478 2480/2976/2477
f 2478/2975/2475 2479/2974/2476 2483/2978/2480 2482/2979/2479
f 2479/2974/2476 2480/2976/2477 2484/2980/2481 2483/2978/2480
f 2480/2976/2477 2481/2977/2478 2485/2981/2482 2484/2980/2481
f 2482/2979/2479 2483/2978/2480 2504/2982/2501 2500/2983/2497
f 2483/2978/2480 2484/2980/2481 2508/2984/2505 2504/2982/2501
f 2484/2980/2481 2485/2981/2482 2486/2985/2483 2508/2984/2505
f 2473/2952/2470 2487/2953/2484 2491/2954/2488 2490/2955/2487
f 2487/2953/2484 2488/2956/2485 2492/2957/2489 2491/2954/2488
f 2488/2956/2485 2489/2958/2486 2493/2959/2490 2492/2957/2489
f 2490/2955/2487 2491/2954/2488 2495/2960/2492 2494/2851/2491
f 2491/2954/2488 2492/2957/2489 2496/2961/2493 2495/2960/2492
f 2492/2957/2489 2493/2959/2490 2497/2962/2494 2496/2961/2493
f 2494/2851/2491 2495/2960/2492 2481/2943/2478 2477/2829/2474
f 2495/2960/2492 2496/2961/2493 2485/2986/2482 2481/2943/2478
f 2496/2961/2493 2497/2962/2494 2486/2987/2483 2485/2986/2482
f 2474/2988/2471 2498/2989/2495 2502/2990/2499 2501/2875/2498
f 2498/2989/2495 2499/2991/2496 2503/2992/2500 2502/2990/2499
f 2499/2991/2496 2500/2993/2497 2504/2886/2501 2503/2992/2500
f 2501/2875/2498 2502/2990/2499 2506/2994/2503 2505/2995/2502
f 2502/2990/2499 2503/2992/2500 2507/2996/2504 2506/2994/2503
f 2503/2992/2500 2504/2886/2501 2508/2888/2505 2507/2996/2504
f 2505/2995/2502 2506/2994/2503 2493/2997/2490 2489/2998/2486
f 2506/2994/2503 2507/2996/2504 2497/2885/2494 2493/2997/2490
f 2507/2996/2504 2508/2888/2505 2486/2999/2483 2497/2885/2494
f 2509/2858/2506 2512/3000/2509 2516/3001/2513 2515/3002/2512
f 2512/3000/2509 2513/2979/2510 2517/3003/2514 2516/3001/2513
f 2513/2979/2510 2514/2983/2511 2518/2982/2515 2517/3003/2514
f 2515/3002/2512 2516/3001/2513 2520/3004/2517 2519/2867/2516
f 2516/3001/2513 2517/3003/2514 2521/3005/2518 2520/3004/2517
f 2517/3003/2514 2518/2982/2515 2522/3006/2519 2521/3005/2518
f 2519/2867/2516 2520/3004/2517 2541/2977/2538 2537/3007/2534
f 2520/3004/2517 2521/3005/2518 2545/3008/2542 2541/2977/2538
f 2521/3005/2518 2522/3006/2519 2523/3009/2520 2545/3008/2542
f 2510/3010/2507 2524/2908/2521 2528/3011/2525 2527/3012/2524
f 2524/2908/2521 2525/3013/2522 2529/3014/2526 2528/3011/2525
f 2525/3013/2522 2526/3015/2523 2530/3016/2527 2529/3014/2526
f 2527/3012/2524 2528/3011/2525 2532/3017/2529 2531/3018/2528
f 2528/3011/2525 2529/3014/2526 2533/3019/2530 2532/3017/2529
f 2529/3014/2526 2530/3016/2527 2534/3020/2531 2533/3019/2530
f 2531/3018/2528 2532/3017/2529 2518/3021/2515 2514/3022/2511
f 2532/3017/2529 2533/3019/2530 2522/2916/2519 2518/3021/2515
f 2533/3019/2530 2534/3020/2531 2523/3023/2520 2522/2916/2519
f 2511/2816/2508 2535/3024/2532 2539/3025/2536 2538/3026/2535
f 2535/3024/2532 2536/3027/2533 2540/3028/2537 2539/3025/2536
f 2536/3027/2533 2537/2829/2534 2541/2943/2538 2540/3028/2537
f 2538/3026/2535 2539/3025/2536 2543/3029/2540 2542/2945/2539
f 2539/3025/2536 2540/3028/2537 2544/3030/2541 2543/3029/2540
f 2540/3028/2537 2541/2943/2538 2545/2947/2542 2544/3030/2541
f 2542/2945/2539 2543/3029/2540 2530/2948/2527 2526/2949/2523
f 2543/3029/2540 2544/3030/2541 2534/2950/2531 2530/2948/2527
f 2544/3030/2541 2545/2947/2542 2523/3031/2520 2534/2950/2531
f 2546/2858/2543 2549/2973/2546 2553/2974/2550 2552/2975/2549
f 2549/2973/2546 2550/2867/2547 2554/2976/2551 2553/2974/2550
f 2550/2867/2547 2551/2871/2548 2555/2977/2552 2554/2976/2551
f 2552/2975/2549 2553/2974/2550 2557/2978/2554 2556/2979/2553
f 2553/2974/2550 2554/2976/2551 2558/2980/2555 2557/2978/2554
f 2554/2976/2551 2555/2977/2552 2559/2981/2556 2558/2980/2555
f 2556/2979/2553 2557/2978/2554 2578/2982/2575 2574/2983/2571
f 2557/2978/2554 2558/2980/2555 2582/2984/2579 2578/2982/2575
f 2558/2980/2555 2559/2981/2556 2560/3032/2557 2582/2984/2579
f 2547/2858/2544 2561/3000/2558 2565/3001/2562 2564/3033/2561
f 2561/3000/2558 2562/3034/2559 2566/3035/2563 2565/3001/2562
f 2562/3034/2559 2563/2983/2560 2567/2982/2564 2566/3035/2563
f 2564/3033/2561 2565/3001/2562 2569/3036/2566 2568/2867/2565
f 2565/3001/2562 2566/3035/2563 2570/3005/2567 2569/3036/2566
f 2566/3035/2563 2567/2982/2564 2571/3006/2568 2570/3005/2567
f 2568/2867/2565 2569/3036/2566 2555/2977/2552 2551/2871/2548
f 2569/3036/2566 2570/3005/2567 2559/2981/2556 2555/2977/2552
f 2570/3005/2567 2571/3006/2568 2560/3032/2557 2559/2981/2556
f 2548/2923/2545 2572/3037/2569 2576/3038/2573 2575/3039/2572
f 2572/3037/2569 2573/3040/2570 2577/3041/2574 2576/3038/2573
f 2573/3040/2570 2574/2936/2571 2578/2935/2575 2577/3041/2574
f 2575/3039/2572 2576/3038/2573 2580/3042/2577 2579/3043/2576
f 2576/3038/2573 2577/3041/2574 2581/3044/2578 2580/3042/2577
f 2577/3041/2574 2578/2935/2575 2582/2937/2579 2581/3044/2578
f 2579/3043/2576 2580/3042/2577 2567/3045/2564 2563/3046/2560
f 2580/3042/2577 2581/3044/2578 2571/2934/2568 2567/3045/2564
f 2581/3044/2578 2582/2937/2579 2560/3047/2557 2571/2934/2568
f 2363/2905/2360 2288/2832/2285 2305/2835/2302 2387/2906/2384
f 2387/2906/2384 2305/2835/2302 2309/2841/2306 2388/2909/2385
f 2388/2909/2385 2309/2841/2306 2292/2845/2289 2389/2911/2386
f 2389/2901/2386 2292/2822/2289 2291/2820/2288 2371/2898/2368
f 2371/2898/2368 2291/2820/2288 2290/2817/2287 2367/2895/2364
f 2367/2895/2364 2290/2817/2287 2287/2816/2284 2361/2892/2358
f 2288/2832/2285 2325/2874/2322 2342/2877/2339 2302/2833/2299
f 2302/2833/2299 2342/2877/2339 2346/2883/2343 2303/2836/2300
f 2303/2836/2300 2346/2883/2343 2329/2887/2326 2304/2838/2301
f 2304/2856/2301 2329/2864/2326 2328/2862/2325 2320/2820/2317
f 2320/2820/2317 2328/2862/2325 2327/2859/2324 2316/2850/2313
f 2316/2850/2313 2327/2859/2324 2324/2858/2321 2289/2848/2286
f 2325/2874/2322 2399/2923/2396 2416/2926/2413 2339/2875/2336
f 2339/2875/2336 2416/2926/2413 2420/2932/2417 2340/2878/2337
f 2340/2878/2337 2420/2932/2417 2403/2936/2400 2341/2880/2338
f 2341/2856/2338 2403/2864/2400 2402/2862/2399 2357/2820/2354
f 2357/2820/2354 2402/2862/2399 2401/2859/2398 2353/2850/2350
f 2353/2850/2350 2401/2859/2398 2398/2858/2395 2326/2848/2323
f 2399/2923/2396 2363/2905/2360 2390/2908/2387 2413/2924/2410
f 2413/2924/2410 2390/2908/2387 2394/2914/2391 2414/2927/2411
f 2414/2927/2411 2394/2914/2391 2378/2918/2375 2415/2929/2412
f 2415/2901/2412 2378/2822/2375 2377/2820/2374 2431/2898/2428
f 2431/2898/2428 2377/2820/2374 2376/2817/2373 2427/2895/2424
f 2427/2895/2424 2376/2817/2373 2362/2816/2359 2400/2892/2397
f 2509/2858/2506 2435/2816/2432 2441/2941/2438 2512/3000/2509
f 2512/3000/2509 2441/2941/2438 2445/2945/2442 2513/2979/2510
f 2513/2979/2510 2445/2945/2442 2463/2949/2460 2514/2983/2511
f 2514/3022/2511 2463/2965/2460 2462/2841/2459 2531/3018/2528
f 2531/3018/2528 2462/2841/2459 2461/2835/2458 2527/3012/2524
f 2527/3012/2524 2461/2835/2458 2437/2832/2434 2510/3010/2507
f 2436/2952/2433 2472/2858/2469 2478/2975/2475 2450/2953/2447
f 2450/2953/2447 2478/2975/2475 2482/2979/2479 2451/2956/2448
f 2451/2956/2448 2482/2979/2479 2500/2983/2497 2452/2958/2449
f 2452/2971/2449 2500/2993/2497 2499/2991/2496 2468/2836/2465
f 2468/2836/2465 2499/2991/2496 2498/2989/2495 2464/2833/2461
f 2464/2833/2461 2498/2989/2495 2474/2988/2471 2437/2832/2434
f 2473/2952/2470 2546/2858/2543 2552/2975/2549 2487/2953/2484
f 2487/2953/2484 2552/2975/2549 2556/2979/2553 2488/2956/2485
f 2488/2956/2485 2556/2979/2553 2574/2983/2571 2489/2958/2486
f 2489/2998/2486 2574/2936/2571 2573/3040/2570 2505/2995/2502
f 2505/2995/2502 2573/3040/2570 2572/3037/2569 2501/2875/2498
f 2501/2875/2498 2572/3037/2569 2548/2923/2545 2474/2988/2471
f 2547/2858/2544 2511/2816/2508 2538/3026/2535 2561/3000/2558
f 2561/3000/2558 2538/3026/2535 2542/2945/2539 2562/3034/2559
f 2562/3034/2559 2542/2945/2539 2526/2949/2523 2563/2983/2560
f 2563/3046/2560 2526/3015/2523 2525/3013/2522 2579/3043/2576
f 2579/3043/2576 2525/3013/2522 2524/2908/2521 2575/3039/2572
f 2575/3039/2572 2524/2908/2521 2510/3010/2507 2548/2923/2545
f 2361/2892/2358 2509/2858/2506 2515/3002/2512 2364/2893/2361
f 2364/2893/2361 2515/3002/2512 2519/2867/2516 2365/2867/2362
f 2365/2867/2362 2519/2867/2516 2537/3007/2534 2366/2871/2363
f 2366/2829/2363 2537/2829/2534 2536/3027/2533 2383/2825/2380
f 2383/2825/2380 2536/3027/2533 2535/3024/2532 2379/2819/2376
f 2379/2819/2376 2535/3024/2532 2511/2816/2508 2362/2816/2359
f 2546/2858/2543 2398/2858/2395 2404/2861/2401 2549/2973/2546
f 2549/2973/2546 2404/2861/2401 2408/2867/2405 2550/2867/2547
f 2550/2867/2547 2408/2867/2405 2426/2871/2423 2551/2871/2548
f 2551/2871/2548 2426/2871/2423 2425/2867/2422 2568/2867/2565
f 2568/2867/2565 2425/2867/2422 2424/2893/2421 2564/3033/2561
f 2564/3033/2561 2424/2893/2421 2400/2892/2397 2547/2858/2544
f 2326/2848/2323 2473/2952/2470 2490/2955/2487 2350/2819/2347
f 2350/2819/2347 2490/2955/2487 2494/2851/2491 2351/2851/2348
f 2351/2851/2348 2494/2851/2491 2477/2829/2474 2352/2829/2349
f 2352/2871/2349 2477/2871/2474 2476/2867/2473 2334/2867/2331
f 2334/2867/2331 2476/2867/2473 2475/2973/2472 2330/2861/2327
f 2330/2861/2327 2475/2973/2472 2472/2858/2469 2324/2858/2321
f 2435/2816/2432 2287/2816/2284 2293/2819/2290 2438/2939/2435
f 2438/2939/2435 2293/2819/2290 2297/2825/2294 2439/2851/2436
f 2439/2851/2436 2297/2825/2294 2315/2829/2312 2440/2829/2437
f 2440/2829/2437 2315/2829/2312 2314/2851/2311 2457/2851/2454
f 2457/2851/2454 2314/2851/2311 2313/2819/2310 2453/2955/2450
f 2453/2955/2450 2313/2819/2310 2289/2848/2286 2436/2952/2433
f 2361/2892/2358 2287/2816/2284 2435/2816/2432 2509/2858/2506
f 2288/2832/2285 2363/2905/2360 2399/2923/2396 2325/2874/2322
f 2289/2848/2286 2324/2858/2321 2472/2858/2469 2436/2952/2433
f 2326/2848/2323 2398/2858/2395 2546/2858/2543 2473/2952/2470
f 2400/2892/2397 2362/2816/2359 2511/2816/2508 2547/2858/2544
f 2437/2832/2434 2474/2988/2471 2548/2923/2545 2510/3010/2507
o Light1
v -0.316199 1.059083 2.793470
v -0.244079 1.114177 2.845867
v -0.343746 1.114177 2.878251
v -0.405344 1.114178 2.793470
v -0.343746 1.114177 2.708688
v -0.244079 1.114177 2.741073
v -0.288652 1.203323 2.878251
v -0.388319 1.203323 2.845867
v -0.388319 1.203323 2.741073
v -0.288652 1.203323 2.708688
v -0.227054 1.203323 2.793470
v -0.316199 1.258417 2.793470
v -0.332390 1.073968 2.843303
v -0.273808 1.073968 2.824268
v -0.290000 1.106351 2.874101
v -0.231418 1.106352 2.793470
v -0.273808 1.073968 2.762672
v -0.368597 1.073968 2.793470
v -0.384789 1.106352 2.843303
v -0.332390 1.073968 2.743637
v -0.384789 1.106352 2.743637
v -0.290000 1.106351 2.712838
v -0.221410 1.158750 2.824268
v -0.221410 1.158750 2.762672
v -0.316199 1.158750 2.893137
v -0.257616 1.158750 2.874102
v -0.410988 1.158750 2.824268
v -0.374782 1.158750 2.874102
v -0.374782 1.158750 2.712838
v -0.410988 1.158750 2.762672
v -0.257616 1.158750 2.712838
v -0.316199 1.158750 2.693803
v -0.247609 1.211149 2.843303
v -0.342398 1.211149 2.874101
v -0.400980 1.211149 2.793470
v -0.342398 1.211149 2.712838
v -0.247609 1.211149 2.743637
v -0.300008 1.243532 2.843303
v -0.263801 1.243532 2.793470
v -0.358590 1.243532 2.824268
v -0.358590 1.243532 2.762672
v -0.300008 1.243532 2.743637
vn -0.0000 -1.0000 -0.0000
vn 0.7236 -0.4472 0.5257
vn -0.2764 -0.4472 0.8506
vn -0.8944 -0.4472 -0.0000
vn -0.2764 -0.4472 -0.8506
vn 0.7236 -0.4472 -0.5257
vn 0.2764 0.4472 0.8506
vn -0.7236 0.4472 0.5257
vn -0.7236 0.4472 -0.5257
vn 0.2764 0.4472 -0.8506
vn 0.8944 0.4472 -0.0000
vn -0.0000 1.0000 -0.0000
vn -0.1625 -0.8507 0.5000
vn 0.4253 -0.8507 0.3090
vn 0.2629 -0.5257 0.8090
vn 0.8506 -0.5257 -0.0000
vn 0.4253 -0.8507 -0.3090
vn -0.5257 -0.8507 -0.0000
vn -0.6882 -0.5257 0.5000
vn -0.1625 -0.8507 -0.5000
vn -0.6882 -0.5257 -0.5000
vn 0.2629 -0.5257 -0.8090
vn 0.9511 -0.0000 0.3090
vn 0.9511 -0.0000 -0.3090
vn -0.0000 -0.0000 1.0000
vn 0.5878 -0.0000 0.8090
vn -0.9511 -0.0000 0.3090
vn -0.5878 -0.0000 0.8090
vn -0.5878 -0.0000 -0.8090
vn -0.9511 -0.0000 -0.3090
vn 0.5878 -0.0000 -0.8090
vn -0.0000 -0.0000 -1.0000
vn 0.6882 0.5257 0.5000
vn -0.2629 0.5257 0.8090
vn -0.8506 0.5257 -0.0000
vn -0.2629 0.5257 -0.8090
vn 0.6882 0.5257 -0.5000
vn 0.1625 0.8507 0.5000
vn 0.5257 0.8507 -0.0000
vn -0.4253 0.8507 0.3090
vn -0.4253 0.8507 -0.3090
vn 0.1625 0.8507 -0.5000
vt 0.181819 0.000000
vt 0.227273 0.078731
vt 0.136365 0.078731
vt 0.272728 0.157461
vt 0.318182 0.078731
vt 0.363637 0.157461
vt 0.909091 0.000000
vt 0.954545 0.078731
vt 0.863636 0.078731
vt 0.727273 0.000000
vt 0.772727 0.078731
vt 0.681818 0.078731
vt 0.545455 0.000000
vt 0.590909 0.078731
vt 0.500000 0.078731
vt 0.318182 0.236191
vt 0.090910 0.157461
vt 0.181819 0.157461
vt 0.136365 0.236191
vt 0.818182 0.157461
vt 0.909091 0.157461
vt 0.863636 0.236191
vt 0.636364 0.157461
vt 0.727273 0.157461
vt 0.681818 0.236191
vt 0.454546 0.157461
vt 0.545455 0.157461
vt 0.500000 0.236191
vt 0.227273 0.236191
vt 0.045455 0.236191
vt 0.772727 0.236191
vt 0.590909 0.236191
vt 0.409092 0.236191
vt 0.181819 0.314921
vt 0.272728 0.314921
vt 0.227273 0.393651
vt 0.000000 0.314921
vt 0.090910 0.314921
vt 0.045455 0.393651
vt 0.727273 0.314921
vt 0.818182 0.314921
vt 0.772727 0.393651
vt 0.545455 0.314921
vt 0.636364 0.314921
vt 0.590909 0.393651
vt 0.363637 0.314921
vt 0.454546 0.314921
vt 0.409092 0.393651
vt 0.500000 0.393651
vt 0.454546 0.472382
vt 0.681818 0.393651
vt 0.636364 0.472382
vt 0.863636 0.393651
vt 0.818182 0.472382
vt 0.909091 0.314921
vt 0.136365 0.393651
vt 0.090910 0.472382
vt 0.318182 0.393651
vt 0.272728 0.472382
vt 0.954545 0.236191
vt 1.000000 0.157461
vt 0.409092 0.078731
vt 0.363637 0.000000
s 1
f 2583/3048/2580 2596/3049/2593 2595/3050/2592
f 2584/3051/2581 2596/3052/2593 2598/3053/2595
f 2583/3054/2580 2595/3055/2592 2600/3056/2597
f 2583/3057/2580 2600/3058/2597 2602/3059/2599
f 2583/3060/2580 2602/3061/2599 2599/3062/2596
f 2584/3051/2581 2598/3053/2595 2605/3063/2602
f 2585/3064/2582 2597/3065/2594 2607/3066/2604
f 2586/3067/2583 2601/3068/2598 2609/3069/2606
f 2587/3070/2584 2603/3071/2600 2611/3072/2608
f 2588/3073/2585 2604/3074/2601 2613/3075/2610
f 2584/3051/2581 2605/3063/2602 2608/3076/2605
f 2585/3064/2582 2607/3066/2604 2610/3077/2607
f 2586/3067/2583 2609/3069/2606 2612/3078/2609
f 2587/3070/2584 2611/3072/2608 2614/3079/2611
f 2588/3073/2585 2613/3075/2610 2606/3080/2603
f 2589/3081/2586 2615/3082/2612 2620/3083/2617
f 2590/3084/2587 2616/3085/2613 2622/3086/2619
f 2591/3087/2588 2617/3088/2614 2623/3089/2620
f 2592/3090/2589 2618/3091/2615 2624/3092/2621
f 2593/3093/2590 2619/3094/2616 2621/3095/2618
f 2621/3095/2618 2624/3096/2621 2594/3097/2591
f 2621/3095/2618 2619/3094/2616 2624/3096/2621
f 2619/3094/2616 2592/3090/2589 2624/3096/2621
f 2624/3092/2621 2623/3098/2620 2594/3099/2591
f 2624/3092/2621 2618/3091/2615 2623/3098/2620
f 2618/3091/2615 2591/3087/2588 2623/3098/2620
f 2623/3089/2620 2622/3100/2619 2594/3101/2591
f 2623/3089/2620 2617/3088/2614 2622/3100/2619
f 2617/3088/2614 2590/3102/2587 2622/3100/2619
f 2622/3086/2619 2620/3103/2617 2594/3104/2591
f 2622/3086/2619 2616/3085/2613 2620/3103/2617
f 2616/3085/2613 2589/3081/2586 2620/3103/2617
f 2620/3083/2617 2621/3105/2618 2594/3106/2591
f 2620/3083/2617 2615/3082/2612 2621/3105/2618
f 2615/3082/2612 2593/3093/2590 2621/3105/2618
f 2606/3080/2603 2619/3094/2616 2593/3093/2590
f 2606/3080/2603 2613/3075/2610 2619/3094/2616
f 2613/3075/2610 2592/3090/2589 2619/3094/2616
f 2614/3079/2611 2618/3091/2615 2592/3090/2589
f 2614/3079/2611 2611/3072/2608 2618/3091/2615
f 2611/3072/2608 2591/3087/2588 2618/3091/2615
f 2612/3078/2609 2617/3088/2614 2591/3087/2588
f 2612/3078/2609 2609/3069/2606 2617/3088/2614
f 2609/3069/2606 2590/3102/2587 2617/3088/2614
f 2610/3077/2607 2616/3085/2613 2590/3084/2587
f 2610/3077/2607 2607/3066/2604 2616/3085/2613
f 2607/3066/2604 2589/3081/2586 2616/3085/2613
f 2608/3076/2605 2615/3082/2612 2589/3081/2586
f 2608/3076/2605 2605/3063/2602 2615/3082/2612
f 2605/3063/2602 2593/3093/2590 2615/3082/2612
f 2613/3075/2610 2614/3079/2611 2592/3090/2589
f 2613/3075/2610 2604/3074/2601 2614/3079/2611
f 2604/3074/2601 2587/3070/2584 2614/3079/2611
f 2611/3072/2608 2612/3078/2609 2591/3087/2588
f 2611/3072/2608 2603/3071/2600 2612/3078/2609
f 2603/3071/2600 2586/3067/2583 2612/3078/2609
f 2609/3069/2606 2610/3107/2607 2590/3102/2587
f 2609/3069/2606 2601/3068/2598 2610/3107/2607
f 2601/3068/2598 2585/3108/2582 2610/3107/2607
f 2607/3066/2604 2608/3076/2605 2589/3081/2586
f 2607/3066/2604 2597/3065/2594 2608/3076/2605
f 2597/3065/2594 2584/3051/2581 2608/3076/2605
f 2605/3063/2602 2606/3080/2603 2593/3093/2590
f 2605/3063/2602 2598/3053/2595 2606/3080/2603
f 2598/3053/2595 2588/3073/2585 2606/3080/2603
f 2599/3062/2596 2604/3074/2601 2588/3073/2585
f 2599/3062/2596 2602/3061/2599 2604/3074/2601
f 2602/3061/2599 2587/3070/2584 2604/3074/2601
f 2602/3059/2599 2603/3071/2600 2587/3070/2584
f 2602/3059/2599 2600/3058/2597 2603/3071/2600
f 2600/3058/2597 2586/3067/2583 2603/3071/2600
f 2600/3056/2597 2601/3068/2598 2586/3067/2583
f 2600/3056/2597 2595/3055/2592 2601/3068/2598
f 2595/3055/2592 2585/3108/2582 2601/3068/2598
f 2598/3053/2595 2599/3109/2596 2588/3073/2585
f 2598/3053/2595 2596/3052/2593 2599/3109/2596
f 2596/3052/2593 2583/3110/2580 2599/3109/2596
f 2595/3050/2592 2597/3065/2594 2585/3064/2582
f 2595/3050/2592 2596/3049/2593 2597/3065/2594
f 2596/3049/2593 2584/3051/2581 2597/3065/2594
o Light2
v -3.677600 1.681557 2.571900
v -3.605324 1.736771 2.624411
v -3.705206 1.736771 2.656865
v -3.766938 1.736771 2.571900
v -3.705206 1.736771 2.486935
v -3.605324 1.736771 2.519389
v -3.649993 1.826110 2.656865
v -3.749876 1.826110 2.624411
v -3.749876 1.826110 2.519389
v -3.649993 1.826110 2.486935
v -3.588262 1.826109 2.571900
v -3.677600 1.881323 2.571900
v -3.693826 1.696474 2.621841
v -3.635118 1.696474 2.602765
v -3.651344 1.728928 2.652706
v -3.592635 1.728928 2.571900
v -3.635118 1.696474 2.541035
v -3.730111 1.696475 2.571900
v -3.746338 1.728928 2.621841
v -3.693826 1.696474 2.521959
v -3.746338 1.728928 2.521959
v -3.651344 1.728928 2.491094
v -3.582606 1.781440 2.602765
v -3.582606 1.781440 2.541035
v -3.677600 1.781440 2.671783
v -3.618890 1.781440 2.652707
v -3.772594 1.781440 2.602765
v -3.736310 1.781440 2.652707
v -3.736310 1.781440 2.491093
v -3.772594 1.781440 2.541035
v -3.618890 1.781440 2.491093
v -3.677600 1.781440 2.472017
v -3.608862 1.833952 2.621841
v -3.703856 1.833952 2.652706
v -3.762565 1.833952 2.571900
v -3.703856 1.833952 2.491094
v -3.608862 1.833952 2.521959
v -3.661373 1.866406 2.621841
v -3.625088 1.866405 2.571900
v -3.720082 1.866406 2.602765
v -3.720082 1.866406 2.541035
v -3.661373 1.866406 2.521959
vn -0.0000 -1.0000 -0.0000
vn 0.7236 -0.4472 0.5257
vn -0.2764 -0.4472 0.8506
vn -0.8944 -0.4472 -0.0000
vn -0.2764 -0.4472 -0.8506
vn 0.7236 -0.4472 -0.5257
vn 0.2764 0.4472 0.8506
vn -0.7236 0.4472 0.5257
vn -0.7236 0.4472 -0.5257
vn 0.2764 0.4472 -0.8506
vn 0.8944 0.4472 -0.0000
vn -0.0000 1.0000 -0.0000
vn -0.1625 -0.8507 0.5000
vn 0.4253 -0.8507 0.3090
vn 0.2629 -0.5257 0.8090
vn 0.8506 -0.5257 -0.0000
vn 0.4253 -0.8507 -0.3090
vn -0.5257 -0.8507 -0.0000
vn -0.6882 -0.5257 0.5000
vn -0.1625 -0.8507 -0.5000
vn -0.6882 -0.5257 -0.5000
vn 0.2629 -0.5257 -0.8090
vn 0.9511 -0.0000 0.3090
vn 0.9511 -0.0000 -0.3090
vn -0.0000 -0.0000 1.0000
vn 0.5878 -0.0000 0.8090
vn -0.9511 -0.0000 0.3090
vn -0.5878 -0.0000 0.8090
vn -0.5878 -0.0000 -0.8090
vn -0.9511 -0.0000 -0.3090
vn 0.5878 -0.0000 -0.8090
vn -0.0000 -0.0000 -1.0000
vn 0.6882 0.5257 0.5000
vn -0.2629 0.5257 0.8090
vn -0.8506 0.5257 -0.0000
vn -0.2629 0.5257 -0.8090
vn 0.6882 0.5257 -0.5000
vn 0.1625 0.8507 0.5000
vn 0.5257 0.8507 -0.0000
vn -0.4253 0.8507 0.3090
vn -0.4253 0.8507 -0.3090
vn 0.1625 0.8507 -0.5000
vt 0.181819 0.000000
vt 0.227273 0.078731
vt 0.136365 0.078731
vt 0.272728 0.157461
vt 0.318182 0.078731
vt 0.363637 0.157461
vt 0.909091 0.000000
vt 0.954545 0.078731
vt 0.863636 0.078731
vt 0.727273 0.000000
vt 0.772727 0.078731
vt 0.681818 0.078731
vt 0.545455 0.000000
vt 0.590909 0.078731
vt 0.500000 0.078731
vt 0.318182 0.236191
vt 0.090910 0.157461
vt 0.181819 0.157461
vt 0.136365 0.236191
vt 0.818182 0.157461
vt 0.909091 0.157461
vt 0.863636 0.236191
vt 0.636364 0.157461
vt 0.727273 0.157461
vt 0.681818 0.236191
vt 0.454546 0.157461
vt 0.545455 0.157461
vt 0.500000 0.236191
vt 0.227273 0.236191
vt 0.045455 0.236191
vt 0.772727 0.236191
vt 0.590909 0.236191
vt 0.409092 0.236191
vt 0.181819 0.314921
vt 0.272728 0.314921
vt 0.227273 0.393651
vt 0.000000 0.314921
vt 0.090910 0.314921
vt 0.045455 0.393651
vt 0.727273 0.314921
vt 0.818182 0.314921
vt 0.772727 0.393651
vt 0.545455 0.314921
vt 0.636364 0.314921
vt 0.590909 0.393651
vt 0.363637 0.314921
vt 0.454546 0.314921
vt 0.409092 0.393651
vt 0.500000 0.393651
vt 0.454546 0.472382
vt 0.681818 0.393651
vt 0.636364 0.472382
vt 0.863636 0.393651
vt 0.818182 0.472382
vt 0.909091 0.314921
vt 0.136365 0.393651
vt 0.090910 0.472382
vt 0.318182 0.393651
vt 0.272728 0.472382
vt 0.954545 0.236191
vt 1.000000 0.157461
vt 0.409092 0.078731
vt 0.363637 0.000000
s 1
f 2625/3111/2622 2638/3112/2635 2637/3113/2634
f 2626/3114/2623 2638/3115/2635 2640/3116/2637
f 2625/3117/2622 2637/3118/2634 2642/3119/2639
f 2625/3120/2622 2642/3121/2639 2644/3122/2641
f 2625/3123/2622 2644/3124/2641 2641/3125/2638
f 2626/3114/2623 2640/3116/2637 2647/3126/2644
f 2627/3127/2624 2639/3128/2636 2649/3129/2646
f 2628/3130/2625 2643/3131/2640 2651/3132/2648
f 2629/3133/2626 2645/3134/2642 2653/3135/2650
f 2630/3136/2627 2646/3137/2643 2655/3138/2652
f 2626/3114/2623 2647/3126/2644 2650/3139/2647
f 2627/3127/2624 2649/3129/2646 2652/3140/2649
f 2628/3130/2625 2651/3132/2648 2654/3141/2651
f 2629/3133/2626 2653/3135/2650 2656/3142/2653
f 2630/3136/2627 2655/3138/2652 2648/3143/2645
f 2631/3144/2628 2657/3145/2654 2662/3146/2659
f 2632/3147/2629 2658/3148/2655 2664/3149/2661
f 2633/3150/2630 2659/3151/2656 2665/3152/2662
f 2634/3153/2631 2660/3154/2657 2666/3155/2663
f 2635/3156/2632 2661/3157/2658 2663/3158/2660
f 2663/3158/2660 2666/3159/2663 2636/3160/2633
f 2663/3158/2660 2661/3157/2658 2666/3159/2663
f 2661/3157/2658 2634/3153/2631 2666/3159/2663
f 2666/3155/2663 2665/3161/2662 2636/3162/2633
f 2666/3155/2663 2660/3154/2657 2665/3161/2662
f 2660/3154/2657 2633/3150/2630 2665/3161/2662
f 2665/3152/2662 2664/3163/2661 2636/3164/2633
f 2665/3152/2662 2659/3151/2656 2664/3163/2661
f 2659/3151/2656 2632/3165/2629 2664/3163/2661
f 2664/3149/2661 2662/3166/2659 2636/3167/2633
f 2664/3149/2661 2658/3148/2655 2662/3166/2659
f 2658/3148/2655 2631/3144/2628 2662/3166/2659
f 2662/3146/2659 2663/3168/2660 2636/3169/2633
f 2662/3146/2659 2657/3145/2654 2663/3168/2660
f 2657/3145/2654 2635/3156/2632 2663/3168/2660
f 2648/3143/2645 2661/3157/2658 2635/3156/2632
f 2648/3143/2645 2655/3138/2652 2661/3157/2658
f 2655/3138/2652 2634/3153/2631 2661/3157/2658
f 2656/3142/2653 2660/3154/2657 2634/3153/2631
f 2656/3142/2653 2653/3135/2650 2660/3154/2657
f 2653/3135/2650 2633/3150/2630 2660/3154/2657
f 2654/3141/2651 2659/3151/2656 2633/3150/2630
f 2654/3141/2651 2651/3132/2648 2659/3151/2656
f 2651/3132/2648 2632/3165/2629 2659/3151/2656
f 2652/3140/2649 2658/3148/2655 2632/3147/2629
f 2652/3140/2649 2649/3129/2646 2658/3148/2655
f 2649/3129/2646 2631/3144/2628 2658/3148/2655
f 2650/3139/2647 2657/3145/2654 2631/3144/2628
f 2650/3139/2647 2647/3126/2644 2657/3145/2654
f 2647/3126/2644 2635/3156/2632 2657/3145/2654
f 2655/3138/2652 2656/3142/2653 2634/3153/2631
f 2655/3138/2652 2646/3137/2643 2656/3142/2653
f 2646/3137/2643 2629/3133/2626 2656/3142/2653
f 2653/3135/2650 2654/3141/2651 2633/3150/2630
f 2653/3135/2650 2645/3134/2642 2654/3141/2651
f 2645/3134/2642 2628/3130/2625 2654/3141/2651
f 2651/3132/2648 2652/3170/2649 2632/3165/2629
f 2651/3132/2648 2643/3131/2640 2652/3170/2649
f 2643/3131/2640 2627/3171/2624 2652/3170/2649
f 2649/3129/2646 2650/3139/2647 2631/3144/2628
f 2649/3129/2646 2639/3128/2636 2650/3139/2647
f 2639/3128/2636 2626/3114/2623 2650/3139/2647
f 2647/3126/2644 2648/3143/2645 2635/3156/2632
f 2647/3126/2644 2640/3116/2637 2648/3143/2645
f 2640/3116/2637 2630/3136/2627 2648/3143/2645
f 2641/3125/2638 2646/3137/2643 2630/3136/2627
f 2641/3125/2638 2644/3124/2641 2646/3137/2643
f 2644/3124/2641 2629/3133/2626 2646/3137/2643
f 2644/3122/2641 2645/3134/2642 2629/3133/2626
f 2644/3122/2641 2642/3121/2639 2645/3134/2642
f 2642/3121/2639 2628/3130/2625 2645/3134/2642
f 2642/3119/2639 2643/3131/2640 2628/3130/2625
f 2642/3119/2639 2637/3118/2634 2643/3131/2640
f 2637/3118/2634 2627/3171/2624 2643/3131/2640
f 2640/3116/2637 2641/3172/2638 2630/3136/2627
f 2640/3116/2637 2638/3115/2635 2641/3172/2638
f 2638/3115/2635 2625/3173/2622 2641/3172/2638
f 2637/3113/2634 2639/3128/2636 2627/3127/2624
f 2637/3113/2634 2638/3112/2635 2639/3128/2636
f 2638/3112/2635 2626/3114/2623 2639/3128/2636
o Target
v -1.847499 -0.052704 1.462184
v -1.809361 -0.023570 1.489892
v -1.862066 -0.023570 1.507017
v -1.894639 -0.023570 1.462184
v -1.862066 -0.023570 1.417351
v -1.809361 -0.023570 1.434476
v -1.832932 0.023570 1.507017
v -1.885636 0.023570 1.489892
v -1.885636 0.023570 1.434476
v -1.832932 0.023570 1.417351
v -1.800359 0.023570 1.462184
v -1.847499 0.052704 1.462184
v -1.856061 -0.044833 1.488536
v -1.825082 -0.044833 1.478470
v -1.833644 -0.027709 1.504822
v -1.802666 -0.027709 1.462184
v -1.825082 -0.044833 1.445898
v -1.875207 -0.044833 1.462184
v -1.883769 -0.027709 1.488536
v -1.856061 -0.044833 1.435832
v -1.883769 -0.027709 1.435832
v -1.833644 -0.027709 1.419545
v -1.797374 0.000000 1.478470
v -1.797374 0.000000 1.445898
v -1.847499 0.000000 1.514888
v -1.816520 0.000000 1.504823
v -1.897624 0.000000 1.478470
v -1.878478 0.000000 1.504823
v -1.878478 0.000000 1.419545
v -1.897624 0.000000 1.445898
v -1.816520 0.000000 1.419545
v -1.847499 0.000000 1.409479
v -1.811228 0.027709 1.488536
v -1.861353 0.027709 1.504822
v -1.892332 0.027709 1.462184
v -1.861353 0.027709 1.419545
v -1.811228 0.027709 1.435832
v -1.838937 0.044833 1.488536
v -1.819790 0.044833 1.462184
v -1.869915 0.044833 1.478470
v -1.869915 0.044833 1.445898
v -1.838937 0.044833 1.435832
vn 0.1024 -0.9435 0.3151
vn 0.7002 -0.6617 0.2680
vn -0.2680 -0.9435 0.1947
vn -0.2680 -0.9435 -0.1947
vn 0.1024 -0.9435 -0.3151
vn 0.9050 -0.3304 0.2680
vn 0.0247 -0.3304 0.9435
vn -0.8897 -0.3304 0.3151
vn -0.5746 -0.3304 -0.7488
vn 0.5346 -0.3304 -0.7779
vn 0.8026 -0.1256 0.5831
vn -0.3066 -0.1256 0.9435
vn -0.9921 -0.1256 -0.0000
vn -0.3066 -0.1256 -0.9435
vn 0.8026 -0.1256 -0.5831
vn 0.4089 0.6617 0.6284
vn -0.4713 0.6617 0.5831
vn -0.7002 0.6617 -0.2680
vn 0.0385 0.6617 -0.7488
vn 0.7240 0.6617 -0.1947
vn 0.2680 0.9435 -0.1947
vn 0.4911 0.7947 -0.3568
vn 0.4089 0.6617 -0.6284
vn -0.1024 0.9435 -0.3151
vn -0.1876 0.7947 -0.5773
vn -0.4713 0.6617 -0.5831
vn -0.3313 0.9435 -0.0000
vn -0.6071 0.7947 -0.0000
vn -0.7002 0.6617 0.2680
vn -0.1024 0.9435 0.3151
vn -0.1876 0.7947 0.5773
vn 0.0385 0.6617 0.7488
vn 0.2680 0.9435 0.1947
vn 0.4911 0.7947 0.3568
vn 0.7240 0.6617 0.1947
vn 0.8897 0.3304 -0.3151
vn 0.7947 0.1876 -0.5773
vn 0.5746 0.3304 -0.7488
vn -0.0247 0.3304 -0.9435
vn -0.3035 0.1876 -0.9342
vn -0.5346 0.3304 -0.7779
vn -0.9050 0.3304 -0.2680
vn -0.9822 0.1876 -0.0000
vn -0.9050 0.3304 0.2680
vn -0.5346 0.3304 0.7779
vn -0.3035 0.1876 0.9342
vn -0.0247 0.3304 0.9435
vn 0.5746 0.3304 0.7488
vn 0.7947 0.1876 0.5773
vn 0.8897 0.3304 0.3151
vn 0.3066 0.1256 -0.9435
vn 0.3035 -0.1876 -0.9342
vn 0.0247 -0.3304 -0.9435
vn -0.8026 0.1256 -0.5831
vn -0.7947 -0.1876 -0.5773
vn -0.8897 -0.3304 -0.3151
vn -0.8026 0.1256 0.5831
vn -0.7947 -0.1876 0.5773
vn -0.5746 -0.3304 0.7488
vn 0.3066 0.1256 0.9435
vn 0.3035 -0.1876 0.9342
vn 0.5346 -0.3304 0.7779
vn 0.9921 0.1256 -0.0000
vn 0.9822 -0.1876 -0.0000
vn 0.9050 -0.3304 -0.2680
vn 0.4713 -0.6617 -0.5831
vn 0.1876 -0.7947 -0.5773
vn -0.0385 -0.6617 -0.7488
vn -0.4089 -0.6617 -0.6284
vn -0.4911 -0.7947 -0.3568
vn -0.7240 -0.6617 -0.1947
vn -0.7240 -0.6617 0.1947
vn -0.4911 -0.7947 0.3568
vn -0.4089 -0.6617 0.6284
vn 0.7002 -0.6617 -0.2680
vn 0.6071 -0.7947 -0.0000
vn 0.3313 -0.9435 -0.0000
vn -0.0385 -0.6617 0.7488
vn 0.1876 -0.7947 0.5773
vn 0.4713 -0.6617 0.5831
vt 0.181819 0.000000
vt 0.227273 0.078731
vt 0.136365 0.078731
vt 0.272728 0.157461
vt 0.318182 0.078731
vt 0.363637 0.157461
vt 0.909091 0.000000
vt 0.954545 0.078731
vt 0.863636 0.078731
vt 0.727273 0.000000
vt 0.772727 0.078731
vt 0.681818 0.078731
vt 0.545455 0.000000
vt 0.590909 0.078731
vt 0.500000 0.078731
vt 0.318182 0.236191
vt 0.090910 0.157461
vt 0.181819 0.157461
vt 0.136365 0.236191
vt 0.818182 0.157461
vt 0.909091 0.157461
vt 0.863636 0.236191
vt 0.636364 0.157461
vt 0.727273 0.157461
vt 0.681818 0.236191
vt 0.454546 0.157461
vt 0.545455 0.157461
vt 0.500000 0.236191
vt 0.227273 0.236191
vt 0.045455 0.236191
vt 0.772727 0.236191
vt 0.590909 0.236191
vt 0.409092 0.236191
vt 0.181819 0.314921
vt 0.272728 0.314921
vt 0.227273 0.393651
vt 0.000000 0.314921
vt 0.090910 0.314921
vt 0.045455 0.393651
vt 0.727273 0.314921
vt 0.818182 0.314921
vt 0.772727 0.393651
vt 0.545455 0.314921
vt 0.636364 0.314921
vt 0.590909 0.393651
vt 0.363637 0.314921
vt 0.454546 0.314921
vt 0.409092 0.393651
vt 0.500000 0.393651
vt 0.454546 0.472382
vt 0.681818 0.393651
vt 0.636364 0.472382
vt 0.863636 0.393651
vt 0.818182 0.472382
vt 0.909091 0.314921
vt 0.136365 0.393651
vt 0.090910 0.472382
vt 0.318182 0.393651
vt 0.272728 0.472382
vt 0.954545 0.236191
vt 1.000000 0.157461
vt 0.409092 0.078731
vt 0.363637 0.000000
s 0
f 2667/3174/2664 2680/3175/2664 2679/3176/2664
f 2668/3177/2665 2680/3178/2665 2682/3179/2665
f 2667/3180/2666 2679/3181/2666 2684/3182/2666
f 2667/3183/2667 2684/3184/2667 2686/3185/2667
f 2667/3186/2668 2686/3187/2668 2683/3188/2668
f 2668/3177/2669 2682/3179/2669 2689/3189/2669
f 2669/3190/2670 2681/3191/2670 2691/3192/2670
f 2670/3193/2671 2685/3194/2671 2693/3195/2671
f 2671/3196/2672 2687/3197/2672 2695/3198/2672
f 2672/3199/2673 2688/3200/2673 2697/3201/2673
f 2668/3177/2674 2689/3189/2674 2692/3202/2674
f 2669/3190/2675 2691/3192/2675 2694/3203/2675
f 2670/3193/2676 2693/3195/2676 2696/3204/2676
f 2671/3196/2677 2695/3198/2677 2698/3205/2677
f 2672/3199/2678 2697/3201/2678 2690/3206/2678
f 2673/3207/2679 2699/3208/2679 2704/3209/2679
f 2674/3210/2680 2700/3211/2680 2706/3212/2680
f 2675/3213/2681 2701/3214/2681 2707/3215/2681
f 2676/3216/2682 2702/3217/2682 2708/3218/2682
f 2677/3219/2683 2703/3220/2683 2705/3221/2683
f 2705/3221/2684 2708/3222/2684 2678/3223/2684
f 2705/3221/2685 2703/3220/2685 2708/3222/2685
f 2703/3220/2686 2676/3216/2686 2708/3222/2686
f 2708/3218/2687 2707/3224/2687 2678/3225/2687
f 2708/3218/2688 2702/3217/2688 2707/3224/2688
f 2702/3217/2689 2675/3213/2689 2707/3224/2689
f 2707/3215/2690 2706/3226/2690 2678/3227/2690
f 2707/3215/2691 2701/3214/2691 2706/3226/2691
f 2701/3214/2692 2674/3228/2692 2706/3226/2692
f 2706/3212/2693 2704/3229/2693 2678/3230/2693
f 2706/3212/2694 2700/3211/2694 2704/3229/2694
f 2700/3211/2695 2673/3207/2695 2704/3229/2695
f 2704/3209/2696 2705/3231/2696 2678/3232/2696
f 2704/3209/2697 2699/3208/2697 2705/3231/2697
f 2699/3208/2698 2677/3219/2698 2705/3231/2698
f 2690/3206/2699 2703/3220/2699 2677/3219/2699
f 2690/3206/2700 2697/3201/2700 2703/3220/2700
f 2697/3201/2701 2676/3216/2701 2703/3220/2701
f 2698/3205/2702 2702/3217/2702 2676/3216/2702
f 2698/3205/2703 2695/3198/2703 2702/3217/2703
f 2695/3198/2704 2675/3213/2704 2702/3217/2704
f 2696/3204/2705 2701/3214/2705 2675/3213/2705
f 2696/3204/2706 2693/3195/2706 2701/3214/2706
f 2693/3195/2707 2674/3228/2707 2701/3214/2707
f 2694/3203/2708 2700/3211/2708 2674/3210/2708
f 2694/3203/2709 2691/3192/2709 2700/3211/2709
f 2691/3192/2710 2673/3207/2710 2700/3211/2710
f 2692/3202/2711 2699/3208/2711 2673/3207/2711
f 2692/3202/2712 2689/3189/2712 2699/3208/2712
f 2689/3189/2713 2677/3219/2713 2699/3208/2713
f 2697/3201/2714 2698/3205/2714 2676/3216/2714
f 2697/3201/2715 2688/3200/2715 2698/3205/2715
f 2688/3200/2716 2671/3196/2716 2698/3205/2716
f 2695/3198/2717 2696/3204/2717 2675/3213/2717
f 2695/3198/2718 2687/3197/2718 2696/3204/2718
f 2687/3197/2719 2670/3193/2719 2696/3204/2719
f 2693/3195/2720 2694/3233/2720 2674/3228/2720
f 2693/3195/2721 2685/3194/2721 2694/3233/2721
f 2685/3194/2722 2669/3234/2722 2694/3233/2722
f 2691/3192/2723 2692/3202/2723 2673/3207/2723
f 2691/3192/2724 2681/3191/2724 2692/3202/2724
f 2681/3191/2725 2668/3177/2725 2692/3202/2725
f 2689/3189/2726 2690/3206/2726 2677/3219/2726
f 2689/3189/2727 2682/3179/2727 2690/3206/2727
f 2682/3179/2728 2672/3199/2728 2690/3206/2728
f 2683/3188/2729 2688/3200/2729 2672/3199/2729
f 2683/3188/2730 2686/3187/2730 2688/3200/2730
f 2686/3187/2731 2671/3196/2731 2688/3200/2731
f 2686/3185/2732 2687/3197/2732 2671/3196/2732
f 2686/3185/2733 2684/3184/2733 2687/3197/2733
f 2684/3184/2734 2670/3193/2734 2687/3197/2734
f 2684/3182/2735 2685/3194/2735 2670/3193/2735
f 2684/3182/2736 2679/3181/2736 2685/3194/2736
f 2679/3181/2737 2669/3234/2737 2685/3194/2737
f 2682/3179/2738 2683/3235/2738 2672/3199/2738
f 2682/3179/2739 2680/3178/2739 2683/3235/2739
f 2680/3178/2740 2667/3236/2740 2683/3235/2740
f 2679/3176/2741 2681/3191/2741 2669/3190/2741
f 2679/3176/2742 2680/3175/2742 2681/3191/2742
f 2680/3175/2743 2668/3177/2743 2681/3191/2743
