# Blender 5.2.0 LTS
# www.blender.org
o Floor
v -10.000000 0.000000 10.000000
v 10.000000 0.000000 10.000000
v -10.000000 0.000000 -10.000000
v 10.000000 0.000000 -10.000000
v -10.000000 6.000000 10.000000
v -10.000000 6.000000 -10.000000
v 10.000000 6.000000 -10.000000
vn -0.0000 1.0000 -0.0000
vn 1.0000 -0.0000 -0.0000
vn -0.0000 -0.0000 1.0000
s 0
f 1//1 2//1 4//1 3//1
f 1//2 3//2 6//2 5//2
f 3//3 4//3 7//3 6//3
o Suzanne1
v -2.601801 2.504838 -1.366855
v -3.431009 2.248621 -1.499960
v -2.531932 2.447747 -1.401617
v -3.444349 2.165820 -1.548079
v -2.455070 2.384471 -1.466608
v -3.451104 2.076707 -1.626493
v -2.616410 2.285910 -1.431336
v -3.280433 2.080734 -1.537925
v -2.652445 2.373395 -1.373822
v -3.316877 2.168093 -1.480478
v -2.681362 2.457117 -1.349107
v -3.347434 2.251308 -1.456026
v -2.770535 2.468213 -1.364658
v -3.279209 2.311038 -1.446311
v -2.791800 2.390349 -1.400105
v -3.209478 2.261290 -1.467151
v -2.803669 2.307147 -1.465196
v -3.135681 2.204559 -1.518491
v -2.906836 2.437797 -1.546400
v -3.103583 2.377004 -1.577982
v -2.869235 2.488919 -1.463899
v -3.184851 2.391397 -1.514562
v -2.819638 2.531649 -1.405620
v -3.263960 2.394359 -1.476943
v -2.803524 2.615512 -1.442685
v -3.312198 2.458337 -1.524338
v -2.842442 2.616470 -1.519886
v -3.260120 2.487412 -1.586932
v -2.870658 2.606260 -1.623641
v -3.202670 2.503672 -1.676936
v -2.710953 2.708055 -1.654953
v -3.374976 2.502879 -1.761542
v -2.724068 2.693202 -1.543229
v -3.388501 2.487899 -1.649885
v -2.727791 2.664427 -1.458923
v -3.393863 2.458618 -1.565841
v -2.634789 2.652137 -1.444882
v -3.463998 2.395921 -1.577987
v -2.582574 2.673869 -1.521398
v -3.494991 2.391942 -1.667860
v -2.522059 2.683584 -1.625053
v -3.518093 2.375820 -1.784938
v -2.416752 2.547442 -1.546615
v -3.548050 2.197883 -1.728212
v -2.502665 2.571163 -1.463621
v -3.517554 2.257573 -1.626532
v -2.583319 2.583988 -1.406729
v -3.477701 2.307633 -1.550296
v -2.613996 2.589700 -1.383132
v -3.463563 2.327193 -1.519505
v -2.655016 2.646066 -1.414080
v -3.453619 2.399306 -1.542272
v -2.731233 2.657813 -1.424268
v -3.397442 2.451962 -1.531209
v -2.792663 2.617287 -1.410213
v -3.330986 2.450951 -1.496625
v -2.806402 2.548328 -1.379888
v -3.290893 2.398625 -1.457659
v -2.765727 2.497015 -1.346502
v -3.304050 2.330679 -1.432914
v -2.716190 2.576538 -1.364544
v -3.381537 2.370952 -1.471346
v -2.693006 2.487124 -1.333851
v -3.359215 2.281273 -1.440792
v -2.628080 2.525794 -1.350369
v -3.426683 2.279034 -1.478562
v -3.063857 2.605555 -1.578262
v -3.066206 2.563112 -1.481930
v -2.853071 1.663016 -1.077092
v -2.932551 1.985368 -1.202454
v -2.960710 2.102627 -1.252747
v -2.825754 1.559682 -1.048361
v -3.036862 2.572455 -1.682723
v -3.035895 2.638691 -1.816246
v -2.821598 2.468377 -2.823412
v -2.684804 2.069393 -2.907591
v -2.603829 1.714273 -2.728462
v -2.641023 1.518056 -2.119052
v -2.682898 2.084650 -1.398469
v -3.126809 1.947486 -1.469726
v -2.582434 1.856545 -1.281756
v -3.113243 1.692531 -1.366962
v -2.507229 1.680965 -1.187537
v -3.102390 1.497066 -1.283073
v -2.452666 1.522002 -1.124110
v -3.075700 1.329491 -1.224120
v -2.467473 1.429294 -1.092481
v -3.022055 1.257934 -1.181503
v -2.584737 1.372406 -1.078461
v -2.902812 1.274125 -1.129518
v -2.745220 1.318031 -1.084903
v -2.509702 2.183333 -1.426236
v -3.308989 1.936362 -1.554538
v -2.334713 2.321238 -1.469093
v -3.509870 1.958127 -1.657730
v -2.214840 2.508142 -1.553522
v -3.682658 2.054602 -1.789137
v -2.250510 2.727644 -1.579178
v -3.768335 2.258652 -1.822821
v -2.394763 2.799506 -1.591891
v -3.691247 2.398906 -1.800004
v -2.614919 2.860988 -1.622825
v -3.543731 2.573995 -1.771919
v -2.806862 2.923564 -1.659842
v -3.417189 2.734980 -1.757812
v -2.940667 2.859967 -1.647242
v -3.280876 2.754846 -1.701853
v -3.003557 2.690309 -1.591681
v -3.153987 2.643828 -1.615828
v -2.912976 2.649750 -1.498130
v -3.229411 2.551974 -1.548925
v -2.935775 2.551335 -1.467280
v -3.166134 2.480156 -1.504257
v -2.792226 2.355212 -1.364174
v -3.200067 2.229194 -1.429641
v -2.628961 2.352931 -1.360474
v -3.327825 2.136989 -1.472656
v -2.497640 2.421363 -1.392671
v -3.459244 2.124238 -1.547028
v -2.412792 2.540328 -1.445932
v -3.576061 2.180890 -1.632661
v -2.413583 2.645428 -1.487270
v -3.621531 2.272185 -1.681171
v -2.486561 2.708087 -1.506847
v -3.593265 2.366127 -1.684497
v -2.647777 2.743744 -1.517405
v -3.483544 2.485501 -1.651564
v -2.850583 2.728684 -1.524838
v -3.314169 2.585441 -1.599253
v -2.834951 1.585838 -1.041411
v -2.724092 1.611270 -1.030629
v -2.938940 1.544884 -1.065116
v -2.691271 1.526603 -1.007927
v -2.924499 1.454539 -1.045365
v -2.725727 1.465451 -1.006249
v -2.864270 1.422642 -1.028488
v -2.791614 1.432322 -1.015886
v -2.955157 2.096471 -1.275493
v -2.958333 2.121747 -1.304357
v -2.867354 2.137157 -1.278072
v -3.045656 2.082063 -1.306693
v -2.823779 2.077595 -1.243055
v -3.057006 2.005530 -1.280493
v -2.836754 1.995427 -1.216670
v -3.009105 1.942173 -1.244336
v -2.582376 2.279252 -1.361413
v -3.323458 2.050265 -1.480372
v -2.403758 2.396934 -1.415153
v -3.512922 2.054214 -1.593197
v -2.312684 2.551156 -1.480577
v -3.650567 2.137764 -1.695335
v -2.333174 2.708048 -1.508915
v -3.712866 2.281738 -1.730384
v -2.440619 2.778747 -1.508193
v -3.667831 2.399551 -1.705187
v -2.653296 2.837389 -1.531582
v -3.526772 2.567494 -1.671793
v -2.814510 2.879985 -1.555508
v -3.417049 2.693807 -1.652229
v -2.920465 2.829128 -1.544810
v -3.309041 2.709062 -1.607185
v -2.986735 2.684986 -1.501562
v -3.190041 2.622167 -1.534197
v -2.822155 2.201126 -1.294314
v -3.111687 2.111663 -1.340790
v -2.681667 1.869490 -1.173776
v -3.073523 1.748411 -1.236677
v -2.605526 1.689117 -1.084746
v -3.059275 1.548913 -1.157582
v -2.564018 1.566071 -1.040625
v -3.036622 1.420041 -1.116488
v -2.569541 1.476700 -1.024581
v -2.987630 1.347515 -1.091693
v -2.641412 1.423890 -1.023472
v -2.902513 1.343213 -1.065384
v -2.771008 1.375900 -1.035647
v -2.989821 2.267335 -1.388441
v -3.028126 2.422968 -1.449390
v -2.768430 2.757438 -1.530810
v -3.392693 2.564548 -1.631017
v -2.872477 2.392973 -1.400739
v -3.147513 2.307990 -1.444888
v -2.914948 2.461826 -1.434753
v -3.142437 2.391535 -1.471270
v -2.742654 1.690107 -1.065544
v -2.957847 1.623615 -1.100087
v -2.803621 1.857973 -1.149156
v -2.978644 1.803892 -1.177251
v -2.892566 1.832247 -1.156807
v -2.918460 1.944818 -1.212182
v -2.862365 2.035877 -1.201523
v -3.015664 1.988509 -1.226131
v -2.840219 2.095099 -1.212984
v -3.062379 2.026454 -1.248646
v -2.870659 2.144469 -1.252947
v -3.054290 2.087729 -1.282424
v -2.926455 2.136280 -1.266084
v -3.002285 2.112849 -1.278256
v -2.963105 2.089260 -1.212095
v -2.922046 2.135224 -1.234260
v -3.014271 2.106727 -1.249064
v -2.884995 2.140034 -1.225247
v -3.048542 2.089500 -1.251500
v -2.874624 2.100177 -1.194523
v -3.043499 2.047997 -1.221631
v -2.883275 2.054935 -1.190260
v -3.013005 2.014850 -1.211085
v -2.945614 2.023360 -1.194209
v -2.643281 1.955764 -1.348505
v -3.101128 1.814294 -1.421999
v -2.770179 2.062464 -1.275848
v -3.081286 1.966336 -1.325787
v -2.735229 1.986813 -1.243454
v -3.076257 1.881439 -1.298196
v -2.683410 2.015349 -1.379264
v -3.093711 1.888571 -1.445126
v -2.795251 1.450257 -1.027751
v -2.751998 1.476181 -1.022145
v -2.845043 1.447431 -1.037081
v -2.727208 1.533793 -1.022640
v -2.896083 1.481612 -1.049748
v -2.750409 1.586086 -1.037460
v -2.902478 1.539098 -1.061871
v -2.808754 1.521396 -1.080565
v -2.741594 1.547860 -1.071762
v -2.878497 1.505558 -1.093737
v -2.724066 1.522274 -1.060127
v -2.881464 1.473640 -1.085393
v -2.745522 1.485199 -1.064098
v -2.843076 1.455056 -1.079757
v -2.791920 1.460802 -1.068800
v -2.869093 2.486441 -1.422795
v -3.195366 2.385626 -1.475169
v -2.839689 2.435498 -1.394816
v -3.198344 2.324677 -1.452388
v -2.748769 2.707547 -1.504287
v -3.388198 2.509970 -1.606929
v -2.813918 2.685040 -1.501746
v -3.325461 2.526978 -1.583860
v -2.653431 2.706798 -1.486934
v -3.467474 2.455267 -1.617605
v -2.523622 2.677201 -1.489938
v -3.552037 2.359431 -1.655020
v -2.468361 2.623441 -1.470173
v -3.571377 2.282621 -1.647230
v -2.469395 2.541278 -1.431551
v -3.536340 2.211603 -1.602818
v -2.542419 2.450232 -1.381151
v -3.443359 2.171851 -1.525771
v -2.647315 2.400170 -1.357111
v -3.340440 2.186001 -1.468373
v -2.778094 2.406168 -1.367057
v -3.238401 2.263937 -1.440946
v -2.879690 2.555847 -1.454590
v -3.216210 2.451866 -1.508608
v -2.862312 2.630716 -1.483647
v -3.262775 2.506977 -1.547930
v -2.832371 2.615876 -1.485567
v -3.277512 2.478333 -1.557021
v -2.852023 2.553023 -1.465474
v -3.233221 2.435237 -1.526665
v -2.764902 2.420521 -1.383818
v -3.251852 2.270059 -1.461983
v -2.649828 2.418132 -1.374598
v -3.343363 2.203837 -1.485925
v -2.560194 2.460923 -1.396933
v -3.430802 2.191914 -1.536683
v -2.500186 2.541052 -1.444006
v -3.508517 2.229489 -1.605864
v -2.498297 2.606113 -1.477941
v -3.536140 2.285430 -1.644537
v -2.545884 2.652740 -1.494565
v -3.519784 2.351815 -1.650896
v -2.657789 2.686241 -1.488927
v -3.452157 2.440789 -1.616440
v -2.796125 2.663341 -1.493520
v -3.329802 2.498440 -1.579187
v -2.741369 2.684276 -1.496999
v -3.383258 2.485939 -1.600035
v -2.820730 2.446718 -1.412843
v -3.214225 2.325132 -1.476007
v -2.842667 2.491833 -1.440330
v -3.214028 2.377087 -1.499941
v -2.918652 2.654950 -1.694953
v -3.171473 2.576831 -1.735536
v -2.880557 2.804110 -1.719500
v -3.276511 2.681764 -1.783059
v -2.772823 2.853147 -1.729189
v -3.385199 2.663929 -1.827488
v -2.619517 2.768365 -1.720176
v -3.461203 2.508293 -1.855284
v -2.377567 2.728325 -1.708017
v -3.632242 2.340643 -1.909418
v -2.243024 2.666075 -1.690539
v -3.708383 2.213295 -1.925760
v -2.190711 2.459834 -1.672406
v -3.640904 2.011739 -1.905192
v -2.295672 2.267259 -1.596952
v -3.474108 1.903135 -1.786116
v -2.492349 2.127306 -1.520285
v -3.264780 1.888633 -1.644276
v -3.015660 2.765181 -2.185784
v -2.943647 2.711033 -2.530175
v -2.592135 1.542759 -2.471167
v -2.730894 1.605847 -1.728176
v -2.723149 1.302513 -1.192530
v -2.729945 1.403349 -1.344296
v -2.758170 1.559878 -1.469768
v -2.763600 1.629877 -1.570682
v -2.104358 2.414683 -1.888672
v -3.621773 1.945817 -2.132248
v -2.048410 2.406332 -2.075466
v -3.607535 1.924578 -2.325739
v -2.016907 2.239595 -2.399127
v -3.447654 1.797509 -2.628792
v -2.326124 2.165510 -2.738843
v -3.067207 1.936523 -2.857802
v -2.151468 2.140536 -1.842232
v -3.447051 1.740214 -2.050200
v -2.128900 1.957007 -2.029465
v -3.309975 1.592067 -2.219052
v -2.066530 1.974149 -2.271267
v -3.299070 1.593306 -2.469116
v -2.323057 1.832654 -2.591552
v -2.928329 1.645632 -2.688711
v -2.593131 1.827485 -1.448353
v -3.041142 1.689055 -1.520268
v -2.629220 1.720089 -1.550770
v -2.924341 1.628899 -1.598143
v -2.488366 1.534327 -1.280459
v -3.009747 1.373226 -1.364152
v -2.551680 1.697755 -1.372402
v -3.023874 1.551852 -1.448199
v -2.461501 1.422235 -1.193400
v -2.993949 1.257714 -1.278869
v -2.603348 1.473583 -1.326196
v -2.873056 1.390246 -1.369490
v -2.643066 1.631224 -1.443766
v -2.895149 1.553333 -1.484231
v -2.570801 1.362977 -1.188639
v -2.876989 1.268368 -1.237788
v -2.603714 1.915145 -1.507246
v -3.064299 1.772829 -1.581180
v -2.635462 2.011615 -1.472751
v -3.102464 1.867316 -1.547714
v -2.640871 2.061306 -1.464323
v -3.128026 1.910780 -1.542522
v -2.553679 1.742301 -1.693406
v -2.954946 1.618314 -1.757818
v -2.412303 1.662626 -2.067127
v -2.914829 1.507351 -2.147793
v -2.335057 1.692668 -2.384762
v -2.900979 1.517804 -2.475604
v -2.440813 2.565191 -2.683489
v -3.213457 2.326452 -2.807515
v -2.544678 2.779901 -2.451170
v -3.316912 2.541288 -2.575130
v -2.604611 2.820495 -2.151650
v -3.378075 2.581503 -2.275807
v -2.609572 2.717766 -1.860015
v -3.401070 2.473202 -1.987067
v -2.231926 2.617209 -1.856008
v -3.642770 2.181273 -2.082478
v -2.368215 2.673603 -1.885691
v -3.558538 2.305806 -2.076763
v -2.341162 2.735696 -2.156571
v -3.536403 2.366379 -2.348433
v -2.178642 2.645672 -2.078116
v -3.636623 2.195172 -2.312152
v -2.124961 2.593954 -2.295801
v -3.587861 2.141933 -2.530627
v -2.284587 2.691222 -2.406228
v -3.484747 2.320385 -2.598879
v -2.204372 2.508636 -2.574522
v -3.398794 2.139572 -2.766252
v -2.082767 2.465451 -2.447295
v -3.506727 2.025462 -2.675870
v -2.140358 2.181879 -2.569086
v -3.270427 1.832700 -2.750486
v -2.197537 1.882719 -2.405417
v -3.107593 1.601522 -2.551500
v -2.018257 2.399341 -2.241604
v -3.579744 1.916857 -2.492255
v -2.408716 1.955066 -1.734141
v -3.174162 1.718551 -1.857011
v -2.279162 1.831912 -2.058571
v -3.114929 1.573668 -2.192729
v -1.939274 2.425906 -2.300236
v -3.639500 1.900554 -2.573158
v -1.953584 1.986048 -2.024338
v -3.464851 1.519082 -2.266928
v -1.704345 2.037867 -2.126411
v -3.659523 1.433737 -2.440259
v -1.509444 2.189646 -2.241290
v -3.863035 1.462410 -2.619091
v -1.489382 2.397781 -2.341739
v -3.964712 1.632931 -2.739081
v -1.615669 2.510660 -2.415053
v -3.906958 1.802676 -2.782852
v -1.805004 2.489772 -2.372073
v -3.759363 1.885896 -2.685789
v -1.807808 2.461258 -2.324054
v -3.755199 1.859534 -2.636651
v -1.648480 2.471658 -2.371783
v -3.872136 1.784571 -2.728727
v -1.546396 2.370593 -2.322174
v -3.910645 1.640064 -2.701685
v -1.565428 2.199481 -2.233552
v -3.826795 1.500743 -2.596549
v -1.724630 2.084548 -2.121394
v -3.670790 1.483205 -2.433793
v -1.927800 2.050377 -2.023915
v -3.520635 1.558208 -2.279598
v -1.915802 2.412010 -2.257942
v -3.662346 1.872346 -2.538299
v -1.872216 2.355902 -2.278317
v -3.659749 1.803573 -2.565254
v -1.876267 2.072423 -2.089625
v -3.554359 1.553910 -2.358994
v -1.712113 2.097212 -2.176504
v -3.671800 1.491689 -2.491075
v -1.577570 2.188762 -2.268976
v -3.801227 1.501675 -2.625920
v -1.557985 2.323457 -2.339621
v -3.870588 1.608886 -2.710842
v -1.640949 2.400944 -2.378496
v -3.837142 1.722343 -2.731031
v -1.778193 2.391947 -2.339345
v -3.735830 1.787057 -2.653587
v -1.976061 2.343086 -2.215128
v -3.589390 1.844584 -2.474101
v -1.966252 2.214887 -2.212701
v -3.527115 1.732597 -2.463253
v -1.997325 2.134973 -2.185962
v -3.466373 1.681052 -2.421775
v -1.958393 2.115008 -2.178201
v -3.488104 1.642343 -2.423752
v -1.945826 2.083227 -2.145210
v -3.489883 1.606129 -2.393064
v -1.945240 2.055259 -2.116497
v -3.483149 1.580061 -2.363363
v -2.070011 2.151208 -2.000131
v -3.471563 1.718143 -2.225110
v -2.042652 2.053555 -2.043139
v -3.426869 1.625847 -2.265335
v -2.037190 2.118757 -2.103726
v -3.449738 1.682294 -2.330469
v -2.011050 2.260943 -2.164001
v -3.531334 1.791191 -2.408039
v -1.925846 2.295242 -2.238302
v -3.595741 1.779262 -2.506355
v -1.889688 2.260824 -2.268467
v -3.596473 1.733446 -2.542442
v -1.910844 2.051646 -2.152745
v -3.497736 1.561313 -2.407475
v -1.900823 2.078126 -2.179538
v -3.512513 1.580130 -2.438248
v -1.930783 2.115714 -2.206973
v -3.501894 1.630257 -2.459169
v -1.969597 2.133551 -2.221400
v -3.477174 1.667725 -2.463398
v -1.932962 2.191167 -2.242726
v -3.531535 1.697225 -2.499331
v -1.746374 2.352582 -2.361104
v -3.732841 1.738785 -2.679974
v -1.632190 2.362157 -2.389415
v -3.819503 1.686300 -2.740524
v -1.562412 2.298492 -2.352740
v -3.849602 1.591775 -2.719882
v -1.585882 2.186839 -2.293666
v -3.786584 1.506845 -2.646925
v -1.707084 2.103431 -2.221238
v -3.666361 1.498035 -2.535743
v -1.851348 2.074641 -2.146068
v -3.558952 1.547010 -2.420174
v -1.834643 2.316355 -2.307421
v -3.659066 1.752628 -2.600279
v -1.878727 2.158376 -2.229733
v -3.559688 1.638976 -2.499562
v -1.838751 2.119322 -2.200320
v -3.577917 1.581938 -2.479492
v -1.764157 2.173375 -2.246547
v -3.652933 1.589763 -2.549736
v -1.824470 2.220469 -2.263526
v -3.626759 1.663580 -2.552831
v -1.773153 2.278663 -2.300129
v -3.688572 1.686819 -2.607594
v -1.701627 2.236745 -2.287100
v -3.725257 1.611465 -2.611935
v -1.656085 2.287325 -2.316731
v -3.780343 1.630952 -2.657719
v -1.703372 2.323877 -2.337536
v -3.757471 1.689182 -2.667262
v -1.755892 2.360946 -2.422893
v -3.712300 1.756437 -2.736938
v -1.556935 2.416866 -2.453431
v -3.890306 1.695879 -2.827986
v -1.458002 2.367138 -2.386625
v -3.959564 1.594182 -2.788178
v -1.483410 2.211265 -2.332469
v -3.869247 1.474066 -2.715446
v -1.686293 2.066359 -2.260788
v -3.650899 1.459316 -2.576148
v -1.919402 2.008218 -2.188341
v -3.456901 1.533147 -2.435142
v -1.925091 2.292677 -2.356886
v -3.560965 1.787210 -2.619478
v -2.548374 2.578686 -1.430626
v -2.583442 2.542890 -1.385369
v -2.571743 2.480045 -1.380939
v -2.503378 2.507433 -1.430626
v -3.491317 2.202170 -1.589210
v -3.436869 2.212730 -1.519810
v -3.461069 2.271713 -1.526247
v -3.495324 2.286088 -1.582631
v -2.458572 2.560294 -1.503372
v -2.492750 2.415632 -1.431433
v -2.417443 2.463213 -1.503649
v -3.513388 2.124577 -1.679571
v -3.448820 2.120216 -1.584902
v -3.534739 2.227770 -1.676119
v -2.584577 2.400880 -1.381587
v -2.634625 2.328326 -1.399330
v -2.525341 2.322542 -1.441093
v -3.369204 2.061797 -1.576551
v -3.298699 2.123134 -1.505928
v -3.382993 2.154177 -1.509750
v -2.636660 2.474794 -1.354191
v -2.668979 2.420649 -1.358913
v -3.334232 2.215093 -1.465700
v -3.390756 2.241786 -1.475239
v -2.728243 2.455082 -1.352682
v -2.779934 2.434288 -1.379299
v -2.725205 2.370023 -1.380381
v -3.256116 2.205977 -1.465604
v -3.248952 2.289366 -1.454587
v -3.308546 2.275774 -1.445833
v -2.799320 2.347746 -1.429973
v -2.714252 2.280790 -1.440043
v -3.198435 2.131182 -1.517765
v -3.171552 2.232730 -1.489724
v -2.841951 2.431875 -1.430119
v -2.890563 2.463455 -1.503544
v -2.870618 2.362123 -1.502889
v -3.102719 2.290406 -1.540146
v -3.142749 2.385532 -1.544025
v -3.184466 2.326041 -1.485100
v -2.802249 2.494763 -1.383715
v -2.841351 2.513141 -1.430494
v -3.229620 2.393170 -1.492819
v -3.263530 2.352232 -1.457761
v -2.820118 2.574550 -1.425980
v -2.820628 2.615989 -1.475550
v -2.869326 2.554106 -1.494867
v -3.211841 2.448273 -1.549848
v -3.289645 2.471068 -1.550837
v -3.281399 2.432019 -1.500025
v -2.858672 2.612762 -1.570356
v -2.906862 2.523954 -1.588614
v -3.138962 2.452238 -1.625871
v -3.230904 2.497746 -1.630107
v -2.791299 2.665139 -1.536709
v -2.718530 2.702969 -1.597785
v -2.801559 2.670624 -1.646545
v -3.285742 2.521017 -1.724267
v -3.382604 2.497777 -1.704383
v -3.322209 2.501093 -1.621931
v -2.771160 2.646707 -1.454189
v -2.726394 2.677011 -1.494713
v -3.391646 2.471456 -1.601500
v -3.351462 2.467400 -1.547340
v -2.679576 2.666419 -1.455698
v -2.612437 2.661747 -1.477190
v -2.650671 2.695995 -1.537915
v -3.449086 2.449293 -1.666077
v -3.477562 2.394432 -1.616061
v -3.433672 2.433411 -1.576746
v -2.552102 2.680648 -1.571816
v -2.612648 2.712377 -1.647595
v -3.456510 2.451632 -1.783053
v -3.508172 2.385232 -1.725286
v -2.530753 2.629664 -1.495374
v -2.453686 2.625044 -1.589374
v -3.549631 2.286409 -1.765296
v -3.518692 2.324402 -1.653959
v -2.601311 2.622677 -1.427634
v -3.478938 2.351500 -1.568511
v -2.598980 2.588163 -1.392600
v -2.645205 2.650841 -1.427369
v -2.627094 2.621956 -1.400667
v -3.466055 2.362726 -1.535338
v -3.460135 2.399036 -1.558183
v -3.471774 2.318479 -1.532702
v -2.730263 2.662900 -1.439453
v -2.691325 2.659786 -1.423120
v -3.430136 2.431502 -1.541714
v -3.396659 2.456991 -1.546424
v -2.798880 2.618174 -1.424067
v -2.767083 2.644147 -1.420614
v -3.362859 2.460058 -1.516249
v -3.322635 2.456339 -1.508140
v -2.813699 2.541382 -1.390132
v -2.807661 2.583499 -1.396925
v -3.304414 2.430007 -1.476664
v -3.278413 2.397790 -1.464728
v -2.768828 2.483988 -1.352986
v -2.792936 2.517751 -1.362097
v -3.289689 2.364259 -1.441836
v -3.292583 2.322153 -1.437060
v -2.687829 2.473431 -1.339087
v -2.731391 2.484777 -1.336193
v -3.327167 2.300688 -1.431828
v -3.354226 2.267521 -1.446058
v -2.615153 2.516656 -1.356289
v -2.655633 2.500416 -1.338699
v -3.394444 2.272131 -1.457293
v -3.430084 2.264851 -1.487103
v -2.612369 2.556208 -1.365839
v -3.451330 2.296978 -1.500510
v -2.648650 2.586841 -1.373435
v -2.658197 2.543620 -1.351195
v -3.437604 2.343063 -1.500079
v -3.412669 2.310496 -1.472303
v -2.701727 2.517615 -1.339822
v -3.367475 2.311905 -1.446689
v -2.750933 2.524335 -1.348393
v -3.330160 2.345360 -1.441371
v -2.778536 2.559133 -1.370829
v -3.321282 2.391430 -1.457951
v -2.769109 2.605494 -1.391385
v -3.348336 2.426518 -1.484363
v -2.727564 2.632980 -1.400933
v -3.393312 2.427271 -1.507800
v -2.676373 2.624779 -1.394186
v -3.430845 2.391655 -1.515294
v -2.663120 1.344844 -1.077505
v -2.607323 1.397252 -1.044811
v -2.701867 1.399441 -1.027290
v -2.758404 1.345083 -1.054845
v -2.840564 1.356585 -1.049553
v -2.908439 1.304210 -1.093146
v -2.826462 1.294373 -1.103725
v -2.515970 1.399189 -1.083676
v -2.509727 1.449714 -1.050541
v -2.596682 1.447533 -1.022502
v -2.950879 1.338090 -1.079358
v -3.012202 1.294455 -1.131198
v -2.969975 1.258906 -1.156553
v -2.447839 1.468293 -1.105375
v -2.494099 1.536976 -1.068931
v -2.559775 1.517367 -1.030390
v -3.016035 1.376388 -1.103629
v -3.067280 1.359869 -1.160939
v -3.055246 1.280611 -1.202876
v -2.474569 1.594284 -1.150775
v -2.542356 1.681402 -1.121470
v -2.579068 1.620090 -1.056933
v -3.049930 1.474599 -1.132516
v -3.094017 1.510944 -1.210023
v -3.090737 1.403895 -1.249683
v -2.544819 1.773829 -1.234290
v -2.620915 1.864255 -1.216314
v -2.642792 1.779212 -1.127115
v -3.067593 1.647953 -1.195305
v -3.106071 1.714347 -1.294192
v -3.110724 1.598970 -1.325129
v -2.734857 2.132439 -1.340194
v -2.609774 2.129507 -1.411577
v -2.543871 2.226951 -1.387164
v -2.698291 2.240357 -1.330599
v -3.219997 2.079155 -1.414343
v -3.317437 1.987927 -1.511338
v -3.205089 1.945561 -1.507138
v -3.129112 2.010618 -1.403481
v -2.417330 2.247339 -1.442227
v -2.361734 2.360397 -1.436084
v -2.483222 2.332058 -1.387532
v -3.422794 2.041740 -1.538353
v -3.519726 2.002589 -1.621966
v -3.412083 1.939971 -1.601906
v -2.260818 2.405876 -1.512581
v -2.255437 2.534332 -1.512969
v -2.344958 2.470161 -1.448930
v -3.589694 2.085551 -1.648736
v -3.676887 2.095119 -1.741141
v -3.601981 1.991471 -1.727866
v -2.214388 2.627497 -1.573143
v -2.285820 2.728265 -1.537735
v -2.311159 2.636467 -1.500762
v -3.693003 2.209492 -1.722577
v -3.752870 2.274962 -1.773227
v -3.743177 2.155117 -1.818546
v -2.310697 2.777116 -1.583984
v -2.415534 2.800735 -1.541268
v -2.372797 2.751141 -1.508227
v -3.705761 2.339269 -1.722195
v -3.690140 2.406895 -1.745869
v -3.747056 2.333296 -1.814549
v -2.501705 2.825738 -1.604790
v -2.638048 2.863397 -1.569805
v -2.543057 2.807072 -1.517036
v -3.600626 2.480294 -1.686798
v -3.542113 2.584050 -1.714926
v -3.618196 2.480754 -1.784010
v -2.717487 2.900254 -1.644043
v -2.819053 2.918715 -1.601578
v -2.743439 2.865466 -1.546034
v -3.467460 2.641751 -1.662255
v -3.421643 2.732520 -1.698307
v -3.478911 2.664982 -1.766267
v -2.882893 2.911270 -1.661598
v -2.941366 2.858774 -1.589415
v -2.873262 2.869501 -1.555837
v -3.365131 2.717519 -1.634792
v -3.296228 2.749125 -1.646378
v -3.350322 2.766840 -1.736630
v -2.977396 2.776229 -1.619244
v -3.005978 2.695201 -1.538239
v -2.956569 2.760527 -1.523178
v -3.249129 2.670129 -1.570140
v -3.170088 2.644493 -1.564582
v -3.213954 2.703135 -1.657216
v -3.031007 2.631995 -1.578095
v -3.071747 2.603961 -1.526042
v -3.017811 2.622649 -1.489404
v -3.134809 2.586498 -1.508185
v -3.104224 2.609372 -1.589848
v -2.951367 2.667242 -1.494482
v -2.885185 2.694046 -1.512980
v -2.885539 2.778337 -1.528802
v -3.313004 2.646255 -1.597419
v -3.271353 2.574723 -1.574968
v -3.210008 2.587325 -1.535999
v -2.812219 2.749590 -1.531010
v -2.792922 2.817283 -1.537268
v -3.404632 2.628271 -1.635460
v -3.353992 2.582188 -1.617976
v -2.715696 2.754382 -1.524906
v -2.653054 2.789954 -1.520511
v -3.503987 2.527024 -1.657104
v -3.434029 2.532425 -1.640214
v -2.563736 2.728377 -1.511943
v -2.464539 2.742530 -1.503122
v -3.630575 2.382237 -1.690295
v -3.542504 2.425948 -1.669056
v -2.438331 2.681482 -1.499306
v -2.376642 2.675384 -1.495016
v -3.664775 2.277364 -1.701789
v -3.618560 2.316803 -1.688758
v -2.403424 2.597559 -1.469335
v -2.367455 2.549019 -1.459504
v -3.612498 2.164314 -1.659359
v -3.608246 2.225282 -1.662735
v -2.446828 2.478511 -1.418748
v -2.453312 2.413297 -1.402064
v -3.486851 2.093944 -1.567969
v -3.523098 2.145955 -1.591512
v -2.557075 2.378053 -1.372623
v -2.610651 2.320893 -1.356862
v -3.325552 2.099996 -1.471618
v -3.394532 2.119287 -1.507053
v -2.714480 2.347312 -1.357313
v -2.809604 2.296942 -1.335333
v -3.162588 2.187873 -1.391994
v -3.258610 2.179182 -1.444657
v -2.842183 2.370399 -1.380664
v -2.917285 2.343095 -1.397250
v -2.905828 2.241864 -1.334543
v -3.057044 2.195140 -1.358816
v -3.085904 2.290994 -1.424317
v -3.164562 2.270788 -1.432412
v -2.930296 2.600822 -1.482863
v -2.989076 2.554948 -1.469384
v -3.125749 2.512718 -1.491323
v -3.193241 2.519575 -1.525071
v -2.929479 2.504597 -1.451070
v -3.045563 2.486579 -1.463213
v -2.965405 2.443106 -1.441376
v -3.090678 2.404398 -1.461485
v -3.149949 2.436474 -1.486460
v -3.010961 2.357797 -1.430879
v -2.895796 2.423968 -1.418559
v -3.141218 2.348135 -1.457954
v -2.685956 1.447827 -1.010906
v -2.756522 1.446054 -1.010410
v -2.782762 1.407157 -1.022593
v -2.828253 1.423890 -1.021924
v -2.884394 1.386512 -1.042759
v -2.636218 1.504954 -1.011638
v -2.702456 1.491644 -1.004626
v -2.897410 1.431405 -1.035920
v -2.954651 1.406561 -1.062754
v -2.643858 1.594387 -1.030653
v -2.696570 1.569899 -1.017585
v -2.941443 1.494236 -1.056893
v -2.992511 1.486657 -1.086619
v -2.745631 1.866967 -1.153918
v -2.772051 1.769412 -1.104140
v -2.675776 1.693303 -1.068528
v -3.011169 1.589670 -1.122366
v -2.967466 1.709031 -1.135508
v -3.027687 1.779815 -1.199194
v -2.727726 1.642032 -1.043221
v -2.949441 1.573524 -1.078811
v -2.824735 1.931752 -1.188503
v -2.878929 1.963948 -1.209639
v -2.907873 1.900216 -1.192279
v -2.851140 1.845431 -1.151264
v -2.933887 1.819864 -1.164547
v -2.960714 1.938677 -1.222767
v -2.991495 1.880225 -1.215271
v -2.800597 1.678653 -1.069580
v -2.872190 1.744443 -1.114729
v -2.904966 1.646405 -1.086334
v -2.841251 1.612227 -1.052966
v -2.784356 1.605185 -1.035907
v -2.886844 1.573517 -1.052359
v -2.823164 2.042238 -1.231039
v -2.833365 2.085985 -1.229011
v -2.844398 2.065564 -1.204176
v -2.854874 2.021109 -1.212565
v -3.010233 1.973104 -1.237503
v -3.045347 2.003473 -1.236433
v -3.058139 2.016532 -1.265092
v -3.041442 1.974792 -1.266077
v -2.838611 2.111932 -1.258978
v -2.867910 2.136716 -1.268213
v -2.849700 2.124219 -1.232158
v -3.065508 2.057537 -1.266800
v -3.047801 2.081132 -1.297089
v -3.059747 2.043604 -1.294475
v -2.908098 2.142919 -1.296687
v -2.932487 2.125969 -1.283549
v -2.899176 2.147836 -1.265194
v -3.030290 2.107323 -1.286241
v -2.986875 2.109164 -1.292279
v -3.011570 2.110947 -1.313297
v -2.955240 2.100779 -1.283262
v -2.956334 2.096644 -1.268492
v -2.945417 2.116305 -1.257495
v -2.978874 2.105967 -1.262866
v -2.926220 1.969806 -1.211943
v -2.893034 2.006310 -1.199772
v -2.975832 1.980726 -1.213063
v -2.938678 2.001796 -1.195907
v -2.872094 2.047756 -1.193732
v -2.907941 2.040000 -1.190529
v -2.985365 2.016077 -1.202957
v -3.016817 2.003038 -1.216963
v -2.964046 2.104084 -1.234770
v -2.934547 2.118680 -1.223306
v -2.924646 2.139110 -1.248348
v -3.010342 2.112631 -1.262103
v -2.998492 2.098922 -1.233571
v -2.903854 2.140339 -1.230128
v -2.876925 2.145603 -1.236876
v -3.054606 2.090702 -1.265398
v -3.032531 2.100579 -1.250784
v -2.878426 2.124834 -1.209641
v -2.852098 2.100327 -1.200220
v -3.059605 2.036209 -1.233529
v -3.049780 2.071887 -1.237147
v -2.877025 2.075033 -1.189570
v -3.029177 2.028019 -1.213994
v -2.911185 2.094920 -1.198301
v -3.010865 2.064119 -1.214302
v -2.953952 2.052067 -1.197522
v -2.969997 2.176216 -1.336544
v -2.863482 2.159100 -1.281118
v -3.059913 2.098405 -1.312649
v -2.804034 2.072557 -1.253646
v -2.797943 2.115085 -1.281331
v -3.086958 2.025782 -1.327724
v -3.066672 1.991405 -1.295805
v -2.786863 1.993471 -1.223017
v -2.751353 2.023936 -1.264030
v -3.078189 1.922947 -1.316494
v -3.045310 1.913613 -1.264503
v -2.712848 1.938168 -1.213366
v -3.075601 1.826081 -1.271596
v -2.615928 1.915464 -1.320361
v -2.682155 1.972933 -1.288078
v -3.097426 1.844619 -1.354738
v -3.108412 1.763292 -1.399415
v -2.664227 1.986744 -1.367118
v -2.723580 2.040263 -1.322280
v -3.092276 1.926339 -1.381463
v -3.096457 1.853190 -1.436500
v -2.699564 2.047159 -1.388532
v -3.095929 1.924686 -1.452157
v -2.747702 1.597823 -1.029265
v -2.830663 1.571094 -1.039748
v -2.783250 1.577524 -1.042752
v -2.870506 1.550563 -1.056758
v -2.913415 1.546619 -1.055866
v -2.719573 1.535352 -1.010755
v -2.731673 1.567537 -1.029536
v -2.909207 1.512680 -1.058033
v -2.906329 1.477646 -1.040734
v -2.746473 1.474368 -1.009591
v -2.735425 1.501464 -1.020707
v -2.872379 1.459147 -1.042691
v -2.851969 1.441771 -1.026526
v -2.795646 1.445962 -1.017024
v -2.772554 1.459824 -1.024543
v -2.819231 1.445401 -1.032036
v -2.792257 1.450996 -1.047825
v -2.749979 1.475530 -1.043309
v -2.767081 1.471171 -1.065633
v -2.818009 1.455435 -1.073809
v -2.840207 1.447651 -1.057792
v -2.725485 1.527197 -1.043785
v -2.729881 1.502543 -1.063066
v -2.865190 1.460734 -1.084786
v -2.887744 1.477061 -1.069831
v -2.745905 1.571262 -1.055416
v -2.725897 1.539199 -1.067180
v -2.887337 1.489316 -1.093094
v -2.892697 1.525905 -1.078979
v -2.818355 1.544819 -1.065843
v -2.770804 1.537400 -1.075437
v -2.848786 1.513304 -1.087955
v -2.798488 1.488561 -1.081318
v -2.742273 1.514114 -1.074864
v -2.858477 1.478208 -1.093518
v -2.885483 2.476708 -1.426679
v -2.849985 2.421628 -1.397389
v -2.856403 2.458225 -1.408706
v -3.193794 2.353975 -1.462864
v -3.181894 2.319071 -1.450668
v -3.176044 2.386928 -1.473320
v -2.901163 2.552984 -1.460429
v -2.877254 2.519362 -1.438365
v -3.202656 2.418816 -1.490599
v -3.196131 2.461842 -1.507777
v -2.883456 2.638324 -1.492363
v -2.875082 2.594183 -1.470121
v -3.236503 2.482508 -1.528137
v -3.247900 2.525715 -1.550864
v -2.782902 2.388983 -1.369877
v -2.817107 2.418565 -1.380149
v -3.210909 2.296884 -1.443362
v -3.224354 2.252579 -1.440739
v -2.640746 2.379941 -1.358732
v -2.715847 2.398129 -1.358572
v -3.285185 2.222210 -1.449962
v -3.333974 2.165741 -1.470010
v -2.526180 2.435451 -1.384432
v -2.590317 2.417853 -1.364545
v -3.392729 2.169916 -1.493348
v -3.447000 2.150928 -1.532243
v -2.446016 2.538785 -1.435862
v -2.499306 2.493792 -1.405581
v -3.494162 2.186392 -1.565276
v -3.552055 2.197031 -1.613404
v -2.444397 2.630331 -1.477400
v -2.460885 2.585521 -1.453059
v -3.561236 2.245523 -1.629688
v -3.591886 2.275769 -1.661596
v -2.506750 2.688380 -1.499715
v -2.486459 2.653623 -1.483524
v -3.570005 2.318818 -1.657456
v -3.568623 2.360272 -1.670168
v -2.648863 2.718522 -1.502709
v -2.585584 2.695344 -1.487973
v -3.514038 2.408462 -1.637009
v -3.472999 2.463873 -1.635000
v -2.754665 2.723637 -1.518030
v -2.707373 2.710370 -1.494898
v -3.424886 2.488666 -1.610074
v -3.388510 2.527785 -1.619776
v -2.827562 2.699712 -1.514240
v -2.783443 2.699699 -1.506156
v -3.356163 2.522735 -1.598089
v -3.319277 2.547777 -1.593170
v -2.841048 2.661710 -1.494147
v -3.293516 2.521902 -1.566778
v -2.804225 2.673830 -1.495459
v -2.846147 2.623408 -1.482065
v -2.816093 2.642681 -1.490406
v -3.303658 2.492029 -1.568671
v -3.271869 2.491864 -1.550402
v -3.328680 2.511779 -1.579645
v -2.744848 2.695536 -1.498078
v -2.771385 2.676398 -1.496698
v -3.355479 2.495919 -1.590457
v -3.386429 2.497294 -1.601065
v -2.656353 2.696720 -1.483693
v -2.704934 2.688886 -1.492357
v -3.415684 2.469272 -1.606447
v -3.460558 2.448229 -1.612785
v -2.536050 2.665589 -1.489118
v -2.599212 2.672802 -1.491921
v -3.489802 2.397619 -1.634880
v -3.536132 2.356574 -1.649652
v -2.485293 2.615563 -1.471389
v -2.513736 2.630776 -1.489364
v -3.534363 2.315413 -1.653196
v -3.553416 2.285523 -1.642845
v -2.486376 2.541985 -1.435383
v -2.492612 2.576707 -1.463195
v -3.528610 2.256594 -1.629495
v -3.522324 2.221888 -1.601675
v -2.552632 2.457965 -1.386456
v -2.524716 2.499704 -1.419890
v -3.473408 2.206568 -1.572175
v -3.438098 2.184365 -1.528591
v -2.649682 2.411680 -1.363269
v -2.600633 2.433187 -1.381510
v -3.388237 2.189825 -1.507937
v -3.343165 2.197401 -1.474587
v -2.772133 2.415155 -1.372282
v -2.709702 2.415029 -1.375700
v -3.294411 2.234360 -1.469558
v -3.246530 2.268572 -1.448433
v -2.830514 2.442557 -1.400965
v -2.800523 2.431283 -1.397357
v -3.225989 2.299818 -1.465653
v -3.207665 2.326021 -1.461506
v -2.864494 2.555555 -1.457254
v -2.845343 2.585288 -1.476861
v -3.252979 2.459333 -1.542296
v -3.227196 2.443484 -1.515475
v -2.855630 2.490682 -1.428574
v -2.850017 2.521150 -1.453122
v -3.220763 2.406594 -1.512634
v -3.206599 2.382236 -1.484912
v -2.833461 2.466898 -1.427139
v -3.211277 2.350157 -1.487786
v -3.048893 2.585253 -1.632406
v -2.976698 2.668767 -1.644360
v -2.992718 2.596099 -1.680043
v -3.085258 2.567506 -1.694897
v -3.148082 2.615812 -1.671871
v -2.915525 2.833919 -1.695987
v -2.889082 2.741239 -1.707619
v -3.238580 2.633247 -1.763721
v -3.272267 2.723690 -1.753252
v -2.785126 2.893751 -1.707758
v -2.826680 2.831540 -1.732893
v -3.330020 2.676013 -1.813689
v -3.404072 2.702503 -1.807112
v -2.598143 2.828939 -1.673695
v -2.715058 2.819479 -1.723312
v -3.413599 2.603637 -1.835442
v -3.524649 2.542658 -1.822419
v -2.383064 2.771558 -1.646407
v -2.478333 2.750103 -1.714589
v -3.563389 2.414832 -1.888763
v -3.669403 2.374093 -1.852891
v -2.240246 2.703110 -1.629539
v -2.301306 2.709556 -1.698539
v -3.684379 2.282201 -1.920551
v -3.748438 2.237094 -1.871635
v -2.202866 2.484154 -1.601446
v -2.200712 2.574158 -1.686117
v -3.692150 2.113319 -1.925524
v -3.665099 2.032340 -1.836166
v -2.322019 2.295935 -1.519508
v -2.226990 2.355251 -1.638580
v -3.564514 1.941970 -1.853281
v -3.491437 1.934597 -1.707224
v -2.493295 2.162176 -1.468784
v -2.380691 2.194926 -1.560517
v -3.378040 1.886756 -1.720613
v -3.298004 1.913529 -1.597957
v -2.697207 1.589447 -1.458213
v -2.764634 1.607932 -1.521998
v -2.685667 1.666645 -1.563287
v -2.641610 1.686922 -1.499387
v -2.911062 1.603664 -1.542639
v -2.847061 1.616775 -1.589194
v -2.825554 1.549789 -1.478816
v -2.665473 1.433095 -1.334362
v -2.744314 1.484794 -1.411554
v -2.627345 1.554976 -1.387238
v -2.881631 1.476404 -1.428056
v -2.799712 1.391616 -1.355911
v -2.646705 1.330478 -1.186294
v -2.722283 1.338720 -1.267623
v -2.582453 1.404880 -1.257730
v -2.871170 1.315670 -1.304075
v -2.800260 1.283031 -1.210943
v -2.571998 1.356070 -1.127269
v -2.732124 1.299417 -1.130661
v -2.889817 1.257867 -1.178286
v -2.451289 1.419911 -1.148301
v -2.500672 1.395224 -1.193433
v -2.948352 1.256895 -1.265295
v -3.013585 1.246167 -1.238561
v -2.453875 1.529292 -1.206128
v -2.463979 1.463918 -1.231975
v -3.003936 1.297077 -1.318649
v -3.055287 1.343462 -1.302667
v -2.515764 1.693558 -1.283149
v -2.520865 1.616100 -1.327736
v -3.015808 1.463167 -1.407185
v -3.075264 1.520678 -1.372961
v -2.541789 1.512756 -1.315549
v -2.595024 1.673229 -1.421821
v -2.962235 1.559764 -1.480766
v -2.945941 1.387877 -1.380424
v -2.604312 1.779847 -1.512644
v -2.575295 1.770118 -1.413787
v -3.033399 1.628569 -1.487322
v -2.987714 1.661380 -1.574188
v -2.579596 1.849046 -1.365168
v -3.087451 1.692124 -1.446689
v -2.628013 1.938945 -1.416077
v -2.616593 1.975930 -1.486898
v -2.663122 2.001258 -1.430158
v -3.087273 1.870200 -1.498243
v -3.093533 1.828560 -1.563457
v -3.084476 1.797903 -1.489349
v -2.606253 1.869077 -1.474794
v -3.046210 1.733135 -1.545416
v -2.657265 2.063340 -1.442055
v -2.650702 2.036772 -1.466689
v -3.106120 1.896052 -1.539794
v -3.122674 1.919534 -1.516763
v -2.589482 2.092479 -1.478782
v -3.181342 1.909600 -1.573788
v -2.590054 1.606586 -2.606993
v -2.446538 1.773609 -2.672551
v -2.328614 1.740699 -2.497550
v -2.446790 1.609069 -2.429413
v -2.754549 1.513974 -2.478815
v -2.900207 1.564083 -2.589302
v -2.775817 1.671865 -2.725407
v -2.608639 1.512364 -2.309844
v -2.362149 1.665051 -2.239533
v -2.513719 1.578913 -2.091604
v -2.782197 1.495956 -2.134700
v -2.906108 1.496974 -2.326850
v -2.687562 1.558815 -1.907590
v -2.480233 1.692445 -1.879966
v -2.632501 1.653349 -1.716365
v -2.837571 1.589984 -1.749283
v -2.931613 1.552973 -1.952422
v -2.754843 1.630175 -1.625808
v -2.609708 1.733967 -1.600659
v -2.932997 1.634074 -1.652554
v -2.575048 1.833946 -1.590217
v -3.018255 1.696999 -1.661361
v -2.151188 2.432712 -1.776944
v -2.232219 2.215590 -1.707048
v -2.104839 2.285980 -1.865913
v -3.556978 1.837285 -2.099011
v -3.463837 1.835032 -1.904748
v -3.626999 1.976701 -2.013842
v -2.635272 1.873688 -2.839445
v -2.487455 2.127312 -2.839510
v -2.314795 1.977855 -2.680347
v -2.989407 1.769407 -2.788637
v -2.890889 2.002655 -2.904270
v -2.987304 2.764262 -2.360663
v -2.800233 2.813641 -2.159330
v -2.581399 2.823729 -2.306236
v -2.732881 2.765049 -2.489136
v -3.150354 2.636054 -2.556149
v -3.353787 2.585069 -2.430221
v -3.218782 2.684314 -2.226516
v -2.887485 2.613193 -2.691718
v -2.498287 2.697810 -2.581979
v -2.616327 2.531545 -2.762357
v -3.034774 2.402249 -2.829527
v -3.270572 2.459183 -2.705947
v -2.750396 2.278093 -2.900700
v -2.375082 2.375417 -2.739305
v -3.144396 2.137707 -2.862796
v -2.373763 2.687089 -1.784575
v -2.242745 2.631896 -1.765164
v -2.297652 2.655108 -1.868089
v -3.608687 2.250012 -2.078537
v -3.668396 2.191385 -1.994011
v -3.590575 2.311107 -1.979898
v -2.357997 2.702528 -2.015762
v -2.207899 2.630413 -1.963289
v -2.254266 2.698399 -2.118454
v -3.594864 2.284168 -2.333648
v -3.638161 2.188477 -2.192876
v -3.545245 2.335681 -2.206341
v -2.316477 2.731977 -2.288162
v -2.152041 2.634741 -2.190578
v -2.195851 2.650552 -2.353753
v -3.546902 2.233091 -2.570625
v -3.619245 2.181390 -2.426094
v -3.516022 2.361330 -2.480714
v -2.246697 2.619734 -2.507167
v -2.096525 2.528922 -2.387712
v -2.125422 2.482208 -2.507869
v -3.465189 2.068234 -2.722929
v -3.547987 2.080435 -2.620702
v -3.446140 2.249119 -2.699703
v -2.048966 2.371342 -2.433183
v -2.075031 2.196284 -2.486377
v -2.162682 2.353376 -2.593536
v -3.340451 1.989457 -2.782593
v -3.353248 1.801329 -2.691557
v -3.485390 1.927502 -2.663759
v -2.216657 2.178246 -2.649550
v -2.306579 2.547462 -2.626140
v -3.325311 2.232685 -2.789668
v -3.185587 1.878856 -2.805084
v -2.397245 2.744250 -2.431345
v -3.418488 2.428697 -2.595275
v -2.453472 2.784592 -2.160335
v -3.474253 2.469181 -2.324192
v -2.611621 2.768781 -1.994121
v -2.466892 2.700037 -1.879256
v -3.497613 2.381555 -2.044708
v -3.389183 2.528522 -2.118936
v -2.607872 2.716493 -1.772421
v -3.426781 2.463459 -1.903873
v -3.028508 2.713082 -2.005458
v -2.802475 2.703209 -1.843526
v -3.246583 2.565984 -1.914814
v -2.775016 2.714640 -1.723867
v -3.308665 2.549748 -1.809529
v -2.933974 2.640495 -1.738052
v -3.139157 2.577096 -1.770988
v -3.035503 2.592294 -1.729374
v -2.157148 2.532171 -1.874360
v -3.649252 2.071126 -2.113874
v -2.073869 2.413984 -1.981783
v -2.105549 2.547912 -2.068888
v -3.642669 2.072958 -2.315628
v -3.618624 1.936671 -2.229748
v -2.037698 2.428020 -2.162158
v -2.067488 2.495819 -2.258574
v -3.589475 2.025540 -2.502885
v -3.603062 1.944339 -2.413432
v -2.010430 2.349508 -2.329086
v -3.533364 1.878937 -2.573549
v -2.474967 1.834885 -1.735844
v -2.340488 1.750263 -2.059945
v -2.331811 1.878304 -1.900350
v -3.144538 1.627180 -2.030810
v -3.021470 1.539847 -2.169257
v -3.055513 1.655503 -1.829034
v -2.151354 2.023045 -1.935287
v -2.274292 2.046662 -1.788491
v -2.209219 1.900818 -2.048762
v -3.210532 1.591423 -2.209494
v -3.314438 1.725268 -1.955456
v -3.355741 1.650902 -2.128616
v -2.441088 2.064280 -1.617329
v -3.242432 1.816673 -1.745962
v -2.574605 2.055224 -1.506288
v -2.528249 1.938843 -1.606521
v -3.108079 1.759681 -1.699595
v -3.164592 1.872924 -1.600993
v -2.034199 2.082422 -2.359090
v -2.128882 1.942183 -2.335437
v -2.153318 2.024718 -2.509243
v -3.190784 1.704152 -2.675778
v -3.214211 1.606828 -2.509655
v -3.358939 1.673091 -2.571738
v -2.243910 1.871480 -2.517014
v -3.033101 1.627628 -2.643695
v -2.104209 1.931859 -2.153036
v -2.232301 1.832203 -2.226761
v -3.103658 1.562963 -2.366632
v -3.280084 1.568526 -2.341788
v -2.262317 1.775739 -2.375072
v -3.006548 1.545779 -2.494537
v -1.811675 2.486882 -2.338733
v -1.882073 2.460513 -2.334172
v -1.932269 2.429748 -2.268771
v -1.869773 2.439459 -2.288675
v -3.704751 1.872470 -2.583228
v -3.656116 1.897097 -2.545485
v -3.693687 1.900743 -2.624975
v -3.762088 1.884224 -2.651815
v -1.710636 2.511617 -2.405055
v -1.728693 2.476234 -2.356877
v -1.636187 2.501375 -2.386925
v -3.893814 1.803792 -2.749321
v -3.816061 1.831259 -2.691943
v -3.835919 1.854927 -2.746207
v -1.538401 2.472223 -2.388842
v -1.585058 2.435560 -2.356864
v -1.520222 2.390818 -2.326428
v -3.941087 1.642795 -2.715028
v -3.906218 1.718345 -2.729458
v -3.953836 1.725879 -2.776569
v -1.477088 2.296190 -2.292025
v -1.537995 2.285590 -2.280495
v -1.540061 2.197814 -2.228933
v -3.847079 1.484970 -2.599258
v -3.882313 1.561220 -2.656807
v -3.932589 1.537466 -2.686184
v -1.589872 2.100437 -2.186949
v -1.631094 2.130569 -2.180513
v -1.718634 2.063787 -2.110546
v -3.667152 1.461715 -2.423324
v -3.752535 1.475067 -2.521049
v -3.766391 1.427915 -2.536326
v -1.833434 2.004139 -2.063079
v -1.830818 2.061338 -2.061180
v -1.948802 2.020264 -2.007079
v -3.492399 1.543308 -2.254858
v -3.592015 1.517147 -2.343889
v -3.557895 1.471298 -2.339891
v -1.721232 2.095452 -2.146907
v -1.799819 2.080897 -2.123199
v -1.900486 2.067419 -2.055454
v -3.542405 1.560083 -2.319017
v -3.609333 1.521776 -2.413663
v -3.672158 1.492636 -2.460071
v -1.577830 2.195728 -2.249277
v -1.633589 2.133454 -2.226176
v -3.739095 1.482875 -2.564154
v -3.810504 1.505855 -2.607668
v -1.558874 2.345807 -2.327713
v -1.552945 2.256945 -2.306510
v -3.847360 1.547995 -2.674811
v -3.885618 1.626867 -2.701204
v -1.649148 2.434435 -2.370230
v -1.588482 2.373661 -2.366878
v -3.866552 1.669762 -2.732556
v -3.851542 1.753918 -2.723760
v -1.795028 2.425670 -2.326399
v -1.709529 2.403650 -2.366605
v -3.788290 1.761335 -2.700289
v -3.744929 1.823171 -2.639399
v -1.893799 2.384117 -2.263306
v -1.832207 2.376221 -2.307739
v -3.693879 1.800984 -2.606576
v -3.662682 1.837551 -2.547249
v -2.088533 2.150914 -1.938637
v -2.082317 2.015763 -2.008736
v -2.072526 2.083467 -2.011424
v -3.429022 1.664323 -2.229170
v -3.384803 1.613308 -2.217812
v -3.474492 1.722667 -2.161113
v -2.047048 1.970040 -2.028799
v -1.997188 2.043398 -2.027105
v -3.461493 1.590943 -2.262157
v -3.381500 1.557709 -2.243006
v -2.053841 2.264112 -2.025932
v -3.539076 1.805189 -2.264344
v -1.979661 2.391639 -2.273769
v -1.996180 2.370093 -2.214655
v -1.950665 2.378415 -2.235023
v -3.623070 1.861659 -2.503479
v -3.588643 1.878038 -2.470279
v -3.596539 1.892041 -2.533312
v -1.924079 2.061160 -2.094335
v -1.986415 2.058173 -2.084158
v -3.461745 1.602312 -2.320979
v -3.509331 1.571334 -2.348801
v -1.947938 2.064101 -2.132276
v -1.991070 2.092123 -2.124949
v -2.040351 2.080433 -2.072901
v -3.434964 1.649512 -2.296765
v -3.465128 1.636655 -2.361566
v -3.481390 1.590281 -2.378428
v -1.980604 2.120831 -2.179796
v -2.013805 2.130852 -2.152558
v -1.950420 2.103849 -2.162647
v -3.492656 1.627315 -2.410208
v -3.460750 1.683761 -2.384823
v -3.473449 1.659558 -2.419429
v -1.988591 2.169636 -2.198298
v -1.989048 2.230850 -2.191066
v -2.030585 2.192668 -2.130926
v -3.487863 1.742385 -2.364850
v -3.524242 1.756491 -2.437497
v -3.488791 1.706090 -2.439112
v -1.950328 2.317430 -2.224051
v -1.994033 2.308056 -2.192313
v -1.945617 2.257447 -2.225262
v -3.563148 1.757647 -2.484910
v -3.562531 1.823406 -2.444090
v -3.592862 1.809904 -2.487712
v -1.902415 2.328557 -2.255322
v -3.627593 1.795494 -2.532249
v -2.025788 2.315098 -2.127380
v -3.560116 1.841007 -2.373672
v -2.059455 2.139882 -2.052272
v -3.458664 1.707541 -2.276875
v -1.854825 2.334312 -2.295708
v -1.908822 2.277663 -2.255765
v -1.865205 2.290864 -2.285733
v -3.627274 1.746404 -2.568582
v -3.594394 1.756838 -2.526334
v -3.656499 1.777614 -2.584914
v -1.949895 2.203313 -2.231838
v -1.910928 2.227545 -2.254611
v -3.565451 1.716315 -2.520197
v -3.528076 1.715671 -2.485169
v -1.983802 2.132931 -2.209530
v -1.956547 2.154813 -2.231407
v -3.496255 1.679059 -2.478562
v -3.469098 1.673991 -2.447951
v -1.947037 2.114058 -2.191918
v -1.955517 2.124634 -2.217127
v -3.484518 1.652189 -2.462563
v -3.492553 1.636509 -2.440006
v -1.919737 2.076591 -2.164513
v -1.909875 2.099337 -2.193504
v -3.513111 1.603953 -2.450857
v -3.501146 1.587953 -2.418363
v -1.923304 2.050218 -2.140745
v -1.905574 2.059132 -2.166355
v -3.502095 1.565824 -2.422630
v -3.490620 1.565933 -2.392332
v -1.861566 2.070695 -2.118832
v -1.893782 2.059635 -2.144959
v -3.517740 1.557849 -2.405639
v -3.556566 1.546958 -2.390915
v -1.761887 2.368694 -2.354592
v -1.795620 2.336358 -2.333616
v -3.693174 1.750033 -2.638214
v -3.731428 1.760127 -2.670745
v -1.630308 2.378716 -2.389766
v -1.688112 2.364595 -2.383696
v -3.778656 1.718639 -2.719272
v -3.830003 1.699033 -2.742864
v -1.550850 2.308383 -2.352190
v -1.588043 2.339486 -2.376778
v -3.845225 1.642040 -2.739103
v -3.864273 1.593559 -2.723543
v -1.571656 2.182533 -2.285598
v -1.560864 2.244077 -2.324383
v -3.828943 1.543264 -2.688457
v -3.797670 1.494718 -2.642920
v -1.703501 2.094630 -2.201738
v -1.637253 2.137734 -2.260440
v -3.728771 1.491477 -2.596173
v -3.669901 1.487033 -2.517387
v -1.784118 2.086158 -2.176558
v -3.609259 1.522208 -2.469532
v -1.906883 2.131674 -2.218377
v -1.873553 2.094435 -2.188811
v -1.852998 2.140516 -2.217495
v -3.573514 1.608895 -2.493674
v -3.540220 1.579453 -2.456346
v -3.526156 1.631335 -2.478304
v -1.850831 2.188963 -2.245162
v -1.801074 2.145404 -2.221301
v -1.794184 2.200414 -2.255588
v -3.641715 1.629547 -2.552155
v -3.615813 1.584668 -2.512605
v -3.593993 1.650344 -2.524976
v -1.799478 2.250948 -2.282482
v -1.730820 2.204811 -2.269055
v -1.743367 2.259618 -2.291197
v -3.703976 1.653810 -2.605916
v -3.689943 1.599463 -2.583536
v -3.657717 1.676771 -2.580768
v -1.742185 2.302532 -2.316328
v -1.676242 2.265641 -2.301829
v -1.678078 2.304643 -2.323264
v -3.770780 1.658020 -2.659186
v -3.756861 1.622752 -2.635812
v -3.721359 1.690988 -2.634027
v -1.728843 2.338403 -2.352061
v -1.805238 2.297708 -2.307620
v -3.671777 1.720966 -2.607239
v -3.741355 1.716558 -2.675111
v -1.859112 2.241055 -2.269684
v -3.609191 1.700298 -2.550608
v -1.907835 2.175720 -2.240153
v -3.543452 1.670332 -2.502704
v -1.840961 2.093821 -2.174864
v -3.569418 1.559745 -2.452318
v -1.731051 2.135121 -2.235641
v -3.660919 1.538812 -2.545424
v -1.638851 2.208521 -2.291011
v -3.757781 1.553794 -2.631144
v -1.609448 2.291086 -2.334049
v -3.814008 1.609900 -2.687927
v -1.659346 2.344047 -2.367127
v -3.794620 1.684269 -2.709883
v -1.687332 2.021791 -2.178012
v -1.937745 1.966329 -2.089705
v -1.809773 2.028517 -2.212852
v -3.546992 1.491735 -2.491712
v -3.447680 1.499775 -2.332081
v -3.649222 1.415587 -2.492936
v -1.484804 2.181758 -2.275340
v -1.569543 2.130279 -2.301310
v -3.766027 1.451588 -2.653892
v -3.868249 1.445298 -2.657933
v -1.465480 2.385913 -2.366290
v -1.448454 2.296925 -2.360476
v -3.935837 1.528350 -2.759753
v -3.969874 1.612082 -2.768298
v -1.590266 2.486453 -2.448215
v -1.489994 2.405648 -2.426395
v -3.944329 1.647284 -2.820367
v -3.904030 1.771524 -2.819623
v -1.786869 2.455125 -2.415315
v -1.651596 2.395638 -2.449820
v -3.805451 1.730119 -2.795559
v -3.742099 1.850979 -2.729170
v -1.935130 2.386973 -2.345771
v -1.850808 2.328389 -2.385564
v -3.630655 1.778434 -2.671267
v -3.608252 1.869996 -2.614342
v -1.715187 2.204385 -2.358642
v -1.916662 2.140817 -2.293156
v -3.502120 1.650927 -2.547655
v -3.676309 1.598419 -2.673443
v -1.515177 2.305144 -2.404991
v -3.875327 1.575883 -2.783844
v -1.974265 2.251257 -2.355464
v -3.500005 1.779820 -2.600377
v -2.001481 1.993238 -2.213996
v -3.376971 1.568225 -2.434791
v -2.548839 2.527643 -1.404119
v -3.474417 2.241649 -1.552693
v -2.459335 2.485591 -1.464959
v -3.503967 2.162811 -1.632645
v -2.554626 2.360671 -1.408260
v -3.376668 2.106668 -1.540215
v -2.614300 2.442615 -1.365087
v -3.387424 2.203728 -1.489190
v -2.727076 2.418014 -1.363849
v -3.285833 2.245363 -1.453542
v -2.720601 2.324108 -1.407111
v -3.226764 2.167709 -1.488361
v -2.858477 2.396489 -1.464412
v -3.142192 2.308825 -1.509954
v -2.819660 2.467421 -1.403307
v -3.229205 2.340875 -1.469047
v -2.841680 2.565740 -1.455389
v -3.251224 2.439195 -1.521129
v -2.890567 2.539773 -1.540312
v -3.174282 2.452108 -1.585854
v -2.798039 2.669881 -1.590273
v -3.304203 2.513482 -1.671523
v -2.780101 2.654779 -1.489268
v -3.338859 2.482129 -1.578960
v -2.667326 2.679380 -1.490506
v -3.440450 2.440493 -1.614609
v -2.632065 2.706444 -1.591422
v -3.454107 2.452441 -1.723377
v -2.491425 2.628875 -1.540859
v -3.536057 2.306094 -1.708544
v -2.570858 2.625963 -1.456200
v -3.496436 2.339969 -1.604775
v -2.614923 2.623631 -1.411741
v -3.473346 2.358387 -1.549536
v -2.686087 2.664495 -1.437029
v -3.432854 2.433751 -1.556901
v -2.769702 2.646905 -1.434883
v -3.358241 2.465053 -1.529355
v -2.814182 2.580583 -1.408763
v -3.294307 2.432230 -1.485833
v -2.797902 2.507895 -1.370258
v -3.278027 2.359541 -1.447329
v -2.730466 2.471710 -1.342079
v -3.319005 2.289858 -1.436552
v -2.646850 2.489300 -1.344225
v -3.393618 2.258556 -1.464097
v -2.598644 2.550942 -1.373237
v -3.457066 2.285699 -1.511032
v -2.637794 2.562222 -1.362096
v -3.435790 2.315650 -1.490191
v -2.670883 2.519346 -1.340968
v -3.392275 2.296443 -1.456767
v -2.729033 2.507418 -1.338900
v -3.340718 2.318414 -1.437088
v -2.776513 2.532856 -1.358886
v -3.311804 2.367456 -1.444812
v -2.787817 2.583328 -1.385623
v -3.323108 2.417928 -1.471548
v -2.756495 2.630035 -1.403852
v -3.368180 2.441031 -1.502041
v -2.698344 2.641963 -1.405921
v -3.419736 2.419060 -1.521719
v -2.649098 2.612695 -1.388832
v -3.447094 2.366122 -1.516927
v -2.679390 1.371082 -1.046539
v -2.837038 1.322371 -1.071845
v -2.549136 1.421753 -1.046471
v -2.967071 1.292616 -1.113558
v -2.492148 1.487190 -1.057186
v -3.044732 1.316447 -1.145888
v -2.511983 1.601054 -1.089051
v -3.082819 1.424672 -1.180682
v -2.581058 1.775676 -1.167371
v -3.102502 1.614556 -1.251074
v -2.653346 2.177547 -1.362575
v -3.211448 2.005099 -1.452162
v -2.445060 2.288411 -1.408728
v -3.422578 1.986367 -1.565641
v -2.294412 2.440915 -1.475792
v -3.605498 2.035803 -1.686249
v -2.255373 2.639678 -1.532243
v -3.729481 2.184194 -1.768868
v -2.337371 2.775480 -1.538178
v -3.738364 2.342587 -1.763067
v -2.523222 2.828992 -1.552524
v -3.618092 2.490689 -1.728273
v -2.736895 2.898802 -1.588476
v -3.478810 2.669558 -1.707568
v -2.887974 2.906810 -1.602638
v -3.360763 2.760723 -1.678530
v -2.977917 2.779063 -1.563586
v -3.231044 2.700849 -1.604218
v -3.035365 2.634647 -1.525834
v -3.117234 2.609351 -1.538975
v -2.921387 2.727273 -1.512394
v -3.261462 2.622194 -1.566983
v -2.843203 2.808364 -1.537196
v -3.360331 2.648577 -1.620206
v -2.731931 2.808828 -1.530648
v -3.449668 2.587054 -1.645860
v -2.555015 2.767238 -1.510316
v -3.571223 2.453240 -1.673439
v -2.407285 2.714694 -1.500067
v -3.660980 2.327315 -1.701311
v -2.361806 2.617858 -1.481567
v -3.648549 2.220268 -1.688116
v -2.399502 2.478508 -1.431061
v -3.556662 2.120958 -1.616809
v -2.523299 2.359303 -1.377683
v -3.409220 2.085563 -1.519892
v -2.713546 2.300518 -1.339070
v -3.238774 2.138228 -1.423380
v -2.874416 2.313093 -1.361438
v -3.113220 2.239305 -1.399771
v -2.975452 2.610151 -1.480994
v -3.163527 2.552037 -1.511184
v -2.982332 2.498235 -1.456155
v -3.103564 2.460775 -1.475615
v -2.944789 2.390098 -1.423617
v -3.082704 2.347484 -1.445756
v -2.730811 1.425882 -1.015418
v -2.835852 1.393425 -1.032279
v -2.653543 1.472559 -1.009156
v -2.923929 1.389012 -1.052559
v -2.634785 1.548360 -1.019439
v -2.977464 1.442476 -1.074446
v -2.709676 1.777091 -1.108343
v -3.019380 1.681395 -1.158058
v -2.655196 1.636773 -1.044469
v -3.003030 1.529296 -1.100304
v -2.868570 1.915517 -1.188270
v -2.948258 1.890895 -1.201061
v -2.825040 1.758039 -1.107741
v -2.918636 1.729119 -1.122765
v -2.787848 1.630328 -1.046440
v -2.894949 1.597235 -1.063631
v -2.836935 2.053981 -1.218208
v -3.040795 1.990991 -1.250932
v -2.844090 2.116311 -1.247953
v -3.061024 2.049281 -1.282775
v -2.901448 2.139193 -1.281507
v -3.019074 2.102848 -1.300388
v -2.947486 2.106894 -1.274154
v -2.967296 2.100773 -1.277334
v -2.886566 1.990547 -1.209378
v -2.969463 1.964932 -1.222685
v -2.900780 2.021411 -1.193109
v -2.979993 1.996935 -1.205825
v -2.944191 2.119624 -1.239576
v -2.986795 2.106460 -1.246414
v -2.900719 2.149278 -1.247714
v -3.034880 2.107823 -1.269249
v -2.859845 2.126920 -1.217559
v -3.063226 2.064077 -1.250206
v -2.856011 2.073935 -1.194021
v -3.043768 2.015920 -1.224160
v -2.907347 2.121514 -1.212590
v -3.024440 2.085333 -1.231385
v -2.910958 2.065712 -1.191358
v -2.996934 2.039147 -1.205159
v -2.913713 2.179838 -1.312607
v -3.022959 2.146082 -1.330143
v -2.827224 2.117157 -1.263840
v -3.070159 2.042093 -1.302836
v -2.793508 2.034287 -1.241720
v -3.057244 1.952796 -1.284055
v -2.771683 1.939272 -1.193427
v -3.035809 1.857660 -1.235825
v -2.655221 1.928742 -1.257222
v -3.103014 1.790379 -1.329102
v -2.702626 2.006479 -1.309339
v -3.093783 1.885615 -1.372128
v -2.745787 2.083210 -1.329645
v -3.096433 1.974863 -1.385931
v -2.785151 1.589954 -1.034418
v -2.878252 1.561187 -1.049363
v -2.725543 1.573906 -1.019602
v -2.920367 1.513707 -1.050875
v -2.728139 1.500726 -1.007946
v -2.881336 1.453390 -1.032537
v -2.769695 1.456774 -1.012932
v -2.823115 1.440267 -1.021507
v -2.770123 1.460251 -1.044962
v -2.815525 1.446222 -1.052250
v -2.733683 1.498432 -1.042525
v -2.865826 1.457601 -1.063737
v -2.728632 1.556160 -1.049291
v -2.899664 1.503313 -1.076745
v -2.777331 1.562059 -1.060213
v -2.861621 1.536014 -1.073743
v -2.767164 1.501763 -1.077208
v -2.831491 1.481887 -1.087533
v -2.728958 1.518527 -1.072440
v -2.872039 1.474316 -1.095408
v -2.869571 2.446200 -1.411720
v -3.175983 2.351522 -1.460906
v -2.896589 2.512536 -1.443187
v -3.182360 2.424236 -1.489059
v -2.897360 2.596511 -1.477185
v -3.218304 2.497342 -1.528703
v -2.825105 2.403124 -1.382916
v -3.195338 2.288725 -1.442346
v -2.715338 2.378893 -1.360683
v -3.274378 2.206156 -1.450420
v -2.578553 2.399096 -1.366831
v -3.390956 2.148072 -1.497239
v -2.478980 2.484944 -1.409309
v -3.504148 2.168177 -1.573870
v -2.436237 2.588342 -1.458796
v -3.580466 2.234787 -1.642469
v -2.465128 2.663376 -1.491652
v -3.589772 2.315873 -1.672181
v -2.574660 2.706608 -1.501123
v -3.525043 2.412950 -1.653680
v -2.708502 2.724279 -1.510253
v -3.427271 2.502187 -1.625630
v -2.793265 2.715993 -1.519235
v -3.353701 2.542824 -1.609197
v -2.858883 2.673481 -1.504968
v -3.282928 2.542456 -1.573036
v -2.827584 2.651997 -1.489922
v -3.299925 2.506049 -1.565743
v -2.776846 2.687609 -1.499285
v -3.356637 2.508460 -1.592354
v -2.706429 2.699511 -1.490077
v -3.421021 2.478709 -1.604784
v -2.593426 2.684513 -1.486069
v -3.502467 2.403628 -1.631989
v -2.501793 2.642965 -1.483662
v -3.552073 2.318439 -1.652254
v -2.478604 2.581777 -1.455626
v -3.544550 2.252410 -1.626732
v -2.513423 2.498322 -1.410253
v -3.484256 2.198344 -1.566092
v -2.596721 2.428197 -1.370481
v -3.391711 2.182554 -1.498093
v -2.713655 2.408761 -1.364239
v -3.291140 2.230325 -1.456937
v -2.809267 2.426475 -1.385701
v -3.219824 2.299617 -1.451604
v -2.858805 2.590348 -1.470826
v -3.246945 2.470417 -1.533130
v -2.862771 2.521693 -1.442821
v -3.214015 2.413162 -1.499203
v -2.845052 2.464058 -1.415024
v -3.204097 2.353117 -1.472658
v -3.010994 2.611525 -1.631425
v -3.093356 2.586076 -1.644646
v -2.949194 2.753677 -1.670179
v -3.209043 2.673386 -1.711890
v -2.858843 2.881933 -1.710198
v -3.339086 2.733543 -1.787287
v -2.699042 2.869025 -1.692927
v -3.462158 2.633230 -1.815423
v -2.486334 2.795835 -1.658131
v -3.598489 2.452191 -1.836655
v -2.300730 2.751004 -1.637056
v -3.725279 2.310833 -1.865726
v -2.203166 2.603790 -1.621371
v -3.725097 2.133529 -1.865673
v -2.248686 2.380659 -1.562280
v -3.583360 1.968259 -1.776523
v -2.402963 2.224424 -1.489468
v -3.397187 1.917219 -1.649061
v -2.696447 1.640499 -1.512570
v -2.838724 1.596537 -1.535408
v -2.684002 1.514027 -1.399972
v -2.811011 1.474783 -1.420359
v -2.651795 1.367839 -1.259895
v -2.795788 1.323347 -1.283009
v -2.651370 1.326674 -1.124299
v -2.812258 1.276961 -1.150125
v -2.499418 1.385563 -1.134853
v -2.960783 1.243006 -1.208912
v -2.438885 1.466164 -1.173381
v -3.041617 1.279926 -1.270132
v -2.482221 1.607669 -1.242860
v -3.065751 1.427364 -1.336529
v -2.571810 1.595008 -1.370752
v -2.951939 1.477552 -1.431771
v -2.515263 1.440733 -1.254921
v -2.944394 1.308136 -1.323805
v -2.604235 1.735894 -1.470346
v -2.975660 1.621127 -1.529968
v -2.548897 1.777636 -1.325954
v -3.083381 1.612486 -1.411750
v -2.645953 1.972492 -1.425315
v -3.086261 1.836441 -1.495994
v -2.606481 1.900349 -1.395240
v -3.086046 1.752168 -1.472221
v -2.675815 2.029198 -1.435343
v -3.091240 1.900836 -1.502027
v -2.588869 2.108091 -1.452782
v -3.197872 1.919916 -1.550539
v -2.441660 1.669650 -2.558596
v -2.754971 1.572841 -2.608889
v -2.470047 1.577940 -2.274457
v -2.763533 1.487256 -2.321567
v -2.574484 1.612664 -1.889774
v -2.810965 1.539594 -1.927734
v -2.668071 1.671259 -1.617817
v -2.847781 1.615730 -1.646664
v -2.599020 1.807210 -1.547879
v -2.996854 1.684284 -1.611739
v -2.169406 2.318850 -1.749195
v -3.557910 1.889817 -1.972079
v -2.457653 1.930921 -2.775998
v -2.824189 1.817666 -2.834835
v -2.774087 2.814738 -2.327609
v -3.191695 2.685701 -2.394644
v -2.680016 2.672782 -2.640438
v -3.097611 2.543749 -2.707471
v -2.545783 2.339461 -2.833536
v -2.963813 2.210294 -2.900638
v -2.303023 2.670467 -1.772889
v -3.640201 2.257293 -1.987534
v -2.279803 2.674975 -1.988246
v -3.599222 2.267289 -2.200041
v -2.226674 2.690979 -2.241971
v -3.577033 2.273731 -2.458732
v -2.160746 2.581689 -2.448517
v -3.509328 2.164991 -2.664992
v -2.091315 2.348181 -2.516051
v -3.415707 1.938958 -2.728644
v -2.252192 2.372091 -2.662275
v -3.260932 2.060400 -2.824199
v -2.356077 2.669121 -2.544293
v -3.377005 2.353665 -2.708174
v -2.430763 2.785453 -2.302055
v -3.451948 2.469918 -2.465976
v -2.463367 2.740422 -2.011741
v -3.484700 2.424841 -2.175686
v -2.471396 2.708084 -1.783095
v -3.526051 2.382206 -1.952389
v -2.809090 2.761178 -1.988716
v -3.231776 2.630572 -2.056566
v -2.795479 2.771038 -1.727777
v -3.322592 2.608165 -1.812390
v -2.780932 2.688451 -1.758521
v -3.279672 2.534345 -1.838579
v -2.994551 2.603368 -1.716674
v -3.077339 2.577787 -1.729963
v -2.183911 2.545999 -1.774535
v -3.664481 2.088518 -2.012198
v -2.129906 2.539681 -1.972224
v -3.646720 2.071002 -2.215705
v -2.086788 2.536088 -2.164864
v -3.623376 2.061298 -2.411518
v -2.048010 2.433162 -2.349180
v -3.544265 1.970835 -2.589360
v -2.405332 1.784591 -1.888357
v -3.038700 1.588887 -1.990026
v -2.238911 1.959341 -1.914916
v -3.257841 1.644502 -2.078475
v -2.329504 2.132895 -1.665155
v -3.354008 1.816334 -1.829609
v -2.544011 2.009938 -1.553958
v -3.149961 1.822706 -1.651226
v -2.529502 1.869437 -1.638995
v -3.059546 1.705659 -1.724078
v -2.608559 2.064224 -1.484387
v -3.149213 1.897167 -1.571173
v -2.091570 2.051865 -2.429910
v -3.276855 1.685624 -2.620173
v -2.219616 2.005800 -2.592395
v -3.104588 1.732352 -2.734452
v -2.171039 1.892465 -2.197494
v -3.193265 1.576607 -2.361583
v -2.289526 1.752537 -2.229812
v -3.014027 1.528674 -2.346110
v -2.267413 1.792309 -2.463367
v -2.986405 1.570148 -2.578780
v -1.880893 2.460932 -2.301530
v -3.704189 1.897553 -2.594207
v -1.724617 2.505096 -2.372960
v -3.830558 1.854382 -2.711007
v -1.564806 2.462493 -2.367298
v -3.933948 1.730453 -2.747595
v -1.509805 2.295573 -2.279696
v -3.910138 1.553896 -2.664999
v -1.613640 2.118175 -2.172767
v -3.761601 1.454478 -2.517560
v -1.838013 2.035213 -2.046927
v -3.576058 1.498175 -2.325920
v -1.815964 2.076433 -2.090412
v -3.603606 1.524070 -2.377366
v -1.637213 2.135273 -2.201354
v -3.744365 1.484185 -2.539596
v -1.552406 2.271270 -2.291097
v -3.860090 1.558220 -2.661529
v -1.592484 2.402794 -2.357744
v -3.882088 1.695331 -2.725273
v -1.722331 2.438421 -2.356471
v -3.800323 1.796344 -2.690032
v -1.851785 2.407563 -2.293055
v -3.700014 1.836479 -2.589735
v -2.098237 2.062209 -1.970436
v -3.408891 1.657230 -2.180824
v -2.031279 2.009073 -2.007666
v -3.421422 1.579533 -2.230813
v -2.068617 2.276130 -1.956525
v -3.553993 1.817164 -2.194959
v -1.969812 2.395573 -2.242771
v -3.615302 1.887134 -2.506907
v -1.957020 2.059045 -2.060374
v -3.492073 1.584730 -2.306782
v -1.993418 2.071198 -2.104667
v -3.457563 1.618793 -2.339693
v -1.986106 2.110826 -2.152556
v -3.471422 1.651879 -2.390980
v -2.009564 2.176483 -2.169103
v -3.484487 1.720747 -2.405859
v -1.969721 2.277649 -2.208806
v -3.560103 1.786238 -2.464095
v -1.925842 2.353450 -2.240993
v -3.627055 1.827793 -2.514073
v -2.012188 2.354406 -2.174411
v -3.578974 1.870285 -2.425913
v -2.044098 2.228141 -2.083068
v -3.510527 1.775030 -2.318461
v -2.062275 2.094600 -2.043105
v -3.434122 1.670714 -2.263315
v -1.885182 2.308735 -2.272852
v -3.625155 1.771101 -2.552154
v -1.928859 2.242484 -2.242968
v -3.562965 1.737563 -2.505276
v -1.972989 2.162648 -2.220256
v -3.490880 1.693635 -2.463910
v -1.970952 2.121055 -2.201336
v -3.474970 1.656329 -2.442763
v -1.928139 2.098372 -2.178145
v -3.502662 1.611860 -2.430889
v -1.922705 2.057653 -2.154259
v -3.491318 1.572968 -2.406054
v -1.905925 2.057815 -2.121970
v -3.513803 1.560997 -2.380068
v -1.814870 2.353506 -2.324412
v -3.690173 1.774057 -2.625438
v -1.695792 2.380412 -2.379759
v -3.782481 1.735646 -2.714716
v -1.579995 2.354303 -2.378186
v -3.859296 1.650022 -2.744061
v -1.546768 2.246669 -2.320605
v -3.842502 1.537312 -2.689118
v -1.626865 2.129572 -2.246974
v -3.736270 1.477788 -2.585578
v -1.788405 2.079270 -2.151469
v -3.609287 1.516637 -2.443759
v -1.883920 2.114849 -2.205151
v -3.538667 1.603549 -2.470773
v -1.822467 2.169753 -2.235128
v -3.608508 1.617885 -2.521825
v -1.768517 2.231185 -2.275039
v -3.673221 1.642651 -2.580784
v -1.715406 2.283787 -2.304360
v -3.735443 1.659617 -2.628618
v -1.770154 2.319849 -2.328859
v -3.705395 1.721880 -2.639505
v -1.834105 2.271115 -2.287818
v -3.640166 1.713061 -2.577729
v -1.883016 2.208896 -2.253643
v -3.577325 1.685372 -2.525615
v -1.933760 2.144407 -2.228980
v -3.509073 1.657651 -2.481851
v -1.880370 2.073282 -2.168079
v -3.529154 1.563825 -2.432743
v -1.788221 2.112612 -2.200824
v -3.613676 1.548566 -2.493847
v -1.679240 2.168028 -2.265967
v -3.710979 1.540242 -2.592104
v -1.614419 2.251358 -2.313141
v -3.794202 1.577827 -2.663041
v -1.627912 2.322914 -2.352664
v -3.811749 1.648131 -2.703215
v -1.690306 2.351629 -2.372196
v -3.773082 1.708073 -2.706526
v -1.817907 1.984638 -2.121129
v -3.542695 1.451697 -2.397994
v -1.568898 2.089136 -2.229970
v -3.764283 1.410784 -2.582376
v -1.451936 2.288025 -2.319331
v -3.939982 1.519245 -2.718715
v -1.513252 2.454704 -2.416245
v -3.956044 1.699907 -2.808365
v -1.687414 2.481178 -2.444298
v -3.826106 1.820344 -2.787602
v -1.871575 2.424206 -2.378176
v -3.669304 1.868726 -2.666749
v -1.824781 2.168836 -2.317699
v -3.582546 1.625705 -2.599857
v -1.604386 2.254406 -2.389871
v -3.781776 1.581616 -2.739388
v -1.471589 2.337450 -2.404279
v -3.927498 1.578600 -2.798503
v -1.977168 2.347092 -2.328263
v -3.558337 1.858527 -2.582074
v -1.981678 2.111431 -2.308807
v -3.430487 1.663764 -2.541371
v -2.030246 1.952501 -2.108481
v -3.362186 1.540946 -2.322285
vn 0.5157 -0.0036 0.8567
vn -0.6476 -0.3630 0.6700
vn 0.5299 -0.0217 0.8478
vn -0.6460 -0.3851 0.6590
vn 0.6275 -0.1119 0.7706
vn -0.6507 -0.5069 0.5654
vn 0.1433 -0.5534 0.8205
vn -0.0422 -0.6107 0.7907
vn 0.0855 -0.3781 0.9218
vn -0.1225 -0.4424 0.8884
vn 0.0901 -0.3561 0.9301
vn -0.1406 -0.4274 0.8931
vn -0.5152 -0.3435 0.7852
vn 0.3682 -0.0705 0.9271
vn -0.5162 -0.3465 0.7833
vn 0.3712 -0.0722 0.9257
vn -0.5382 -0.5190 0.6641
vn 0.5177 -0.1927 0.8336
vn -0.9322 -0.0171 0.3617
vn 0.6364 0.4676 0.6135
vn -0.8556 0.0781 0.5117
vn 0.4810 0.4911 0.7262
vn -0.8670 0.0656 0.4939
vn 0.5019 0.4886 0.7136
vn -0.7504 0.6112 0.2518
vn 0.1791 0.8984 0.4010
vn -0.7368 0.6186 0.2731
vn 0.1583 0.8951 0.4167
vn -0.7847 0.6116 0.1009
vn 0.2490 0.9310 0.2668
vn -0.2002 0.9777 0.0631
vn -0.4000 0.9160 0.0310
vn -0.2120 0.9521 0.2205
vn -0.4217 0.8873 0.1868
vn -0.2052 0.9589 0.1960
vn -0.4238 0.8914 0.1609
vn 0.3418 0.8566 0.3865
vn -0.8507 0.4881 0.1951
vn 0.3356 0.8605 0.3832
vn -0.8470 0.4951 0.1933
vn 0.3977 0.8765 0.2714
vn -0.8725 0.4840 0.0675
vn 0.7056 0.4485 0.5486
vn -0.9573 -0.0653 0.2817
vn 0.6151 0.4714 0.6320
vn -0.9228 -0.0038 0.3851
vn 0.6011 0.4740 0.6435
vn -0.9166 0.0051 0.3998
vn 0.3813 0.4968 0.7796
vn -0.7959 0.1331 0.5906
vn 0.2147 0.7523 0.6229
vn -0.7612 0.4507 0.4662
vn -0.1700 0.8485 0.5011
vn -0.4779 0.7534 0.4517
vn -0.5821 0.5994 0.5494
vn -0.0315 0.7695 0.6378
vn -0.6880 0.2115 0.6942
vn 0.2239 0.4933 0.8406
vn -0.4263 -0.0803 0.9010
vn 0.1204 0.0886 0.9888
vn -0.0777 0.4517 0.8888
vn -0.4425 0.3389 0.8302
vn 0.0441 -0.1105 0.9929
vn -0.2579 -0.2038 0.9444
vn 0.3435 0.1704 0.9236
vn -0.6276 -0.1297 0.7677
vn -0.2552 0.9411 -0.2219
vn -0.2565 0.3654 0.8948
vn -0.2552 0.3598 0.8975
vn -0.0013 -0.4577 0.8891
vn -0.2657 0.9487 -0.1712
vn 0.0840 -0.6598 0.7467
vn -0.2891 0.9565 -0.0402
vn -0.3274 0.8769 0.3519
vn -0.0193 0.5095 -0.8603
vn 0.1879 -0.1005 -0.9770
vn 0.3053 -0.6065 -0.7341
vn 0.2685 -0.9504 0.1569
vn 0.6398 -0.3521 0.6832
vn -0.5030 -0.7052 0.4997
vn 0.8361 0.5188 0.1785
vn -0.9923 -0.0461 -0.1150
vn 0.8790 0.4342 0.1970
vn -0.9846 -0.1417 -0.1021
vn 0.9167 0.2801 0.2848
vn -0.9544 -0.2980 -0.0155
vn 0.7166 -0.4570 0.5270
vn -0.4606 -0.8207 0.3380
vn 0.3167 -0.7774 0.5435
vn 0.0246 -0.8676 0.4966
vn 0.1616 -0.8133 0.5589
vn 0.4635 -0.5613 0.6857
vn -0.2502 -0.7818 0.5711
vn 0.6728 -0.3893 0.6291
vn -0.4928 -0.7495 0.4420
vn 0.8763 -0.0411 0.4800
vn -0.8016 -0.5596 0.2106
vn 0.7846 0.5827 0.2119
vn -0.9967 0.0323 -0.0740
vn 0.2691 0.9514 -0.1500
vn -0.6923 0.6543 -0.3043
vn 0.3449 0.9256 -0.1557
vn -0.7359 0.5917 -0.3292
vn 0.0520 0.9724 -0.2277
vn -0.5115 0.7982 -0.3181
vn -0.8039 0.5108 -0.3048
vn 0.4358 0.8938 -0.1058
vn -0.9125 0.2927 -0.2856
vn 0.6356 0.7711 -0.0371
vn 0.0587 0.2721 0.9605
vn -0.4710 0.1085 0.8755
vn -0.1065 0.2917 0.9506
vn -0.3495 0.2166 0.9115
vn -0.1342 0.3180 0.9386
vn -0.3388 0.2547 0.9057
vn 0.1005 0.1146 0.9883
vn -0.4249 -0.0477 0.9040
vn 0.2700 0.1383 0.9529
vn -0.5607 -0.1184 0.8195
vn 0.2299 0.3034 0.9247
vn -0.6122 0.0432 0.7895
vn 0.0475 0.3146 0.9480
vn -0.4820 0.1510 0.8631
vn -0.0290 0.1558 0.9874
vn -0.3459 0.0579 0.9365
vn -0.0501 0.2584 0.9647
vn -0.3794 0.1567 0.9119
vn 0.0625 0.2420 0.9683
vn -0.4596 0.0807 0.8845
vn -0.2162 0.2036 0.9549
vn -0.0251 0.3226 0.9462
vn -0.4290 0.1978 0.8814
vn 0.0372 0.1437 0.9889
vn -0.3915 0.0113 0.9201
vn -0.0479 -0.0875 0.9950
vn -0.1991 -0.1342 0.9707
vn -0.1158 -0.1365 0.9839
vn -0.3211 0.9179 0.2332
vn -0.3087 0.6279 0.7144
vn -0.0266 0.7341 0.6785
vn -0.5781 0.5637 0.5900
vn 0.6406 0.3702 0.6728
vn -0.8987 -0.1054 0.4257
vn 0.1591 0.2426 0.9570
vn -0.5324 0.0290 0.8460
vn 0.2734 -0.0822 0.9584
vn -0.4434 -0.3037 0.8433
vn 0.3724 0.0435 0.9271
vn -0.5813 -0.2511 0.7740
vn 0.4274 0.1849 0.8849
vn -0.6903 -0.1605 0.7055
vn 0.3161 0.2611 0.9121
vn -0.6528 -0.0383 0.7565
vn 0.1042 0.4840 0.8689
vn -0.5972 0.2672 0.7563
vn 0.0411 0.5369 0.8426
vn -0.5694 0.3483 0.7446
vn -0.0393 0.5692 0.8212
vn -0.5181 0.4213 0.7444
vn -0.3290 0.4712 0.8184
vn -0.2362 0.4999 0.8333
vn -0.4201 0.3899 0.8195
vn -0.1203 0.4825 0.8676
vn 0.0942 0.2860 0.9536
vn -0.5045 0.1010 0.8575
vn 0.3743 0.5700 0.7314
vn -0.8169 0.2020 0.5402
vn 0.3589 0.4913 0.7936
vn -0.7793 0.1396 0.6109
vn 0.3554 0.3045 0.8837
vn -0.6994 -0.0214 0.7144
vn 0.2864 -0.0568 0.9564
vn -0.4670 -0.2896 0.8355
vn 0.1421 -0.3766 0.9154
vn -0.1659 -0.4717 0.8660
vn 0.0016 -0.4651 0.8853
vn -0.2704 0.4270 0.8629
vn -0.2146 0.1976 0.9565
vn -0.0800 0.1963 0.9773
vn -0.3253 0.1205 0.9379
vn -0.3540 0.3009 0.8855
vn -0.1420 0.3664 0.9196
vn -0.2791 0.2456 0.9283
vn -0.1825 0.2755 0.9438
vn -0.0567 0.4112 0.9098
vn -0.4427 0.2919 0.8478
vn -0.0747 0.4428 0.8935
vn -0.4414 0.3295 0.8346
vn -0.2607 0.3836 0.8859
vn -0.2072 0.1702 0.9634
vn 0.4851 -0.3000 0.8214
vn -0.4500 -0.5890 0.6713
vn 0.8551 0.2725 0.4412
vn -0.9466 -0.2842 0.1520
vn 0.4651 0.8775 -0.1171
vn -0.8146 0.4820 -0.3226
vn -0.5538 0.8055 -0.2108
vn 0.0504 0.9922 -0.1138
vn -0.2912 0.5278 0.7979
vn -0.4385 0.7671 0.4682
vn -0.2133 0.8367 0.5044
vn 0.0042 0.8016 0.5979
vn -0.6163 0.6098 0.4983
vn 0.0606 0.3732 0.9258
vn -0.5183 0.1944 0.8328
vn 0.0864 -0.0775 0.9932
vn -0.3094 -0.1997 0.9297
vn -0.1402 -0.0597 0.9883
vn 0.7854 0.5962 0.1664
vn -0.9918 0.0471 -0.1189
vn 0.6410 0.4597 0.6146
vn -0.9318 -0.0263 0.3621
vn 0.4876 0.5911 0.6426
vn -0.8919 0.1648 0.4212
vn 0.8082 0.5341 0.2482
vn -0.9988 -0.0242 -0.0418
vn -0.3159 0.9331 0.1718
vn -0.7214 0.6739 0.1595
vn 0.1483 0.9426 0.2991
vn -0.9648 0.0887 0.2476
vn 0.6363 0.5834 0.5047
vn -0.3196 -0.6188 0.7176
vn 0.3861 -0.4008 0.8308
vn -0.0623 -0.2939 0.9538
vn -0.2587 -0.4157 0.8719
vn 0.1822 -0.2795 0.9427
vn -0.9899 0.1177 0.0792
vn 0.6883 0.6362 0.3486
vn -0.5793 0.5982 0.5537
vn -0.0342 0.7667 0.6411
vn -0.3136 0.6604 0.6823
vn -0.1030 0.3967 0.9121
vn -0.3991 0.3052 0.8646
vn -0.2352 0.3950 0.8881
vn -0.2876 0.3788 0.8797
vn -0.1723 0.5316 0.8293
vn -0.3954 0.4626 0.7935
vn -0.1333 0.4775 0.8685
vn -0.4074 0.3928 0.8245
vn 0.0156 0.5447 0.8385
vn -0.5525 0.3691 0.7473
vn 0.0771 0.3652 0.9277
vn -0.5273 0.1784 0.8307
vn -0.0196 0.4001 0.9163
vn -0.4675 0.2617 0.8444
vn 0.0482 0.4270 0.9030
vn -0.5317 0.2478 0.8099
vn 0.1345 0.3270 0.9354
vn -0.5535 0.1144 0.8249
vn 0.0142 0.1851 0.9826
vn -0.3945 0.0588 0.9170
vn -0.1691 0.2312 0.9581
vn -0.2692 0.2002 0.9420
vn -0.0755 0.3812 0.9214
vn -0.4147 0.2764 0.8669
vn -0.1049 0.3750 0.9211
vn -0.3882 0.2874 0.8756
vn 0.2976 0.1112 0.9482
vn -0.5660 -0.1556 0.8096
vn 0.5510 0.2715 0.7891
vn -0.8074 -0.1483 0.5711
vn 0.0588 0.8862 0.4596
vn -0.6661 0.6622 0.3433
vn -0.1308 0.8682 0.4787
vn -0.5131 0.7501 0.4173
vn -0.3914 0.7597 0.5193
vn -0.2606 0.8001 0.5403
vn -0.4823 0.5624 0.6716
vn -0.1243 0.6731 0.7291
vn -0.5312 0.1824 0.8274
vn 0.0789 0.3709 0.9253
vn -0.1701 -0.2900 0.9418
vn 0.0235 -0.2302 0.9729
vn -0.0825 -0.3839 0.9197
vn 0.0129 -0.3544 0.9350
vn 0.0421 0.1761 0.9835
vn -0.4116 0.0359 0.9106
vn -0.1076 0.0182 0.9940
vn -0.2103 -0.0135 0.9776
vn 0.3554 0.7507 0.5569
vn -0.8518 0.3777 0.3631
vn 0.5604 0.4900 0.6677
vn -0.9005 0.0386 0.4332
vn -0.5768 0.5397 -0.6132
vn 0.3301 0.8200 -0.4676
vn -0.3642 -0.0066 -0.9313
vn 0.5557 0.2777 -0.7836
vn 0.1294 0.2778 -0.9519
vn 0.0180 0.2434 -0.9698
vn 0.0907 0.6101 -0.7871
vn -0.1819 0.5258 -0.8309
vn 0.2399 0.8267 -0.5090
vn -0.4979 0.5987 -0.6274
vn 0.7607 0.5807 -0.2900
vn -0.8332 0.0882 -0.5459
vn 0.9607 -0.0269 0.2762
vn -0.8172 -0.5763 -0.0092
vn 0.7322 -0.4548 0.5069
vn -0.4684 -0.8258 0.3142
vn 0.5564 -0.5912 0.5838
vn -0.2774 -0.8488 0.4500
vn -0.3091 0.9451 0.1064
vn -0.1965 0.8704 -0.4514
vn 0.3238 -0.9056 -0.2740
vn 0.2395 -0.9262 0.2911
vn 0.3199 -0.9219 -0.2185
vn 0.3102 -0.6375 -0.7053
vn 0.3073 -0.6190 -0.7228
vn 0.3167 -0.9311 -0.1807
vn 0.9212 0.1952 0.3367
vn -0.9259 -0.3756 0.0402
vn 0.9475 0.2208 0.2313
vn -0.9305 -0.3594 -0.0702
vn 0.8082 -0.0219 -0.5885
vn -0.4528 -0.4115 -0.7909
vn 0.5796 -0.0400 -0.8139
vn -0.1992 -0.2806 -0.9389
vn 0.7494 -0.3455 0.5648
vn -0.5586 -0.7497 0.3548
vn 0.3999 -0.7816 0.4788
vn -0.0197 -0.9112 0.4114
vn 0.6185 -0.7224 -0.3093
vn 0.0020 -0.9129 -0.4083
vn 0.6632 -0.4848 -0.5701
vn -0.0893 -0.7174 -0.6909
vn 0.9717 0.1359 -0.1930
vn -0.7812 -0.4057 -0.4744
vn 0.8388 -0.5434 -0.0343
vn -0.3481 -0.9101 -0.2248
vn 0.7898 -0.1079 -0.6038
vn -0.3867 -0.4714 -0.7926
vn 0.8749 0.0077 -0.4842
vn -0.5513 -0.4330 -0.7132
vn 0.7082 -0.5914 -0.3857
vn -0.1186 -0.8469 -0.5184
vn 0.4325 -0.5108 -0.7430
vn 0.1553 -0.5964 -0.7875
vn 0.6131 -0.4626 -0.6404
vn -0.0422 -0.6651 -0.7456
vn 0.3832 -0.8681 -0.3154
vn 0.2685 -0.9036 -0.3339
vn 0.9199 -0.0167 0.3918
vn -0.8239 -0.5555 0.1119
vn 0.6963 0.1428 0.7034
vn -0.8259 -0.3275 0.4590
vn 0.6020 -0.5111 0.6134
vn -0.3658 -0.8102 0.4581
vn 0.7215 -0.5381 0.4357
vn -0.3936 -0.8827 0.2566
vn 0.6643 -0.6984 0.2664
vn -0.2120 -0.9691 0.1258
vn 0.6933 -0.7102 -0.1223
vn -0.1168 -0.9605 -0.2524
vn 0.3259 0.5379 -0.7775
vn -0.3292 0.3355 -0.8826
vn 0.1374 0.9181 -0.3718
vn -0.5073 0.7189 -0.4753
vn 0.0922 0.9812 0.1694
vn -0.6616 0.7483 0.0484
vn 0.0352 0.9810 0.1906
vn -0.6228 0.7777 0.0850
vn 0.6556 0.7479 0.1045
vn -0.9559 0.2500 -0.1542
vn 0.2608 0.9621 0.0792
vn -0.7574 0.6475 -0.0842
vn 0.3656 0.9197 0.1431
vn -0.8344 0.5489 -0.0495
vn 0.6480 0.7405 0.1783
vn -0.9670 0.2414 -0.0809
vn 0.7827 0.6130 -0.1078
vn -0.9204 0.0868 -0.3812
vn 0.4923 0.8260 -0.2746
vn -0.7624 0.4382 -0.4760
vn 0.6092 0.4250 -0.6695
vn -0.5200 0.0761 -0.8508
vn 0.8568 0.3609 -0.3682
vn -0.7650 -0.1402 -0.6286
vn 0.7524 -0.1379 -0.6441
vn -0.3293 -0.4721 -0.8177
vn 0.8023 -0.5564 -0.2163
vn -0.2602 -0.8847 -0.3868
vn 0.7168 0.6967 0.0297
vn -0.9542 0.1804 -0.2386
vn 0.6628 -0.4687 0.5839
vn -0.4283 -0.8059 0.4088
vn 0.7111 -0.6315 0.3091
vn -0.2977 -0.9432 0.1472
vn -0.6533 0.7150 -0.2489
vn 0.1893 0.9753 -0.1137
vn 0.1877 -0.7309 0.6562
vn 0.0679 -0.7679 0.6370
vn 0.5288 -0.5390 0.6556
vn -0.3051 -0.7966 0.5218
vn 0.6528 -0.0170 0.7574
vn -0.7191 -0.4409 0.5372
vn 0.5557 0.5645 0.6104
vn -0.9214 0.1081 0.3733
vn 0.1720 0.9813 -0.0860
vn -0.6511 0.7270 -0.2181
vn -0.3858 0.8599 -0.3343
vn -0.0758 0.9557 -0.2845
vn 0.3383 0.3281 0.8820
vn -0.6985 0.0077 0.7156
vn 0.0659 0.2673 0.9613
vn -0.4743 0.1004 0.8746
vn -0.3775 0.3088 0.8730
vn -0.1243 0.3870 0.9136
vn -0.3799 0.6450 0.6630
vn -0.2476 0.6859 0.6843
vn 0.1396 0.7409 0.6570
vn -0.7059 0.4796 0.5213
vn 0.0649 0.7016 0.7096
vn -0.6407 0.4835 0.5964
vn 0.2829 0.3947 0.8742
vn -0.6896 0.0942 0.7181
vn 0.6080 -0.0392 0.7929
vn -0.6820 -0.4378 0.5859
vn -0.1482 0.9878 -0.0482
vn -0.4145 0.9055 -0.0910
vn -0.3817 0.9125 -0.1468
vn -0.1618 0.9805 -0.1115
vn -0.8736 0.3850 -0.2977
vn 0.5577 0.8272 -0.0679
vn -0.9619 -0.2602 0.0844
vn 0.8731 0.3068 0.3790
vn -0.1152 -0.3793 0.9181
vn 0.0364 -0.3324 0.9424
vn 0.4656 -0.1639 0.8697
vn -0.5235 -0.4696 0.7109
vn 0.5507 0.2397 0.7996
vn -0.7926 -0.1754 0.5839
vn 0.6977 -0.1054 0.7086
vn -0.6916 -0.5346 0.4856
vn 0.7820 0.4071 0.4720
vn -0.9724 -0.1350 0.1904
vn 0.3131 0.9029 0.2946
vn -0.8274 0.5505 0.1115
vn 0.5239 0.5404 0.6584
vn -0.8970 0.1014 0.4304
vn 0.1841 0.9759 0.1172
vn -0.7157 0.6978 -0.0273
vn 0.9561 -0.1075 0.2726
vn -0.7681 -0.6403 -0.0042
vn 0.4727 0.5974 0.6478
vn -0.8852 0.1779 0.4298
vn 0.8213 0.2795 0.4973
vn -0.9401 -0.2648 0.2146
vn 0.8585 0.0080 0.5128
vn -0.8241 -0.5119 0.2427
vn 0.6052 -0.0290 0.7956
vn -0.6861 -0.4280 0.5883
vn 0.4069 0.1576 0.8998
vn -0.6634 -0.1731 0.7280
vn -0.0838 0.9611 0.2631
vn -0.5394 0.8203 0.1900
vn 0.1245 0.6259 0.7699
vn -0.6630 0.3826 0.6435
vn 0.1050 0.7571 0.6448
vn -0.6842 0.5133 0.5181
vn 0.4079 0.4407 0.7996
vn -0.7915 0.0700 0.6071
vn 0.3129 0.1194 0.9423
vn -0.5808 -0.1567 0.7988
vn 0.3134 0.3205 0.8939
vn -0.6782 0.0141 0.7347
vn 0.0277 0.3285 0.9441
vn -0.4731 0.1737 0.8637
vn -0.0985 0.4552 0.8849
vn -0.4270 0.3537 0.8322
vn -0.0545 0.5401 0.8398
vn -0.4954 0.4038 0.7691
vn 0.0764 0.7648 0.6398
vn -0.6646 0.5358 0.5208
vn -0.1743 0.9423 0.2857
vn -0.4646 0.8526 0.2391
vn 0.4240 0.2515 0.8700
vn -0.7201 -0.1020 0.6864
vn -0.0569 0.4664 0.8827
vn -0.4652 0.3402 0.8172
vn -0.0424 0.6156 0.7869
vn -0.5313 0.4645 0.7085
vn 0.1920 0.4739 0.8594
vn -0.6577 0.2114 0.7230
vn 0.0837 0.4619 0.8830
vn -0.5730 0.2590 0.7775
vn 0.0679 0.5097 0.8577
vn -0.5797 0.3095 0.7537
vn 0.1665 0.3600 0.9180
vn -0.5917 0.1257 0.7963
vn 0.2296 0.4907 0.8405
vn -0.6911 0.2062 0.6927
vn 0.0842 0.6996 0.7096
vn -0.6547 0.4713 0.5909
vn -0.2329 -0.2220 -0.9468
vn 0.5760 0.0280 -0.8170
vn 0.2154 -0.0277 -0.9761
vn 0.1260 -0.0554 -0.9905
vn 0.9476 0.1798 -0.2642
vn -0.7661 -0.3497 -0.5393
vn 0.6355 -0.5623 -0.5290
vn -0.0367 -0.7700 -0.6369
vn 0.0840 -0.7545 -0.6510
vn 0.5364 -0.6147 -0.5783
vn 0.1640 -0.8147 -0.5562
vn 0.4798 -0.7171 -0.5055
vn -0.2038 -0.1254 -0.9710
vn 0.5068 0.0942 -0.8569
vn 0.5560 0.4822 0.6771
vn 0.6059 0.2409 0.7582
vn 0.4697 0.0419 0.8818
vn 0.6213 0.2258 0.7503
vn -0.8262 -0.2215 0.5179
vn -0.6437 -0.3021 0.7031
vn -0.8248 -0.2011 0.5285
vn -0.8953 0.0337 0.4441
vn 0.6829 0.4545 0.5720
vn 0.5966 -0.1004 0.7962
vn 0.7177 0.1733 0.6744
vn -0.8511 -0.3114 0.4226
vn -0.6402 -0.4826 0.5977
vn -0.9494 -0.0499 0.3100
vn 0.3457 -0.2342 0.9086
vn 0.1149 -0.5128 0.8508
vn 0.4326 -0.3719 0.8213
vn -0.3692 -0.6196 0.6926
vn -0.0510 -0.5641 0.8241
vn -0.4020 -0.4653 0.7886
vn 0.3375 -0.2132 0.9169
vn 0.0642 -0.2635 0.9625
vn -0.1807 -0.3391 0.9232
vn -0.4095 -0.4440 0.7970
vn -0.2103 -0.4097 0.8876
vn -0.4879 -0.2449 0.8378
vn -0.2188 -0.4233 0.8792
vn 0.1531 -0.3084 0.9388
vn 0.2775 -0.0083 0.9607
vn 0.1365 -0.3026 0.9433
vn -0.5385 -0.4721 0.6980
vn -0.2019 -0.6097 0.7665
vn 0.2748 -0.4624 0.8430
vn 0.4824 -0.1566 0.8618
vn -0.7414 -0.1635 0.6509
vn -0.9144 0.0079 0.4046
vn -0.7976 -0.3048 0.5204
vn 0.6441 0.1407 0.7519
vn 0.5965 0.4747 0.6472
vn 0.4848 0.2154 0.8477
vn -0.7490 -0.1699 0.6405
vn -0.8011 0.1291 0.5845
vn 0.3893 0.4969 0.7756
vn 0.4972 0.2152 0.8405
vn -0.8713 0.3309 0.3623
vn -0.6963 0.6197 0.3622
vn -0.8572 0.3463 0.3811
vn 0.3718 0.7261 0.5784
vn 0.1004 0.8659 0.4901
vn 0.3968 0.7228 0.5658
vn -0.7792 0.6086 0.1497
vn -0.9293 0.3012 0.2138
vn 0.5011 0.7431 0.4434
vn 0.2324 0.9212 0.3121
vn -0.5037 0.8370 0.2139
vn -0.2170 0.9707 0.1033
vn -0.5226 0.8514 0.0449
vn -0.0725 0.9905 0.1172
vn -0.3945 0.9158 0.0748
vn -0.1278 0.9531 0.2742
vn -0.5066 0.8417 0.1869
vn -0.2032 0.9298 0.3069
vn -0.4411 0.8563 0.2687
vn -0.1204 0.9610 0.2489
vn 0.0888 0.9592 0.2685
vn 0.3037 0.8401 0.4494
vn 0.0817 0.9560 0.2817
vn -0.6716 0.7233 0.1608
vn -0.8297 0.4899 0.2675
vn -0.6752 0.7231 0.1458
vn 0.3741 0.8786 0.2970
vn 0.1217 0.9817 0.1465
vn -0.6784 0.7345 0.0181
vn -0.8625 0.4965 0.0985
vn 0.5187 0.6895 0.5056
vn 0.5972 0.6897 0.4096
vn -0.9654 0.2069 0.1588
vn -0.9313 0.2415 0.2728
vn 0.5166 0.6811 0.5189
vn -0.9288 0.2345 0.2869
vn 0.5998 0.4743 0.6445
vn 0.3472 0.8566 0.3818
vn 0.3286 0.6309 0.7028
vn -0.8065 0.2802 0.5206
vn -0.8535 0.4856 0.1890
vn -0.9160 0.0059 0.4012
vn -0.2071 0.9648 0.1623
vn 0.0424 0.8384 0.5434
vn -0.6509 0.6242 0.4322
vn -0.4159 0.9003 0.1287
vn -0.7681 0.6037 0.2135
vn -0.4002 0.7680 0.5000
vn -0.2528 0.8135 0.5237
vn 0.2081 0.9053 0.3702
vn -0.8977 0.0301 0.4396
vn -0.6826 0.3998 0.6117
vn 0.1395 0.6539 0.7436
vn 0.5611 0.4808 0.6738
vn -0.5302 -0.3960 0.7497
vn -0.6034 0.0436 0.7962
vn 0.2209 0.2983 0.9285
vn 0.4191 -0.1026 0.9021
vn 0.1037 -0.4186 0.9022
vn -0.1953 -0.1461 0.9698
vn -0.0441 -0.0993 0.9941
vn -0.1089 -0.4843 0.8681
vn 0.5309 -0.0176 0.8473
vn 0.2297 0.0031 0.9733
vn -0.4604 -0.2102 0.8625
vn -0.6490 -0.3821 0.6579
vn 0.3942 0.3428 0.8527
vn -0.7420 -0.0083 0.6703
vn 0.1199 0.4850 0.8663
vn 0.0991 0.3729 0.9226
vn -0.6093 0.2597 0.7492
vn -0.5474 0.1731 0.8188
vn -0.0300 0.2843 0.9583
vn -0.4076 0.1676 0.8977
vn -0.2213 0.3016 0.9274
vn -0.2583 0.2901 0.9215
vn -0.3142 0.3881 0.8664
vn -0.2158 0.4186 0.8822
vn -0.2666 0.5065 0.8200
vn -0.3050 0.4947 0.8138
vn -0.1007 0.6009 0.7929
vn -0.4793 0.4839 0.7321
vn 0.0534 0.5746 0.8167
vn -0.5924 0.3750 0.7130
vn 0.2489 -0.7910 0.5589
vn 0.2307 -0.5707 0.7881
vn 0.0811 -0.4315 0.8985
vn 0.0696 -0.6280 0.7751
vn -0.0830 -0.4822 0.8721
vn -0.0919 -0.6704 0.7363
vn 0.0809 -0.8429 0.5319
vn 0.4419 -0.7137 0.5435
vn 0.4823 -0.2558 0.8378
vn 0.2110 -0.2577 0.9429
vn -0.2933 -0.4136 0.8619
vn -0.4769 -0.5522 0.6839
vn -0.1085 -0.8838 0.4551
vn 0.9121 -0.0192 0.4095
vn 0.6510 0.3055 0.6949
vn 0.3313 0.1531 0.9310
vn -0.6106 -0.1379 0.7798
vn -0.8775 -0.1668 0.4496
vn -0.8215 -0.5549 0.1313
vn 0.8946 0.3896 0.2190
vn 0.6404 0.5057 0.5780
vn 0.3638 0.4166 0.8331
vn -0.7533 0.0715 0.6538
vn -0.9461 0.0155 0.3234
vn -0.9785 -0.1892 -0.0817
vn 0.8643 0.4661 0.1893
vn 0.6264 0.5941 0.5046
vn 0.3578 0.5328 0.7668
vn -0.7937 0.1770 0.5820
vn -0.9629 0.1030 0.2495
vn -0.9884 -0.1064 -0.1081
vn 0.5529 -0.1070 0.8264
vn 0.4491 -0.5589 0.6971
vn 0.3642 -0.3257 0.8725
vn 0.2483 0.0010 0.9687
vn -0.4725 -0.2217 0.8530
vn -0.3557 -0.5482 0.7569
vn -0.2435 -0.7729 0.5859
vn -0.6109 -0.4666 0.6396
vn 0.5570 -0.4955 0.6666
vn 0.5192 -0.1368 0.8436
vn 0.3140 -0.0524 0.9480
vn -0.4886 -0.3004 0.8192
vn -0.5730 -0.4743 0.6683
vn -0.3543 -0.7770 0.5203
vn 0.7864 -0.2481 0.5657
vn 0.6353 0.0925 0.7667
vn 0.4227 0.1321 0.8966
vn -0.6608 -0.2027 0.7227
vn -0.7684 -0.3412 0.5414
vn -0.6416 -0.6893 0.3365
vn 0.8979 0.2208 0.3807
vn 0.5708 0.4507 0.6864
vn 0.3795 0.2123 0.9005
vn -0.6723 -0.1127 0.7316
vn -0.8923 -0.0014 0.4515
vn -0.9344 -0.3454 0.0866
vn 0.4766 0.8791 -0.0041
vn 0.2375 0.8840 0.4027
vn 0.2133 0.3943 0.8939
vn -0.6404 0.1305 0.7569
vn -0.7886 0.5669 0.2380
vn -0.8569 0.4671 -0.2181
vn 0.2842 0.9423 -0.1768
vn 0.2360 0.9000 0.3666
vn 0.0532 0.5253 0.8493
vn -0.5743 0.3314 0.7486
vn -0.7860 0.5842 0.2025
vn -0.6915 0.6409 -0.3334
vn 0.3240 0.9344 -0.1483
vn -0.0110 0.9341 0.3570
vn 0.0274 0.5490 0.8354
vn -0.5632 0.3665 0.7406
vn -0.6084 0.7495 0.2611
vn -0.7264 0.6098 -0.3169
vn -0.4313 0.8478 -0.3087
vn -0.7215 0.6196 0.3092
vn -0.1902 0.5490 0.8139
vn -0.3865 0.4883 0.7824
vn 0.1355 0.8843 0.4468
vn -0.0409 0.9684 -0.2460
vn -0.9233 0.2622 -0.2808
vn -0.8700 0.4231 0.2530
vn -0.3917 0.4126 0.8224
vn -0.1559 0.4854 0.8603
vn 0.3762 0.8082 0.4530
vn 0.6595 0.7512 -0.0268
vn -0.7621 0.5814 -0.2851
vn -0.3282 0.8654 0.3786
vn -0.3944 0.4065 0.8241
vn -0.1509 0.4817 0.8632
vn 0.3585 0.9276 -0.1052
vn 0.0461 0.2399 0.9697
vn 0.0854 0.2635 0.9609
vn 0.0499 0.2371 0.9702
vn -0.4476 0.0833 0.8903
vn -0.4873 0.0865 0.8689
vn -0.4460 0.0878 0.8907
vn -0.0035 0.2090 0.9779
vn -0.0577 0.1818 0.9816
vn -0.3361 0.0958 0.9370
vn -0.3925 0.0888 0.9155
vn -0.0995 0.2315 0.9677
vn -0.0827 0.1341 0.9875
vn -0.2918 0.0694 0.9539
vn -0.3267 0.1613 0.9313
vn -0.0187 0.2004 0.9795
vn -0.0415 0.0839 0.9956
vn -0.2988 0.0044 0.9543
vn -0.3762 0.0899 0.9222
vn -0.0209 0.2179 0.9758
vn 0.0982 0.2124 0.9722
vn -0.4724 0.0361 0.8806
vn -0.3831 0.1059 0.9176
vn 0.1484 0.3417 0.9280
vn 0.2665 0.2617 0.9276
vn -0.6187 -0.0118 0.7855
vn -0.5703 0.1196 0.8127
vn 0.2704 0.2289 0.9351
vn 0.2675 0.1462 0.9524
vn -0.5629 -0.1104 0.8191
vn -0.6058 -0.0419 0.7945
vn 0.2081 0.0753 0.9752
vn 0.1636 0.1340 0.9774
vn -0.4820 -0.0654 0.8737
vn -0.4839 -0.1385 0.8641
vn -0.0033 0.2279 0.9737
vn -0.0846 0.3964 0.9142
vn -0.4139 0.2947 0.8613
vn -0.4018 0.1048 0.9097
vn -0.2926 0.3423 0.8929
vn -0.3184 0.3914 0.8634
vn -0.3257 0.4155 0.8493
vn -0.2169 0.4491 0.8667
vn -0.2134 0.4239 0.8802
vn -0.2150 0.3663 0.9053
vn -0.0135 0.2829 0.9591
vn -0.0844 0.2342 0.9685
vn -0.3402 0.1551 0.9275
vn -0.4200 0.1573 0.8938
vn -0.2013 0.2764 0.9397
vn -0.2093 0.1779 0.9615
vn -0.1943 0.2269 0.9543
vn -0.2460 0.2109 0.9460
vn -0.2637 0.2572 0.9297
vn -0.2403 0.2977 0.9239
vn -0.3284 0.2479 0.9114
vn -0.1402 0.3060 0.9416
vn 0.0686 -0.2378 0.9689
vn -0.0857 -0.1248 0.9885
vn -0.0442 -0.3443 0.9378
vn -0.1470 -0.1438 0.9786
vn -0.2001 -0.3208 0.9258
vn 0.1616 0.0736 0.9841
vn -0.0019 0.0081 1.0000
vn -0.2893 -0.0807 0.9538
vn -0.4490 -0.1151 0.8861
vn 0.1562 0.3171 0.9354
vn 0.0400 0.2574 0.9655
vn -0.4497 0.1061 0.8869
vn -0.5650 0.0943 0.8197
vn 0.1218 0.5031 0.8556
vn -0.0692 0.4234 0.9033
vn 0.1275 0.4504 0.8837
vn -0.6012 0.2253 0.7667
vn -0.4377 0.3095 0.8442
vn -0.6177 0.2746 0.7369
vn -0.0364 0.3846 0.9224
vn -0.4475 0.2576 0.8564
vn -0.0537 0.4349 0.8989
vn -0.0802 0.1927 0.9780
vn -0.2583 0.3732 0.8911
vn -0.1979 0.4039 0.8931
vn -0.3232 0.3652 0.8730
vn -0.3234 0.1176 0.9389
vn -0.4550 0.3109 0.8345
vn -0.1873 0.3790 0.9062
vn -0.2558 0.3623 0.8963
vn -0.3216 0.3375 0.8847
vn -0.2533 0.3516 0.9012
vn -0.1599 0.2677 0.9502
vn -0.2942 0.2261 0.9286
vn 0.4890 0.2226 0.8434
vn 0.8932 0.2712 0.3587
vn 0.7305 -0.1051 0.6748
vn 0.4407 -0.1556 0.8841
vn -0.5127 -0.4502 0.7310
vn -0.7078 -0.5495 0.4439
vn -0.9522 -0.2990 0.0624
vn -0.7475 -0.1594 0.6449
vn 0.4965 0.5983 0.6289
vn 0.4791 0.8706 -0.1121
vn 0.7680 0.6181 0.1674
vn -0.9906 0.0747 -0.1149
vn -0.8232 0.4682 -0.3211
vn -0.8990 0.1671 0.4049
vn -0.3712 0.6184 0.6926
vn -0.5886 0.7973 0.1339
vn -0.0549 0.9585 -0.2799
vn -0.4051 0.8503 -0.3361
vn -0.0164 0.9741 0.2257
vn -0.2483 0.6564 0.7124
vn -0.3284 0.8143 0.4786
vn -0.2778 0.9547 -0.1068
vn -0.7310 0.6617 -0.1667
vn 0.2559 0.9667 -0.0083
vn -0.0707 -0.2700 0.9602
vn 0.2650 -0.3686 0.8910
vn -0.2596 -0.5307 0.8068
vn -0.0672 -0.2800 0.9576
vn 0.2979 -0.2040 0.9325
vn -0.0220 -0.0542 0.9983
vn -0.2387 -0.1212 0.9635
vn -0.3881 -0.4159 0.8224
vn -0.3245 0.9013 0.2869
vn -0.4398 0.6678 0.6005
vn -0.5354 0.8371 0.1122
vn -0.0739 0.9797 0.1863
vn -0.1953 0.7434 0.6397
vn -0.2327 0.8095 0.5390
vn 0.2623 0.9198 0.2918
vn -0.7961 0.5928 0.1219
vn -0.4181 0.7522 0.5092
vn 0.0459 0.6358 0.7705
vn 0.5290 0.3629 0.7671
vn -0.8343 -0.0583 0.5482
vn -0.6070 0.4341 0.6657
vn 0.0739 0.0806 0.9940
vn -0.3870 -0.0619 0.9200
vn -0.2111 0.3795 0.9008
vn -0.3017 0.3515 0.8862
vn -0.2030 0.1545 0.9669
vn -0.2680 0.4158 0.8691
vn -0.1629 0.3507 0.9222
vn -0.3296 0.2992 0.8954
vn 0.4895 0.3990 0.7753
vn 0.5479 0.3328 0.7675
vn -0.8326 -0.0938 0.5459
vn -0.8256 -0.0073 0.5642
vn 0.2645 0.4686 0.8429
vn 0.5806 0.5348 0.6139
vn -0.9256 0.0694 0.3721
vn -0.7069 0.1684 0.6870
vn 0.4147 0.6010 0.6832
vn -0.8519 0.2096 0.4799
vn 0.8005 0.5771 0.1620
vn 0.6561 0.6414 0.3975
vn -0.9816 0.1354 0.1346
vn -0.9918 0.0233 -0.1257
vn 0.7867 0.5858 0.1947
vn 0.7499 0.5242 0.4036
vn -0.9922 -0.0141 0.1240
vn -0.9952 0.0352 -0.0914
vn 0.8563 0.1838 0.4827
vn -0.9106 -0.3622 0.1991
vn -0.2161 -0.0203 0.9762
vn -0.0657 -0.2842 0.9565
vn 0.1125 -0.6424 0.7581
vn 0.0488 -0.6621 0.7478
vn -0.0989 0.0159 0.9950
vn -0.4525 0.1666 0.8761
vn -0.8473 -0.3126 0.4294
vn 0.7134 0.1697 0.6799
vn 0.0120 0.3101 0.9506
vn -0.4580 0.3284 0.8261
vn -0.8914 0.4102 0.1928
vn 0.4173 0.8146 0.4028
vn -0.0586 0.4518 0.8902
vn -0.2896 0.5197 0.8038
vn -0.5086 0.8471 0.1542
vn -0.1124 0.9695 0.2178
vn -0.3176 0.9289 0.1903
vn -0.6976 0.7147 0.0498
vn -0.4191 0.6342 0.6497
vn -0.2071 0.6997 0.6837
vn 0.1386 0.9731 0.1840
vn -0.9929 0.0710 -0.0954
vn -0.8128 0.4476 0.3729
vn 0.2835 0.7864 0.5488
vn 0.7664 0.6146 0.1870
vn -0.3215 -0.7029 0.6345
vn -0.7981 -0.2392 0.5531
vn 0.5990 0.1925 0.7773
vn 0.4577 -0.4621 0.7596
vn 0.0706 -0.6302 0.7732
vn -0.0054 -0.3070 0.9517
vn -0.0991 -0.3359 0.9367
vn -0.2033 0.1559 0.9666
vn -0.2552 0.1399 0.9567
vn -0.1510 0.1721 0.9734
vn -0.3657 0.2591 0.8939
vn -0.4161 0.1909 0.8891
vn -0.1504 0.4019 0.9033
vn -0.3622 0.3364 0.8693
vn -0.0337 0.3091 0.9504
vn -0.1121 0.3375 0.9346
vn -0.2446 0.3471 0.9054
vn -0.0842 0.3944 0.9151
vn -0.4134 0.2926 0.8622
vn -0.2588 0.3427 0.9031
vn -0.1331 0.3837 0.9138
vn -0.0807 0.3677 0.9264
vn -0.4047 0.2676 0.8744
vn -0.3688 0.3109 0.8760
vn -0.2013 0.0593 0.9777
vn -0.2557 0.3181 0.9129
vn -0.2364 0.3241 0.9160
vn -0.1548 0.0736 0.9852
vn 0.0708 -0.0291 0.9971
vn -0.0721 0.1833 0.9804
vn -0.3252 0.1051 0.9398
vn -0.3250 -0.1514 0.9335
vn 0.3000 0.1085 0.9478
vn 0.1004 0.2389 0.9659
vn -0.4869 0.0574 0.8716
vn -0.5662 -0.1592 0.8087
vn 0.2439 0.3244 0.9139
vn 0.1051 0.4001 0.9104
vn -0.5636 0.1935 0.8031
vn -0.6316 0.0539 0.7734
vn 0.1190 0.4166 0.9013
vn 0.0002 0.4183 0.9083
vn -0.4908 0.2666 0.8295
vn -0.5809 0.2003 0.7889
vn 0.0923 0.4304 0.8979
vn 0.0135 0.3747 0.9271
vn -0.4825 0.2214 0.8474
vn -0.5666 0.2268 0.7922
vn 0.0278 0.6259 0.7794
vn 0.1076 0.4368 0.8931
vn -0.5808 0.2241 0.7826
vn -0.5899 0.4350 0.6803
vn -0.1311 0.4750 0.8701
vn -0.1326 0.5695 0.8112
vn -0.4422 0.4738 0.7615
vn -0.4082 0.3894 0.8257
vn -0.0884 0.4292 0.8989
vn -0.1357 0.5114 0.8485
vn -0.4185 0.4240 0.8032
vn -0.4246 0.3253 0.8449
vn -0.1326 0.4165 0.8994
vn -0.3832 0.3390 0.8592
vn -0.0295 0.3038 0.9523
vn 0.1604 0.2178 0.9627
vn 0.1398 0.1126 0.9838
vn -0.4533 -0.0706 0.8886
vn -0.5214 0.0072 0.8533
vn -0.4170 0.1841 0.8901
vn -0.1498 0.2343 0.9605
vn -0.0167 0.1774 0.9840
vn -0.3664 0.0693 0.9279
vn -0.2868 0.1920 0.9386
vn -0.0575 -0.0324 0.9978
vn -0.1345 -0.2192 0.9664
vn -0.0504 -0.1932 0.9799
vn -0.2228 -0.0835 0.9713
vn -0.0880 -0.0758 0.9932
vn -0.0663 -0.4052 0.9118
vn 0.0143 -0.3803 0.9247
vn -0.1736 -0.1023 0.9795
vn -0.3634 0.2649 0.8932
vn -0.3888 -0.0533 0.9198
vn 0.0707 0.0887 0.9935
vn -0.1169 0.3411 0.9327
vn -0.3155 0.5401 0.7802
vn -0.5391 0.3799 0.7517
vn -0.0021 0.5459 0.8379
vn -0.2738 0.5530 0.7869
vn -0.2173 0.6577 0.7212
vn -0.4338 0.6816 0.5892
vn -0.2044 0.7525 0.6261
vn -0.3987 0.6017 0.6921
vn -0.0748 0.6819 0.7276
vn -0.2850 0.8281 0.4828
vn -0.3712 0.8014 0.4689
vn -0.5256 0.5426 0.6552
vn -0.0090 0.7254 0.6883
vn -0.0167 0.8812 0.4725
vn -0.6079 0.6985 0.3776
vn -0.5898 0.5459 0.5951
vn 0.1843 0.7004 0.6896
vn 0.1745 0.8571 0.4847
vn -0.7480 0.5721 0.3366
vn -0.7279 0.4185 0.5432
vn 0.3573 0.3361 0.8714
vn 0.4490 0.1720 0.8768
vn -0.6977 -0.1823 0.6928
vn -0.7148 0.0049 0.6993
vn 0.3837 0.4982 0.7775
vn 0.5816 0.3875 0.7152
vn -0.8742 -0.0624 0.4815
vn -0.7979 0.1331 0.5879
vn 0.4959 0.6056 0.6224
vn -0.9006 0.1741 0.3982
vn -0.2163 0.8985 -0.3820
vn -0.7468 0.2501 -0.6162
vn -0.5774 0.7901 -0.2059
vn 0.0760 0.9920 -0.1010
vn 0.6239 0.6736 -0.3962
vn -0.6285 0.2420 -0.7392
vn -0.3672 -0.0769 -0.9270
vn 0.5956 0.2206 -0.7724
vn 0.5708 0.6126 -0.5466
vn 0.1208 0.6966 -0.7072
vn -0.1280 0.1168 -0.9849
vn 0.3180 0.2546 -0.9133
vn -0.2761 0.5740 -0.7709
vn 0.3116 0.7331 -0.6046
vn 0.1906 0.2293 -0.9545
vn -0.0024 0.1697 -0.9855
vn -0.4751 0.4900 -0.7309
vn 0.2552 0.8406 -0.4777
vn 0.1716 0.7846 -0.5957
vn -0.3964 0.6091 -0.6869
vn -0.5266 0.5991 -0.6032
vn 0.8051 0.5528 -0.2150
vn 0.4287 0.7768 -0.4613
vn -0.6320 0.4490 -0.6316
vn -0.8741 0.0340 -0.4846
vn 0.9638 -0.1142 0.2411
vn 0.9594 0.2821 0.0073
vn -0.9095 -0.2953 -0.2927
vn -0.7615 -0.6472 -0.0358
vn 0.7313 -0.5209 0.4403
vn 0.8569 -0.2789 0.4334
vn -0.6420 -0.7421 0.1928
vn -0.4121 -0.8742 0.2568
vn 0.5253 -0.6869 0.5022
vn 0.6252 -0.5648 0.5386
vn -0.3329 -0.8609 0.3848
vn -0.1769 -0.9039 0.3895
vn 0.4839 -0.5540 -0.6775
vn 0.3270 -0.7848 -0.5264
vn 0.5782 -0.8095 -0.1018
vn 0.7526 -0.5361 -0.3824
vn -0.1848 -0.8258 -0.5328
vn 0.0222 -0.9813 -0.1911
vn 0.1201 -0.6664 -0.7359
vn 0.4080 -0.5795 -0.7055
vn 0.2970 -0.5592 -0.7740
vn 0.4992 -0.4273 -0.7538
vn 0.0601 -0.5629 -0.8243
vn 0.2017 -0.6433 -0.7386
vn 0.3688 -0.8969 -0.2440
vn 0.3267 -0.7797 -0.5341
vn 0.3902 -0.6787 -0.6221
vn 0.2464 -0.7232 -0.6452
vn 0.2752 -0.9258 -0.2590
vn 0.3732 -0.9154 0.1511
vn 0.2581 -0.9434 0.2081
vn 0.1688 -0.9785 0.1183
vn 0.8175 -0.5743 0.0436
vn 0.4632 -0.8013 -0.3786
vn 0.1870 -0.8867 -0.4229
vn -0.3366 -0.9309 -0.1417
vn 0.9640 0.1682 -0.2061
vn 0.7702 -0.3036 -0.5608
vn -0.2757 -0.6268 -0.7287
vn -0.7892 -0.3735 -0.4875
vn 0.9442 0.2618 -0.2001
vn 0.8220 -0.0220 -0.5690
vn -0.4692 -0.4210 -0.7763
vn -0.8270 -0.2855 -0.4844
vn 0.5246 -0.3810 -0.7613
vn 0.7463 -0.2727 -0.6072
vn -0.2607 -0.5838 -0.7689
vn 0.0168 -0.5379 -0.8429
vn 0.9798 -0.1728 -0.1010
vn 0.9360 0.0517 -0.3481
vn -0.6624 -0.4422 -0.6047
vn -0.6437 -0.6745 -0.3616
vn 0.9288 0.3523 -0.1151
vn -0.8891 -0.2094 -0.4069
vn 0.9095 0.3976 0.1209
vn 0.8265 0.0576 0.5600
vn 0.8118 0.4568 0.3637
vn -0.9922 -0.1006 0.0741
vn -0.8398 -0.4573 0.2925
vn -0.9666 -0.1821 -0.1803
vn 0.9898 0.1373 0.0368
vn -0.8620 -0.4349 -0.2604
vn 0.6778 -0.4739 0.5621
vn 0.6876 -0.0523 0.7242
vn -0.7174 -0.4864 0.4987
vn -0.4310 -0.8165 0.3841
vn 0.5075 -0.5896 0.6283
vn -0.2527 -0.8245 0.5063
vn 0.3269 -0.7826 -0.5297
vn 0.5385 -0.5272 -0.6573
vn 0.6789 -0.6283 -0.3799
vn 0.5480 -0.8099 -0.2092
vn 0.0767 -0.9555 -0.2849
vn -0.0770 -0.8619 -0.5012
vn 0.0567 -0.6761 -0.7347
vn 0.3002 -0.9532 -0.0354
vn 0.6870 -0.7209 0.0911
vn 0.4938 -0.8445 0.2073
vn 0.0190 -0.9912 0.1311
vn -0.1671 -0.9849 -0.0460
vn 0.2441 -0.9310 0.2716
vn 0.6652 -0.6376 0.3885
vn 0.5095 -0.7878 0.3462
vn -0.0642 -0.9650 0.2541
vn -0.2812 -0.9300 0.2366
vn 0.2686 -0.9505 0.1564
vn 0.8019 -0.5271 0.2812
vn -0.4185 -0.9042 0.0853
vn 0.8485 -0.2732 0.4532
vn -0.6442 -0.7344 0.2136
vn 0.9294 0.1130 0.3514
vn 0.7257 -0.3611 0.5856
vn 0.8890 -0.0677 0.4528
vn -0.7891 -0.5862 0.1834
vn -0.5374 -0.7514 0.3828
vn -0.8913 -0.4496 0.0591
vn 0.2631 -0.3939 -0.8807
vn 0.4365 -0.0392 -0.8988
vn 0.6409 -0.3119 -0.7014
vn -0.1296 -0.5500 -0.8251
vn -0.0632 -0.1936 -0.9790
vn -0.2610 0.9456 -0.1944
vn -0.1371 0.9808 0.1388
vn 0.1057 0.9877 -0.1148
vn -0.0643 0.9035 -0.4237
vn -0.3262 0.8226 -0.4658
vn -0.5944 0.7714 -0.2272
vn -0.4728 0.8771 0.0849
vn -0.1197 0.7345 -0.6680
vn 0.2056 0.7759 -0.5964
vn 0.1698 0.5468 -0.8198
vn -0.1998 0.4326 -0.8792
vn -0.4181 0.5832 -0.6965
vn 0.0875 0.2213 -0.9713
vn 0.4650 0.2580 -0.8469
vn -0.2642 0.0327 -0.9639
vn 0.2457 0.9273 -0.2823
vn 0.7169 0.6851 -0.1289
vn 0.3801 0.9237 0.0484
vn -0.8209 0.5526 -0.1444
vn -0.9026 0.1847 -0.3889
vn -0.6229 0.6589 -0.4217
vn 0.2936 0.9236 0.2465
vn 0.6165 0.7491 0.2425
vn 0.4216 0.8950 0.1454
vn -0.8654 0.4973 -0.0612
vn -0.9655 0.2602 -0.0114
vn -0.8097 0.5827 0.0694
vn 0.4374 0.8963 -0.0728
vn 0.7199 0.6938 0.0189
vn 0.6071 0.7653 -0.2137
vn -0.8364 0.3193 -0.4455
vn -0.9520 0.1772 -0.2495
vn -0.8160 0.5090 -0.2740
vn 0.5461 0.6823 -0.4860
vn 0.8322 0.5069 -0.2246
vn 0.7406 0.3897 -0.5474
vn -0.6385 -0.0365 -0.7687
vn -0.8673 -0.0183 -0.4974
vn -0.6649 0.3081 -0.6804
vn 0.8963 0.1989 -0.3964
vn 0.8190 -0.1439 -0.5555
vn 0.6843 0.1347 -0.7166
vn -0.4054 -0.2020 -0.8915
vn -0.4035 -0.5216 -0.7517
vn -0.6986 -0.2939 -0.6524
vn 0.6733 -0.0844 -0.7346
vn 0.4745 0.4891 -0.7318
vn -0.4319 0.2090 -0.8773
vn -0.2708 -0.3761 -0.8861
vn 0.3609 0.8789 -0.3120
vn -0.6779 0.5579 -0.4787
vn 0.3061 0.9369 0.1687
vn -0.8046 0.5938 -0.0096
vn 0.0839 0.9423 0.3241
vn 0.2101 0.9705 0.1182
vn -0.7334 0.6790 -0.0333
vn -0.6779 0.7069 0.2018
vn -0.0359 0.9437 -0.3288
vn -0.3978 0.8319 -0.3869
vn -0.3252 0.8970 0.2993
vn -0.1558 0.9476 0.2789
vn -0.4801 0.8474 0.2269
vn -0.1954 0.4239 -0.8844
vn 0.1727 0.5376 -0.8253
vn -0.3927 0.9125 0.1145
vn -0.2280 0.9634 0.1410
vn -0.3282 0.8651 0.3794
vn 0.8488 0.4749 0.2325
vn -0.9935 -0.0943 -0.0632
vn 0.9362 0.2238 0.2711
vn 0.8470 0.4947 0.1946
vn -0.9922 -0.0736 -0.1006
vn -0.9347 -0.3543 -0.0292
vn 0.9196 0.3615 0.1539
vn 0.8880 0.4580 -0.0416
vn -0.9365 -0.1057 -0.3345
vn -0.9640 -0.2205 -0.1484
vn 0.6563 0.5305 -0.5365
vn -0.6532 0.1259 -0.7467
vn 0.7403 -0.4273 0.5190
vn 0.7489 -0.5897 0.3024
vn 0.6786 -0.5600 0.4753
vn -0.3593 -0.8807 0.3087
vn -0.3485 -0.9288 0.1262
vn -0.4933 -0.8085 0.3210
vn 0.6232 -0.5375 0.5681
vn 0.6118 -0.5174 0.5984
vn 0.5758 -0.7478 0.3306
vn -0.1338 -0.9670 0.2167
vn -0.3656 -0.8194 0.4415
vn -0.3548 -0.8397 0.4111
vn 0.6073 -0.4790 0.6338
vn -0.3935 -0.7882 0.4732
vn 0.5591 -0.3065 0.7704
vn 0.7356 -0.3206 0.5967
vn -0.5707 -0.7242 0.3870
vn -0.4898 -0.6306 0.6020
vn 0.7586 -0.4141 -0.5030
vn 0.7118 -0.6603 -0.2396
vn 0.7857 -0.3876 -0.4821
vn -0.2641 -0.7120 -0.6506
vn -0.1253 -0.9189 -0.3740
vn -0.2223 -0.7172 -0.6604
vn 0.7656 -0.4761 -0.4326
vn -0.2138 -0.7787 -0.5899
vn 0.4233 -0.9056 0.0268
vn 0.7595 -0.6438 0.0933
vn -0.2671 -0.9610 -0.0715
vn 0.1597 -0.9870 -0.0155
vn 0.8005 -0.5941 -0.0788
vn -0.2774 -0.9272 -0.2518
vn -0.0465 0.8723 0.4867
vn -0.5308 0.7879 -0.3121
vn -0.2815 0.8172 0.5030
vn 0.3396 0.3877 0.8569
vn -0.7252 0.0587 0.6860
vn -0.3738 0.7887 0.4881
vn 0.0711 0.9739 -0.2154
vn -0.5837 0.7063 0.4005
vn -0.1681 0.9464 -0.2757
vn 0.2534 0.2798 0.9260
vn 0.1189 0.7575 0.6419
vn -0.6945 0.5062 0.5113
vn -0.6179 0.0106 0.7862
vn -0.3109 0.9023 -0.2986
vn 0.4729 0.8282 0.3009
vn -0.1859 0.2699 0.9448
vn 0.1054 0.4954 0.8623
vn -0.6025 0.2766 0.7486
vn -0.2736 0.2428 0.9307
vn -0.9132 0.3999 0.0784
vn 0.5988 0.2933 0.7452
vn -0.4597 0.4334 0.7752
vn 0.2106 0.3741 0.9032
vn -0.6298 0.1144 0.7683
vn -0.1006 0.5443 0.8328
vn -0.8444 -0.1526 0.5136
vn 0.6293 -0.3221 0.7073
vn -0.1316 0.7789 0.6132
vn 0.4393 0.1212 0.8901
vn -0.6660 -0.2203 0.7127
vn -0.5017 0.6645 0.5538
vn -0.5182 -0.6767 0.5231
vn 0.3870 -0.6629 0.6409
vn 0.2370 0.6495 0.7225
vn 0.1291 0.0285 0.9912
vn -0.4007 -0.1352 0.9062
vn -0.7506 0.3444 0.5639
vn -0.1215 -0.8200 0.5593
vn -0.2046 0.9615 0.1833
vn -0.1731 0.9838 -0.0471
vn -0.0403 0.9604 0.2757
vn -0.5767 0.7947 0.1896
vn -0.3930 0.9158 -0.0824
vn -0.4221 0.8943 0.1484
vn -0.8039 0.5849 0.1074
vn -0.6564 0.7112 -0.2517
vn 0.1945 0.9741 -0.1151
vn 0.2769 0.9189 0.2809
vn -0.8292 0.0106 0.5588
vn -0.9768 0.0327 -0.2118
vn 0.8082 0.5842 0.0747
vn 0.4841 0.4164 0.7696
vn -0.0254 -0.0899 0.9956
vn -0.6794 -0.4365 0.5898
vn 0.6042 -0.0399 0.7958
vn -0.2156 -0.1487 0.9651
vn 0.4448 0.0035 0.8956
vn 0.2831 -0.2526 0.9252
vn -0.3476 -0.4475 0.8240
vn -0.6070 -0.3215 0.7268
vn 0.5140 0.1072 0.8511
vn 0.5686 -0.0878 0.8179
vn -0.6314 -0.4586 0.6253
vn -0.7056 -0.2697 0.6553
vn 0.8841 -0.2017 0.4215
vn 0.4371 -0.2520 0.8634
vn 0.8981 -0.0287 0.4389
vn -0.8137 -0.5577 0.1641
vn -0.4509 -0.5264 0.7208
vn -0.7025 -0.6919 0.1668
vn 0.0848 -0.7682 0.6346
vn -0.0613 0.7855 0.6158
vn -0.5612 0.6311 0.5355
vn 0.1753 -0.7402 0.6491
vn 0.9689 -0.0215 0.2467
vn -0.8181 -0.5736 -0.0402
vn -0.4141 0.8757 -0.2484
vn 0.6372 0.5306 0.5590
vn 0.3140 0.3347 0.8885
vn -0.6850 0.0261 0.7281
vn -0.9519 0.0396 0.3040
vn -0.0869 0.9768 -0.1959
vn -0.1416 0.9819 -0.1259
vn 0.1937 0.9293 0.3144
vn -0.7540 0.6365 0.1623
vn -0.3942 0.9038 -0.1664
vn 0.5260 0.6413 0.5586
vn 0.5042 0.6029 0.6184
vn 0.7011 0.4733 0.5334
vn -0.9630 -0.0409 0.2663
vn -0.9045 0.1676 0.3923
vn -0.9256 0.1928 0.3256
vn 0.4221 0.8513 0.3116
vn 0.7725 0.4083 0.4864
vn 0.4245 0.7533 0.5023
vn -0.8917 0.3466 0.2911
vn -0.9697 -0.1301 0.2068
vn -0.8893 0.4461 0.1011
vn 0.7951 -0.0687 0.6026
vn 0.7380 -0.0152 0.6746
vn 0.9052 0.0043 0.4250
vn -0.8335 -0.5329 0.1459
vn -0.7632 -0.4791 0.4336
vn -0.7578 -0.5486 0.3533
vn 0.5237 0.0925 0.8469
vn 0.7607 0.1168 0.6385
vn 0.6344 -0.0576 0.7709
vn -0.6862 -0.4657 0.5589
vn -0.8434 -0.3789 0.3810
vn -0.7039 -0.2868 0.6498
vn 0.6052 -0.0239 0.7957
vn -0.6890 -0.4237 0.5880
vn 0.9434 0.0521 0.3276
vn -0.8619 -0.5057 0.0378
vn 0.9526 -0.0072 0.3041
vn -0.8297 -0.5579 0.0180
vn 0.5968 -0.0221 0.8021
vn 0.6147 -0.0465 0.7874
vn 0.4311 0.1922 0.8816
vn -0.6962 -0.1562 0.7007
vn -0.6816 -0.4470 0.5793
vn -0.6852 -0.4182 0.5963
vn 0.6199 -0.1081 0.7772
vn 0.3582 0.1338 0.9240
vn -0.6191 -0.1682 0.7671
vn -0.6488 -0.5001 0.5735
vn 0.6997 0.4241 0.5750
vn 0.3249 0.1790 0.9287
vn -0.6192 -0.1127 0.7771
vn -0.9467 -0.0846 0.3107
vn 0.3014 0.8957 0.3269
vn 0.1379 0.7337 0.6653
vn -0.7030 0.4739 0.5303
vn -0.8235 0.5481 0.1463
vn 0.5604 0.4699 0.6821
vn 0.1761 0.6700 0.7212
vn -0.7138 0.3950 0.5783
vn -0.8934 0.0207 0.4487
vn 0.1619 0.9778 0.1333
vn 0.0294 0.7648 0.6435
vn -0.6288 0.5615 0.5379
vn -0.7040 0.7102 -0.0057
vn -0.2101 0.9745 -0.0790
vn -0.3709 0.9244 0.0889
vn -0.2443 0.9635 0.1092
vn -0.3498 0.9313 -0.1014
vn 0.4446 -0.1085 0.8891
vn 0.3805 0.3138 0.8699
vn -0.7202 -0.0263 0.6932
vn -0.5432 -0.4138 0.7305
vn -0.1630 -0.3111 0.9363
vn 0.1849 0.2968 0.9369
vn -0.5767 0.0614 0.8146
vn 0.0311 -0.2511 0.9675
vn -0.8859 0.0017 0.4639
vn -0.0877 0.4154 0.9054
vn -0.4194 0.3129 0.8522
vn 0.5606 0.4486 0.6960
vn -0.7731 0.6023 0.1991
vn -0.0757 0.4737 0.8774
vn -0.4530 0.3572 0.8169
vn 0.2169 0.9082 0.3580
vn -0.2838 0.9563 0.0711
vn -0.0039 0.6499 0.7600
vn -0.5728 0.4741 0.6687
vn -0.3250 0.9435 0.0644
vn 0.0801 0.8613 0.5018
vn -0.6811 0.6261 0.3796
vn -0.0707 0.5347 0.8421
vn -0.1714 0.6418 0.7474
vn -0.0544 0.5348 0.8432
vn -0.4936 0.3991 0.7727
vn -0.4334 0.5609 0.7054
vn -0.4804 0.4081 0.7763
vn 0.0235 0.4628 0.8862
vn 0.1293 0.5530 0.8231
vn 0.1113 0.4800 0.8702
vn -0.6010 0.2599 0.7558
vn -0.6418 0.3147 0.6993
vn -0.5272 0.2926 0.7978
vn 0.0969 0.4695 0.8776
vn 0.1807 0.4038 0.8968
vn 0.0798 0.4410 0.8939
vn -0.5616 0.2429 0.7910
vn -0.6210 0.1561 0.7681
vn -0.5860 0.2585 0.7680
vn 0.0494 0.6028 0.7963
vn 0.1868 0.3924 0.9006
vn 0.1488 0.6035 0.7834
vn -0.6735 0.3494 0.6514
vn -0.6205 0.1429 0.7711
vn -0.5990 0.4025 0.6923
vn 0.1188 0.6807 0.7229
vn 0.1837 0.4856 0.8546
vn -0.6563 0.2261 0.7198
vn -0.6753 0.4353 0.5954
vn 0.1610 0.3759 0.9126
vn -0.5947 0.1424 0.7913
vn 0.0103 0.3587 0.9334
vn -0.4730 0.2093 0.8558
vn -0.0783 0.7514 0.6552
vn -0.5404 0.6086 0.5811
vn 0.2349 0.5150 0.8244
vn -0.7040 0.2249 0.6737
vn 0.2071 0.3594 0.9099
vn -0.6209 0.1035 0.7770
vn 0.2462 0.5080 0.8254
vn -0.7092 0.2128 0.6721
vn 0.1153 0.7063 0.6984
vn -0.6796 0.4607 0.5708
vn 0.3864 -0.9220 -0.0232
vn 0.1863 -0.9821 0.0276
vn 0.0017 -0.7837 -0.6211
vn 0.6084 -0.5963 -0.5237
vn 0.3874 -0.9200 0.0599
vn 0.2120 -0.9759 -0.0512
vn 0.8712 -0.4650 0.1573
vn 0.3023 -0.7041 -0.6425
vn 0.3352 -0.6940 -0.6372
vn -0.4715 -0.8799 -0.0583
vn 0.8661 0.4580 0.2002
vn 0.9058 -0.2136 -0.3660
vn -0.4874 -0.6441 -0.5896
vn -0.9886 -0.1151 -0.0975
vn 0.2362 0.5921 -0.7705
vn 0.6830 0.1695 -0.7104
vn -0.4253 -0.1730 -0.8884
vn -0.2908 0.4292 -0.8551
vn -0.3986 0.3148 -0.8614
vn -0.0847 -0.1850 -0.9791
vn 0.4487 -0.0202 -0.8935
vn 0.3856 0.5571 -0.7355
vn -0.5758 0.3355 -0.7455
vn -0.2984 -0.2035 -0.9325
vn 0.6130 0.0781 -0.7862
vn 0.4798 0.6617 -0.5761
vn -0.0904 -0.5027 -0.8597
vn 0.1344 -0.5053 -0.8524
vn 0.4172 -0.4179 -0.8070
vn 0.5941 -0.2912 -0.7499
vn 0.2512 -0.4258 -0.8692
vn 0.2867 -0.4148 -0.8635
vn 0.4012 -0.0449 -0.9149
vn -0.0277 -0.1774 -0.9838
vn 0.4361 -0.7882 -0.4342
vn 0.2170 -0.8559 -0.4694
vn 0.5589 0.2622 0.7867
vn -0.8078 -0.1601 0.5673
vn 0.6924 0.1804 0.6986
vn -0.8421 -0.2937 0.4523
vn 0.3990 -0.3466 0.8489
vn -0.3647 -0.5826 0.7263
vn 0.2978 -0.1409 0.9442
vn -0.4261 -0.3646 0.8280
vn -0.2113 -0.3078 0.9277
vn 0.0697 -0.2210 0.9728
vn -0.2164 -0.5610 0.7990
vn 0.2500 -0.4169 0.8739
vn -0.7862 -0.2664 0.5576
vn 0.6033 0.1629 0.7807
vn -0.6973 -0.0837 0.7119
vn 0.3888 0.2519 0.8862
vn -0.8053 0.3674 0.4653
vn 0.2954 0.7075 0.6420
vn -0.9138 0.3104 0.2618
vn 0.4702 0.7380 0.4840
vn -0.5286 0.8439 0.0911
vn -0.0769 0.9835 0.1636
vn -0.4763 0.8254 0.3032
vn -0.1685 0.9205 0.3526
vn 0.0677 0.9310 0.3588
vn -0.6689 0.7034 0.2405
vn 0.0992 0.9789 0.1784
vn -0.6684 0.7418 0.0552
vn 0.5748 0.6941 0.4334
vn -0.9571 0.2207 0.1875
vn 0.4715 0.6798 0.5617
vn -0.9051 0.2544 0.3407
vn 0.5169 0.6780 0.5225
vn -0.9285 0.2314 0.2905
vn 0.0943 0.9637 0.2497
vn -0.6766 0.7255 0.1260
vn -0.5173 0.8420 0.1529
vn -0.1024 0.9702 0.2195
vn -0.8962 0.3138 0.3137
vn 0.4396 0.7265 0.5281
vn -0.7719 -0.2160 0.5979
vn 0.5528 0.1934 0.8105
vn -0.2140 -0.4710 0.8558
vn 0.1823 -0.3486 0.9194
vn 0.3594 -0.2515 0.8987
vn -0.4004 -0.4862 0.7767
vn 0.6096 0.2415 0.7550
vn -0.8271 -0.2024 0.5244
vn 0.1586 0.4216 0.8928
vn -0.6123 0.1834 0.7691
vn 0.0718 0.2855 0.9557
vn -0.4872 0.1128 0.8659
vn -0.1390 0.2324 0.9626
vn -0.2948 0.1843 0.9376
vn -0.3257 0.3183 0.8903
vn -0.1751 0.3648 0.9145
vn -0.3508 0.4347 0.8294
vn -0.2022 0.4807 0.8533
vn -0.2195 0.5939 0.7740
vn -0.3769 0.5452 0.7488
vn -0.0062 0.6327 0.7744
vn -0.5656 0.4598 0.6846
vn 0.1295 0.5475 0.8267
vn -0.6400 0.3098 0.7032
vn 0.1599 -0.6005 0.7835
vn -0.0187 -0.6557 0.7548
vn 0.3268 -0.4786 0.8150
vn -0.2257 -0.6493 0.7263
vn 0.6121 0.0704 0.7876
vn -0.7440 -0.3486 0.5700
vn 0.6529 0.4343 0.6205
vn -0.9288 -0.0544 0.3666
vn 0.6306 0.5492 0.5483
vn -0.9539 0.0596 0.2940
vn 0.3737 -0.3336 0.8655
vn -0.3568 -0.5594 0.7482
vn 0.4224 -0.2496 0.8714
vn -0.4430 -0.5170 0.7325
vn 0.6026 -0.0177 0.7978
vn -0.6910 -0.4174 0.5902
vn 0.6246 0.2107 0.7520
vn -0.8209 -0.2360 0.5200
vn 0.3894 0.7461 0.5401
vn -0.8711 0.3566 0.3378
vn 0.2154 0.9124 0.3481
vn -0.7713 0.6075 0.1897
vn 0.2007 0.9027 0.3806
vn -0.7638 0.6047 0.2257
vn -0.3987 0.8584 0.3227
vn -0.2531 0.9034 0.3461
vn -0.8552 0.4317 0.2867
vn 0.3502 0.8042 0.4802
vn -0.7549 0.6001 0.2648
vn 0.1851 0.8905 0.4156
vn 0.0752 0.2470 0.9661
vn -0.4717 0.0780 0.8783
vn -0.0036 0.2114 0.9774
vn -0.3936 0.0909 0.9148
vn -0.0890 0.1587 0.9833
vn -0.2993 0.0937 0.9495
vn -0.0660 0.0920 0.9936
vn -0.2834 0.0248 0.9587
vn 0.0197 0.1363 0.9905
vn -0.3742 0.0146 0.9272
vn 0.1920 0.2650 0.9449
vn -0.5671 0.0305 0.8231
vn 0.2849 0.2191 0.9332
vn -0.6112 -0.0578 0.7893
vn 0.2279 0.0855 0.9699
vn -0.5035 -0.1405 0.8525
vn 0.0914 0.2820 0.9551
vn -0.5005 0.0991 0.8600
vn -0.2908 0.4395 0.8499
vn -0.2577 0.4497 0.8552
vn -0.0223 0.2368 0.9713
vn -0.3911 0.1228 0.9121
vn -0.1355 0.2245 0.9650
vn -0.2938 0.1756 0.9396
vn -0.2533 0.2886 0.9233
vn -0.2249 0.2974 0.9279
vn 0.0184 -0.3096 0.9507
vn -0.1160 -0.3511 0.9291
vn 0.1195 -0.1055 0.9872
vn -0.3182 -0.2407 0.9169
vn 0.1695 0.2191 0.9609
vn -0.5287 0.0034 0.8488
vn 0.1170 0.4778 0.8707
vn -0.6043 0.2549 0.7549
vn 0.1431 0.3943 0.9078
vn -0.5894 0.1679 0.7902
vn -0.1915 0.3918 0.8999
vn -0.3235 0.3510 0.8787
vn -0.1923 0.3834 0.9033
vn -0.3192 0.3442 0.8829
vn -0.1782 0.3698 0.9119
vn -0.3252 0.3243 0.8883
vn 0.7391 -0.0264 0.6731
vn -0.7574 -0.4888 0.4329
vn 0.8014 0.5930 0.0784
vn -0.9773 0.0434 -0.2071
vn -0.1234 0.9893 -0.0781
vn -0.4262 0.8957 -0.1267
vn -0.7752 0.6287 0.0611
vn 0.2436 0.9435 0.2247
vn 0.1745 -0.2102 0.9620
vn -0.2963 -0.3557 0.8864
vn 0.1338 -0.2302 0.9639
vn -0.2539 -0.3500 0.9017
vn -0.6443 0.7464 0.1666
vn 0.0459 0.9597 0.2773
vn -0.1524 0.9800 0.1279
vn -0.4574 0.8858 0.0790
vn 0.4851 0.6879 0.5399
vn -0.9139 0.2557 0.3153
vn 0.4517 -0.0068 0.8922
vn -0.6057 -0.3335 0.7224
vn -0.2376 0.5970 0.7662
vn -0.3623 0.5585 0.7462
vn -0.1409 0.1369 0.9805
vn -0.2458 0.1046 0.9637
vn -0.3465 0.3769 0.8590
vn -0.1822 0.4277 0.8854
vn 0.2494 0.3913 0.8858
vn -0.6648 0.1088 0.7391
vn 0.4161 0.4048 0.8143
vn -0.7823 0.0345 0.6219
vn 0.1618 0.5149 0.8418
vn -0.6516 0.2636 0.7113
vn 0.6304 0.6367 0.4442
vn -0.9721 0.1415 0.1870
vn 0.7008 0.6039 0.3797
vn -0.9908 0.0812 0.1081
vn 0.7531 0.2658 0.6019
vn -0.9090 -0.2478 0.3350
vn -0.0487 -0.2085 0.9768
vn -0.1266 -0.2326 0.9643
vn -0.3932 0.0824 0.9158
vn 0.0005 0.2040 0.9790
vn -0.4687 0.2236 0.8546
vn -0.0006 0.3682 0.9297
vn -0.3886 0.4494 0.8044
vn -0.1735 0.5159 0.8389
vn -0.4959 0.8562 0.1451
vn -0.1248 0.9708 0.2047
vn -0.8868 0.4552 -0.0800
vn 0.4671 0.8735 0.1373
vn -0.8803 -0.4134 0.2328
vn 0.8511 0.1216 0.5107
vn 0.1163 -0.6302 0.7677
vn 0.0363 -0.6549 0.7549
vn -0.1896 0.1500 0.9703
vn -0.2119 0.1431 0.9668
vn -0.6414 0.1184 0.7580
vn 0.2204 0.3847 0.8964
vn -0.4007 0.2155 0.8905
vn -0.0597 0.3209 0.9452
vn -0.3122 0.3126 0.8971
vn -0.1844 0.3521 0.9176
vn -0.1808 0.3648 0.9134
vn -0.3209 0.3215 0.8909
vn -0.3497 0.1419 0.9261
vn -0.0693 0.2285 0.9711
vn -0.0631 -0.0018 0.9980
vn -0.2353 -0.0550 0.9704
vn 0.2151 0.0052 0.9766
vn -0.4511 -0.2007 0.8696
vn 0.2950 0.2262 0.9283
vn -0.6217 -0.0570 0.7812
vn 0.1807 0.3895 0.9031
vn -0.6149 0.1437 0.7754
vn 0.0802 0.4073 0.9098
vn -0.5478 0.2133 0.8090
vn 0.0993 0.5409 0.8352
vn -0.6151 0.3202 0.7205
vn -0.0914 0.5759 0.8124
vn -0.4784 0.4564 0.7503
vn -0.0978 0.4368 0.8942
vn -0.4201 0.3373 0.8425
vn -0.1057 0.4089 0.9064
vn -0.4021 0.3174 0.8589
vn 0.0375 0.2354 0.9712
vn -0.4372 0.0887 0.8950
vn -0.0703 0.3204 0.9447
vn -0.3919 0.2210 0.8930
vn -0.1568 0.1026 0.9823
vn -0.2149 0.0847 0.9730
vn -0.0008 -0.1176 0.9931
vn -0.2189 -0.1850 0.9581
vn -0.2559 0.0979 0.9617
vn -0.1288 0.1372 0.9821
vn -0.3653 0.4055 0.8379
vn -0.1771 0.4636 0.8682
vn -0.2623 0.6229 0.7370
vn -0.3488 0.5962 0.7231
vn -0.1490 0.6715 0.7259
vn -0.4612 0.5750 0.6758
vn -0.0279 0.7010 0.7126
vn -0.5685 0.5340 0.6258
vn 0.0409 0.7419 0.6692
vn -0.6326 0.5338 0.5611
vn 0.2782 0.2603 0.9246
vn -0.6263 -0.0191 0.7794
vn 0.3902 0.4207 0.8190
vn -0.7722 0.0615 0.6324
vn 0.3236 0.5934 0.7370
vn -0.7917 0.2487 0.5580
vn -0.6337 0.5944 -0.4951
vn 0.3108 0.8863 -0.3435
vn -0.7304 0.0711 -0.6793
vn 0.7278 0.5217 -0.4452
vn -0.3059 0.5499 -0.7772
vn 0.1593 0.6936 -0.7025
vn 0.3522 0.6870 -0.6356
vn -0.4727 0.4322 -0.7680
vn 0.2508 0.8058 -0.5364
vn -0.4871 0.5778 -0.6549
vn 0.4517 0.7945 -0.4059
vn -0.6757 0.4461 -0.5869
vn 0.9786 0.2038 0.0300
vn -0.8878 -0.3729 -0.2696
vn 0.8512 -0.3659 0.3763
vn -0.5732 -0.8060 0.1477
vn 0.6219 -0.6231 0.4744
vn -0.2798 -0.9017 0.3296
vn 0.5428 -0.7044 -0.4574
vn 0.0938 -0.8431 -0.5295
vn 0.4358 -0.4958 -0.7512
vn 0.1468 -0.5851 -0.7976
vn 0.3856 -0.7375 -0.5545
vn 0.2630 -0.7753 -0.5742
vn 0.3270 -0.9247 0.1948
vn 0.1976 -0.9647 0.1740
vn 0.4930 -0.8622 0.1164
vn 0.0555 -0.9974 0.0462
vn 0.9893 -0.0855 -0.1178
vn -0.6945 -0.6058 -0.3881
vn 0.9457 0.2427 -0.2162
vn -0.8130 -0.3007 -0.4985
vn 0.6106 -0.2886 -0.7375
vn -0.1083 -0.5107 -0.8529
vn 0.4635 -0.5642 -0.6833
vn 0.1434 -0.6631 -0.7347
vn 0.8955 -0.2459 -0.3710
vn -0.4601 -0.6647 -0.5886
vn 0.9441 0.2862 -0.1638
vn -0.8508 -0.2684 -0.4519
vn 0.8598 0.4401 0.2588
vn -0.9906 -0.1316 -0.0382
vn 0.9165 0.3991 -0.0272
vn -0.9305 -0.1716 -0.3237
vn 0.8539 0.1312 0.5037
vn -0.8857 -0.4064 0.2245
vn 0.4964 -0.6958 0.5192
vn -0.1542 -0.8968 0.4147
vn 0.5541 -0.6935 -0.4604
vn 0.0798 -0.8401 -0.5366
vn 0.5240 -0.8515 0.0214
vn 0.0525 -0.9971 -0.0543
vn 0.4864 -0.8108 0.3255
vn -0.0275 -0.9696 0.2431
vn 0.5522 -0.8046 0.2185
vn -0.0519 -0.9912 0.1215
vn 0.9631 -0.1757 0.2040
vn -0.7164 -0.6946 -0.0656
vn 0.8546 -0.1455 0.4985
vn -0.7323 -0.6358 0.2438
vn 0.5050 -0.3262 -0.7991
vn 0.0129 -0.4783 -0.8781
vn -0.1149 0.9799 -0.1632
vn -0.4033 0.8908 -0.2095
vn 0.0263 0.7672 -0.6409
vn -0.2599 0.6787 -0.6868
vn 0.3200 0.2712 -0.9078
vn -0.1403 0.1290 -0.9817
vn 0.4191 0.8663 -0.2717
vn -0.7281 0.5119 -0.4559
vn 0.3551 0.9072 0.2257
vn -0.8429 0.5370 0.0334
vn 0.5253 0.8497 -0.0451
vn -0.8671 0.4195 -0.2686
vn 0.6731 0.6328 -0.3827
vn -0.7667 0.1879 -0.6138
vn 0.7961 0.1116 -0.5947
vn -0.5152 -0.2936 -0.8052
vn 0.5724 0.2015 -0.7949
vn -0.3320 -0.0780 -0.9400
vn 0.4035 0.7386 -0.5400
vn -0.5687 0.4382 -0.6961
vn 0.3339 0.9393 -0.0785
vn -0.7569 0.6023 -0.2536
vn 0.2688 0.9189 0.2888
vn -0.7998 0.5887 0.1172
vn 0.1526 0.9391 -0.3080
vn -0.5490 0.7223 -0.4206
vn -0.1333 0.9366 0.3239
vn -0.5045 0.8220 0.2643
vn -0.0463 -0.0787 -0.9958
vn 0.3648 0.0483 -0.9298
vn -0.2508 0.9538 -0.1656
vn -0.2817 0.9442 -0.1706
vn -0.4438 0.8515 0.2794
vn -0.2015 0.9263 0.3183
vn 0.9031 0.4087 0.1315
vn -0.9707 -0.1703 -0.1693
vn 0.8308 0.4922 0.2598
vn -0.9968 -0.0726 -0.0336
vn 0.8696 0.4880 0.0755
vn -0.9721 -0.0810 -0.2202
vn 0.9144 0.3652 -0.1745
vn -0.8680 -0.1856 -0.4606
vn 0.7341 -0.5197 0.4371
vn -0.4141 -0.8744 0.2528
vn 0.5894 -0.6191 0.5189
vn -0.2693 -0.8845 0.3811
vn 0.6161 -0.4902 0.6166
vn -0.3892 -0.8008 0.4552
vn 0.6761 -0.3189 0.6642
vn -0.5443 -0.6960 0.4683
vn 0.7600 -0.3409 0.5533
vn -0.5662 -0.7507 0.3404
vn 0.4922 -0.2681 0.8282
vn -0.4751 -0.5670 0.6729
vn 0.7899 -0.4154 -0.4511
vn -0.2609 -0.7401 -0.6198
vn 0.7356 -0.3373 -0.5875
vn -0.2224 -0.6333 -0.7413
vn 0.6147 -0.7872 0.0497
vn -0.0621 -0.9963 -0.0590
vn 0.7840 -0.6077 0.1266
vn -0.3158 -0.9475 -0.0500
vn 0.7689 -0.5624 -0.3041
vn -0.2056 -0.8635 -0.4606
vn -0.1601 0.8711 0.4644
vn -0.4876 0.7698 0.4118
vn 0.0356 0.8385 0.5437
vn -0.6457 0.6280 0.4344
vn 0.1356 0.6156 0.7763
vn -0.6678 0.3674 0.6474
vn 0.1226 0.4221 0.8982
vn -0.5859 0.2031 0.7845
vn 0.3416 0.2803 0.8971
vn -0.6790 -0.0351 0.7333
vn 0.3916 -0.0065 0.9201
vn -0.5668 -0.3027 0.7663
vn 0.0028 0.9562 0.2928
vn -0.6130 0.7659 0.1939
vn -0.5254 0.8459 0.0914
vn -0.0806 0.9834 0.1628
vn -0.9287 0.2570 0.2675
vn 0.5096 0.7014 0.4983
vn -0.4876 -0.0978 0.8676
vn 0.1877 0.1109 0.9760
vn 0.2914 -0.0483 0.9554
vn -0.4753 -0.2852 0.8323
vn 0.5172 0.0668 0.8533
vn -0.6865 -0.3051 0.6600
vn 0.7774 -0.3128 0.5457
vn -0.5932 -0.7363 0.3257
vn -0.0046 0.0461 0.9989
vn -0.3078 -0.0476 0.9502
vn 0.9463 -0.0238 0.3225
vn -0.8208 -0.5698 0.0388
vn -0.0295 0.7854 0.6183
vn -0.5868 0.6132 0.5288
vn -0.0969 0.9834 0.1536
vn -0.5100 0.8557 0.0873
vn 0.4695 0.6649 0.5809
vn -0.9008 0.2415 0.3610
vn 0.4471 0.7502 0.4872
vn -0.9034 0.3329 0.2704
vn 0.8389 0.0136 0.5441
vn -0.8208 -0.4992 0.2777
vn 0.6251 0.0490 0.7790
vn -0.7400 -0.3728 0.5599
vn 0.4872 0.1091 0.8664
vn -0.6901 -0.2547 0.6775
vn 0.8979 0.2349 0.3724
vn -0.9398 -0.3330 0.0774
vn 0.9543 -0.0364 0.2966
vn -0.8128 -0.5824 0.0129
vn 0.9136 0.1767 0.3662
vn -0.9183 -0.3894 0.0722
vn 0.6137 -0.0314 0.7889
vn -0.6896 -0.4341 0.5797
vn 0.6099 -0.0725 0.7892
vn -0.6640 -0.4661 0.5847
vn 0.6860 -0.0729 0.7239
vn -0.7047 -0.5027 0.5007
vn 0.3567 0.8806 0.3119
vn -0.8542 0.5065 0.1176
vn 0.4665 0.7126 0.5239
vn -0.9084 0.2878 0.3032
vn 0.5214 0.5962 0.6105
vn -0.9120 0.1533 0.3805
vn -0.2239 0.9595 -0.1710
vn -0.3044 0.9346 -0.1840
vn 0.5447 -0.0387 0.8377
vn -0.6454 -0.4065 0.6467
vn 0.2539 -0.2240 0.9409
vn -0.3449 -0.4091 0.8448
vn -0.6448 -0.2370 0.7267
vn 0.4279 0.0945 0.8989
vn -0.9041 0.2992 0.3052
vn 0.4563 0.7195 0.5236
vn -0.5335 0.8368 0.1231
vn -0.0783 0.9774 0.1961
vn -0.1546 0.9877 0.0236
vn -0.4300 0.9026 -0.0206
vn -0.0792 0.5630 0.8226
vn -0.4838 0.4380 0.7577
vn 0.0521 0.5158 0.8551
vn -0.5700 0.3236 0.7552
vn 0.1097 0.4484 0.8870
vn -0.5872 0.2331 0.7752
vn 0.0834 0.4978 0.8633
vn -0.5869 0.2907 0.7557
vn 0.1420 0.5973 0.7894
vn -0.6665 0.3475 0.6596
vn 0.1958 0.4106 0.8905
vn -0.6348 0.1540 0.7572
vn 0.0893 0.3590 0.9291
vn -0.5339 0.1664 0.8290
vn -0.0152 0.4435 0.8962
vn -0.4891 0.2970 0.8201
vn -0.3187 0.7857 0.5301
vn -0.3351 0.7807 0.5275
vn 0.1840 0.6273 0.7567
vn -0.7066 0.3522 0.6137
vn 0.2070 0.4170 0.8850
vn -0.6455 0.1536 0.7482
vn 0.2409 0.3846 0.8911
vn -0.6559 0.1075 0.7471
vn 0.1872 0.6422 0.7433
vn -0.7135 0.3639 0.5987
vn 0.1084 0.7069 0.6990
vn -0.6747 0.4649 0.5733
vn 0.2336 -0.9723 -0.0055
vn 0.3544 -0.9350 0.0138
vn 0.6351 -0.7718 0.0321
vn -0.0816 -0.9932 -0.0829
vn 0.9526 0.0058 0.3043
vn -0.8369 -0.5471 0.0171
vn 0.6812 0.6458 -0.3448
vn -0.7911 0.1908 -0.5811
vn -0.1887 0.4119 -0.8915
vn 0.1761 0.5247 -0.8329
vn -0.5110 0.3074 -0.8027
vn 0.4609 0.6078 -0.6467
vn -0.1266 -0.5090 -0.8514
vn 0.6235 -0.2772 -0.7310
vn 0.0512 -0.4808 -0.8753
vn 0.4755 -0.3497 -0.8072
vn 0.5909 -0.2295 -0.7734
vn -0.1152 -0.4477 -0.8867
vn -0.2064 0.5076 -0.8365
vn 0.1215 0.6089 -0.7839
vn 0.5576 -0.4573 -0.6927
vn 0.0133 -0.6255 -0.7801
vn 0.2247 -0.9742 0.0183
vn 0.3556 -0.9338 0.0393
s 1
f 54//50 516//512 1520//1516 515//511
f 516//512 8//4 517//513 1520//1516
f 1520//1516 517//513 10//6 518//514
f 515//511 1520//1516 518//514 52//48
f 11//7 520//516 1521//1517 519//515
f 520//516 9//5 521//517 1521//1517
f 1521//1517 521//517 55//51 522//518
f 519//515 1521//1517 522//518 53//49
f 52//48 518//514 1522//1518 523//519
f 518//514 10//6 524//520 1522//1518
f 1522//1518 524//520 12//8 525//521
f 523//519 1522//1518 525//521 50//46
f 13//9 527//523 1523//1519 526//522
f 527//523 11//7 519//515 1523//1519
f 1523//1519 519//515 53//49 528//524
f 526//522 1523//1519 528//524 51//47
f 10//6 529//525 1524//1520 524//520
f 529//525 16//12 530//526 1524//1520
f 1524//1520 530//526 14//10 531//527
f 524//520 1524//1520 531//527 12//8
f 15//11 533//529 1525//1521 532//528
f 533//529 17//13 534//530 1525//1521
f 1525//1521 534//530 11//7 527//523
f 532//528 1525//1521 527//523 13//9
f 8//4 535//531 1526//1522 517//513
f 535//531 18//14 536//532 1526//1522
f 1526//1522 536//532 16//12 529//525
f 517//513 1526//1522 529//525 10//6
f 17//13 537//533 1527//1523 534//530
f 537//533 19//15 538//534 1527//1523
f 1527//1523 538//534 9//5 520//516
f 534//530 1527//1523 520//516 11//7
f 18//14 539//535 1528//1524 536//532
f 539//535 20//16 540//536 1528//1524
f 1528//1524 540//536 22//18 541//537
f 536//532 1528//1524 541//537 16//12
f 23//19 543//539 1529//1525 542//538
f 543//539 21//17 544//540 1529//1525
f 1529//1525 544//540 19//15 537//533
f 542//538 1529//1525 537//533 17//13
f 16//12 541//537 1530//1526 530//526
f 541//537 22//18 545//541 1530//1526
f 1530//1526 545//541 24//20 546//542
f 530//526 1530//1526 546//542 14//10
f 25//21 548//544 1531//1527 547//543
f 548//544 23//19 542//538 1531//1527
f 1531//1527 542//538 17//13 533//529
f 547//543 1531//1527 533//529 15//11
f 22//18 549//545 1532//1528 545//541
f 549//545 28//24 550//546 1532//1528
f 1532//1528 550//546 26//22 551//547
f 545//541 1532//1528 551//547 24//20
f 27//23 553//549 1533//1529 552//548
f 553//549 29//25 554//550 1533//1529
f 1533//1529 554//550 23//19 548//544
f 552//548 1533//1529 548//544 25//21
f 20//16 555//551 1534//1530 540//536
f 555//551 30//26 556//552 1534//1530
f 1534//1530 556//552 28//24 549//545
f 540//536 1534//1530 549//545 22//18
f 29//25 557//553 1535//1531 554//550
f 557//553 31//27 558//554 1535//1531
f 1535//1531 558//554 21//17 543//539
f 554//550 1535//1531 543//539 23//19
f 30//26 559//555 1536//1532 556//552
f 559//555 32//28 560//556 1536//1532
f 1536//1532 560//556 34//30 561//557
f 556//552 1536//1532 561//557 28//24
f 35//31 563//559 1537//1533 562//558
f 563//559 33//29 564//560 1537//1533
f 1537//1533 564//560 31//27 557//553
f 562//558 1537//1533 557//553 29//25
f 28//24 561//557 1538//1534 550//546
f 561//557 34//30 565//561 1538//1534
f 1538//1534 565//561 36//32 566//562
f 550//546 1538//1534 566//562 26//22
f 37//33 568//564 1539//1535 567//563
f 568//564 35//31 562//558 1539//1535
f 1539//1535 562//558 29//25 553//549
f 567//563 1539//1535 553//549 27//23
f 34//30 569//565 1540//1536 565//561
f 569//565 40//36 570//566 1540//1536
f 1540//1536 570//566 38//34 571//567
f 565//561 1540//1536 571//567 36//32
f 39//35 573//569 1541//1537 572//568
f 573//569 41//37 574//570 1541//1537
f 1541//1537 574//570 35//31 568//564
f 572//568 1541//1537 568//564 37//33
f 32//28 575//571 1542//1538 560//556
f 575//571 42//38 576//572 1542//1538
f 1542//1538 576//572 40//36 569//565
f 560//556 1542//1538 569//565 34//30
f 41//37 577//573 1543//1539 574//570
f 577//573 43//39 578//574 1543//1539
f 1543//1539 578//574 33//29 563//559
f 574//570 1543//1539 563//559 35//31
f 42//38 579//575 1544//1540 576//572
f 579//575 44//40 580//576 1544//1540
f 1544//1540 580//576 46//42 581//577
f 576//572 1544//1540 581//577 40//36
f 47//43 583//579 1545//1541 582//578
f 583//579 45//41 584//580 1545//1541
f 1545//1541 584//580 43//39 577//573
f 582//578 1545//1541 577//573 41//37
f 40//36 581//577 1546//1542 570//566
f 581//577 46//42 585//581 1546//1542
f 1546//1542 585//581 48//44 586//582
f 570//566 1546//1542 586//582 38//34
f 49//45 588//584 1547//1543 587//583
f 588//584 47//43 582//578 1547//1543
f 1547//1543 582//578 41//37 573//569
f 587//583 1547//1543 573//569 39//35
f 46//42 589//585 1548//1544 585//581
f 589//585 52//48 523//519 1548//1544
f 1548//1544 523//519 50//46 590//586
f 585//581 1548//1544 590//586 48//44
f 51//47 528//524 1549//1545 591//587
f 528//524 53//49 592//588 1549//1545
f 1549//1545 592//588 47//43 588//584
f 591//587 1549//1545 588//584 49//45
f 44//40 593//589 1550//1546 580//576
f 593//589 54//50 515//511 1550//1546
f 1550//1546 515//511 52//48 589//585
f 580//576 1550//1546 589//585 46//42
f 53//49 522//518 1551//1547 592//588
f 522//518 55//51 594//590 1551//1547
f 1551//1547 594//590 45//41 583//579
f 592//588 1551//1547 583//579 47//43
f 54//50 593//589 1552//1548 595//591
f 593//589 44//40 596//592 1552//1548
f 1552//1548 596//592 58//54 597//593
f 595//591 1552//1548 597//593 56//52
f 59//55 599//595 1553//1549 598//594
f 599//595 45//41 594//590 1553//1549
f 1553//1549 594//590 55//51 600//596
f 598//594 1553//1549 600//596 57//53
f 44//40 579//575 1554//1550 596//592
f 579//575 42//38 601//597 1554//1550
f 1554//1550 601//597 60//56 602//598
f 596//592 1554//1550 602//598 58//54
f 61//57 604//600 1555//1551 603//599
f 604//600 43//39 584//580 1555//1551
f 1555//1551 584//580 45//41 599//595
f 603//599 1555//1551 599//595 59//55
f 42//38 575//571 1556//1552 601//597
f 575//571 32//28 605//601 1556//1552
f 1556//1552 605//601 62//58 606//602
f 601//597 1556//1552 606//602 60//56
f 63//59 608//604 1557//1553 607//603
f 608//604 33//29 578//574 1557//1553
f 1557//1553 578//574 43//39 604//600
f 607//603 1557//1553 604//600 61//57
f 32//28 559//555 1558//1554 605//601
f 559//555 30//26 609//605 1558//1554
f 1558//1554 609//605 64//60 610//606
f 605//601 1558//1554 610//606 62//58
f 65//61 612//608 1559//1555 611//607
f 612//608 31//27 564//560 1559//1555
f 1559//1555 564//560 33//29 608//604
f 611//607 1559//1555 608//604 63//59
f 30//26 555//551 1560//1556 609//605
f 555//551 20//16 613//609 1560//1556
f 1560//1556 613//609 66//62 614//610
f 609//605 1560//1556 614//610 64//60
f 67//63 616//612 1561//1557 615//611
f 616//612 21//17 558//554 1561//1557
f 1561//1557 558//554 31//27 612//608
f 615//611 1561//1557 612//608 65//61
f 20//16 539//535 1562//1558 613//609
f 539//535 18//14 617//613 1562//1558
f 1562//1558 617//613 70//66 618//614
f 613//609 1562//1558 618//614 66//62
f 71//67 620//616 1563//1559 619//615
f 620//616 19//15 544//540 1563//1559
f 1563//1559 544//540 21//17 616//612
f 619//615 1563//1559 616//612 67//63
f 18//14 535//531 1564//1560 617//613
f 535//531 8//4 621//617 1564//1560
f 1564//1560 621//617 72//68 622//618
f 617//613 1564//1560 622//618 70//66
f 73//69 624//620 1565//1561 623//619
f 624//620 9//5 538//534 1565//1561
f 1565//1561 538//534 19//15 620//616
f 623//619 1565//1561 620//616 71//67
f 8//4 516//512 1566//1562 621//617
f 516//512 54//50 595//591 1566//1562
f 1566//1562 595//591 56//52 625//621
f 621//617 1566//1562 625//621 72//68
f 57//53 600//596 1567//1563 626//622
f 600//596 55//51 521//517 1567//1563
f 1567//1563 521//517 9//5 624//620
f 626//622 1567//1563 624//620 73//69
f 68//64 628//624 1568//1564 627//623
f 72//68 625//621 1568//1564 628//624
f 56//52 627//623 1568//1564 625//621
f 57//53 626//622 1569//1565 629//625
f 73//69 630//626 1569//1565 626//622
f 69//65 629//625 1569//1565 630//626
f 70//66 622//618 1570//1566 631//627
f 72//68 628//624 1570//1566 622//618
f 68//64 631//627 1570//1566 628//624
f 69//65 630//626 1571//1567 632//628
f 73//69 623//619 1571//1567 630//626
f 71//67 632//628 1571//1567 623//619
f 68//64 633//629 1572//1568 631//627
f 66//62 618//614 1572//1568 633//629
f 70//66 631//627 1572//1568 618//614
f 71//67 619//615 1573//1569 632//628
f 67//63 634//630 1573//1569 619//615
f 69//65 632//628 1573//1569 634//630
f 68//64 635//631 1574//1570 633//629
f 64//60 614//610 1574//1570 635//631
f 66//62 633//629 1574//1570 614//610
f 67//63 615//611 1575//1571 634//630
f 65//61 636//632 1575//1571 615//611
f 69//65 634//630 1575//1571 636//632
f 68//64 637//633 1576//1572 635//631
f 62//58 610//606 1576//1572 637//633
f 64//60 635//631 1576//1572 610//606
f 65//61 611//607 1577//1573 636//632
f 63//59 638//634 1577//1573 611//607
f 69//65 636//632 1577//1573 638//634
f 68//64 639//635 1578//1574 637//633
f 60//56 606//602 1578//1574 639//635
f 62//58 637//633 1578//1574 606//602
f 63//59 607//603 1579//1575 638//634
f 61//57 640//636 1579//1575 607//603
f 69//65 638//634 1579//1575 640//636
f 68//64 641//637 1580//1576 639//635
f 58//54 602//598 1580//1576 641//637
f 60//56 639//635 1580//1576 602//598
f 61//57 603//599 1581//1577 640//636
f 59//55 642//638 1581//1577 603//599
f 69//65 640//636 1581//1577 642//638
f 68//64 627//623 1582//1578 641//637
f 56//52 597//593 1582//1578 627//623
f 58//54 641//637 1582//1578 597//593
f 59//55 598//594 1583//1579 642//638
f 57//53 629//625 1583//1579 598//594
f 69//65 642//638 1583//1579 629//625
f 96//92 644//640 1584//1580 643//639
f 644//640 181//177 645//641 1584//1580
f 1584//1580 645//641 183//179 646//642
f 643//639 1584//1580 646//642 98//94
f 183//179 647//643 1585//1581 646//642
f 647//643 182//178 648//644 1585//1581
f 1585//1581 648//644 97//93 649//645
f 646//642 1585//1581 649//645 98//94
f 94//90 651//647 1586//1582 650//646
f 651//647 179//175 652//648 1586//1582
f 1586//1582 652//648 181//177 644//640
f 650//646 1586//1582 644//640 96//92
f 182//178 653//649 1587//1583 648//644
f 653//649 180//176 654//650 1587//1583
f 1587//1583 654//650 95//91 655//651
f 648//644 1587//1583 655//651 97//93
f 92//88 657//653 1588//1584 656//652
f 657//653 177//173 658//654 1588//1584
f 1588//1584 658//654 179//175 651//647
f 656//652 1588//1584 651//647 94//90
f 180//176 659//655 1589//1585 654//650
f 659//655 178//174 660//656 1589//1585
f 1589//1585 660//656 93//89 661//657
f 654//650 1589//1585 661//657 95//91
f 90//86 663//659 1590//1586 662//658
f 663//659 175//171 664//660 1590//1586
f 1590//1586 664//660 177//173 657//653
f 662//658 1590//1586 657//653 92//88
f 178//174 665//661 1591//1587 660//656
f 665//661 176//172 666//662 1591//1587
f 1591//1587 666//662 91//87 667//663
f 660//656 1591//1587 667//663 93//89
f 88//84 669//665 1592//1588 668//664
f 669//665 173//169 670//666 1592//1588
f 1592//1588 670//666 175//171 663//659
f 668//664 1592//1588 663//659 90//86
f 176//172 671//667 1593//1589 666//662
f 671//667 174//170 672//668 1593//1589
f 1593//1589 672//668 89//85 673//669
f 666//662 1593//1589 673//669 91//87
f 86//82 675//671 1594//1590 674//670
f 675//671 99//95 676//672 1594//1590
f 1594//1590 676//672 153//149 677//673
f 674//670 1594//1590 677//673 171//167
f 154//150 679//675 1595//1591 678//674
f 679//675 100//96 680//676 1595//1591
f 1595//1591 680//676 87//83 681//677
f 678//674 1595//1591 681//677 172//168
f 99//95 682//678 1596//1592 676//672
f 682//678 101//97 683//679 1596//1592
f 1596//1592 683//679 155//151 684//680
f 676//672 1596//1592 684//680 153//149
f 156//152 686//682 1597//1593 685//681
f 686//682 102//98 687//683 1597//1593
f 1597//1593 687//683 100//96 679//675
f 685//681 1597//1593 679//675 154//150
f 101//97 688//684 1598//1594 683//679
f 688//684 103//99 689//685 1598//1594
f 1598//1594 689//685 157//153 690//686
f 683//679 1598//1594 690//686 155//151
f 158//154 692//688 1599//1595 691//687
f 692//688 104//100 693//689 1599//1595
f 1599//1595 693//689 102//98 686//682
f 691//687 1599//1595 686//682 156//152
f 103//99 694//690 1600//1596 689//685
f 694//690 105//101 695//691 1600//1596
f 1600//1596 695//691 159//155 696//692
f 689//685 1600//1596 696//692 157//153
f 160//156 698//694 1601//1597 697//693
f 698//694 106//102 699//695 1601//1597
f 1601//1597 699//695 104//100 692//688
f 697//693 1601//1597 692//688 158//154
f 105//101 700//696 1602//1598 695//691
f 700//696 107//103 701//697 1602//1598
f 1602//1598 701//697 161//157 702//698
f 695//691 1602//1598 702//698 159//155
f 162//158 704//700 1603//1599 703//699
f 704//700 108//104 705//701 1603//1599
f 1603//1599 705//701 106//102 698//694
f 703//699 1603//1599 698//694 160//156
f 107//103 706//702 1604//1600 701//697
f 706//702 109//105 707//703 1604//1600
f 1604//1600 707//703 163//159 708//704
f 701//697 1604//1600 708//704 161//157
f 164//160 710//706 1605//1601 709//705
f 710//706 110//106 711//707 1605//1601
f 1605//1601 711//707 108//104 704//700
f 709//705 1605//1601 704//700 162//158
f 109//105 712//708 1606//1602 707//703
f 712//708 111//107 713//709 1606//1602
f 1606//1602 713//709 165//161 714//710
f 707//703 1606//1602 714//710 163//159
f 166//162 716//712 1607//1603 715//711
f 716//712 112//108 717//713 1607//1603
f 1607//1603 717//713 110//106 710//706
f 715//711 1607//1603 710//706 164//160
f 111//107 718//714 1608//1604 713//709
f 718//714 113//109 719//715 1608//1604
f 1608//1604 719//715 167//163 720//716
f 713//709 1608//1604 720//716 165//161
f 168//164 722//718 1609//1605 721//717
f 722//718 114//110 723//719 1609//1605
f 1609//1605 723//719 112//108 716//712
f 721//717 1609//1605 716//712 166//162
f 113//109 724//720 1610//1606 719//715
f 724//720 115//111 725//721 1610//1606
f 1610//1606 725//721 169//165 726//722
f 719//715 1610//1606 726//722 167//163
f 170//166 728//724 1611//1607 727//723
f 728//724 116//112 729//725 1611//1607
f 1611//1607 729//725 114//110 722//718
f 727//723 1611//1607 722//718 168//164
f 115//111 730//726 1612//1608 725//721
f 730//726 74//70 731//727 1612//1608
f 1612//1608 731//727 75//71 732//728
f 725//721 1612//1608 732//728 169//165
f 75//71 731//727 1613//1609 733//729
f 731//727 74//70 734//730 1613//1609
f 1613//1609 734//730 116//112 728//724
f 733//729 1613//1609 728//724 170//166
f 117//113 736//732 1614//1610 735//731
f 736//732 135//131 737//733 1614//1610
f 1614//1610 737//733 167//163 726//722
f 735//731 1614//1610 726//722 169//165
f 168//164 738//734 1615//1611 727//723
f 738//734 136//132 739//735 1615//1611
f 1615//1611 739//735 118//114 740//736
f 727//723 1615//1611 740//736 170//166
f 135//131 741//737 1616//1612 737//733
f 741//737 186//182 742//738 1616//1612
f 1616//1612 742//738 165//161 720//716
f 737//733 1616//1612 720//716 167//163
f 166//162 743//739 1617//1613 721//717
f 743//739 187//183 744//740 1617//1613
f 1617//1613 744//740 136//132 738//734
f 721//717 1617//1613 738//734 168//164
f 133//129 746//742 1618//1614 745//741
f 746//742 163//159 714//710 1618//1614
f 1618//1614 714//710 165//161 742//738
f 745//741 1618//1614 742//738 186//182
f 166//162 715//711 1619//1615 743//739
f 715//711 164//160 747//743 1619//1615
f 1619//1615 747//743 134//130 748//744
f 743//739 1619//1615 748//744 187//183
f 131//127 750//746 1620//1616 749//745
f 750//746 161//157 708//704 1620//1616
f 1620//1616 708//704 163//159 746//742
f 749//745 1620//1616 746//742 133//129
f 164//160 709//705 1621//1617 747//743
f 709//705 162//158 751//747 1621//1617
f 1621//1617 751//747 132//128 752//748
f 747//743 1621//1617 752//748 134//130
f 129//125 754//750 1622//1618 753//749
f 754//750 159//155 702//698 1622//1618
f 1622//1618 702//698 161//157 750//746
f 753//749 1622//1618 750//746 131//127
f 162//158 703//699 1623//1619 751//747
f 703//699 160//156 755//751 1623//1619
f 1623//1619 755//751 130//126 756//752
f 751//747 1623//1619 756//752 132//128
f 127//123 758//754 1624//1620 757//753
f 758//754 157//153 696//692 1624//1620
f 1624//1620 696//692 159//155 754//750
f 757//753 1624//1620 754//750 129//125
f 160//156 697//693 1625//1621 755//751
f 697//693 158//154 759//755 1625//1621
f 1625//1621 759//755 128//124 760//756
f 755//751 1625//1621 760//756 130//126
f 125//121 762//758 1626//1622 761//757
f 762//758 155//151 690//686 1626//1622
f 1626//1622 690//686 157//153 758//754
f 761//757 1626//1622 758//754 127//123
f 158//154 691//687 1627//1623 759//755
f 691//687 156//152 763//759 1627//1623
f 1627//1623 763//759 126//122 764//760
f 759//755 1627//1623 764//760 128//124
f 123//119 766//762 1628//1624 765//761
f 766//762 153//149 684//680 1628//1624
f 1628//1624 684//680 155//151 762//758
f 765//761 1628//1624 762//758 125//121
f 156//152 685//681 1629//1625 763//759
f 685//681 154//150 767//763 1629//1625
f 1629//1625 767//763 124//120 768//764
f 763//759 1629//1625 768//764 126//122
f 121//117 770//766 1630//1626 769//765
f 770//766 171//167 677//673 1630//1626
f 1630//1626 677//673 153//149 766//762
f 769//765 1630//1626 766//762 123//119
f 154//150 678//674 1631//1627 767//763
f 678//674 172//168 771//767 1631//1627
f 1631//1627 771//767 122//118 772//768
f 767//763 1631//1627 772//768 124//120
f 121//117 773//769 1632//1628 770//766
f 773//769 188//184 774//770 1632//1628
f 1632//1628 774//770 184//180 775//771
f 770//766 1632//1628 775//771 171//167
f 184//180 777//773 1633//1629 776//772
f 777//773 189//185 778//774 1633//1629
f 1633//1629 778//774 122//118 771//767
f 776//772 1633//1629 771//767 172//168
f 117//113 735//731 1634//1630 779//775
f 735//731 169//165 732//728 1634//1630
f 1634//1630 732//728 75//71 780//776
f 779//775 1634//1630 780//776 119//115
f 75//71 733//729 1635//1631 781//777
f 733//729 170//166 740//736 1635//1631
f 1635//1631 740//736 118//114 782//778
f 781//777 1635//1631 782//778 120//116
f 119//115 780//776 1636//1632 783//779
f 780//776 75//71 784//780 1636//1632
f 1636//1632 784//780 185//181 785//781
f 783//779 1636//1632 785//781 190//186
f 185//181 784//780 1637//1633 786//782
f 784//780 75//71 781//777 1637//1633
f 1637//1633 781//777 120//116 787//783
f 786//782 1637//1633 787//783 191//187
f 184//180 774//770 1638//1634 788//784
f 774//770 188//184 789//785 1638//1634
f 1638//1634 789//785 190//186 785//781
f 788//784 1638//1634 785//781 185//181
f 191//187 790//786 1639//1635 786//782
f 790//786 189//185 777//773 1639//1635
f 1639//1635 777//773 184//180 788//784
f 786//782 1639//1635 788//784 185//181
f 142//138 792//788 1640//1636 791//787
f 792//788 144//140 793//789 1640//1636
f 1640//1636 793//789 183//179 645//641
f 791//787 1640//1636 645//641 181//177
f 183//179 793//789 1641//1637 647//643
f 793//789 144//140 794//790 1641//1637
f 1641//1637 794//790 143//139 795//791
f 647//643 1641//1637 795//791 182//178
f 140//136 797//793 1642//1638 796//792
f 797//793 142//138 791//787 1642//1638
f 1642//1638 791//787 181//177 652//648
f 796//792 1642//1638 652//648 179//175
f 182//178 795//791 1643//1639 653//649
f 795//791 143//139 798//794 1643//1639
f 1643//1639 798//794 141//137 799//795
f 653//649 1643//1639 799//795 180//176
f 138//134 801//797 1644//1640 800//796
f 801//797 140//136 796//792 1644//1640
f 1644//1640 796//792 179//175 658//654
f 800//796 1644//1640 658//654 177//173
f 180//176 799//795 1645//1641 659//655
f 799//795 141//137 802//798 1645//1641
f 1645//1641 802//798 139//135 803//799
f 659//655 1645//1641 803//799 178//174
f 173//169 804//800 1646//1642 670//666
f 804//800 194//190 805//801 1646//1642
f 1646//1642 805//801 192//188 806//802
f 670//666 1646//1642 806//802 175//171
f 193//189 808//804 1647//1643 807//803
f 808//804 195//191 809//805 1647//1643
f 1647//1643 809//805 174//170 671//667
f 807//803 1647//1643 671//667 176//172
f 138//134 800//796 1648//1644 810//806
f 800//796 177//173 664//660 1648//1644
f 1648//1644 664//660 175//171 806//802
f 810//806 1648//1644 806//802 192//188
f 176//172 665//661 1649//1645 807//803
f 665//661 178//174 803//799 1649//1645
f 1649//1645 803//799 139//135 811//807
f 807//803 1649//1645 811//807 193//189
f 151//147 813//809 1650//1646 812//808
f 813//809 197//193 814//810 1650//1646
f 1650//1646 814//810 196//192 815//811
f 812//808 1650//1646 815//811 194//190
f 196//192 814//810 1651//1647 816//812
f 814//810 197//193 817//813 1651//1647
f 1651//1647 817//813 152//148 818//814
f 816//812 1651//1647 818//814 195//191
f 192//188 805//801 1652//1648 819//815
f 805//801 194//190 815//811 1652//1648
f 1652//1648 815//811 196//192 820//816
f 819//815 1652//1648 820//816 76//72
f 196//192 816//812 1653//1649 820//816
f 816//812 195//191 808//804 1653//1649
f 1653//1649 808//804 193//189 821//817
f 820//816 1653//1649 821//817 76//72
f 137//133 823//819 1654//1650 822//818
f 823//819 138//134 810//806 1654//1650
f 1654//1650 810//806 192//188 819//815
f 822//818 1654//1650 819//815 76//72
f 193//189 811//807 1655//1651 821//817
f 811//807 139//135 824//820 1655//1651
f 1655//1651 824//820 137//133 822//818
f 821//817 1655//1651 822//818 76//72
f 149//145 826//822 1656//1652 825//821
f 826//822 200//196 827//823 1656//1652
f 1656//1652 827//823 198//194 828//824
f 825//821 1656//1652 828//824 151//147
f 199//195 830//826 1657//1653 829//825
f 830//826 201//197 831//827 1657//1653
f 1657//1653 831//827 150//146 832//828
f 829//825 1657//1653 832//828 152//148
f 147//143 834//830 1658//1654 833//829
f 834//830 202//198 835//831 1658//1654
f 1658//1654 835//831 200//196 826//822
f 833//829 1658//1654 826//822 149//145
f 201//197 836//832 1659//1655 831//827
f 836//832 203//199 837//833 1659//1655
f 1659//1655 837//833 148//144 838//834
f 831//827 1659//1655 838//834 150//146
f 146//142 840//836 1660//1656 839//835
f 840//836 204//200 841//837 1660//1656
f 1660//1656 841//837 202//198 834//830
f 839//835 1660//1656 834//830 147//143
f 203//199 842//838 1661//1657 837//833
f 842//838 205//201 843//839 1661//1657
f 1661//1657 843//839 146//142 844//840
f 837//833 1661//1657 844//840 148//144
f 145//141 846//842 1662//1658 845//841
f 846//842 78//74 847//843 1662//1658
f 1662//1658 847//843 204//200 840//836
f 845//841 1662//1658 840//836 146//142
f 205//201 848//844 1663//1659 843//839
f 848//844 78//74 846//842 1663//1659
f 1663//1659 846//842 145//141 845//841
f 843//839 1663//1659 845//841 146//142
f 197//193 813//809 1664//1660 849//845
f 813//809 151//147 828//824 1664//1660
f 1664//1660 828//824 198//194 850//846
f 849//845 1664//1660 850//846 77//73
f 199//195 829//825 1665//1661 851//847
f 829//825 152//148 817//813 1665//1661
f 1665//1661 817//813 197//193 849//845
f 851//847 1665//1661 849//845 77//73
f 77//73 850//846 1666//1662 852//848
f 850//846 198//194 853//849 1666//1662
f 1666//1662 853//849 213//209 854//850
f 852//848 1666//1662 854//850 215//211
f 214//210 856//852 1667//1663 855//851
f 856//852 199//195 851//847 1667//1663
f 1667//1663 851//847 77//73 852//848
f 855//851 1667//1663 852//848 215//211
f 78//74 857//853 1668//1664 847//843
f 857//853 206//202 858//854 1668//1664
f 1668//1664 858//854 207//203 859//855
f 847//843 1668//1664 859//855 204//200
f 208//204 861//857 1669//1665 860//856
f 861//857 206//202 857//853 1669//1665
f 1669//1665 857//853 78//74 848//844
f 860//856 1669//1665 848//844 205//201
f 204//200 859//855 1670//1666 841//837
f 859//855 207//203 862//858 1670//1666
f 1670//1666 862//858 209//205 863//859
f 841//837 1670//1666 863//859 202//198
f 210//206 865//861 1671//1667 864//860
f 865//861 208//204 860//856 1671//1667
f 1671//1667 860//856 205//201 842//838
f 864//860 1671//1667 842//838 203//199
f 202//198 863//859 1672//1668 835//831
f 863//859 209//205 866//862 1672//1668
f 1672//1668 866//862 211//207 867//863
f 835//831 1672//1668 867//863 200//196
f 212//208 869//865 1673//1669 868//864
f 869//865 210//206 864//860 1673//1669
f 1673//1669 864//860 203//199 836//832
f 868//864 1673//1669 836//832 201//197
f 200//196 867//863 1674//1670 827//823
f 867//863 211//207 870//866 1674//1670
f 1674//1670 870//866 213//209 853//849
f 827//823 1674//1670 853//849 198//194
f 214//210 871//867 1675//1671 856//852
f 871//867 212//208 868//864 1675//1671
f 1675//1671 868//864 201//197 830//826
f 856//852 1675//1671 830//826 199//195
f 206//202 872//868 1676//1672 858//854
f 872//868 211//207 866//862 1676//1672
f 1676//1672 866//862 209//205 862//858
f 858//854 1676//1672 862//858 207//203
f 210//206 869//865 1677//1673 865//861
f 869//865 212//208 873//869 1677//1673
f 1677//1673 873//869 206//202 861//857
f 865//861 1677//1673 861//857 208//204
f 206//202 874//870 1678//1674 872//868
f 874//870 215//211 854//850 1678//1674
f 1678//1674 854//850 213//209 870//866
f 872//868 1678//1674 870//866 211//207
f 214//210 855//851 1679//1675 871//867
f 855//851 215//211 874//870 1679//1675
f 1679//1675 874//870 206//202 873//869
f 871//867 1679//1675 873//869 212//208
f 146//142 839//835 1680//1676 875//871
f 839//835 147//143 876//872 1680//1676
f 1680//1676 876//872 171//167 775//771
f 875//871 1680//1676 775//771 184//180
f 172//168 877//873 1681//1677 776//772
f 877//873 148//144 844//840 1681//1677
f 1681//1677 844//840 146//142 875//871
f 776//772 1681//1677 875//871 184//180
f 147//143 833//829 1682//1678 876//872
f 833//829 149//145 878//874 1682//1678
f 1682//1678 878//874 218//214 879//875
f 876//872 1682//1678 879//875 171//167
f 219//215 881//877 1683//1679 880//876
f 881//877 150//146 838//834 1683//1679
f 1683//1679 838//834 148//144 877//873
f 880//876 1683//1679 877//873 172//168
f 149//145 825//821 1684//1680 878//874
f 825//821 151//147 882//878 1684//1680
f 1684//1680 882//878 220//216 883//879
f 878//874 1684//1680 883//879 218//214
f 221//217 885//881 1685//1681 884//880
f 885//881 152//148 832//828 1685//1681
f 1685//1681 832//828 150//146 881//877
f 884//880 1685//1681 881//877 219//215
f 151//147 812//808 1686//1682 882//878
f 812//808 194//190 804//800 1686//1682
f 1686//1682 804//800 173//169 886//882
f 882//878 1686//1682 886//882 220//216
f 174//170 809//805 1687//1683 887//883
f 809//805 195//191 818//814 1687//1683
f 1687//1683 818//814 152//148 885//881
f 887//883 1687//1683 885//881 221//217
f 88//84 888//884 1688//1684 669//665
f 888//884 216//212 889//885 1688//1684
f 1688//1684 889//885 220//216 886//882
f 669//665 1688//1684 886//882 173//169
f 221//217 890//886 1689//1685 887//883
f 890//886 217//213 891//887 1689//1685
f 1689//1685 891//887 89//85 672//668
f 887//883 1689//1685 672//668 174//170
f 216//212 892//888 1690//1686 889//885
f 892//888 222//218 893//889 1690//1686
f 1690//1686 893//889 218//214 883//879
f 889//885 1690//1686 883//879 220//216
f 219//215 894//890 1691//1687 884//880
f 894//890 223//219 895//891 1691//1687
f 1691//1687 895//891 217//213 890//886
f 884//880 1691//1687 890//886 221//217
f 86//82 674//670 1692//1688 896//892
f 674//670 171//167 879//875 1692//1688
f 1692//1688 879//875 218//214 893//889
f 896//892 1692//1688 893//889 222//218
f 219//215 880//876 1693//1689 894//890
f 880//876 172//168 681//677 1693//1689
f 1693//1689 681//677 87//83 897//893
f 894//890 1693//1689 897//893 223//219
f 138//134 823//819 1694//1690 898//894
f 823//819 137//133 899//895 1694//1690
f 1694//1690 899//895 79//75 900//896
f 898//894 1694//1690 900//896 229//225
f 79//75 899//895 1695//1691 901//897
f 899//895 137//133 824//820 1695//1691
f 1695//1691 824//820 139//135 902//898
f 901//897 1695//1691 902//898 230//226
f 140//136 801//797 1696//1692 903//899
f 801//797 138//134 898//894 1696//1692
f 1696//1692 898//894 229//225 904//900
f 903//899 1696//1692 904//900 227//223
f 230//226 902//898 1697//1693 905//901
f 902//898 139//135 802//798 1697//1693
f 1697//1693 802//798 141//137 906//902
f 905//901 1697//1693 906//902 228//224
f 142//138 797//793 1698//1694 907//903
f 797//793 140//136 903//899 1698//1694
f 1698//1694 903//899 227//223 908//904
f 907//903 1698//1694 908//904 225//221
f 228//224 906//902 1699//1695 909//905
f 906//902 141//137 798//794 1699//1695
f 1699//1695 798//794 143//139 910//906
f 909//905 1699//1695 910//906 226//222
f 144//140 792//788 1700//1696 911//907
f 792//788 142//138 907//903 1700//1696
f 1700//1696 907//903 225//221 912//908
f 911//907 1700//1696 912//908 224//220
f 226//222 910//906 1701//1697 913//909
f 910//906 143//139 794//790 1701//1697
f 1701//1697 794//790 144//140 911//907
f 913//909 1701//1697 911//907 224//220
f 224//220 912//908 1702//1698 914//910
f 912//908 225//221 915//911 1702//1698
f 1702//1698 915//911 236//232 916//912
f 914//910 1702//1698 916//912 238//234
f 237//233 918//914 1703//1699 917//913
f 918//914 226//222 913//909 1703//1699
f 1703//1699 913//909 224//220 914//910
f 917//913 1703//1699 914//910 238//234
f 225//221 908//904 1704//1700 915//911
f 908//904 227//223 919//915 1704//1700
f 1704//1700 919//915 234//230 920//916
f 915//911 1704//1700 920//916 236//232
f 235//231 922//918 1705//1701 921//917
f 922//918 228//224 909//905 1705//1701
f 1705//1701 909//905 226//222 918//914
f 921//917 1705//1701 918//914 237//233
f 227//223 904//900 1706//1702 919//915
f 904//900 229//225 923//919 1706//1702
f 1706//1702 923//919 232//228 924//920
f 919//915 1706//1702 924//920 234//230
f 233//229 926//922 1707//1703 925//921
f 926//922 230//226 905//901 1707//1703
f 1707//1703 905//901 228//224 922//918
f 925//921 1707//1703 922//918 235//231
f 229//225 900//896 1708//1704 923//919
f 900//896 79//75 927//923 1708//1704
f 1708//1704 927//923 231//227 928//924
f 923//919 1708//1704 928//924 232//228
f 231//227 927//923 1709//1705 929//925
f 927//923 79//75 901//897 1709//1705
f 1709//1705 901//897 230//226 926//922
f 929//925 1709//1705 926//922 233//229
f 231//227 930//926 1710//1706 928//924
f 930//926 238//234 916//912 1710//1706
f 1710//1706 916//912 236//232 931//927
f 928//924 1710//1706 931//927 232//228
f 237//233 917//913 1711//1707 932//928
f 917//913 238//234 930//926 1711//1707
f 1711//1707 930//926 231//227 929//925
f 932//928 1711//1707 929//925 233//229
f 232//228 931//927 1712//1708 924//920
f 236//232 920//916 1712//1708 931//927
f 234//230 924//920 1712//1708 920//916
f 235//231 921//917 1713//1709 925//921
f 237//233 932//928 1713//1709 921//917
f 233//229 925//921 1713//1709 932//928
f 190//186 789//785 1714//1710 933//929
f 789//785 188//184 934//930 1714//1710
f 1714//1710 934//930 241//237 935//931
f 933//929 1714//1710 935//931 239//235
f 242//238 937//933 1715//1711 936//932
f 937//933 189//185 790//786 1715//1711
f 1715//1711 790//786 191//187 938//934
f 936//932 1715//1711 938//934 240//236
f 119//115 783//779 1716//1712 939//935
f 783//779 190//186 933//929 1716//1712
f 1716//1712 933//929 239//235 940//936
f 939//935 1716//1712 940//936 261//257
f 240//236 938//934 1717//1713 941//937
f 938//934 191//187 787//783 1717//1713
f 1717//1713 787//783 120//116 942//938
f 941//937 1717//1713 942//938 262//258
f 117//113 779//775 1718//1714 943//939
f 779//775 119//115 939//935 1718//1714
f 1718//1714 939//935 261//257 944//940
f 943//939 1718//1714 944//940 263//259
f 262//258 942//938 1719//1715 945//941
f 942//938 120//116 782//778 1719//1715
f 1719//1715 782//778 118//114 946//942
f 945//941 1719//1715 946//942 264//260
f 188//184 773//769 1720//1716 934//930
f 773//769 121//117 947//943 1720//1716
f 1720//1716 947//943 259//255 948//944
f 934//930 1720//1716 948//944 241//237
f 260//256 950//946 1721//1717 949//945
f 950//946 122//118 778//774 1721//1717
f 1721//1717 778//774 189//185 937//933
f 949//945 1721//1717 937//933 242//238
f 121//117 769//765 1722//1718 947//943
f 769//765 123//119 951//947 1722//1718
f 1722//1718 951//947 257//253 952//948
f 947//943 1722//1718 952//948 259//255
f 258//254 954//950 1723//1719 953//949
f 954//950 124//120 772//768 1723//1719
f 1723//1719 772//768 122//118 950//946
f 953//949 1723//1719 950//946 260//256
f 123//119 765//761 1724//1720 951//947
f 765//761 125//121 955//951 1724//1720
f 1724//1720 955//951 255//251 956//952
f 951//947 1724//1720 956//952 257//253
f 256//252 958//954 1725//1721 957//953
f 958//954 126//122 768//764 1725//1721
f 1725//1721 768//764 124//120 954//950
f 957//953 1725//1721 954//950 258//254
f 125//121 761//757 1726//1722 955//951
f 761//757 127//123 959//955 1726//1722
f 1726//1722 959//955 253//249 960//956
f 955//951 1726//1722 960//956 255//251
f 254//250 962//958 1727//1723 961//957
f 962//958 128//124 764//760 1727//1723
f 1727//1723 764//760 126//122 958//954
f 961//957 1727//1723 958//954 256//252
f 127//123 757//753 1728//1724 959//955
f 757//753 129//125 963//959 1728//1724
f 1728//1724 963//959 251//247 964//960
f 959//955 1728//1724 964//960 253//249
f 252//248 966//962 1729//1725 965//961
f 966//962 130//126 760//756 1729//1725
f 1729//1725 760//756 128//124 962//958
f 965//961 1729//1725 962//958 254//250
f 129//125 753//749 1730//1726 963//959
f 753//749 131//127 967//963 1730//1726
f 1730//1726 967//963 249//245 968//964
f 963//959 1730//1726 968//964 251//247
f 250//246 970//966 1731//1727 969//965
f 970//966 132//128 756//752 1731//1727
f 1731//1727 756//752 130//126 966//962
f 969//965 1731//1727 966//962 252//248
f 131//127 749//745 1732//1728 967//963
f 749//745 133//129 971//967 1732//1728
f 1732//1728 971//967 247//243 972//968
f 967//963 1732//1728 972//968 249//245
f 248//244 974//970 1733//1729 973//969
f 974//970 134//130 752//748 1733//1729
f 1733//1729 752//748 132//128 970//966
f 973//969 1733//1729 970//966 250//246
f 133//129 745//741 1734//1730 971//967
f 745//741 186//182 975//971 1734//1730
f 1734//1730 975//971 243//239 976//972
f 971//967 1734//1730 976//972 247//243
f 244//240 978//974 1735//1731 977//973
f 978//974 187//183 748//744 1735//1731
f 1735//1731 748//744 134//130 974//970
f 977//973 1735//1731 974//970 248//244
f 186//182 741//737 1736//1732 975//971
f 741//737 135//131 979//975 1736//1732
f 1736//1732 979//975 245//241 980//976
f 975//971 1736//1732 980//976 243//239
f 246//242 982//978 1737//1733 981//977
f 982//978 136//132 744//740 1737//1733
f 1737//1733 744//740 187//183 978//974
f 981//977 1737//1733 978//974 244//240
f 135//131 736//732 1738//1734 979//975
f 736//732 117//113 943//939 1738//1734
f 1738//1734 943//939 263//259 983//979
f 979//975 1738//1734 983//979 245//241
f 264//260 946//942 1739//1735 984//980
f 946//942 118//114 739//735 1739//1735
f 1739//1735 739//735 136//132 982//978
f 984//980 1739//1735 982//978 246//242
f 245//241 983//979 1740//1736 985//981
f 983//979 263//259 986//982 1740//1736
f 1740//1736 986//982 265//261 987//983
f 985//981 1740//1736 987//983 283//279
f 266//262 989//985 1741//1737 988//984
f 989//985 264//260 984//980 1741//1737
f 1741//1737 984//980 246//242 990//986
f 988//984 1741//1737 990//986 284//280
f 243//239 980//976 1742//1738 991//987
f 980//976 245//241 985//981 1742//1738
f 1742//1738 985//981 283//279 992//988
f 991//987 1742//1738 992//988 285//281
f 284//280 990//986 1743//1739 993//989
f 990//986 246//242 981//977 1743//1739
f 1743//1739 981//977 244//240 994//990
f 993//989 1743//1739 994//990 286//282
f 247//243 976//972 1744//1740 995//991
f 976//972 243//239 991//987 1744//1740
f 1744//1740 991//987 285//281 996//992
f 995//991 1744//1740 996//992 281//277
f 286//282 994//990 1745//1741 997//993
f 994//990 244//240 977//973 1745//1741
f 1745//1741 977//973 248//244 998//994
f 997//993 1745//1741 998//994 282//278
f 249//245 972//968 1746//1742 999//995
f 972//968 247//243 995//991 1746//1742
f 1746//1742 995//991 281//277 1000//996
f 999//995 1746//1742 1000//996 279//275
f 282//278 998//994 1747//1743 1001//997
f 998//994 248//244 973//969 1747//1743
f 1747//1743 973//969 250//246 1002//998
f 1001//997 1747//1743 1002//998 280//276
f 251//247 968//964 1748//1744 1003//999
f 968//964 249//245 999//995 1748//1744
f 1748//1744 999//995 279//275 1004//1000
f 1003//999 1748//1744 1004//1000 277//273
f 280//276 1002//998 1749//1745 1005//1001
f 1002//998 250//246 969//965 1749//1745
f 1749//1745 969//965 252//248 1006//1002
f 1005//1001 1749//1745 1006//1002 278//274
f 253//249 964//960 1750//1746 1007//1003
f 964//960 251//247 1003//999 1750//1746
f 1750//1746 1003//999 277//273 1008//1004
f 1007//1003 1750//1746 1008//1004 275//271
f 278//274 1006//1002 1751//1747 1009//1005
f 1006//1002 252//248 965//961 1751//1747
f 1751//1747 965//961 254//250 1010//1006
f 1009//1005 1751//1747 1010//1006 276//272
f 255//251 960//956 1752//1748 1011//1007
f 960//956 253//249 1007//1003 1752//1748
f 1752//1748 1007//1003 275//271 1012//1008
f 1011//1007 1752//1748 1012//1008 273//269
f 276//272 1010//1006 1753//1749 1013//1009
f 1010//1006 254//250 961//957 1753//1749
f 1753//1749 961//957 256//252 1014//1010
f 1013//1009 1753//1749 1014//1010 274//270
f 257//253 956//952 1754//1750 1015//1011
f 956//952 255//251 1011//1007 1754//1750
f 1754//1750 1011//1007 273//269 1016//1012
f 1015//1011 1754//1750 1016//1012 271//267
f 274//270 1014//1010 1755//1751 1017//1013
f 1014//1010 256//252 957//953 1755//1751
f 1755//1751 957//953 258//254 1018//1014
f 1017//1013 1755//1751 1018//1014 272//268
f 259//255 952//948 1756//1752 1019//1015
f 952//948 257//253 1015//1011 1756//1752
f 1756//1752 1015//1011 271//267 1020//1016
f 1019//1015 1756//1752 1020//1016 269//265
f 272//268 1018//1014 1757//1753 1021//1017
f 1018//1014 258//254 953//949 1757//1753
f 1757//1753 953//949 260//256 1022//1018
f 1021//1017 1757//1753 1022//1018 270//266
f 241//237 948//944 1758//1754 1023//1019
f 948//944 259//255 1019//1015 1758//1754
f 1758//1754 1019//1015 269//265 1024//1020
f 1023//1019 1758//1754 1024//1020 287//283
f 270//266 1022//1018 1759//1755 1025//1021
f 1022//1018 260//256 949//945 1759//1755
f 1759//1755 949//945 242//238 1026//1022
f 1025//1021 1759//1755 1026//1022 288//284
f 263//259 944//940 1760//1756 986//982
f 944//940 261//257 1027//1023 1760//1756
f 1760//1756 1027//1023 267//263 1028//1024
f 986//982 1760//1756 1028//1024 265//261
f 268//264 1030//1026 1761//1757 1029//1025
f 1030//1026 262//258 945//941 1761//1757
f 1761//1757 945//941 264//260 989//985
f 1029//1025 1761//1757 989//985 266//262
f 261//257 940//936 1762//1758 1027//1023
f 940//936 239//235 1031//1027 1762//1758
f 1762//1758 1031//1027 289//285 1032//1028
f 1027//1023 1762//1758 1032//1028 267//263
f 290//286 1034//1030 1763//1759 1033//1029
f 1034//1030 240//236 941//937 1763//1759
f 1763//1759 941//937 262//258 1030//1026
f 1033//1029 1763//1759 1030//1026 268//264
f 239//235 935//931 1764//1760 1031//1027
f 935//931 241//237 1023//1019 1764//1760
f 1764//1760 1023//1019 287//283 1035//1031
f 1031//1027 1764//1760 1035//1031 289//285
f 288//284 1026//1022 1765//1761 1036//1032
f 1026//1022 242//238 936//932 1765//1761
f 1765//1761 936//932 240//236 1034//1030
f 1036//1032 1765//1761 1034//1030 290//286
f 74//70 730//726 1766//1762 1037//1033
f 730//726 115//111 1038//1034 1766//1762
f 1766//1762 1038//1034 291//287 1039//1035
f 1037//1033 1766//1762 1039//1035 80//76
f 292//288 1041//1037 1767//1763 1040//1036
f 1041//1037 116//112 734//730 1767//1763
f 1767//1763 734//730 74//70 1037//1033
f 1040//1036 1767//1763 1037//1033 80//76
f 115//111 724//720 1768//1764 1038//1034
f 724//720 113//109 1042//1038 1768//1764
f 1768//1764 1042//1038 293//289 1043//1039
f 1038//1034 1768//1764 1043//1039 291//287
f 294//290 1045//1041 1769//1765 1044//1040
f 1045//1041 114//110 729//725 1769//1765
f 1769//1765 729//725 116//112 1041//1037
f 1044//1040 1769//1765 1041//1037 292//288
f 113//109 718//714 1770//1766 1042//1038
f 718//714 111//107 1046//1042 1770//1766
f 1770//1766 1046//1042 295//291 1047//1043
f 1042//1038 1770//1766 1047//1043 293//289
f 296//292 1049//1045 1771//1767 1048//1044
f 1049//1045 112//108 723//719 1771//1767
f 1771//1767 723//719 114//110 1045//1041
f 1048//1044 1771//1767 1045//1041 294//290
f 111//107 712//708 1772//1768 1046//1042
f 712//708 109//105 1050//1046 1772//1768
f 1772//1768 1050//1046 297//293 1051//1047
f 1046//1042 1772//1768 1051//1047 295//291
f 298//294 1053//1049 1773//1769 1052//1048
f 1053//1049 110//106 717//713 1773//1769
f 1773//1769 717//713 112//108 1049//1045
f 1052//1048 1773//1769 1049//1045 296//292
f 109//105 706//702 1774//1770 1050//1046
f 706//702 107//103 1054//1050 1774//1770
f 1774//1770 1054//1050 299//295 1055//1051
f 1050//1046 1774//1770 1055//1051 297//293
f 300//296 1057//1053 1775//1771 1056//1052
f 1057//1053 108//104 711//707 1775//1771
f 1775//1771 711//707 110//106 1053//1049
f 1056//1052 1775//1771 1053//1049 298//294
f 107//103 700//696 1776//1772 1054//1050
f 700//696 105//101 1058//1054 1776//1772
f 1776//1772 1058//1054 301//297 1059//1055
f 1054//1050 1776//1772 1059//1055 299//295
f 302//298 1061//1057 1777//1773 1060//1056
f 1061//1057 106//102 705//701 1777//1773
f 1777//1773 705//701 108//104 1057//1053
f 1060//1056 1777//1773 1057//1053 300//296
f 105//101 694//690 1778//1774 1058//1054
f 694//690 103//99 1062//1058 1778//1774
f 1778//1774 1062//1058 303//299 1063//1059
f 1058//1054 1778//1774 1063//1059 301//297
f 304//300 1065//1061 1779//1775 1064//1060
f 1065//1061 104//100 699//695 1779//1775
f 1779//1775 699//695 106//102 1061//1057
f 1064//1060 1779//1775 1061//1057 302//298
f 103//99 688//684 1780//1776 1062//1058
f 688//684 101//97 1066//1062 1780//1776
f 1780//1776 1066//1062 305//301 1067//1063
f 1062//1058 1780//1776 1067//1063 303//299
f 306//302 1069//1065 1781//1777 1068//1064
f 1069//1065 102//98 693//689 1781//1777
f 1781//1777 693//689 104//100 1065//1061
f 1068//1064 1781//1777 1065//1061 304//300
f 101//97 682//678 1782//1778 1066//1062
f 682//678 99//95 1070//1066 1782//1778
f 1782//1778 1070//1066 307//303 1071//1067
f 1066//1062 1782//1778 1071//1067 305//301
f 308//304 1073//1069 1783//1779 1072//1068
f 1073//1069 100//96 687//683 1783//1779
f 1783//1779 687//683 102//98 1069//1065
f 1072//1068 1783//1779 1069//1065 306//302
f 315//311 1075//1071 1784//1780 1074//1070
f 1075//1071 316//312 1076//1072 1784//1780
f 1784//1780 1076//1072 335//331 1077//1073
f 1074//1070 1784//1780 1077//1073 345//341
f 336//332 1079//1075 1785//1781 1078//1074
f 1079//1075 316//312 1075//1071 1785//1781
f 1785//1781 1075//1071 315//311 1080//1076
f 1078//1074 1785//1781 1080//1076 346//342
f 314//310 1082//1078 1786//1782 1081//1077
f 1082//1078 315//311 1074//1070 1786//1782
f 1786//1782 1074//1070 345//341 1083//1079
f 1081//1077 1786//1782 1083//1079 343//339
f 346//342 1080//1076 1787//1783 1084//1080
f 1080//1076 315//311 1082//1078 1787//1783
f 1787//1783 1082//1078 314//310 1085//1081
f 1084//1080 1787//1783 1085//1081 344//340
f 313//309 1087//1083 1788//1784 1086//1082
f 1087//1083 314//310 1081//1077 1788//1784
f 1788//1784 1081//1077 343//339 1088//1084
f 1086//1082 1788//1784 1088//1084 347//343
f 344//340 1085//1081 1789//1785 1089//1085
f 1085//1081 314//310 1087//1083 1789//1785
f 1789//1785 1087//1083 313//309 1090//1086
f 1089//1085 1789//1785 1090//1086 348//344
f 96//92 643//639 1790//1786 1091//1087
f 643//639 98//94 1092//1088 1790//1786
f 1790//1786 1092//1088 313//309 1086//1082
f 1091//1087 1790//1786 1086//1082 347//343
f 313//309 1092//1088 1791//1787 1090//1086
f 1092//1088 98//94 649//645 1791//1787
f 1791//1787 649//645 97//93 1093//1089
f 1090//1086 1791//1787 1093//1089 348//344
f 94//90 650//646 1792//1788 1094//1090
f 650//646 96//92 1091//1087 1792//1788
f 1792//1788 1091//1087 347//343 1095//1091
f 1094//1090 1792//1788 1095//1091 341//337
f 348//344 1093//1089 1793//1789 1096//1092
f 1093//1089 97//93 655//651 1793//1789
f 1793//1789 655//651 95//91 1097//1093
f 1096//1092 1793//1789 1097//1093 342//338
f 92//88 656//652 1794//1790 1098//1094
f 656//652 94//90 1094//1090 1794//1790
f 1794//1790 1094//1090 341//337 1099//1095
f 1098//1094 1794//1790 1099//1095 337//333
f 342//338 1097//1093 1795//1791 1100//1096
f 1097//1093 95//91 661//657 1795//1791
f 1795//1791 661//657 93//89 1101//1097
f 1100//1096 1795//1791 1101//1097 338//334
f 90//86 662//658 1796//1792 1102//1098
f 662//658 92//88 1098//1094 1796//1792
f 1796//1792 1098//1094 337//333 1103//1099
f 1102//1098 1796//1792 1103//1099 339//335
f 338//334 1101//1097 1797//1793 1104//1100
f 1101//1097 93//89 667//663 1797//1793
f 1797//1793 667//663 91//87 1105//1101
f 1104//1100 1797//1793 1105//1101 340//336
f 337//333 1106//1102 1798//1794 1103//1099
f 1106//1102 343//339 1083//1079 1798//1794
f 1798//1794 1083//1079 345//341 1107//1103
f 1103//1099 1798//1794 1107//1103 339//335
f 346//342 1084//1080 1799//1795 1108//1104
f 1084//1080 344//340 1109//1105 1799//1795
f 1799//1795 1109//1105 338//334 1104//1100
f 1108//1104 1799//1795 1104//1100 340//336
f 337//333 1099//1095 1800//1796 1106//1102
f 1099//1095 341//337 1095//1091 1800//1796
f 1800//1796 1095//1091 347//343 1088//1084
f 1106//1102 1800//1796 1088//1084 343//339
f 348//344 1096//1092 1801//1797 1089//1085
f 1096//1092 342//338 1100//1096 1801//1797
f 1801//1797 1100//1096 338//334 1109//1105
f 1089//1085 1801//1797 1109//1105 344//340
f 333//329 1111//1107 1802//1798 1110//1106
f 1111//1107 339//335 1107//1103 1802//1798
f 1802//1798 1107//1103 345//341 1077//1073
f 1110//1106 1802//1798 1077//1073 335//331
f 346//342 1108//1104 1803//1799 1078//1074
f 1108//1104 340//336 1112//1108 1803//1799
f 1803//1799 1112//1108 334//330 1113//1109
f 1078//1074 1803//1799 1113//1109 336//332
f 88//84 668//664 1804//1800 1114//1110
f 668//664 90//86 1102//1098 1804//1800
f 1804//1800 1102//1098 339//335 1111//1107
f 1114//1110 1804//1800 1111//1107 333//329
f 340//336 1105//1101 1805//1801 1112//1108
f 1105//1101 91//87 673//669 1805//1801
f 1805//1801 673//669 89//85 1115//1111
f 1112//1108 1805//1801 1115//1111 334//330
f 216//212 1116//1112 1806//1802 892//888
f 1116//1112 349//345 1117//1113 1806//1802
f 1806//1802 1117//1113 351//347 1118//1114
f 892//888 1806//1802 1118//1114 222//218
f 352//348 1120//1116 1807//1803 1119//1115
f 1120//1116 350//346 1121//1117 1807//1803
f 1807//1803 1121//1117 217//213 895//891
f 1119//1115 1807//1803 895//891 223//219
f 88//84 1114//1110 1808//1804 888//884
f 1114//1110 333//329 1122//1118 1808//1804
f 1808//1804 1122//1118 349//345 1116//1112
f 888//884 1808//1804 1116//1112 216//212
f 350//346 1123//1119 1809//1805 1121//1117
f 1123//1119 334//330 1115//1111 1809//1805
f 1809//1805 1115//1111 89//85 891//887
f 1121//1117 1809//1805 891//887 217//213
f 86//82 896//892 1810//1806 1124//1120
f 896//892 222//218 1118//1114 1810//1806
f 1810//1806 1118//1114 351//347 1125//1121
f 1124//1120 1810//1806 1125//1121 353//349
f 352//348 1119//1115 1811//1807 1126//1122
f 1119//1115 223//219 897//893 1811//1807
f 1811//1807 897//893 87//83 1127//1123
f 1126//1122 1811//1807 1127//1123 354//350
f 86//82 1124//1120 1812//1808 675//671
f 1124//1120 353//349 1128//1124 1812//1808
f 1812//1808 1128//1124 307//303 1070//1066
f 675//671 1812//1808 1070//1066 99//95
f 308//304 1129//1125 1813//1809 1073//1069
f 1129//1125 354//350 1127//1123 1813//1809
f 1813//1809 1127//1123 87//83 680//676
f 1073//1069 1813//1809 680//676 100//96
f 84//80 1131//1127 1814//1810 1130//1126
f 1131//1127 331//327 1132//1128 1814//1810
f 1814//1810 1132//1128 359//355 1133//1129
f 1130//1126 1814//1810 1133//1129 311//307
f 360//356 1135//1131 1815//1811 1134//1130
f 1135//1131 332//328 1136//1132 1815//1811
f 1815//1811 1136//1132 84//80 1130//1126
f 1134//1130 1815//1811 1130//1126 311//307
f 311//307 1133//1129 1816//1812 1137//1133
f 1133//1129 359//355 1138//1134 1816//1812
f 1816//1812 1138//1134 357//353 1139//1135
f 1137//1133 1816//1812 1139//1135 85//81
f 358//354 1141//1137 1817//1813 1140//1136
f 1141//1137 360//356 1134//1130 1817//1813
f 1817//1813 1134//1130 311//307 1137//1133
f 1140//1136 1817//1813 1137//1133 85//81
f 85//81 1139//1135 1818//1814 1142//1138
f 1139//1135 357//353 1143//1139 1818//1814
f 1818//1814 1143//1139 355//351 1144//1140
f 1142//1138 1818//1814 1144//1140 312//308
f 356//352 1146//1142 1819//1815 1145//1141
f 1146//1142 358//354 1140//1136 1819//1815
f 1819//1815 1140//1136 85//81 1142//1138
f 1145//1141 1819//1815 1142//1138 312//308
f 312//308 1144//1140 1820//1816 1147//1143
f 1144//1140 355//351 1148//1144 1820//1816
f 1820//1816 1148//1144 335//331 1076//1072
f 1147//1143 1820//1816 1076//1072 316//312
f 336//332 1149//1145 1821//1817 1079//1075
f 1149//1145 356//352 1145//1141 1821//1817
f 1821//1817 1145//1141 312//308 1147//1143
f 1079//1075 1821//1817 1147//1143 316//312
f 333//329 1110//1106 1822//1818 1122//1118
f 1110//1106 335//331 1148//1144 1822//1818
f 1822//1818 1148//1144 355//351 1150//1146
f 1122//1118 1822//1818 1150//1146 349//345
f 356//352 1149//1145 1823//1819 1151//1147
f 1149//1145 336//332 1113//1109 1823//1819
f 1823//1819 1113//1109 334//330 1123//1119
f 1151//1147 1823//1819 1123//1119 350//346
f 303//299 1067//1063 1824//1820 1152//1148
f 1067//1063 305//301 1153//1149 1824//1820
f 1824//1820 1153//1149 325//321 1154//1150
f 1152//1148 1824//1820 1154//1150 317//313
f 326//322 1156//1152 1825//1821 1155//1151
f 1156//1152 306//302 1068//1064 1825//1821
f 1825//1821 1068//1064 304//300 1157//1153
f 1155//1151 1825//1821 1157//1153 318//314
f 83//79 1159//1155 1826//1822 1158//1154
f 1159//1155 323//319 1160//1156 1826//1822
f 1826//1822 1160//1156 331//327 1131//1127
f 1158//1154 1826//1822 1131//1127 84//80
f 332//328 1161//1157 1827//1823 1136//1132
f 1161//1157 324//320 1162//1158 1827//1823
f 1827//1823 1162//1158 83//79 1158//1154
f 1136//1132 1827//1823 1158//1154 84//80
f 309//305 1164//1160 1828//1824 1163//1159
f 1164//1160 365//361 1165//1161 1828//1824
f 1828//1824 1165//1161 363//359 1166//1162
f 1163//1159 1828//1824 1166//1162 310//306
f 364//360 1168//1164 1829//1825 1167//1163
f 1168//1164 366//362 1169//1165 1829//1825
f 1829//1825 1169//1165 309//305 1163//1159
f 1167//1163 1829//1825 1163//1159 310//306
f 310//306 1166//1162 1830//1826 1170//1166
f 1166//1162 363//359 1171//1167 1830//1826
f 1830//1826 1171//1167 361//357 1172//1168
f 1170//1166 1830//1826 1172//1168 82//78
f 362//358 1174//1170 1831//1827 1173//1169
f 1174//1170 364//360 1167//1163 1831//1827
f 1831//1827 1167//1163 310//306 1170//1166
f 1173//1169 1831//1827 1170//1166 82//78
f 82//78 1172//1168 1832//1828 1175//1171
f 1172//1168 361//357 1176//1172 1832//1828
f 1832//1828 1176//1172 323//319 1159//1155
f 1175//1171 1832//1828 1159//1155 83//79
f 324//320 1177//1173 1833//1829 1162//1158
f 1177//1173 362//358 1173//1169 1833//1829
f 1833//1829 1173//1169 82//78 1175//1171
f 1162//1158 1833//1829 1175//1171 83//79
f 299//295 1059//1055 1834//1830 1178//1174
f 1059//1055 301//297 1179//1175 1834//1830
f 1834//1830 1179//1175 369//365 1180//1176
f 1178//1174 1834//1830 1180//1176 371//367
f 370//366 1182//1178 1835//1831 1181//1177
f 1182//1178 302//298 1060//1056 1835//1831
f 1835//1831 1060//1056 300//296 1183//1179
f 1181//1177 1835//1831 1183//1179 372//368
f 371//367 1180//1176 1836//1832 1184//1180
f 1180//1176 369//365 1185//1181 1836//1832
f 1836//1832 1185//1181 375//371 1186//1182
f 1184//1180 1836//1832 1186//1182 373//369
f 376//372 1188//1184 1837//1833 1187//1183
f 1188//1184 370//366 1181//1177 1837//1833
f 1837//1833 1181//1177 372//368 1189//1185
f 1187//1183 1837//1833 1189//1185 374//370
f 373//369 1186//1182 1838//1834 1190//1186
f 1186//1182 375//371 1191//1187 1838//1834
f 1838//1834 1191//1187 377//373 1192//1188
f 1190//1186 1838//1834 1192//1188 379//375
f 378//374 1194//1190 1839//1835 1193//1189
f 1194//1190 376//372 1187//1183 1839//1835
f 1839//1835 1187//1183 374//370 1195//1191
f 1193//1189 1839//1835 1195//1191 380//376
f 379//375 1192//1188 1840//1836 1196//1192
f 1192//1188 377//373 1197//1193 1840//1836
f 1840//1836 1197//1193 383//379 1198//1194
f 1196//1192 1840//1836 1198//1194 381//377
f 384//380 1200//1196 1841//1837 1199//1195
f 1200//1196 378//374 1193//1189 1841//1837
f 1841//1837 1193//1189 380//376 1201//1197
f 1199//1195 1841//1837 1201//1197 382//378
f 321//317 1203//1199 1842//1838 1202//1198
f 1203//1199 385//381 1204//1200 1842//1838
f 1842//1838 1204//1200 381//377 1198//1194
f 1202//1198 1842//1838 1198//1194 383//379
f 382//378 1205//1201 1843//1839 1199//1195
f 1205//1201 386//382 1206//1202 1843//1839
f 1843//1839 1206//1202 322//318 1207//1203
f 1199//1195 1843//1839 1207//1203 384//380
f 323//319 1176//1172 1844//1840 1208//1204
f 1176//1172 361//357 1209//1205 1844//1840
f 1844//1840 1209//1205 381//377 1204//1200
f 1208//1204 1844//1840 1204//1200 385//381
f 382//378 1210//1206 1845//1841 1205//1201
f 1210//1206 362//358 1177//1173 1845//1841
f 1845//1841 1177//1173 324//320 1211//1207
f 1205//1201 1845//1841 1211//1207 386//382
f 361//357 1171//1167 1846//1842 1209//1205
f 1171//1167 363//359 1212//1208 1846//1842
f 1846//1842 1212//1208 379//375 1196//1192
f 1209//1205 1846//1842 1196//1192 381//377
f 380//376 1213//1209 1847//1843 1201//1197
f 1213//1209 364//360 1174//1170 1847//1843
f 1847//1843 1174//1170 362//358 1210//1206
f 1201//1197 1847//1843 1210//1206 382//378
f 363//359 1165//1161 1848//1844 1212//1208
f 1165//1161 365//361 1214//1210 1848//1844
f 1848//1844 1214//1210 373//369 1190//1186
f 1212//1208 1848//1844 1190//1186 379//375
f 374//370 1215//1211 1849//1845 1195//1191
f 1215//1211 366//362 1168//1164 1849//1845
f 1849//1845 1168//1164 364//360 1213//1209
f 1195//1191 1849//1845 1213//1209 380//376
f 365//361 1216//1212 1850//1846 1214//1210
f 1216//1212 367//363 1217//1213 1850//1846
f 1850//1846 1217//1213 371//367 1184//1180
f 1214//1210 1850//1846 1184//1180 373//369
f 372//368 1218//1214 1851//1847 1189//1185
f 1218//1214 368//364 1219//1215 1851//1847
f 1851//1847 1219//1215 366//362 1215//1211
f 1189//1185 1851//1847 1215//1211 374//370
f 297//293 1055//1051 1852//1848 1220//1216
f 1055//1051 299//295 1178//1174 1852//1848
f 1852//1848 1178//1174 371//367 1217//1213
f 1220//1216 1852//1848 1217//1213 367//363
f 372//368 1183//1179 1853//1849 1218//1214
f 1183//1179 300//296 1056//1052 1853//1849
f 1853//1849 1056//1052 298//294 1221//1217
f 1218//1214 1853//1849 1221//1217 368//364
f 81//77 1223//1219 1854//1850 1222//1218
f 1223//1219 367//363 1216//1212 1854//1850
f 1854//1850 1216//1212 365//361 1164//1160
f 1222//1218 1854//1850 1164//1160 309//305
f 366//362 1219//1215 1855//1851 1169//1165
f 1219//1215 368//364 1224//1220 1855//1851
f 1855//1851 1224//1220 81//77 1222//1218
f 1169//1165 1855//1851 1222//1218 309//305
f 291//287 1043//1039 1856//1852 1225//1221
f 1043//1039 293//289 1047//1043 1856//1852
f 1856//1852 1047//1043 295//291 1051//1047
f 1225//1221 1856//1852 1051//1047 297//293
f 296//292 1048//1044 1857//1853 1052//1048
f 1048//1044 294//290 1044//1040 1857//1853
f 1857//1853 1044//1040 292//288 1226//1222
f 1052//1048 1857//1853 1226//1222 298//294
f 291//287 1225//1221 1858//1854 1227//1223
f 1225//1221 297//293 1220//1216 1858//1854
f 1858//1854 1220//1216 367//363 1223//1219
f 1227//1223 1858//1854 1223//1219 81//77
f 368//364 1221//1217 1859//1855 1224//1220
f 1221//1217 298//294 1226//1222 1859//1855
f 1859//1855 1226//1222 292//288 1228//1224
f 1224//1220 1859//1855 1228//1224 81//77
f 80//76 1039//1035 1860//1856 1229//1225
f 291//287 1227//1223 1860//1856 1039//1035
f 81//77 1229//1225 1860//1856 1227//1223
f 81//77 1228//1224 1861//1857 1229//1225
f 292//288 1040//1036 1861//1857 1228//1224
f 80//76 1229//1225 1861//1857 1040//1036
f 301//297 1063//1059 1862//1858 1179//1175
f 1063//1059 303//299 1152//1148 1862//1858
f 1862//1858 1152//1148 317//313 1230//1226
f 1179//1175 1862//1858 1230//1226 369//365
f 318//314 1157//1153 1863//1859 1231//1227
f 1157//1153 304//300 1064//1060 1863//1859
f 1863//1859 1064//1060 302//298 1182//1178
f 1231//1227 1863//1859 1182//1178 370//366
f 317//313 1232//1228 1864//1860 1230//1226
f 1232//1228 319//315 1233//1229 1864//1860
f 1864//1860 1233//1229 375//371 1185//1181
f 1230//1226 1864//1860 1185//1181 369//365
f 376//372 1234//1230 1865//1861 1188//1184
f 1234//1230 320//316 1235//1231 1865//1861
f 1865//1861 1235//1231 318//314 1231//1227
f 1188//1184 1865//1861 1231//1227 370//366
f 319//315 1236//1232 1866//1862 1233//1229
f 1236//1232 389//385 1237//1233 1866//1862
f 1866//1862 1237//1233 377//373 1191//1187
f 1233//1229 1866//1862 1191//1187 375//371
f 378//374 1238//1234 1867//1863 1194//1190
f 1238//1234 390//386 1239//1235 1867//1863
f 1867//1863 1239//1235 320//316 1234//1230
f 1194//1190 1867//1863 1234//1230 376//372
f 321//317 1202//1198 1868//1864 1240//1236
f 1202//1198 383//379 1197//1193 1868//1864
f 1868//1864 1197//1193 377//373 1237//1233
f 1240//1236 1868//1864 1237//1233 389//385
f 378//374 1200//1196 1869//1865 1238//1234
f 1200//1196 384//380 1207//1203 1869//1865
f 1869//1865 1207//1203 322//318 1241//1237
f 1238//1234 1869//1865 1241//1237 390//386
f 355//351 1143//1139 1870//1866 1242//1238
f 1143//1139 357//353 1243//1239 1870//1866
f 1870//1866 1243//1239 393//389 1244//1240
f 1242//1238 1870//1866 1244//1240 391//387
f 394//390 1246//1242 1871//1867 1245//1241
f 1246//1242 358//354 1146//1142 1871//1867
f 1871//1867 1146//1142 356//352 1247//1243
f 1245//1241 1871//1867 1247//1243 392//388
f 325//321 1249//1245 1872//1868 1248//1244
f 1249//1245 391//387 1244//1240 1872//1868
f 1872//1868 1244//1240 393//389 1250//1246
f 1248//1244 1872//1868 1250//1246 327//323
f 394//390 1245//1241 1873//1869 1251//1247
f 1245//1241 392//388 1252//1248 1873//1869
f 1873//1869 1252//1248 326//322 1253//1249
f 1251//1247 1873//1869 1253//1249 328//324
f 305//301 1071//1067 1874//1870 1153//1149
f 1071//1067 307//303 1254//1250 1874//1870
f 1874//1870 1254//1250 391//387 1249//1245
f 1153//1149 1874//1870 1249//1245 325//321
f 392//388 1255//1251 1875//1871 1252//1248
f 1255//1251 308//304 1072//1068 1875//1871
f 1875//1871 1072//1068 306//302 1156//1152
f 1252//1248 1875//1871 1156//1152 326//322
f 307//303 1256//1252 1876//1872 1254//1250
f 1256//1252 351//347 1117//1113 1876//1872
f 1876//1872 1117//1113 349//345 1257//1253
f 1254//1250 1876//1872 1257//1253 391//387
f 350//346 1120//1116 1877//1873 1258//1254
f 1120//1116 352//348 1259//1255 1877//1873
f 1877//1873 1259//1255 308//304 1255//1251
f 1258//1254 1877//1873 1255//1251 392//388
f 349//345 1150//1146 1878//1874 1257//1253
f 355//351 1242//1238 1878//1874 1150//1146
f 391//387 1257//1253 1878//1874 1242//1238
f 392//388 1247//1243 1879//1875 1258//1254
f 356//352 1151//1147 1879//1875 1247//1243
f 350//346 1258//1254 1879//1875 1151//1147
f 307//303 1128//1124 1880//1876 1256//1252
f 353//349 1125//1121 1880//1876 1128//1124
f 351//347 1256//1252 1880//1876 1125//1121
f 352//348 1126//1122 1881//1877 1259//1255
f 354//350 1129//1125 1881//1877 1126//1122
f 308//304 1259//1255 1881//1877 1129//1125
f 321//317 1260//1256 1882//1878 1203//1199
f 1260//1256 329//325 1261//1257 1882//1878
f 1882//1878 1261//1257 387//383 1262//1258
f 1203//1199 1882//1878 1262//1258 385//381
f 388//384 1264//1260 1883//1879 1263//1259
f 1264//1260 330//326 1265//1261 1883//1879
f 1883//1879 1265//1261 322//318 1206//1202
f 1263//1259 1883//1879 1206//1202 386//382
f 323//319 1208//1204 1884//1880 1160//1156
f 1208//1204 385//381 1262//1258 1884//1880
f 1884//1880 1262//1258 387//383 1266//1262
f 1160//1156 1884//1880 1266//1262 331//327
f 388//384 1263//1259 1885//1881 1267//1263
f 1263//1259 386//382 1211//1207 1885//1881
f 1885//1881 1211//1207 324//320 1161//1157
f 1267//1263 1885//1881 1161//1157 332//328
f 327//323 1250//1246 1886//1882 1268//1264
f 1250//1246 393//389 1269//1265 1886//1882
f 1886//1882 1269//1265 387//383 1261//1257
f 1268//1264 1886//1882 1261//1257 329//325
f 388//384 1270//1266 1887//1883 1264//1260
f 1270//1266 394//390 1251//1247 1887//1883
f 1887//1883 1251//1247 328//324 1271//1267
f 1264//1260 1887//1883 1271//1267 330//326
f 357//353 1138//1134 1888//1884 1243//1239
f 1138//1134 359//355 1272//1268 1888//1884
f 1888//1884 1272//1268 387//383 1269//1265
f 1243//1239 1888//1884 1269//1265 393//389
f 388//384 1273//1269 1889//1885 1270//1266
f 1273//1269 360//356 1141//1137 1889//1885
f 1889//1885 1141//1137 358//354 1246//1242
f 1270//1266 1889//1885 1246//1242 394//390
f 331//327 1266//1262 1890//1886 1132//1128
f 387//383 1272//1268 1890//1886 1266//1262
f 359//355 1132//1128 1890//1886 1272//1268
f 360//356 1273//1269 1891//1887 1135//1131
f 388//384 1267//1263 1891//1887 1273//1269
f 332//328 1135//1131 1891//1887 1267//1263
f 407//403 1275//1271 1892//1888 1274//1270
f 1275//1271 395//391 1276//1272 1892//1888
f 1892//1888 1276//1272 421//417 1277//1273
f 1274//1270 1892//1888 1277//1273 409//405
f 422//418 1279//1275 1893//1889 1278//1274
f 1279//1275 396//392 1280//1276 1893//1889
f 1893//1889 1280//1276 408//404 1281//1277
f 1278//1274 1893//1889 1281//1277 410//406
f 407//403 1274//1270 1894//1890 1282//1278
f 1274//1270 409//405 1283//1279 1894//1890
f 1894//1890 1283//1279 411//407 1284//1280
f 1282//1278 1894//1890 1284//1280 405//401
f 412//408 1286//1282 1895//1891 1285//1281
f 1286//1282 410//406 1281//1277 1895//1891
f 1895//1891 1281//1277 408//404 1287//1283
f 1285//1281 1895//1891 1287//1283 406//402
f 405//401 1284//1280 1896//1892 1288//1284
f 1284//1280 411//407 1289//1285 1896//1892
f 1896//1892 1289//1285 413//409 1290//1286
f 1288//1284 1896//1892 1290//1286 403//399
f 414//410 1292//1288 1897//1893 1291//1287
f 1292//1288 412//408 1285//1281 1897//1893
f 1897//1893 1285//1281 406//402 1293//1289
f 1291//1287 1897//1893 1293//1289 404//400
f 403//399 1290//1286 1898//1894 1294//1290
f 1290//1286 413//409 1295//1291 1898//1894
f 1898//1894 1295//1291 415//411 1296//1292
f 1294//1290 1898//1894 1296//1292 401//397
f 416//412 1298//1294 1899//1895 1297//1293
f 1298//1294 414//410 1291//1287 1899//1895
f 1899//1895 1291//1287 404//400 1299//1295
f 1297//1293 1899//1895 1299//1295 402//398
f 401//397 1296//1292 1900//1896 1300//1296
f 1296//1292 415//411 1301//1297 1900//1896
f 1900//1896 1301//1297 417//413 1302//1298
f 1300//1296 1900//1896 1302//1298 399//395
f 418//414 1304//1300 1901//1897 1303//1299
f 1304//1300 416//412 1297//1293 1901//1897
f 1901//1897 1297//1293 402//398 1305//1301
f 1303//1299 1901//1897 1305//1301 400//396
f 399//395 1302//1298 1902//1898 1306//1302
f 1302//1298 417//413 1307//1303 1902//1898
f 1902//1898 1307//1303 419//415 1308//1304
f 1306//1302 1902//1898 1308//1304 397//393
f 420//416 1310//1306 1903//1899 1309//1305
f 1310//1306 418//414 1303//1299 1903//1899
f 1903//1899 1303//1299 400//396 1311//1307
f 1309//1305 1903//1899 1311//1307 398//394
f 417//413 1312//1308 1904//1900 1307//1303
f 1312//1308 427//423 1313//1309 1904//1900
f 1904//1900 1313//1309 425//421 1314//1310
f 1307//1303 1904//1900 1314//1310 419//415
f 426//422 1316//1312 1905//1901 1315//1311
f 1316//1312 428//424 1317//1313 1905//1901
f 1905//1901 1317//1313 418//414 1310//1306
f 1315//1311 1905//1901 1310//1306 420//416
f 415//411 1318//1314 1906//1902 1301//1297
f 1318//1314 429//425 1319//1315 1906//1902
f 1906//1902 1319//1315 427//423 1312//1308
f 1301//1297 1906//1902 1312//1308 417//413
f 428//424 1320//1316 1907//1903 1317//1313
f 1320//1316 430//426 1321//1317 1907//1903
f 1907//1903 1321//1317 416//412 1304//1300
f 1317//1313 1907//1903 1304//1300 418//414
f 413//409 1322//1318 1908//1904 1295//1291
f 1322//1318 431//427 1323//1319 1908//1904
f 1908//1904 1323//1319 429//425 1318//1314
f 1295//1291 1908//1904 1318//1314 415//411
f 430//426 1324//1320 1909//1905 1321//1317
f 1324//1320 432//428 1325//1321 1909//1905
f 1909//1905 1325//1321 414//410 1298//1294
f 1321//1317 1909//1905 1298//1294 416//412
f 411//407 1326//1322 1910//1906 1289//1285
f 1326//1322 433//429 1327//1323 1910//1906
f 1910//1906 1327//1323 431//427 1322//1318
f 1289//1285 1910//1906 1322//1318 413//409
f 432//428 1328//1324 1911//1907 1325//1321
f 1328//1324 434//430 1329//1325 1911//1907
f 1911//1907 1329//1325 412//408 1292//1288
f 1325//1321 1911//1907 1292//1288 414//410
f 409//405 1330//1326 1912//1908 1283//1279
f 1330//1326 435//431 1331//1327 1912//1908
f 1912//1908 1331//1327 433//429 1326//1322
f 1283//1279 1912//1908 1326//1322 411//407
f 434//430 1332//1328 1913//1909 1329//1325
f 1332//1328 436//432 1333//1329 1913//1909
f 1913//1909 1333//1329 410//406 1286//1282
f 1329//1325 1913//1909 1286//1282 412//408
f 409//405 1277//1273 1914//1910 1330//1326
f 1277//1273 421//417 1334//1330 1914//1910
f 1914//1910 1334//1330 423//419 1335//1331
f 1330//1326 1914//1910 1335//1331 435//431
f 424//420 1337//1333 1915//1911 1336//1332
f 1337//1333 422//418 1278//1274 1915//1911
f 1915//1911 1278//1274 410//406 1333//1329
f 1336//1332 1915//1911 1333//1329 436//432
f 325//321 1248//1244 1916//1912 1338//1334
f 1248//1244 327//323 1339//1335 1916//1912
f 1916//1912 1339//1335 451//447 1340//1336
f 1338//1334 1916//1912 1340//1336 449//445
f 452//448 1342//1338 1917//1913 1341//1337
f 1342//1338 328//324 1253//1249 1917//1913
f 1917//1913 1253//1249 326//322 1343//1339
f 1341//1337 1917//1913 1343//1339 450//446
f 327//323 1344//1340 1918//1914 1339//1335
f 1344//1340 397//393 1308//1304 1918//1914
f 1918//1914 1308//1304 419//415 1345//1341
f 1339//1335 1918//1914 1345//1341 451//447
f 420//416 1309//1305 1919//1915 1346//1342
f 1309//1305 398//394 1347//1343 1919//1915
f 1919//1915 1347//1343 328//324 1342//1338
f 1346//1342 1919//1915 1342//1338 452//448
f 317//313 1154//1150 1920//1916 1232//1228
f 1154//1150 325//321 1338//1334 1920//1916
f 1920//1916 1338//1334 449//445 1348//1344
f 1232//1228 1920//1916 1348//1344 319//315
f 450//446 1343//1339 1921//1917 1349//1345
f 1343//1339 326//322 1155//1151 1921//1917
f 1921//1917 1155//1151 318//314 1235//1231
f 1349//1345 1921//1917 1235//1231 320//316
f 389//385 1351//1347 1922//1918 1350//1346
f 1351//1347 437//433 1352//1348 1922//1918
f 1922//1918 1352//1348 421//417 1276//1272
f 1350//1346 1922//1918 1276//1272 395//391
f 422//418 1353//1349 1923//1919 1279//1275
f 1353//1349 438//434 1354//1350 1923//1919
f 1923//1919 1354//1350 390//386 1355//1351
f 1279//1275 1923//1919 1355//1351 396//392
f 419//415 1314//1310 1924//1920 1345//1341
f 1314//1310 425//421 1356//1352 1924//1920
f 1924//1920 1356//1352 447//443 1357//1353
f 1345//1341 1924//1920 1357//1353 451//447
f 448//444 1359//1355 1925//1921 1358//1354
f 1359//1355 426//422 1315//1311 1925//1921
f 1925//1921 1315//1311 420//416 1346//1342
f 1358//1354 1925//1921 1346//1342 452//448
f 445//441 1361//1357 1926//1922 1360//1356
f 1361//1357 453//449 1362//1358 1926//1922
f 1926//1922 1362//1358 451//447 1357//1353
f 1360//1356 1926//1922 1357//1353 447//443
f 452//448 1363//1359 1927//1923 1358//1354
f 1363//1359 454//450 1364//1360 1927//1923
f 1927//1923 1364//1360 446//442 1365//1361
f 1358//1354 1927//1923 1365//1361 448//444
f 441//437 1367//1363 1928//1924 1366//1362
f 1367//1363 453//449 1361//1357 1928//1924
f 1928//1924 1361//1357 445//441 1368//1364
f 1366//1362 1928//1924 1368//1364 443//439
f 446//442 1364//1360 1929//1925 1369//1365
f 1364//1360 454//450 1370//1366 1929//1925
f 1929//1925 1370//1366 442//438 1371//1367
f 1369//1365 1929//1925 1371//1367 444//440
f 439//435 1373//1369 1930//1926 1372//1368
f 1373//1369 455//451 1374//1370 1930//1926
f 1930//1926 1374//1370 453//449 1367//1363
f 1372//1368 1930//1926 1367//1363 441//437
f 454//450 1375//1371 1931//1927 1370//1366
f 1375//1371 456//452 1376//1372 1931//1927
f 1931//1927 1376//1372 440//436 1377//1373
f 1370//1366 1931//1927 1377//1373 442//438
f 437//433 1379//1375 1932//1928 1378//1374
f 1379//1375 455//451 1373//1369 1932//1928
f 1932//1928 1373//1369 439//435 1380//1376
f 1378//1374 1932//1928 1380//1376 457//453
f 440//436 1376//1372 1933//1929 1381//1377
f 1376//1372 456//452 1382//1378 1933//1929
f 1933//1929 1382//1378 438//434 1383//1379
f 1381//1377 1933//1929 1383//1379 458//454
f 421//417 1352//1348 1934//1930 1334//1330
f 1352//1348 437//433 1378//1374 1934//1930
f 1934//1930 1378//1374 457//453 1384//1380
f 1334//1330 1934//1930 1384//1380 423//419
f 458//454 1383//1379 1935//1931 1385//1381
f 1383//1379 438//434 1353//1349 1935//1931
f 1935//1931 1353//1349 422//418 1337//1333
f 1385//1381 1935//1931 1337//1333 424//420
f 319//315 1386//1382 1936//1932 1236//1232
f 1386//1382 455//451 1379//1375 1936//1932
f 1936//1932 1379//1375 437//433 1351//1347
f 1236//1232 1936//1932 1351//1347 389//385
f 438//434 1382//1378 1937//1933 1354//1350
f 1382//1378 456//452 1387//1383 1937//1933
f 1937//1933 1387//1383 320//316 1239//1235
f 1354//1350 1937//1933 1239//1235 390//386
f 319//315 1348//1344 1938//1934 1386//1382
f 1348//1344 449//445 1388//1384 1938//1934
f 1938//1934 1388//1384 453//449 1374//1370
f 1386//1382 1938//1934 1374//1370 455//451
f 454//450 1389//1385 1939//1935 1375//1371
f 1389//1385 450//446 1349//1345 1939//1935
f 1939//1935 1349//1345 320//316 1387//1383
f 1375//1371 1939//1935 1387//1383 456//452
f 449//445 1340//1336 1940//1936 1388//1384
f 451//447 1362//1358 1940//1936 1340//1336
f 453//449 1388//1384 1940//1936 1362//1358
f 454//450 1363//1359 1941//1937 1389//1385
f 452//448 1341//1337 1941//1937 1363//1359
f 450//446 1389//1385 1941//1937 1341//1337
f 423//419 1384//1380 1942//1938 1390//1386
f 1384//1380 457//453 1391//1387 1942//1938
f 1942//1938 1391//1387 459//455 1392//1388
f 1390//1386 1942//1938 1392//1388 483//479
f 460//456 1394//1390 1943//1939 1393//1389
f 1394//1390 458//454 1385//1381 1943//1939
f 1943//1939 1385//1381 424//420 1395//1391
f 1393//1389 1943//1939 1395//1391 484//480
f 457//453 1380//1376 1944//1940 1391//1387
f 1380//1376 439//435 1396//1392 1944//1940
f 1944//1940 1396//1392 469//465 1397//1393
f 1391//1387 1944//1940 1397//1393 459//455
f 470//466 1399//1395 1945//1941 1398//1394
f 1399//1395 440//436 1381//1377 1945//1941
f 1945//1941 1381//1377 458//454 1394//1390
f 1398//1394 1945//1941 1394//1390 460//456
f 439//435 1372//1368 1946//1942 1396//1392
f 1372//1368 441//437 1400//1396 1946//1942
f 1946//1942 1400//1396 467//463 1401//1397
f 1396//1392 1946//1942 1401//1397 469//465
f 468//464 1403//1399 1947//1943 1402//1398
f 1403//1399 442//438 1377//1373 1947//1943
f 1947//1943 1377//1373 440//436 1399//1395
f 1402//1398 1947//1943 1399//1395 470//466
f 441//437 1366//1362 1948//1944 1400//1396
f 1366//1362 443//439 1404//1400 1948//1944
f 1948//1944 1404//1400 465//461 1405//1401
f 1400//1396 1948//1944 1405//1401 467//463
f 466//462 1407//1403 1949//1945 1406//1402
f 1407//1403 444//440 1371//1367 1949//1945
f 1949//1945 1371//1367 442//438 1403//1399
f 1406//1402 1949//1945 1403//1399 468//464
f 443//439 1368//1364 1950//1946 1404//1400
f 1368//1364 445//441 1408//1404 1950//1946
f 1950//1946 1408//1404 463//459 1409//1405
f 1404//1400 1950//1946 1409//1405 465//461
f 464//460 1411//1407 1951//1947 1410//1406
f 1411//1407 446//442 1369//1365 1951//1947
f 1951//1947 1369//1365 444//440 1407//1403
f 1410//1406 1951//1947 1407//1403 466//462
f 445//441 1360//1356 1952//1948 1408//1404
f 1360//1356 447//443 1412//1408 1952//1948
f 1952//1948 1412//1408 461//457 1413//1409
f 1408//1404 1952//1948 1413//1409 463//459
f 462//458 1415//1411 1953//1949 1414//1410
f 1415//1411 448//444 1365//1361 1953//1949
f 1953//1949 1365//1361 446//442 1411//1407
f 1414//1410 1953//1949 1411//1407 464//460
f 447//443 1356//1352 1954//1950 1412//1408
f 1356//1352 425//421 1416//1412 1954//1950
f 1954//1950 1416//1412 481//477 1417//1413
f 1412//1408 1954//1950 1417//1413 461//457
f 482//478 1419//1415 1955//1951 1418//1414
f 1419//1415 426//422 1359//1355 1955//1951
f 1955//1951 1359//1355 448//444 1415//1411
f 1418//1414 1955//1951 1415//1411 462//458
f 435//431 1335//1331 1956//1952 1420//1416
f 1335//1331 423//419 1390//1386 1956//1952
f 1956//1952 1390//1386 483//479 1421//1417
f 1420//1416 1956//1952 1421//1417 471//467
f 484//480 1395//1391 1957//1953 1422//1418
f 1395//1391 424//420 1336//1332 1957//1953
f 1957//1953 1336//1332 436//432 1423//1419
f 1422//1418 1957//1953 1423//1419 472//468
f 433//429 1331//1327 1958//1954 1424//1420
f 1331//1327 435//431 1420//1416 1958//1954
f 1958//1954 1420//1416 471//467 1425//1421
f 1424//1420 1958//1954 1425//1421 473//469
f 472//468 1423//1419 1959//1955 1426//1422
f 1423//1419 436//432 1332//1328 1959//1955
f 1959//1955 1332//1328 434//430 1427//1423
f 1426//1422 1959//1955 1427//1423 474//470
f 431//427 1327//1323 1960//1956 1428//1424
f 1327//1323 433//429 1424//1420 1960//1956
f 1960//1956 1424//1420 473//469 1429//1425
f 1428//1424 1960//1956 1429//1425 475//471
f 474//470 1427//1423 1961//1957 1430//1426
f 1427//1423 434//430 1328//1324 1961//1957
f 1961//1957 1328//1324 432//428 1431//1427
f 1430//1426 1961//1957 1431//1427 476//472
f 429//425 1323//1319 1962//1958 1432//1428
f 1323//1319 431//427 1428//1424 1962//1958
f 1962//1958 1428//1424 475//471 1433//1429
f 1432//1428 1962//1958 1433//1429 477//473
f 476//472 1431//1427 1963//1959 1434//1430
f 1431//1427 432//428 1324//1320 1963//1959
f 1963//1959 1324//1320 430//426 1435//1431
f 1434//1430 1963//1959 1435//1431 478//474
f 427//423 1319//1315 1964//1960 1436//1432
f 1319//1315 429//425 1432//1428 1964//1960
f 1964//1960 1432//1428 477//473 1437//1433
f 1436//1432 1964//1960 1437//1433 479//475
f 478//474 1435//1431 1965//1961 1438//1434
f 1435//1431 430//426 1320//1316 1965//1961
f 1965//1961 1320//1316 428//424 1439//1435
f 1438//1434 1965//1961 1439//1435 480//476
f 425//421 1313//1309 1966//1962 1416//1412
f 1313//1309 427//423 1436//1432 1966//1962
f 1966//1962 1436//1432 479//475 1440//1436
f 1416//1412 1966//1962 1440//1436 481//477
f 480//476 1439//1435 1967//1963 1441//1437
f 1439//1435 428//424 1316//1312 1967//1963
f 1967//1963 1316//1312 426//422 1419//1415
f 1441//1437 1967//1963 1419//1415 482//478
f 465//461 1409//1405 1968//1964 1442//1438
f 1409//1405 463//459 1443//1439 1968//1964
f 1968//1964 1443//1439 487//483 1444//1440
f 1442//1438 1968//1964 1444//1440 485//481
f 488//484 1446//1442 1969//1965 1445//1441
f 1446//1442 464//460 1410//1406 1969//1965
f 1969//1965 1410//1406 466//462 1447//1443
f 1445//1441 1969//1965 1447//1443 486//482
f 485//481 1444//1440 1970//1966 1448//1444
f 1444//1440 487//483 1449//1445 1970//1966
f 1970//1966 1449//1445 489//485 1450//1446
f 1448//1444 1970//1966 1450//1446 491//487
f 490//486 1452//1448 1971//1967 1451//1447
f 1452//1448 488//484 1445//1441 1971//1967
f 1971//1967 1445//1441 486//482 1453//1449
f 1451//1447 1971//1967 1453//1449 492//488
f 491//487 1450//1446 1972//1968 1454//1450
f 1450//1446 489//485 1455//1451 1972//1968
f 1972//1968 1455//1451 495//491 1456//1452
f 1454//1450 1972//1968 1456//1452 493//489
f 496//492 1458//1454 1973//1969 1457//1453
f 1458//1454 490//486 1451//1447 1973//1969
f 1973//1969 1451//1447 492//488 1459//1455
f 1457//1453 1973//1969 1459//1455 494//490
f 493//489 1456//1452 1974//1970 1460//1456
f 1456//1452 495//491 1461//1457 1974//1970
f 1974//1970 1461//1457 497//493 1462//1458
f 1460//1456 1974//1970 1462//1458 499//495
f 498//494 1464//1460 1975//1971 1463//1459
f 1464//1460 496//492 1457//1453 1975//1971
f 1975//1971 1457//1453 494//490 1465//1461
f 1463//1459 1975//1971 1465//1461 500//496
f 471//467 1421//1417 1976//1972 1466//1462
f 1421//1417 483//479 1467//1463 1976//1972
f 1976//1972 1467//1463 493//489 1460//1456
f 1466//1462 1976//1972 1460//1456 499//495
f 494//490 1468//1464 1977//1973 1465//1461
f 1468//1464 484//480 1422//1418 1977//1973
f 1977//1973 1422//1418 472//468 1469//1465
f 1465//1461 1977//1973 1469//1465 500//496
f 459//455 1470//1466 1978//1974 1392//1388
f 1470//1466 491//487 1454//1450 1978//1974
f 1978//1974 1454//1450 493//489 1467//1463
f 1392//1388 1978//1974 1467//1463 483//479
f 494//490 1459//1455 1979//1975 1468//1464
f 1459//1455 492//488 1471//1467 1979//1975
f 1979//1975 1471//1467 460//456 1393//1389
f 1468//1464 1979//1975 1393//1389 484//480
f 459//455 1397//1393 1980//1976 1470//1466
f 1397//1393 469//465 1472//1468 1980//1976
f 1980//1976 1472//1468 485//481 1448//1444
f 1470//1466 1980//1976 1448//1444 491//487
f 486//482 1473//1469 1981//1977 1453//1449
f 1473//1469 470//466 1398//1394 1981//1977
f 1981//1977 1398//1394 460//456 1471//1467
f 1453//1449 1981//1977 1471//1467 492//488
f 465//461 1442//1438 1982//1978 1405//1401
f 1442//1438 485//481 1472//1468 1982//1978
f 1982//1978 1472//1468 469//465 1401//1397
f 1405//1401 1982//1978 1401//1397 467//463
f 470//466 1473//1469 1983//1979 1402//1398
f 1473//1469 486//482 1447//1443 1983//1979
f 1983//1979 1447//1443 466//462 1406//1402
f 1402//1398 1983//1979 1406//1402 468//464
f 461//457 1417//1413 1984//1980 1413//1409
f 1417//1413 481//477 1474//1470 1984//1980
f 1984//1980 1474//1470 487//483 1443//1439
f 1413//1409 1984//1980 1443//1439 463//459
f 488//484 1475//1471 1985//1981 1446//1442
f 1475//1471 482//478 1418//1414 1985//1981
f 1985//1981 1418//1414 462//458 1414//1410
f 1446//1442 1985//1981 1414//1410 464//460
f 479//475 1476//1472 1986//1982 1440//1436
f 1476//1472 489//485 1449//1445 1986//1982
f 1986//1982 1449//1445 487//483 1474//1470
f 1440//1436 1986//1982 1474//1470 481//477
f 488//484 1452//1448 1987//1983 1475//1471
f 1452//1448 490//486 1477//1473 1987//1983
f 1987//1983 1477//1473 480//476 1441//1437
f 1475//1471 1987//1983 1441//1437 482//478
f 477//473 1478//1474 1988//1984 1437//1433
f 1478//1474 495//491 1455//1451 1988//1984
f 1988//1984 1455//1451 489//485 1476//1472
f 1437//1433 1988//1984 1476//1472 479//475
f 490//486 1458//1454 1989//1985 1477//1473
f 1458//1454 496//492 1479//1475 1989//1985
f 1989//1985 1479//1475 478//474 1438//1434
f 1477//1473 1989//1985 1438//1434 480//476
f 475//471 1480//1476 1990//1986 1433//1429
f 1480//1476 497//493 1461//1457 1990//1986
f 1990//1986 1461//1457 495//491 1478//1474
f 1433//1429 1990//1986 1478//1474 477//473
f 496//492 1464//1460 1991//1987 1479//1475
f 1464//1460 498//494 1481//1477 1991//1987
f 1991//1987 1481//1477 476//472 1434//1430
f 1479//1475 1991//1987 1434//1430 478//474
f 473//469 1482//1478 1992//1988 1429//1425
f 1482//1478 499//495 1462//1458 1992//1988
f 1992//1988 1462//1458 497//493 1480//1476
f 1429//1425 1992//1988 1480//1476 475//471
f 498//494 1463//1459 1993//1989 1481//1477
f 1463//1459 500//496 1483//1479 1993//1989
f 1993//1989 1483//1479 474//470 1430//1426
f 1481//1477 1993//1989 1430//1426 476//472
f 471//467 1466//1462 1994//1990 1425//1421
f 499//495 1482//1478 1994//1990 1466//1462
f 473//469 1425//1421 1994//1990 1482//1478
f 474//470 1483//1479 1995//1991 1426//1422
f 500//496 1469//1465 1995//1991 1483//1479
f 472//468 1426//1422 1995//1991 1469//1465
f 399//395 1306//1302 1996//1992 1484//1480
f 1306//1302 397//393 1485//1481 1996//1992
f 1996//1992 1485//1481 511//507 1486//1482
f 1484//1480 1996//1992 1486//1482 509//505
f 512//508 1488//1484 1997//1993 1487//1483
f 1488//1484 398//394 1311//1307 1997//1993
f 1997//1993 1311//1307 400//396 1489//1485
f 1487//1483 1997//1993 1489//1485 510//506
f 401//397 1300//1296 1998//1994 1490//1486
f 1300//1296 399//395 1484//1480 1998//1994
f 1998//1994 1484//1480 509//505 1491//1487
f 1490//1486 1998//1994 1491//1487 507//503
f 510//506 1489//1485 1999//1995 1492//1488
f 1489//1485 400//396 1305//1301 1999//1995
f 1999//1995 1305//1301 402//398 1493//1489
f 1492//1488 1999//1995 1493//1489 508//504
f 403//399 1294//1290 2000//1996 1494//1490
f 1294//1290 401//397 1490//1486 2000//1996
f 2000//1996 1490//1486 507//503 1495//1491
f 1494//1490 2000//1996 1495//1491 505//501
f 508//504 1493//1489 2001//1997 1496//1492
f 1493//1489 402//398 1299//1295 2001//1997
f 2001//1997 1299//1295 404//400 1497//1493
f 1496//1492 2001//1997 1497//1493 506//502
f 405//401 1288//1284 2002//1998 1498//1494
f 1288//1284 403//399 1494//1490 2002//1998
f 2002//1998 1494//1490 505//501 1499//1495
f 1498//1494 2002//1998 1499//1495 503//499
f 506//502 1497//1493 2003//1999 1500//1496
f 1497//1493 404//400 1293//1289 2003//1999
f 2003//1999 1293//1289 406//402 1501//1497
f 1500//1496 2003//1999 1501//1497 504//500
f 407//403 1282//1278 2004//2000 1502//1498
f 1282//1278 405//401 1498//1494 2004//2000
f 2004//2000 1498//1494 503//499 1503//1499
f 1502//1498 2004//2000 1503//1499 501//497
f 504//500 1501//1497 2005//2001 1504//1500
f 1501//1497 406//402 1287//1283 2005//2001
f 2005//2001 1287//1283 408//404 1505//1501
f 1504//1500 2005//2001 1505//1501 502//498
f 395//391 1275//1271 2006//2002 1506//1502
f 1275//1271 407//403 1502//1498 2006//2002
f 2006//2002 1502//1498 501//497 1507//1503
f 1506//1502 2006//2002 1507//1503 513//509
f 502//498 1505//1501 2007//2003 1508//1504
f 1505//1501 408//404 1280//1276 2007//2003
f 2007//2003 1280//1276 396//392 1509//1505
f 1508//1504 2007//2003 1509//1505 514//510
f 501//497 1510//1506 2008//2004 1507//1503
f 1510//1506 509//505 1486//1482 2008//2004
f 2008//2004 1486//1482 511//507 1511//1507
f 1507//1503 2008//2004 1511//1507 513//509
f 512//508 1487//1483 2009//2005 1512//1508
f 1487//1483 510//506 1513//1509 2009//2005
f 2009//2005 1513//1509 502//498 1508//1504
f 1512//1508 2009//2005 1508//1504 514//510
f 501//497 1503//1499 2010//2006 1510//1506
f 1503//1499 503//499 1514//1510 2010//2006
f 2010//2006 1514//1510 507//503 1491//1487
f 1510//1506 2010//2006 1491//1487 509//505
f 508//504 1515//1511 2011//2007 1492//1488
f 1515//1511 504//500 1504//1500 2011//2007
f 2011//2007 1504//1500 502//498 1513//1509
f 1492//1488 2011//2007 1513//1509 510//506
f 503//499 1499//1495 2012//2008 1514//1510
f 505//501 1495//1491 2012//2008 1499//1495
f 507//503 1514//1510 2012//2008 1495//1491
f 508//504 1496//1492 2013//2009 1515//1511
f 506//502 1500//1496 2013//2009 1496//1492
f 504//500 1515//1511 2013//2009 1500//1496
f 321//317 1240//1236 2014//2010 1516//1512
f 1240//1236 389//385 1350//1346 2014//2010
f 2014//2010 1350//1346 395//391 1506//1502
f 1516//1512 2014//2010 1506//1502 513//509
f 396//392 1355//1351 2015//2011 1509//1505
f 1355//1351 390//386 1241//1237 2015//2011
f 2015//2011 1241//1237 322//318 1517//1513
f 1509//1505 2015//2011 1517//1513 514//510
f 321//317 1516//1512 2016//2012 1260//1256
f 1516//1512 513//509 1511//1507 2016//2012
f 2016//2012 1511//1507 511//507 1518//1514
f 1260//1256 2016//2012 1518//1514 329//325
f 512//508 1512//1508 2017//2013 1519//1515
f 1512//1508 514//510 1517//1513 2017//2013
f 2017//2013 1517//1513 322//318 1265//1261
f 1519//1515 2017//2013 1265//1261 330//326
f 327//323 1268//1264 2018//2014 1344//1340
f 1268//1264 329//325 1518//1514 2018//2014
f 2018//2014 1518//1514 511//507 1485//1481
f 1344//1340 2018//2014 1485//1481 397//393
f 512//508 1519//1515 2019//2015 1488//1484
f 1519//1515 330//326 1271//1267 2019//2015
f 2019//2015 1271//1267 328//324 1347//1343
f 1488//1484 2019//2015 1347//1343 398//394
o RightLight
v 5.714928 2.700000 2.442280
v 5.932010 2.865834 2.599998
v 5.632011 2.865834 2.697475
v 5.446600 2.865835 2.442280
v 5.632011 2.865834 2.187085
v 5.932010 2.865834 2.284562
v 5.797844 3.134166 2.697475
v 5.497846 3.134166 2.599998
v 5.497846 3.134166 2.284562
v 5.797844 3.134166 2.187085
v 5.983255 3.134165 2.442280
v 5.714928 3.300000 2.442280
v 5.666191 2.744804 2.592279
v 5.842525 2.744804 2.534983
v 5.793788 2.842279 2.684983
v 5.970122 2.842279 2.442280
v 5.842525 2.744804 2.349577
v 5.557209 2.744804 2.442280
v 5.508471 2.842279 2.592279
v 5.666191 2.744804 2.292281
v 5.508471 2.842279 2.292281
v 5.793788 2.842279 2.199577
v 6.000245 3.000000 2.534984
v 6.000245 3.000000 2.349576
v 5.714928 3.000000 2.742280
v 5.891263 3.000000 2.684985
v 5.429610 3.000000 2.534984
v 5.538592 3.000000 2.684985
v 5.538592 3.000000 2.199575
v 5.429610 3.000000 2.349576
v 5.891263 3.000000 2.199575
v 5.714928 3.000000 2.142280
v 5.921384 3.157721 2.592279
v 5.636067 3.157721 2.684983
v 5.459733 3.157721 2.442280
v 5.636067 3.157721 2.199577
v 5.921384 3.157721 2.292281
v 5.763664 3.255196 2.592279
v 5.872647 3.255196 2.442280
v 5.587331 3.255196 2.534983
v 5.587331 3.255196 2.349577
v 5.763664 3.255196 2.292281
vn 0.1024 -0.9435 0.3151
vn 0.7002 -0.6617 0.2680
vn -0.2680 -0.9435 0.1947
vn -0.2680 -0.9435 -0.1947
vn 0.1024 -0.9435 -0.3151
vn 0.9050 -0.3304 0.2680
vn 0.0247 -0.3304 0.9435
vn -0.8897 -0.3304 0.3151
vn -0.5746 -0.3304 -0.7488
vn 0.5346 -0.3304 -0.7779
vn 0.8026 -0.1256 0.5831
vn -0.3066 -0.1256 0.9435
vn -0.9921 -0.1256 -0.0000
vn -0.3066 -0.1256 -0.9435
vn 0.8026 -0.1256 -0.5831
vn 0.4089 0.6617 0.6284
vn -0.4713 0.6617 0.5831
vn -0.7002 0.6617 -0.2680
vn 0.0385 0.6617 -0.7488
vn 0.7240 0.6617 -0.1947
vn 0.2680 0.9435 -0.1947
vn 0.4911 0.7947 -0.3568
vn 0.4089 0.6617 -0.6284
vn -0.1024 0.9435 -0.3151
vn -0.1876 0.7947 -0.5773
vn -0.4713 0.6617 -0.5831
vn -0.3313 0.9435 -0.0000
vn -0.6071 0.7947 -0.0000
vn -0.7002 0.6617 0.2680
vn -0.1024 0.9435 0.3151
vn -0.1876 0.7947 0.5773
vn 0.0385 0.6617 0.7488
vn 0.2680 0.9435 0.1947
vn 0.4911 0.7947 0.3568
vn 0.7240 0.6617 0.1947
vn 0.8897 0.3304 -0.3151
vn 0.7947 0.1876 -0.5773
vn 0.5746 0.3304 -0.7488
vn -0.0247 0.3304 -0.9435
vn -0.3035 0.1876 -0.9342
vn -0.5346 0.3304 -0.7779
vn -0.9050 0.3304 -0.2680
vn -0.9822 0.1876 -0.0000
vn -0.9050 0.3304 0.2680
vn -0.5346 0.3304 0.7779
vn -0.3035 0.1876 0.9342
vn -0.0247 0.3304 0.9435
vn 0.5746 0.3304 0.7488
vn 0.7947 0.1876 0.5773
vn 0.8897 0.3304 0.3151
vn 0.3066 0.1256 -0.9435
vn 0.3035 -0.1876 -0.9342
vn 0.0247 -0.3304 -0.9435
vn -0.8026 0.1256 -0.5831
vn -0.7947 -0.1876 -0.5773
vn -0.8897 -0.3304 -0.3151
vn -0.8026 0.1256 0.5831
vn -0.7947 -0.1876 0.5773
vn -0.5746 -0.3304 0.7488
vn 0.3066 0.1256 0.9435
vn 0.3035 -0.1876 0.9342
vn 0.5346 -0.3304 0.7779
vn 0.9921 0.1256 -0.0000
vn 0.9822 -0.1876 -0.0000
vn 0.9050 -0.3304 -0.2680
vn 0.4713 -0.6617 -0.5831
vn 0.1876 -0.7947 -0.5773
vn -0.0385 -0.6617 -0.7488
vn -0.4089 -0.6617 -0.6284
vn -0.4911 -0.7947 -0.3568
vn -0.7240 -0.6617 -0.1947
vn -0.7240 -0.6617 0.1947
vn -0.4911 -0.7947 0.3568
vn -0.4089 -0.6617 0.6284
vn 0.7002 -0.6617 -0.2680
vn 0.6071 -0.7947 -0.0000
vn 0.3313 -0.9435 -0.0000
vn -0.0385 -0.6617 0.7488
vn 0.1876 -0.7947 0.5773
vn 0.4713 -0.6617 0.5831
s 0
f 2020//2016 2033//2016 2032//2016
f 2021//2017 2033//2017 2035//2017
f 2020//2018 2032//2018 2037//2018
f 2020//2019 2037//2019 2039//2019
f 2020//2020 2039//2020 2036//2020
f 2021//2021 2035//2021 2042//2021
f 2022//2022 2034//2022 2044//2022
f 2023//2023 2038//2023 2046//2023
f 2024//2024 2040//2024 2048//2024
f 2025//2025 2041//2025 2050//2025
f 2021//2026 2042//2026 2045//2026
f 2022//2027 2044//2027 2047//2027
f 2023//2028 2046//2028 2049//2028
f 2024//2029 2048//2029 2051//2029
f 2025//2030 2050//2030 2043//2030
f 2026//2031 2052//2031 2057//2031
f 2027//2032 2053//2032 2059//2032
f 2028//2033 2054//2033 2060//2033
f 2029//2034 2055//2034 2061//2034
f 2030//2035 2056//2035 2058//2035
f 2058//2036 2061//2036 2031//2036
f 2058//2037 2056//2037 2061//2037
f 2056//2038 2029//2038 2061//2038
f 2061//2039 2060//2039 2031//2039
f 2061//2040 2055//2040 2060//2040
f 2055//2041 2028//2041 2060//2041
f 2060//2042 2059//2042 2031//2042
f 2060//2043 2054//2043 2059//2043
f 2054//2044 2027//2044 2059//2044
f 2059//2045 2057//2045 2031//2045
f 2059//2046 2053//2046 2057//2046
f 2053//2047 2026//2047 2057//2047
f 2057//2048 2058//2048 2031//2048
f 2057//2049 2052//2049 2058//2049
f 2052//2050 2030//2050 2058//2050
f 2043//2051 2056//2051 2030//2051
f 2043//2052 2050//2052 2056//2052
f 2050//2053 2029//2053 2056//2053
f 2051//2054 2055//2054 2029//2054
f 2051//2055 2048//2055 2055//2055
f 2048//2056 2028//2056 2055//2056
f 2049//2057 2054//2057 2028//2057
f 2049//2058 2046//2058 2054//2058
f 2046//2059 2027//2059 2054//2059
f 2047//2060 2053//2060 2027//2060
f 2047//2061 2044//2061 2053//2061
f 2044//2062 2026//2062 2053//2062
f 2045//2063 2052//2063 2026//2063
f 2045//2064 2042//2064 2052//2064
f 2042//2065 2030//2065 2052//2065
f 2050//2066 2051//2066 2029//2066
f 2050//2067 2041//2067 2051//2067
f 2041//2068 2024//2068 2051//2068
f 2048//2069 2049//2069 2028//2069
f 2048//2070 2040//2070 2049//2070
f 2040//2071 2023//2071 2049//2071
f 2046//2072 2047//2072 2027//2072
f 2046//2073 2038//2073 2047//2073
f 2038//2074 2022//2074 2047//2074
f 2044//2075 2045//2075 2026//2075
f 2044//2076 2034//2076 2045//2076
f 2034//2077 2021//2077 2045//2077
f 2042//2078 2043//2078 2030//2078
f 2042//2079 2035//2079 2043//2079
f 2035//2080 2025//2080 2043//2080
f 2036//2081 2041//2081 2025//2081
f 2036//2082 2039//2082 2041//2082
f 2039//2083 2024//2083 2041//2083
f 2039//2084 2040//2084 2024//2084
f 2039//2085 2037//2085 2040//2085
f 2037//2086 2023//2086 2040//2086
f 2037//2087 2038//2087 2023//2087
f 2037//2088 2032//2088 2038//2088
f 2032//2089 2022//2089 2038//2089
f 2035//2090 2036//2090 2025//2090
f 2035//2091 2033//2091 2036//2091
f 2033//2092 2020//2092 2036//2092
f 2032//2093 2034//2093 2022//2093
f 2032//2094 2033//2094 2034//2094
f 2033//2095 2021//2095 2034//2095
o LeftLight
v -1.122367 2.700000 6.243554
v -0.905285 2.865834 6.401271
v -1.205283 2.865834 6.498748
v -1.390695 2.865835 6.243554
v -1.205283 2.865834 5.988359
v -0.905285 2.865834 6.085836
v -1.039451 3.134166 6.498748
v -1.339449 3.134166 6.401271
v -1.339449 3.134166 6.085836
v -1.039451 3.134166 5.988359
v -0.854039 3.134165 6.243554
v -1.122367 3.300000 6.243554
v -1.171104 2.744804 6.393552
v -0.994770 2.744804 6.336257
v -1.043506 2.842279 6.486257
v -0.867173 2.842279 6.243554
v -0.994770 2.744804 6.150850
v -1.280086 2.744804 6.243554
v -1.328824 2.842279 6.393553
v -1.171104 2.744804 6.093555
v -1.328824 2.842279 6.093554
v -1.043506 2.842279 6.000850
v -0.837050 3.000000 6.336257
v -0.837050 3.000000 6.150850
v -1.122367 3.000000 6.543554
v -0.946031 3.000000 6.486259
v -1.407684 3.000000 6.336257
v -1.298703 3.000000 6.486259
v -1.298703 3.000000 6.000849
v -1.407684 3.000000 6.150850
v -0.946031 3.000000 6.000849
v -1.122367 3.000000 5.943553
v -0.915910 3.157721 6.393553
v -1.201228 3.157721 6.486257
v -1.377561 3.157721 6.243554
v -1.201228 3.157721 6.000850
v -0.915910 3.157721 6.093554
v -1.073630 3.255196 6.393552
v -0.964648 3.255196 6.243554
v -1.249964 3.255196 6.336257
v -1.249964 3.255196 6.150850
v -1.073630 3.255196 6.093555
vn 0.1024 -0.9435 0.3151
vn 0.7002 -0.6617 0.2680
vn -0.2680 -0.9435 0.1947
vn -0.2680 -0.9435 -0.1947
vn 0.1024 -0.9435 -0.3151
vn 0.9050 -0.3304 0.2680
vn 0.0247 -0.3304 0.9435
vn -0.8897 -0.3304 0.3151
vn -0.5746 -0.3304 -0.7488
vn 0.5346 -0.3304 -0.7779
vn 0.8026 -0.1256 0.5831
vn -0.3066 -0.1256 0.9435
vn -0.9921 -0.1256 -0.0000
vn -0.3066 -0.1256 -0.9435
vn 0.8026 -0.1256 -0.5831
vn 0.4089 0.6617 0.6284
vn -0.4713 0.6617 0.5831
vn -0.7002 0.6617 -0.2680
vn 0.0385 0.6617 -0.7488
vn 0.7240 0.6617 -0.1947
vn 0.2680 0.9435 -0.1947
vn 0.4911 0.7947 -0.3568
vn 0.4089 0.6617 -0.6284
vn -0.1024 0.9435 -0.3151
vn -0.1876 0.7947 -0.5773
vn -0.4713 0.6617 -0.5831
vn -0.3313 0.9435 -0.0000
vn -0.6071 0.7947 -0.0000
vn -0.7002 0.6617 0.2680
vn -0.1024 0.9435 0.3151
vn -0.1876 0.7947 0.5773
vn 0.0385 0.6617 0.7488
vn 0.2680 0.9435 0.1947
vn 0.4911 0.7947 0.3568
vn 0.7240 0.6617 0.1947
vn 0.8897 0.3304 -0.3151
vn 0.7947 0.1876 -0.5773
vn 0.5746 0.3304 -0.7488
vn -0.0247 0.3304 -0.9435
vn -0.3035 0.1876 -0.9342
vn -0.5346 0.3304 -0.7779
vn -0.9050 0.3304 -0.2680
vn -0.9822 0.1876 -0.0000
vn -0.9050 0.3304 0.2680
vn -0.5346 0.3304 0.7779
vn -0.3035 0.1876 0.9342
vn -0.0247 0.3304 0.9435
vn 0.5746 0.3304 0.7488
vn 0.7947 0.1876 0.5773
vn 0.8897 0.3304 0.3151
vn 0.3066 0.1256 -0.9435
vn 0.3035 -0.1876 -0.9342
vn 0.0247 -0.3304 -0.9435
vn -0.8026 0.1256 -0.5831
vn -0.7947 -0.1876 -0.5773
vn -0.8897 -0.3304 -0.3151
vn -0.8026 0.1256 0.5831
vn -0.7947 -0.1876 0.5773
vn -0.5746 -0.3304 0.7488
vn 0.3066 0.1256 0.9435
vn 0.3035 -0.1876 0.9342
vn 0.5346 -0.3304 0.7779
vn 0.9921 0.1256 -0.0000
vn 0.9822 -0.1876 -0.0000
vn 0.9050 -0.3304 -0.2680
vn 0.4713 -0.6617 -0.5831
vn 0.1876 -0.7947 -0.5773
vn -0.0385 -0.6617 -0.7488
vn -0.4089 -0.6617 -0.6284
vn -0.4911 -0.7947 -0.3568
vn -0.7240 -0.6617 -0.1947
vn -0.7240 -0.6617 0.1947
vn -0.4911 -0.7947 0.3568
vn -0.4089 -0.6617 0.6284
vn 0.7002 -0.6617 -0.2680
vn 0.6071 -0.7947 -0.0000
vn 0.3313 -0.9435 -0.0000
vn -0.0385 -0.6617 0.7488
vn 0.1876 -0.7947 0.5773
vn 0.4713 -0.6617 0.5831
s 0
f 2062//2096 2075//2096 2074//2096
f 2063//2097 2075//2097 2077//2097
f 2062//2098 2074//2098 2079//2098
f 2062//2099 2079//2099 2081//2099
f 2062//2100 2081//2100 2078//2100
f 2063//2101 2077//2101 2084//2101
f 2064//2102 2076//2102 2086//2102
f 2065//2103 2080//2103 2088//2103
f 2066//2104 2082//2104 2090//2104
f 2067//2105 2083//2105 2092//2105
f 2063//2106 2084//2106 2087//2106
f 2064//2107 2086//2107 2089//2107
f 2065//2108 2088//2108 2091//2108
f 2066//2109 2090//2109 2093//2109
f 2067//2110 2092//2110 2085//2110
f 2068//2111 2094//2111 2099//2111
f 2069//2112 2095//2112 2101//2112
f 2070//2113 2096//2113 2102//2113
f 2071//2114 2097//2114 2103//2114
f 2072//2115 2098//2115 2100//2115
f 2100//2116 2103//2116 2073//2116
f 2100//2117 2098//2117 2103//2117
f 2098//2118 2071//2118 2103//2118
f 2103//2119 2102//2119 2073//2119
f 2103//2120 2097//2120 2102//2120
f 2097//2121 2070//2121 2102//2121
f 2102//2122 2101//2122 2073//2122
f 2102//2123 2096//2123 2101//2123
f 2096//2124 2069//2124 2101//2124
f 2101//2125 2099//2125 2073//2125
f 2101//2126 2095//2126 2099//2126
f 2095//2127 2068//2127 2099//2127
f 2099//2128 2100//2128 2073//2128
f 2099//2129 2094//2129 2100//2129
f 2094//2130 2072//2130 2100//2130
f 2085//2131 2098//2131 2072//2131
f 2085//2132 2092//2132 2098//2132
f 2092//2133 2071//2133 2098//2133
f 2093//2134 2097//2134 2071//2134
f 2093//2135 2090//2135 2097//2135
f 2090//2136 2070//2136 2097//2136
f 2091//2137 2096//2137 2070//2137
f 2091//2138 2088//2138 2096//2138
f 2088//2139 2069//2139 2096//2139
f 2089//2140 2095//2140 2069//2140
f 2089//2141 2086//2141 2095//2141
f 2086//2142 2068//2142 2095//2142
f 2087//2143 2094//2143 2068//2143
f 2087//2144 2084//2144 2094//2144
f 2084//2145 2072//2145 2094//2145
f 2092//2146 2093//2146 2071//2146
f 2092//2147 2083//2147 2093//2147
f 2083//2148 2066//2148 2093//2148
f 2090//2149 2091//2149 2070//2149
f 2090//2150 2082//2150 2091//2150
f 2082//2151 2065//2151 2091//2151
f 2088//2152 2089//2152 2069//2152
f 2088//2153 2080//2153 2089//2153
f 2080//2154 2064//2154 2089//2154
f 2086//2155 2087//2155 2068//2155
f 2086//2156 2076//2156 2087//2156
f 2076//2157 2063//2157 2087//2157
f 2084//2158 2085//2158 2072//2158
f 2084//2159 2077//2159 2085//2159
f 2077//2160 2067//2160 2085//2160
f 2078//2161 2083//2161 2067//2161
f 2078//2162 2081//2162 2083//2162
f 2081//2163 2066//2163 2083//2163
f 2081//2164 2082//2164 2066//2164
f 2081//2165 2079//2165 2082//2165
f 2079//2166 2065//2166 2082//2166
f 2079//2167 2080//2167 2065//2167
f 2079//2168 2074//2168 2080//2168
f 2074//2169 2064//2169 2080//2169
f 2077//2170 2078//2170 2067//2170
f 2077//2171 2075//2171 2078//2171
f 2075//2172 2062//2172 2078//2172
f 2074//2173 2076//2173 2064//2173
f 2074//2174 2075//2174 2076//2174
f 2075//2175 2063//2175 2076//2175
o Suzanne3
v -0.347088 2.233593 1.849767
v -0.427819 1.977376 2.685701
v -0.386172 2.176502 1.782221
v -0.475004 1.894575 2.702038
v -0.455865 2.113226 1.709595
v -0.552838 1.805462 2.713708
v -0.410523 2.014665 1.868400
v -0.475172 1.809489 2.537808
v -0.350859 2.102150 1.900748
v -0.415547 1.896847 2.570570
v -0.324375 2.185872 1.928055
v -0.389223 1.980063 2.599530
v -0.334291 2.196967 2.018029
v -0.383815 2.039792 2.530829
v -0.368332 2.119103 2.041479
v -0.408996 1.990045 2.462546
v -0.432548 2.035902 2.057416
v -0.464873 1.933314 2.392121
v -0.507108 2.166552 2.165482
v -0.526263 2.105759 2.363825
v -0.427133 2.217674 2.122771
v -0.457861 2.120152 2.440947
v -0.372086 2.260404 2.069610
v -0.415345 2.123113 2.517535
v -0.410090 2.344266 2.055856
v -0.459615 2.187091 2.568656
v -0.484693 2.345225 2.099549
v -0.525358 2.216167 2.520615
v -0.586470 2.335015 2.134230
v -0.618795 2.232427 2.468935
v -0.627756 2.436810 1.976809
v -0.692405 2.231633 2.646217
v -0.515429 2.421957 1.982876
v -0.580118 2.216654 2.652698
v -0.431055 2.393182 1.981294
v -0.495904 2.187372 2.652768
v -0.422887 2.380892 1.887594
v -0.503618 2.124675 2.723528
v -0.502533 2.402624 1.840290
v -0.591365 2.120697 2.760107
v -0.609787 2.412339 1.786409
v -0.706760 2.104574 2.790522
v -0.538121 2.276197 1.676381
v -0.648264 1.926638 2.816855
v -0.449893 2.299918 1.756908
v -0.548702 1.986327 2.780029
v -0.388044 2.312742 1.833828
v -0.475120 2.036388 2.735463
v -0.362566 2.318455 1.862961
v -0.445279 2.055948 2.719419
v -0.390874 2.374821 1.905844
v -0.468626 2.128061 2.710926
v -0.396253 2.386568 1.982552
v -0.461115 2.180716 2.654164
v -0.378365 2.346042 2.042976
v -0.430776 2.179706 2.585666
v -0.347236 2.277082 2.054783
v -0.394406 2.127380 2.543203
v -0.316473 2.225770 2.012090
v -0.368884 2.059434 2.554779
v -0.337593 2.305292 1.963785
v -0.402370 2.099707 2.634528
v -0.308417 2.215879 1.938718
v -0.373279 2.010028 2.610330
v -0.328983 2.254549 1.874958
v -0.406734 2.007788 2.680039
v -0.529040 2.334310 2.324196
v -0.432750 2.291867 2.320486
v -0.042107 1.391771 2.082330
v -0.162226 1.714123 2.169532
v -0.210650 1.831382 2.200795
v -0.015149 1.288437 2.053262
v -0.634990 2.301210 2.303818
v -0.768310 2.367445 2.311244
v -1.786952 2.197132 2.160666
v -1.879561 1.798148 2.029432
v -1.705875 1.443028 1.937360
v -1.095333 1.246811 1.936183
v -0.373542 1.813405 1.932690
v -0.416761 1.676241 2.380202
v -0.263374 1.585300 1.825091
v -0.315053 1.421286 2.360204
v -0.174067 1.409720 1.744112
v -0.232012 1.225821 2.344101
v -0.114195 1.250756 1.685672
v -0.174853 1.058245 2.313759
v -0.081698 1.158049 1.698462
v -0.135691 0.986689 2.257542
v -0.060336 1.101161 1.814612
v -0.091303 1.002879 2.135267
v -0.056680 1.046786 1.975184
v -0.412139 1.912088 1.761582
v -0.489957 1.665116 2.567351
v -0.465908 2.049993 1.589632
v -0.580321 1.686881 2.774320
v -0.557704 2.236897 1.475302
v -0.700610 1.783356 2.955025
v -0.581068 2.456399 1.512514
v -0.728842 1.987407 3.042650
v -0.584690 2.528261 1.657280
v -0.710915 2.127661 2.964280
v -0.601727 2.589743 1.878945
v -0.692156 2.302750 2.815291
v -0.626608 2.652319 2.072835
v -0.686029 2.463735 2.688112
v -0.605625 2.588721 2.205584
v -0.638747 2.483600 2.548552
v -0.546221 2.419064 2.264858
v -0.560867 2.372583 2.416508
v -0.458548 2.378504 2.168576
v -0.489356 2.280729 2.487579
v -0.426326 2.280089 2.189392
v -0.448753 2.208911 2.421619
v -0.332444 2.083967 2.039647
v -0.372151 1.957948 2.450796
v -0.339012 2.081685 1.876472
v -0.407053 1.865744 2.581005
v -0.379398 2.150118 1.747435
v -0.473020 1.852992 2.716838
v -0.437886 2.269083 1.666101
v -0.551142 1.909645 2.838806
v -0.479093 2.374183 1.669489
v -0.596698 2.000940 2.887234
v -0.494045 2.436841 1.743552
v -0.601793 2.094881 2.859233
v -0.494451 2.472499 1.905113
v -0.575821 2.214256 2.747659
v -0.489123 2.457439 2.107985
v -0.534258 2.314196 2.575332
v -0.007634 1.314593 2.062004
v -0.003841 1.340025 1.950686
v -0.024758 1.273639 2.167277
v 0.016754 1.255358 1.916504
v -0.005953 1.183293 2.151623
v 0.020594 1.194206 1.950786
v 0.007105 1.151397 2.090453
v 0.015116 1.161077 2.017148
v -0.233700 1.825226 2.196682
v -0.262307 1.850502 2.201667
v -0.241792 1.865912 2.109215
v -0.259151 1.810818 2.288964
v -0.209582 1.806349 2.063525
v -0.232289 1.734284 2.298645
v -0.182434 1.724182 2.074817
v -0.199214 1.670927 2.248566
v -0.342877 2.008006 1.830038
v -0.415029 1.779020 2.577131
v -0.407736 2.125689 1.655150
v -0.515723 1.782968 2.773311
v -0.478754 2.279910 1.568368
v -0.609009 1.866518 2.917103
v -0.505748 2.436803 1.590599
v -0.640074 2.010492 2.981482
v -0.498276 2.507502 1.697785
v -0.617757 2.128305 2.934952
v -0.508253 2.566144 1.911512
v -0.593294 2.296249 2.792074
v -0.522000 2.608740 2.073911
v -0.580663 2.422562 2.681338
v -0.504665 2.557883 2.178984
v -0.542497 2.437816 2.570712
v -0.457337 2.413741 2.242406
v -0.477131 2.350922 2.447361
v -0.260842 1.929880 2.065127
v -0.289031 1.840418 2.357007
v -0.149371 1.598245 1.917341
v -0.187522 1.477165 2.312375
v -0.065302 1.417872 1.835756
v -0.109479 1.277668 2.293185
v -0.023877 1.294826 1.791557
v -0.069889 1.148796 2.267994
v -0.007517 1.205455 1.796061
v -0.048222 1.076270 2.217541
v -0.001894 1.152645 1.867720
v -0.027315 1.071967 2.130938
v -0.005900 1.104654 1.997825
v -0.344246 1.996089 2.238377
v -0.402667 2.151722 2.280437
v -0.500246 2.486193 2.026370
v -0.561024 2.293302 2.655697
v -0.363894 2.121728 2.122037
v -0.390671 2.036745 2.399305
v -0.395172 2.190581 2.166562
v -0.417320 2.120289 2.395896
v -0.037521 1.418862 1.971406
v -0.058472 1.352370 2.188344
v -0.117135 1.586727 2.037507
v -0.134176 1.532647 2.213950
v -0.119182 1.561002 2.126757
v -0.172820 1.673573 2.156080
v -0.165708 1.764632 2.099426
v -0.180633 1.717264 2.253968
v -0.178538 1.823854 2.078043
v -0.200167 1.755208 2.302006
v -0.216509 1.873224 2.110935
v -0.234387 1.816483 2.296056
v -0.226113 1.865034 2.167447
v -0.233496 1.841604 2.243892
v -0.169927 1.818014 2.200631
v -0.194629 1.863979 2.161046
v -0.203608 1.835482 2.254019
v -0.187962 1.868789 2.123502
v -0.203885 1.818255 2.288375
v -0.157950 1.828932 2.111221
v -0.174392 1.776751 2.281466
v -0.153153 1.783690 2.119586
v -0.165783 1.743605 2.250369
v -0.153176 1.752115 2.182050
v -0.326167 1.684519 1.890011
v -0.370743 1.543049 2.351573
v -0.245679 1.791219 2.012093
v -0.275968 1.695090 2.325723
v -0.215545 1.715568 1.975175
v -0.248748 1.610193 2.318971
v -0.354344 1.744104 1.931995
v -0.394290 1.617325 2.345623
v 0.003504 1.179011 2.021524
v 0.006380 1.204936 1.978004
v -0.002679 1.176186 2.071804
v 0.004329 1.262548 1.953294
v -0.012113 1.210367 2.123539
v -0.009005 1.314841 1.977380
v -0.023810 1.267853 2.130683
v -0.048358 1.250151 2.038320
v -0.043792 1.276615 1.970738
v -0.057121 1.234313 2.108752
v -0.033282 1.251029 1.952514
v -0.048606 1.202395 2.111189
v -0.035897 1.213954 1.974178
v -0.045394 1.183811 2.072523
v -0.037674 1.189556 2.020779
v -0.386119 2.215196 2.120046
v -0.417885 2.114381 2.448965
v -0.360043 2.164253 2.088942
v -0.394962 2.053432 2.450506
v -0.475012 2.436302 2.005081
v -0.537266 2.238725 2.649697
v -0.468382 2.413794 2.069942
v -0.518186 2.255733 2.585634
v -0.463685 2.435553 1.908841
v -0.542939 2.184022 2.729487
v -0.474840 2.405955 1.779477
v -0.574966 2.088186 2.816235
v -0.458587 2.352196 1.723084
v -0.565976 2.011376 2.835046
v -0.419976 2.270032 1.721688
v -0.523853 1.940358 2.797288
v -0.365087 2.178986 1.791401
v -0.452802 1.900605 2.699648
v -0.334503 2.128924 1.894578
v -0.401985 1.914756 2.593325
v -0.336210 2.134923 2.025724
v -0.381025 1.992692 2.489765
v -0.417185 2.284602 2.132620
v -0.449948 2.180621 2.471870
v -0.447277 2.359471 2.117102
v -0.486266 2.235732 2.520813
v -0.451074 2.344631 2.087341
v -0.494413 2.207087 2.536093
v -0.429787 2.281778 2.105692
v -0.466900 2.163992 2.489982
v -0.353767 2.149276 2.013612
v -0.401176 1.998814 2.504511
v -0.351797 2.146887 1.898185
v -0.419319 1.932591 2.597346
v -0.379720 2.189677 1.810132
v -0.464482 1.920669 2.687802
v -0.430472 2.269807 1.753202
v -0.528642 1.958243 2.769711
v -0.464459 2.334867 1.753449
v -0.565503 2.014185 2.799710
v -0.478059 2.381495 1.801986
v -0.572877 2.080570 2.783785
v -0.465400 2.414996 1.913316
v -0.542739 2.169544 2.714128
v -0.461291 2.392095 2.051666
v -0.513249 2.227195 2.589673
v -0.468203 2.413030 1.997238
v -0.530697 2.214693 2.644333
v -0.379226 2.175472 2.071153
v -0.417537 2.053886 2.467840
v -0.405280 2.220588 2.094774
v -0.441435 2.105841 2.469147
v -0.654625 2.383705 2.186611
v -0.679239 2.305586 2.441482
v -0.681517 2.532865 2.150134
v -0.720067 2.410519 2.549299
v -0.697958 2.581902 2.043221
v -0.757578 2.392684 2.660565
v -0.698597 2.497120 1.889652
v -0.780543 2.237047 2.738165
v -0.701666 2.457079 1.647416
v -0.823821 2.069398 2.912268
v -0.692679 2.394830 1.512041
v -0.835345 1.942049 2.989285
v -0.677869 2.188589 1.458691
v -0.819059 1.740494 2.920647
v -0.595968 1.996014 1.558703
v -0.710700 1.631889 2.746697
v -0.507092 1.856061 1.750174
v -0.582296 1.617388 2.528870
v -1.138389 2.493936 2.314273
v -1.486625 2.439788 2.264045
v -1.449824 1.271514 1.909519
v -0.699582 1.334601 2.001311
v -0.165481 1.031268 1.959920
v -0.316520 1.132104 1.976240
v -0.439970 1.288633 2.012294
v -0.540343 1.358632 2.024055
v -0.899134 2.143437 1.386101
v -1.046869 1.674572 2.915823
v -1.089076 2.135087 1.342001
v -1.240871 1.653333 2.913773
v -1.414076 1.968350 1.330901
v -1.553373 1.526264 2.773254
v -1.733688 1.894265 1.660857
v -1.805840 1.665278 2.407950
v -0.849826 1.869290 1.430199
v -0.975963 1.468969 2.736290
v -1.038107 1.685762 1.419442
v -1.153095 1.320822 2.610097
v -1.283351 1.702903 1.372391
v -1.403350 1.322061 2.614929
v -1.586881 1.561409 1.648539
v -1.645810 1.374386 2.258720
v -0.428969 1.556240 1.846236
v -0.472587 1.417809 2.297880
v -0.528916 1.448843 1.888689
v -0.557649 1.357654 2.186204
v -0.267991 1.263082 1.731127
v -0.318753 1.101981 2.256736
v -0.355773 1.426509 1.800093
v -0.401746 1.280607 2.276117
v -0.182792 1.150990 1.698843
v -0.234631 0.986469 2.235610
v -0.306412 1.202338 1.848756
v -0.332671 1.119001 2.120651
v -0.421253 1.359979 1.895784
v -0.445796 1.282088 2.149911
v -0.171172 1.091732 1.807628
v -0.200982 0.997123 2.116300
v -0.487081 1.643900 1.860498
v -0.531924 1.501583 2.324820
v -0.450659 1.740369 1.890016
v -0.496126 1.596071 2.360806
v -0.441908 1.790061 1.894885
v -0.489337 1.639535 2.385991
v -0.676017 1.471056 1.822262
v -0.715084 1.347069 2.226784
v -1.057884 1.391381 1.704651
v -1.106809 1.236106 2.211253
v -1.379745 1.421423 1.647520
v -1.434843 1.246559 2.218032
v -1.671237 2.293946 1.771840
v -1.746461 2.055207 2.550751
v -1.432849 2.508656 1.860900
v -1.508033 2.270043 2.639397
v -1.130154 2.549250 1.901891
v -1.205459 2.310258 2.681629
v -0.838785 2.446521 1.888514
v -0.915844 2.201956 2.686433
v -0.858518 2.345964 1.511364
v -0.995877 1.910028 2.933651
v -0.879577 2.402358 1.649249
v -0.995467 2.034561 2.849226
v -1.151623 2.464451 1.639272
v -1.267991 2.095134 2.844208
v -1.083535 2.374427 1.472143
v -1.225484 1.923926 2.941950
v -1.304164 2.322709 1.432248
v -1.446591 1.870688 2.907014
v -1.404341 2.419977 1.598499
v -1.521188 2.049140 2.808393
v -1.577344 2.237390 1.529019
v -1.693632 1.868327 2.733128
v -1.458010 2.194205 1.399658
v -1.596646 1.754216 2.835168
v -1.575941 1.910634 1.464789
v -1.685964 1.561455 2.604024
v -1.409002 1.611474 1.511570
v -1.497604 1.330276 2.429007
v -1.256780 2.128095 1.322349
v -1.408805 1.645612 2.896502
v -0.725782 1.683821 1.680146
v -0.800305 1.447306 2.451800
v -1.057712 1.560667 1.571236
v -1.139082 1.302423 2.413782
v -1.320259 2.154661 1.247207
v -1.485793 1.629309 2.961224
v -1.044008 1.714803 1.244150
v -1.191144 1.247837 2.767675
v -1.161543 1.766621 1.001818
v -1.351898 1.162491 2.972855
v -1.288442 1.918400 0.814522
v -1.517587 1.191165 3.187204
v -1.389954 2.126536 0.800813
v -1.630950 1.361685 3.296220
v -1.455186 2.239415 0.931458
v -1.678264 1.531431 3.241331
v -1.400393 2.218527 1.117717
v -1.590668 1.614650 3.087928
v -1.352292 2.190012 1.117498
v -1.541889 1.588289 3.080684
v -1.409940 2.200412 0.961484
v -1.626434 1.513326 3.203177
v -1.366844 2.099348 0.856484
v -1.597026 1.368819 3.239910
v -1.277201 1.928236 0.869909
v -1.497367 1.229497 3.149618
v -1.155260 1.813303 1.021748
v -1.344737 1.211960 2.983694
v -1.045205 1.779132 1.218391
v -1.200283 1.286963 2.824146
v -1.279524 2.140764 1.221124
v -1.449566 1.601100 2.981834
v -1.302599 2.084657 1.178904
v -1.476632 1.532328 2.980936
v -1.114025 1.801178 1.171089
v -1.277403 1.282664 2.862792
v -1.211048 1.825967 1.012720
v -1.401842 1.220444 2.988302
v -1.311793 1.917516 0.884254
v -1.528287 1.230430 3.125947
v -1.383529 2.052212 0.869147
v -1.608683 1.337641 3.200507
v -1.417113 2.129699 0.954390
v -1.630933 1.451098 3.168397
v -1.369415 2.120702 1.088902
v -1.560009 1.515812 3.062418
v -1.233008 2.071841 1.278573
v -1.390081 1.573339 2.904988
v -1.231202 1.943642 1.268631
v -1.383167 1.461352 2.842155
v -1.202563 1.863728 1.297962
v -1.345589 1.409807 2.778926
v -1.197264 1.843763 1.258619
v -1.346196 1.371098 2.800738
v -1.165128 1.811982 1.244003
v -1.315457 1.334884 2.800585
v -1.136508 1.784014 1.241614
v -1.286238 1.308815 2.791998
v -1.012532 1.879963 1.358826
v -1.148986 1.446898 2.771746
v -1.057175 1.782310 1.334224
v -1.191941 1.354601 2.729668
v -1.117984 1.847512 1.332580
v -1.255509 1.411049 2.756586
v -1.179784 1.989698 1.310279
v -1.327798 1.519946 2.842895
v -1.259292 2.023997 1.229914
v -1.421872 1.508017 2.913353
v -1.291670 1.989579 1.195723
v -1.457842 1.462201 2.916351
v -1.174847 1.780401 1.209565
v -1.329346 1.290068 2.809328
v -1.202217 1.806881 1.201247
v -1.359130 1.308885 2.826010
v -1.227714 1.844469 1.232872
v -1.380677 1.359012 2.816726
v -1.239674 1.862306 1.272515
v -1.386451 1.396480 2.792321
v -1.263260 1.919922 1.237293
v -1.418896 1.425979 2.848833
v -1.393130 2.081337 1.058514
v -1.586531 1.467539 3.061093
v -1.428560 2.090912 0.946334
v -1.641516 1.415055 3.151389
v -1.396343 2.027247 0.874390
v -1.619023 1.320529 3.180131
v -1.335912 1.915594 0.894100
v -1.550171 1.235600 3.112653
v -1.256010 1.832186 1.010511
v -1.446764 1.226790 2.985680
v -1.171922 1.803396 1.149766
v -1.338173 1.275764 2.871221
v -1.334006 2.045110 1.143234
v -1.511631 1.481382 2.982456
v -1.253700 1.887130 1.182349
v -1.417358 1.367731 2.876945
v -1.226858 1.848077 1.140603
v -1.396182 1.310692 2.893876
v -1.277682 1.902130 1.069063
v -1.461572 1.318517 2.973159
v -1.290837 1.949224 1.130323
v -1.466307 1.392335 2.947230
v -1.330593 2.007418 1.081408
v -1.517077 1.415574 3.012362
v -1.322084 1.965500 1.009204
v -1.519103 1.340219 3.049248
v -1.354519 2.016080 0.965614
v -1.561336 1.359707 3.107102
v -1.372311 2.052632 1.014116
v -1.572297 1.417937 3.084875
v -1.454199 2.089701 1.071896
v -1.644673 1.485191 3.044172
v -1.497179 2.145621 0.875252
v -1.724355 1.424633 3.227549
v -1.436723 2.095893 0.772316
v -1.680274 1.322936 3.294168
v -1.381077 1.940019 0.794270
v -1.613361 1.202821 3.199458
v -1.296788 1.795114 0.992247
v -1.488061 1.188071 2.972788
v -1.209835 1.736973 1.220342
v -1.359525 1.261901 2.770313
v -1.377689 2.021432 1.236613
v -1.536957 1.515964 2.885755
v -0.414090 2.307441 1.800453
v -0.366719 2.271645 1.832608
v -0.363033 2.208800 1.820654
v -0.416917 2.236187 1.755546
v -0.513103 1.930925 2.751499
v -0.447261 1.941485 2.692796
v -0.452164 2.000467 2.717353
v -0.506284 2.014843 2.755084
v -0.492335 2.289049 1.715400
v -0.418391 2.144386 1.744989
v -0.495197 2.191968 1.674370
v -0.601898 1.853332 2.779204
v -0.511473 1.848971 2.708814
v -0.597111 1.956524 2.800297
v -0.362873 2.129634 1.833503
v -0.377435 2.057081 1.884567
v -0.425984 2.051297 1.778124
v -0.508142 1.790552 2.628830
v -0.442089 1.851888 2.554027
v -0.440606 1.882932 2.638394
v -0.332258 2.203549 1.883761
v -0.334940 2.149404 1.916313
v -0.399708 1.943848 2.586962
v -0.405676 1.970541 2.643974
v -0.324996 2.183837 1.975069
v -0.348313 2.163042 2.028330
v -0.352832 2.098778 1.973777
v -0.404521 1.934732 2.508994
v -0.393976 2.018121 2.501152
v -0.381494 2.004529 2.560078
v -0.397667 2.076501 2.050862
v -0.413064 2.009544 1.966595
v -0.460204 1.859937 2.454706
v -0.433908 1.961485 2.426113
v -0.395135 2.160629 2.093418
v -0.465359 2.192210 2.146549
v -0.465959 2.090878 2.126601
v -0.488556 2.019161 2.360585
v -0.489912 2.114287 2.400779
v -0.428482 2.054796 2.438711
v -0.351317 2.223517 2.050878
v -0.395547 2.241896 2.092842
v -0.433348 2.121925 2.484261
v -0.396228 2.080986 2.515900
v -0.392375 2.303304 2.071368
v -0.441816 2.344744 2.074992
v -0.458035 2.282861 2.124808
v -0.491382 2.177028 2.470101
v -0.487479 2.199822 2.547814
v -0.437285 2.160773 2.536390
v -0.534043 2.341517 2.118919
v -0.549237 2.252709 2.168161
v -0.571834 2.180993 2.402144
v -0.570284 2.226501 2.494171
v -0.504697 2.393893 2.049564
v -0.570225 2.431724 1.980778
v -0.613671 2.399379 2.066707
v -0.660811 2.249771 2.554817
v -0.634879 2.226532 2.650238
v -0.556386 2.229847 2.584781
v -0.423606 2.375462 2.024279
v -0.466863 2.405766 1.982149
v -0.531631 2.200210 2.652797
v -0.480104 2.196154 2.609289
v -0.430867 2.395174 1.932971
v -0.456536 2.390501 1.867316
v -0.514738 2.424750 1.909290
v -0.592471 2.178047 2.714182
v -0.540764 2.123187 2.739458
v -0.504285 2.162166 2.693184
v -0.554767 2.409402 1.813047
v -0.626591 2.441131 1.878235
v -0.708749 2.180387 2.728942
v -0.647849 2.113987 2.776872
v -0.479817 2.358419 1.786936
v -0.578475 2.353799 1.715929
v -0.685176 2.015163 2.820763
v -0.576002 2.053156 2.782888
v -0.407777 2.351432 1.853098
v -0.493222 2.080254 2.737843
v -0.372959 2.316918 1.848569
v -0.404755 2.379596 1.896888
v -0.379243 2.350711 1.877135
v -0.460924 2.091481 2.722901
v -0.484096 2.127790 2.718429
v -0.457934 2.047233 2.728442
v -0.411469 2.391655 1.982537
v -0.397615 2.388541 1.942650
v -0.469545 2.160256 2.687454
v -0.476349 2.185746 2.654339
v -0.391801 2.346928 2.050052
v -0.390353 2.372902 2.018101
v -0.448358 2.188813 2.618709
v -0.442793 2.185093 2.578055
v -0.357002 2.270137 2.062709
v -0.364161 2.312254 2.057109
v -0.412524 2.158762 2.557892
v -0.402246 2.126545 2.531192
v -0.322749 2.212743 2.015592
v -0.330327 2.246505 2.040225
v -0.378691 2.093014 2.541007
v -0.373742 2.050908 2.543595
v -0.313969 2.202186 1.933880
v -0.308342 2.213531 1.977174
v -0.366347 2.029443 2.577782
v -0.378849 1.996276 2.605682
v -0.335703 2.245410 1.862428
v -0.315604 2.229171 1.901723
v -0.387534 2.000886 2.646526
v -0.415045 1.993605 2.683969
v -0.345409 2.284963 1.860250
v -0.427090 2.025733 2.706016
v -0.350711 2.315596 1.896937
v -0.327914 2.272375 1.905067
v -0.427523 2.071817 2.692290
v -0.401369 2.039251 2.665658
v -0.313828 2.246369 1.947797
v -0.378645 2.040660 2.618945
v -0.319290 2.253089 1.997444
v -0.375684 2.074114 2.581369
v -0.339947 2.287888 2.026402
v -0.392788 2.120184 2.573551
v -0.361054 2.334248 2.018286
v -0.417447 2.155273 2.602211
v -0.373195 2.361735 1.977423
v -0.438012 2.156025 2.648571
v -0.369678 2.353534 1.925909
v -0.443133 2.120409 2.686501
v -0.054456 1.073598 1.892781
v -0.025333 1.126007 1.835039
v -0.001905 1.128196 1.928295
v -0.025853 1.073838 1.986452
v -0.015408 1.085340 2.068117
v -0.054649 1.032965 2.138597
v -0.070359 1.023127 2.057447
v -0.069862 1.127944 1.746309
v -0.037185 1.178469 1.737997
v -0.003737 1.176288 1.823017
v -0.038221 1.066845 2.180087
v -0.086105 1.023210 2.244547
v -0.114064 0.987661 2.203997
v -0.095800 1.197048 1.679677
v -0.056521 1.265731 1.723555
v -0.013928 1.246122 1.786679
v -0.058350 1.105142 2.246639
v -0.112325 1.088624 2.301385
v -0.154936 1.009366 2.292010
v -0.139431 1.323039 1.709207
v -0.105923 1.410157 1.775018
v -0.039207 1.348845 1.807602
v -0.085049 1.203353 2.282283
v -0.159633 1.239699 2.331154
v -0.199421 1.132649 2.330373
v -0.218365 1.502583 1.784567
v -0.195643 1.593010 1.859382
v -0.105246 1.507967 1.875611
v -0.146604 1.376708 2.303857
v -0.242878 1.443102 2.348474
v -0.273461 1.327725 2.355062
v -0.312118 1.861194 1.980884
v -0.391220 1.858262 1.860535
v -0.370997 1.955705 1.793227
v -0.304839 1.969112 1.943788
v -0.355632 1.807910 2.469725
v -0.446311 1.716681 2.573068
v -0.449180 1.674315 2.460678
v -0.350502 1.739373 2.378337
v -0.433904 1.976094 1.670397
v -0.431267 2.089152 1.614525
v -0.375175 2.060813 1.732722
v -0.466652 1.770495 2.679915
v -0.544008 1.731344 2.781910
v -0.530753 1.668726 2.673219
v -0.513954 2.134631 1.518616
v -0.514679 2.263087 1.513270
v -0.445141 2.198916 1.598590
v -0.566328 1.814305 2.853421
v -0.653071 1.823874 2.946249
v -0.644529 1.720226 2.870657
v -0.577314 2.356252 1.476083
v -0.537487 2.457020 1.545150
v -0.498995 2.365222 1.568115
v -0.633531 1.938247 2.961167
v -0.680318 2.003716 3.024099
v -0.726156 1.883872 3.017273
v -0.582081 2.505870 1.572883
v -0.532861 2.529490 1.674829
v -0.502571 2.479896 1.630100
v -0.632348 2.068023 2.973876
v -0.656956 2.135650 2.959773
v -0.721924 2.062050 3.020893
v -0.590842 2.554493 1.764822
v -0.547358 2.592152 1.898696
v -0.500664 2.535827 1.800577
v -0.603628 2.209049 2.866724
v -0.635378 2.312805 2.810094
v -0.699543 2.209509 2.890369
v -0.616457 2.629009 1.982644
v -0.567694 2.647469 2.081340
v -0.517011 2.594221 2.002386
v -0.587502 2.370506 2.732279
v -0.626362 2.461275 2.688818
v -0.690589 2.393737 2.750243
v -0.623583 2.640025 2.148826
v -0.547868 2.587529 2.202647
v -0.518636 2.598256 2.132568
v -0.566524 2.446274 2.628426
v -0.582417 2.477880 2.560388
v -0.669092 2.495595 2.620046
v -0.575373 2.504984 2.240481
v -0.492733 2.423956 2.263916
v -0.480807 2.489282 2.213658
v -0.509290 2.398884 2.508590
v -0.508710 2.373247 2.429357
v -0.598404 2.431890 2.478958
v -0.530937 2.360750 2.291400
v -0.476427 2.332716 2.328788
v -0.443250 2.351404 2.272656
v -0.454641 2.315253 2.390604
v -0.538065 2.338127 2.365211
v -0.452494 2.395997 2.206663
v -0.475115 2.422800 2.141774
v -0.490883 2.507092 2.143122
v -0.532501 2.375010 2.574054
v -0.512712 2.303478 2.531075
v -0.477675 2.316080 2.467402
v -0.497695 2.478345 2.070085
v -0.505153 2.546038 2.051219
v -0.564708 2.357025 2.667892
v -0.550442 2.310943 2.616252
v -0.497669 2.483137 1.973369
v -0.497219 2.518708 1.910575
v -0.580065 2.255779 2.768410
v -0.567605 2.261179 2.697529
v -0.494281 2.457132 1.820895
v -0.491711 2.471285 1.721339
v -0.605236 2.110991 2.896834
v -0.589574 2.154703 2.807602
v -0.489550 2.410237 1.694944
v -0.489145 2.404138 1.633108
v -0.614557 2.006119 2.931688
v -0.604457 2.045558 2.884746
v -0.461832 2.326314 1.658222
v -0.454281 2.277774 1.621706
v -0.575497 1.893069 2.876848
v -0.579133 1.954037 2.872817
v -0.408617 2.207266 1.698362
v -0.391559 2.142052 1.703784
v -0.492184 1.822699 2.745706
v -0.513402 1.874709 2.783361
v -0.355655 2.106808 1.805492
v -0.336558 2.049647 1.857971
v -0.406160 1.828750 2.578671
v -0.437190 1.848042 2.649742
v -0.330483 2.076067 1.961623
v -0.302568 2.025696 2.055178
v -0.336935 1.916628 2.411026
v -0.383459 1.907937 2.510166
v -0.345762 2.099154 2.090542
v -0.357596 2.071850 2.166538
v -0.295732 1.970619 2.151162
v -0.310455 1.923895 2.303605
v -0.374013 2.019748 2.336524
v -0.377149 1.999543 2.415535
v -0.442222 2.329577 2.184903
v -0.425076 2.283703 2.242720
v -0.438382 2.241472 2.380501
v -0.467823 2.248330 2.449981
v -0.410544 2.233352 2.182090
v -0.415367 2.215334 2.298707
v -0.398611 2.171861 2.217335
v -0.410807 2.133153 2.343624
v -0.432008 2.165229 2.404348
v -0.385271 2.086552 2.262142
v -0.380213 2.152722 2.146430
v -0.404108 2.076890 2.393842
v 0.013447 1.176582 1.911386
v 0.018376 1.174809 1.981782
v 0.007867 1.135912 2.008735
v 0.011393 1.152645 2.054094
v -0.005873 1.115266 2.111434
v 0.009590 1.233709 1.861792
v 0.020751 1.220399 1.927459
v 0.001771 1.160160 2.123994
v -0.021413 1.135316 2.182809
v -0.008907 1.323142 1.870612
v 0.007447 1.298654 1.922399
v -0.016393 1.222991 2.169259
v -0.042852 1.215412 2.222093
v -0.125532 1.595722 1.979931
v -0.074192 1.498167 2.003170
v -0.044702 1.422058 1.904847
v -0.077355 1.318425 2.242961
v -0.093218 1.437786 2.200170
v -0.152993 1.508569 2.264275
v -0.016180 1.370786 1.955104
v -0.037766 1.302279 2.178618
v -0.155078 1.660506 2.061052
v -0.172766 1.692703 2.116467
v -0.153622 1.628970 2.144263
v -0.116253 1.574186 2.085064
v -0.124310 1.548618 2.168482
v -0.180728 1.667432 2.198915
v -0.171313 1.608979 2.229164
v -0.037907 1.407408 2.029488
v -0.078467 1.473198 2.103776
v -0.048069 1.375159 2.134703
v -0.018771 1.340982 2.069017
v -0.005321 1.333940 2.011163
v -0.015299 1.302272 2.114482
v -0.197628 1.770993 2.062157
v -0.194963 1.814740 2.072211
v -0.169484 1.794319 2.081661
v -0.177198 1.749863 2.092643
v -0.192324 1.701859 2.249263
v -0.189049 1.732228 2.284240
v -0.216847 1.745287 2.298807
v -0.218880 1.703547 2.282205
v -0.224542 1.840687 2.079330
v -0.231917 1.865471 2.109151
v -0.197078 1.852974 2.088712
v -0.218089 1.786292 2.306269
v -0.249431 1.809887 2.290501
v -0.246072 1.772358 2.302259
v -0.257809 1.871674 2.151049
v -0.243164 1.854724 2.174564
v -0.226939 1.876590 2.140165
v -0.239705 1.836078 2.272342
v -0.248459 1.837919 2.229393
v -0.267883 1.839702 2.255360
v -0.241448 1.829534 2.197254
v -0.226638 1.825399 2.197417
v -0.216349 1.845059 2.185831
v -0.219607 1.834721 2.219560
v -0.172094 1.698561 2.163809
v -0.162032 1.735065 2.129925
v -0.170093 1.709481 2.213394
v -0.155307 1.730551 2.175235
v -0.157320 1.776511 2.108646
v -0.151871 1.768755 2.144221
v -0.159409 1.744832 2.222272
v -0.171410 1.731793 2.254542
v -0.192498 1.832839 2.202995
v -0.182912 1.847435 2.172834
v -0.208525 1.867865 2.164526
v -0.216869 1.841386 2.250917
v -0.189137 1.827677 2.237298
v -0.191649 1.869094 2.142631
v -0.200076 1.874358 2.116178
v -0.217375 1.819456 2.295301
v -0.204177 1.829334 2.272352
v -0.172800 1.853588 2.115965
v -0.165052 1.829081 2.089097
v -0.185255 1.764964 2.298287
v -0.189483 1.800642 2.288709
v -0.152857 1.803787 2.113306
v -0.167670 1.756774 2.266692
v -0.159424 1.823674 2.147947
v -0.169128 1.792874 2.248436
v -0.155959 1.780822 2.190580
v -0.293697 1.904971 2.215330
v -0.245074 1.887855 2.105542
v -0.264199 1.827160 2.303567
v -0.221394 1.801312 2.044486
v -0.249406 1.843840 2.040146
v -0.277544 1.754537 2.331506
v -0.246964 1.720160 2.309253
v -0.191903 1.722226 2.025424
v -0.235067 1.752691 1.992561
v -0.266888 1.651702 2.322049
v -0.217066 1.642368 2.285968
v -0.186923 1.666923 1.950949
v -0.222241 1.554836 2.316644
v -0.299797 1.644219 1.860945
v -0.263416 1.701688 1.925012
v -0.303847 1.573374 2.343650
v -0.347745 1.492046 2.357423
v -0.343427 1.715499 1.912086
v -0.294947 1.769017 1.968503
v -0.330843 1.655094 2.340191
v -0.385508 1.581945 2.347822
v -0.362578 1.775913 1.948699
v -0.401168 1.653441 2.348279
v -0.000996 1.326578 1.974164
v -0.006244 1.299849 2.057619
v -0.012222 1.306279 2.010489
v -0.020717 1.279318 2.098452
v -0.017130 1.275374 2.141222
v 0.015710 1.264107 1.944927
v -0.002273 1.296291 1.958184
v -0.019558 1.241435 2.137158
v -0.002473 1.206401 2.133198
v 0.018562 1.203122 1.971701
v 0.006773 1.230219 1.961373
v -0.006560 1.187901 2.099438
v 0.008291 1.170525 2.078052
v 0.014234 1.174717 2.021244
v 0.005278 1.188579 1.998670
v 0.000734 1.174156 2.045725
v -0.016719 1.179751 2.019797
v -0.014868 1.204285 1.977319
v -0.036074 1.199926 1.995790
v -0.041033 1.184190 2.047132
v -0.023653 1.176406 2.068279
v -0.016883 1.255952 1.952903
v -0.035850 1.231298 1.958502
v -0.049024 1.189489 2.094909
v -0.032681 1.205815 2.116479
v -0.027208 1.300017 1.974014
v -0.040206 1.267954 1.954785
v -0.055924 1.218070 2.117534
v -0.041499 1.254660 2.121996
v -0.033062 1.273573 2.046976
v -0.045624 1.266155 2.000122
v -0.053217 1.242059 2.078737
v -0.049754 1.217316 2.028121
v -0.046846 1.242869 1.971611
v -0.058160 1.206963 2.088758
v -0.388965 2.205463 2.136647
v -0.361965 2.150382 2.099379
v -0.372855 2.186980 2.106495
v -0.405703 2.082729 2.446623
v -0.394279 2.047826 2.433980
v -0.417254 2.115682 2.429565
v -0.421663 2.281738 2.154418
v -0.401146 2.248117 2.129169
v -0.432827 2.147571 2.457211
v -0.450381 2.190596 2.451778
v -0.454647 2.367079 2.138753
v -0.432976 2.322938 2.128998
v -0.468163 2.211263 2.493350
v -0.490130 2.254469 2.506153
v -0.338722 2.117738 2.030700
v -0.346824 2.147320 2.065483
v -0.385165 2.025639 2.462479
v -0.381701 1.981334 2.475733
v -0.336533 2.108696 1.888125
v -0.331653 2.126884 1.963067
v -0.387084 1.950965 2.537023
v -0.404026 1.894495 2.586975
v -0.369382 2.164206 1.775400
v -0.345503 2.146608 1.838160
v -0.423626 1.898671 2.647081
v -0.459033 1.879682 2.703689
v -0.425748 2.267540 1.698627
v -0.392178 2.222547 1.749908
v -0.489037 1.915146 2.752833
v -0.533431 1.925785 2.813637
v -0.467306 2.359086 1.699621
v -0.441977 2.314275 1.714547
v -0.549106 1.974278 2.823823
v -0.579025 2.004524 2.856418
v -0.485658 2.417134 1.763253
v -0.470774 2.382377 1.741985
v -0.576268 2.047573 2.834319
v -0.589042 2.089027 2.833739
v -0.479715 2.447277 1.905274
v -0.468985 2.424099 1.841194
v -0.559379 2.137217 2.777178
v -0.559953 2.192627 2.736094
v -0.488357 2.452392 2.011830
v -0.468243 2.439125 1.963177
v -0.538100 2.217420 2.686510
v -0.550068 2.256540 2.650815
v -0.479993 2.428466 2.084344
v -0.474698 2.428454 2.039804
v -0.530458 2.251489 2.617169
v -0.527866 2.276532 2.580047
v -0.459093 2.390465 2.096540
v -0.503145 2.250657 2.552679
v -0.462716 2.402585 2.059873
v -0.446714 2.352163 2.100870
v -0.456928 2.371436 2.071399
v -0.504397 2.220783 2.562919
v -0.488162 2.220619 2.530046
v -0.513777 2.240534 2.588582
v -0.469062 2.424290 2.000778
v -0.466016 2.405153 2.027175
v -0.522883 2.224674 2.616007
v -0.531526 2.226048 2.647563
v -0.460266 2.425475 1.911553
v -0.465860 2.417641 1.960583
v -0.535058 2.198026 2.677099
v -0.538563 2.176984 2.722282
v -0.473241 2.394343 1.791829
v -0.472070 2.401556 1.855043
v -0.558777 2.126373 2.752856
v -0.570608 2.085328 2.800023
v -0.458737 2.344317 1.740058
v -0.474888 2.359531 1.769575
v -0.574256 2.044168 2.798481
v -0.562729 2.014278 2.816846
v -0.422734 2.270740 1.738877
v -0.450099 2.305461 1.746848
v -0.550964 1.985349 2.791250
v -0.523594 1.950642 2.783227
v -0.369739 2.186719 1.801927
v -0.404862 2.228459 1.776167
v -0.497226 1.935323 2.732554
v -0.455948 1.913120 2.694575
v -0.340499 2.140435 1.897328
v -0.361786 2.161941 1.849522
v -0.438467 1.918580 2.643515
v -0.408017 1.926156 2.596436
v -0.341800 2.143910 2.020103
v -0.349134 2.143783 1.958011
v -0.406061 1.963114 2.547462
v -0.387987 1.997326 2.498348
v -0.366757 2.171312 2.080172
v -0.365040 2.160038 2.050013
v -0.406464 2.028573 2.478930
v -0.403476 2.054776 2.460381
v -0.420799 2.284310 2.117622
v -0.441571 2.314043 2.099741
v -0.481259 2.188087 2.510683
v -0.456111 2.172239 2.483266
v -0.392733 2.219437 2.106973
v -0.417585 2.249905 2.102913
v -0.453681 2.135348 2.476667
v -0.426903 2.110991 2.460789
v -0.392694 2.195653 2.084757
v -0.429478 2.078912 2.465638
v -0.584017 2.314008 2.312664
v -0.600484 2.397522 2.241362
v -0.635090 2.324854 2.259593
v -0.644099 2.296260 2.352884
v -0.617170 2.344566 2.414136
v -0.655854 2.562674 2.183555
v -0.669124 2.469994 2.157895
v -0.703151 2.362002 2.510228
v -0.690586 2.452444 2.543190
v -0.675796 2.622506 2.054153
v -0.698269 2.560294 2.097205
v -0.747274 2.404768 2.604627
v -0.736056 2.431258 2.678120
v -0.653551 2.557693 1.865400
v -0.695722 2.548234 1.985201
v -0.763731 2.332392 2.689408
v -0.743755 2.271413 2.799420
v -0.639833 2.500313 1.649030
v -0.701893 2.478858 1.748396
v -0.807534 2.143587 2.842253
v -0.765070 2.102848 2.945803
v -0.631973 2.431865 1.505435
v -0.697000 2.438311 1.570710
v -0.831656 2.010955 2.965002
v -0.778810 1.965849 3.025860
v -0.606286 2.212909 1.466363
v -0.690925 2.302912 1.469534
v -0.836130 1.842073 2.973070
v -0.748648 1.761094 2.940457
v -0.517021 2.024690 1.580132
v -0.641830 2.084006 1.492773
v -0.772051 1.670725 2.841146
v -0.630875 1.663352 2.759035
v -0.455634 1.890931 1.747881
v -0.554263 1.923681 1.641265
v -0.651364 1.615510 2.646703
v -0.533980 1.642284 2.559117
v -0.432269 1.318202 1.950726
v -0.491691 1.336687 2.022028
v -0.537861 1.395399 1.945811
v -0.476856 1.415677 1.897826
v -0.503089 1.332419 2.169464
v -0.553574 1.345530 2.108515
v -0.444765 1.278544 2.080114
v -0.310658 1.161850 1.911271
v -0.382742 1.213548 1.994807
v -0.365825 1.283731 1.876541
v -0.390582 1.205159 2.132890
v -0.323727 1.120371 2.046599
v -0.164062 1.059233 1.883235
v -0.240480 1.067475 1.963774
v -0.239395 1.133635 1.823599
v -0.267504 1.044424 2.114658
v -0.179012 1.011786 2.038035
v -0.109848 1.084825 1.804966
v -0.103171 1.028172 1.964988
v -0.140791 0.986622 2.125363
v -0.138424 1.148666 1.685817
v -0.180364 1.123978 1.737939
v -0.223950 0.985650 2.189250
v -0.193169 0.974922 2.252674
v -0.195974 1.258047 1.692032
v -0.221135 1.192672 1.703741
v -0.273705 1.025831 2.248077
v -0.254527 1.072217 2.298322
v -0.268954 1.422312 1.758639
v -0.313132 1.344854 1.766533
v -0.361319 1.191922 2.265490
v -0.323427 1.249433 2.322678
v -0.299654 1.241511 1.786649
v -0.402371 1.401983 1.846458
v -0.438122 1.288519 2.216647
v -0.339002 1.116632 2.194079
v -0.492431 1.508602 1.861435
v -0.395592 1.498873 1.826263
v -0.440193 1.357323 2.288083
v -0.529759 1.390135 2.247947
v -0.346799 1.577801 1.827500
v -0.396244 1.420879 2.339474
v -0.394565 1.667700 1.879021
v -0.465964 1.704684 1.872073
v -0.406411 1.730013 1.914945
v -0.447707 1.598954 2.342536
v -0.512399 1.557315 2.352883
v -0.439006 1.526657 2.339186
v -0.454533 1.597831 1.860994
v -0.497367 1.461890 2.304519
v -0.418653 1.792095 1.909847
v -0.443651 1.765526 1.904845
v -0.487991 1.624807 2.363957
v -0.463965 1.648289 2.379031
v -0.459567 1.821234 1.844506
v -0.517191 1.638355 2.441167
v -1.585513 1.335341 1.915978
v -1.659960 1.502364 1.776866
v -1.492715 1.469454 1.648178
v -1.417287 1.337824 1.761837
v -1.447250 1.242729 2.072093
v -1.548365 1.292838 2.224406
v -1.692018 1.400620 2.108816
v -1.287783 1.241119 1.915852
v -1.233102 1.393806 1.665431
v -1.075939 1.307667 1.807405
v -1.102078 1.224710 2.078061
v -1.286061 1.225729 2.213802
v -0.881364 1.287570 1.969340
v -0.866824 1.421200 1.760685
v -0.693977 1.382103 1.902371
v -0.713942 1.318739 2.109104
v -0.910770 1.281728 2.215727
v -0.595910 1.358930 2.018780
v -0.579932 1.462722 1.872351
v -0.611408 1.362829 2.198263
v -0.571689 1.562700 1.837104
v -0.614840 1.425754 2.283906
v -0.784684 2.161467 1.425816
v -0.709834 1.944344 1.502294
v -0.876390 2.014735 1.385150
v -1.017769 1.566039 2.849068
v -0.829743 1.563787 2.743902
v -0.928368 1.705456 2.913598
v -1.814663 1.602443 1.975715
v -1.824017 1.856067 1.828194
v -1.676020 1.706609 1.645874
v -1.741700 1.498161 2.325958
v -1.863296 1.731410 2.234901
v -1.314705 2.493017 2.296963
v -1.125526 2.542396 2.097609
v -1.285894 2.552484 1.888440
v -1.458912 2.493804 2.051116
v -1.499557 2.364809 2.471976
v -1.361093 2.313824 2.667093
v -1.166275 2.413068 2.519553
v -1.651378 2.341948 2.218146
v -1.566315 2.426565 1.822821
v -1.738919 2.260300 1.951963
v -1.779658 2.131004 2.373805
v -1.641504 2.187937 2.601370
v -1.868562 2.006848 2.094461
v -1.731073 2.104172 1.709747
v -1.805973 1.866462 2.485301
v -0.778312 2.415844 1.648431
v -0.767174 2.360651 1.516453
v -0.866444 2.383863 1.577719
v -0.994086 1.978767 2.899388
v -0.905974 1.920140 2.953667
v -0.896780 2.039862 2.875113
v -1.010034 2.431283 1.647225
v -0.967097 2.359168 1.494126
v -1.119041 2.427154 1.550152
v -1.249561 2.012923 2.901625
v -1.106347 1.917231 2.935989
v -1.125624 2.064435 2.844103
v -1.284504 2.460732 1.622906
v -1.197447 2.363495 1.452662
v -1.357547 2.379307 1.506640
v -1.489084 1.961846 2.868650
v -1.340293 1.910145 2.931767
v -1.401291 2.090085 2.832180
v -1.507462 2.348488 1.567027
v -1.397680 2.257677 1.409645
v -1.515783 2.210963 1.446036
v -1.646222 1.796989 2.796670
v -1.538994 1.809190 2.872880
v -1.624239 1.977873 2.776198
v -1.446050 2.100097 1.365038
v -1.497501 1.925039 1.394393
v -1.598940 2.082130 1.488605
v -1.713607 1.718212 2.675928
v -1.621948 1.530083 2.682978
v -1.585900 1.656257 2.813112
v -1.651451 1.907000 1.545994
v -1.622436 2.276217 1.634267
v -1.721619 1.961440 2.661262
v -1.745786 1.607611 2.522783
v -1.422328 2.473005 1.712513
v -1.521756 2.157452 2.742038
v -1.148321 2.513346 1.751596
v -1.247704 2.197936 2.780657
v -0.972497 2.497536 1.898987
v -0.866954 2.428792 1.747326
v -0.967304 2.110310 2.786407
v -1.048200 2.257277 2.682857
v -0.751470 2.445248 1.881314
v -0.831198 2.192214 2.706865
v -0.957612 2.441837 2.315763
v -0.810205 2.431964 2.080000
v -0.853443 2.294739 2.527710
v -0.692509 2.443395 2.045076
v -0.744464 2.278503 2.583054
v -0.696676 2.369250 2.204611
v -0.716653 2.305851 2.411458
v -0.681635 2.321048 2.305394
v -0.881534 2.260925 1.437886
v -1.026804 1.799881 2.942093
v -0.993977 2.142739 1.361523
v -1.078920 2.276666 1.398614
v -1.228573 1.801712 2.948203
v -1.144374 1.665426 2.918808
v -1.176269 2.156775 1.336759
v -1.270623 2.224573 1.372549
v -1.418802 1.754295 2.906882
v -1.328672 1.673094 2.914820
v -1.344581 2.078262 1.320035
v -1.492853 1.607692 2.855322
v -0.723318 1.563640 1.746373
v -1.055230 1.479018 1.632527
v -0.896495 1.607059 1.613838
v -0.975622 1.355935 2.433156
v -1.121530 1.268602 2.319033
v -0.779840 1.384258 2.331627
v -0.942703 1.751800 1.435933
v -0.788472 1.775417 1.549402
v -1.052318 1.629573 1.500815
v -1.149805 1.320178 2.510250
v -0.889740 1.454023 2.597985
v -1.059962 1.379657 2.650088
v -0.607166 1.793034 1.705113
v -0.685185 1.545428 2.512956
v -0.487954 1.783978 1.831388
v -0.590902 1.667597 1.791422
v -0.647354 1.488436 2.375955
v -0.545395 1.601679 2.426159
v -1.373032 1.811176 1.345643
v -1.343475 1.670938 1.438653
v -1.515403 1.753472 1.473963
v -1.616410 1.432906 2.519843
v -1.449142 1.335583 2.532784
v -1.502008 1.401845 2.681128
v -1.517464 1.600235 1.564864
v -1.594300 1.356383 2.360456
v -1.162985 1.660613 1.402565
v -1.228515 1.560958 1.535038
v -1.313349 1.291718 2.413462
v -1.277467 1.297280 2.587978
v -1.374646 1.504494 1.574314
v -1.447104 1.274534 2.324582
v -1.366699 2.215636 1.122279
v -1.357724 2.189268 1.192252
v -1.289297 2.158502 1.238239
v -1.313089 2.168214 1.177117
v -1.491742 1.601225 3.026978
v -1.457130 1.625852 2.976068
v -1.534101 1.629498 3.018560
v -1.556591 1.612979 3.088513
v -1.439240 2.240372 1.025609
v -1.390022 2.204989 1.040602
v -1.425824 2.230130 0.950168
v -1.645625 1.532547 3.226106
v -1.593247 1.560014 3.144901
v -1.646156 1.583681 3.168129
v -1.433882 2.200977 0.852695
v -1.399036 2.164314 0.897250
v -1.372735 2.119572 0.830629
v -1.608429 1.371550 3.271131
v -1.625023 1.447100 3.237237
v -1.669048 1.454633 3.287721
v -1.341110 2.024945 0.785419
v -1.325776 2.014345 0.845481
v -1.274186 1.926569 0.844302
v -1.498796 1.213724 3.170033
v -1.554017 1.289975 3.208814
v -1.580177 1.266220 3.260837
v -1.229155 1.829192 0.891376
v -1.220141 1.859324 0.932113
v -1.144810 1.792541 1.015083
v -1.334517 1.190470 2.979405
v -1.426683 1.203821 3.070760
v -1.441059 1.156670 3.085550
v -1.090222 1.732894 1.126673
v -1.088492 1.790093 1.123942
v -1.027083 1.749018 1.238293
v -1.177367 1.272063 2.794410
v -1.259961 1.245901 2.899425
v -1.258115 1.200053 2.865121
v -1.180936 1.824207 1.019960
v -1.152336 1.809652 1.096902
v -1.078399 1.796174 1.193112
v -1.238256 1.288838 2.848349
v -1.328509 1.250531 2.921093
v -1.370877 1.221391 2.986710
v -1.292116 1.924483 0.883275
v -1.265556 1.862209 0.937472
v -1.470547 1.211630 3.060056
v -1.509488 1.234609 3.134058
v -1.371588 2.074562 0.869286
v -1.350800 1.985700 0.862036
v -1.574183 1.276750 3.175061
v -1.598119 1.355622 3.214902
v -1.408348 2.163190 0.962053
v -1.408815 2.102416 0.901297
v -1.630607 1.398516 3.197844
v -1.622772 1.482673 3.182311
v -1.355435 2.154425 1.104891
v -1.400935 2.132405 1.022087
v -1.603322 1.490089 3.117709
v -1.545277 1.551926 3.070608
v -1.286260 2.112872 1.199501
v -1.334476 2.104976 1.140823
v -1.515727 1.529738 3.017596
v -1.458478 1.566306 2.982732
v -0.949995 1.879669 1.373447
v -1.020346 1.744518 1.371649
v -1.023644 1.812221 1.362046
v -1.155712 1.393078 2.729544
v -1.147155 1.342063 2.684699
v -1.084932 1.451422 2.770647
v -1.042585 1.698795 1.337710
v -1.044029 1.772153 1.287842
v -1.186593 1.319697 2.764025
v -1.172507 1.286463 2.682985
v -1.039298 1.992867 1.344309
v -1.183900 1.533944 2.841591
v -1.291307 2.120394 1.285851
v -1.231271 2.098847 1.298622
v -1.254460 2.107170 1.254477
v -1.417284 1.590414 2.940447
v -1.386313 1.606793 2.904002
v -1.448725 1.620796 2.915843
v -1.115720 1.789915 1.219103
v -1.101646 1.786928 1.280675
v -1.245283 1.331067 2.767972
v -1.270060 1.300089 2.817213
v -1.152087 1.792856 1.245299
v -1.142064 1.820878 1.287885
v -1.087021 1.809188 1.333798
v -1.222800 1.378267 2.739723
v -1.285578 1.365409 2.773899
v -1.301383 1.319035 2.791189
v -1.197461 1.849586 1.280887
v -1.168190 1.859606 1.312310
v -1.182242 1.832604 1.249684
v -1.332393 1.356069 2.804430
v -1.309064 1.412515 2.770991
v -1.342803 1.388313 2.785840
v -1.215424 1.898391 1.290020
v -1.208177 1.959604 1.290022
v -1.145546 1.921423 1.327698
v -1.287426 1.471139 2.796795
v -1.357643 1.485245 2.837668
v -1.361483 1.434844 2.802388
v -1.243530 2.046185 1.253452
v -1.209109 2.036811 1.295075
v -1.245035 1.986202 1.248826
v -1.402517 1.486402 2.879477
v -1.361817 1.552161 2.876295
v -1.403446 1.538658 2.909309
v -1.277750 2.057311 1.207598
v -1.445713 1.524249 2.946769
v -1.142309 2.043853 1.322687
v -1.291690 1.569761 2.869460
v -1.065233 1.868636 1.351567
v -1.201459 1.436295 2.762126
v -1.321048 2.063067 1.162641
v -1.277790 2.006418 1.214020
v -1.310440 2.019619 1.172373
v -1.481994 1.475158 2.948734
v -1.441896 1.485593 2.913265
v -1.496458 1.506369 2.978928
v -1.251329 1.932068 1.253509
v -1.276507 1.956300 1.216050
v -1.437590 1.445070 2.883993
v -1.404980 1.444426 2.844491
v -1.226935 1.861686 1.285947
v -1.250481 1.883568 1.260120
v -1.400386 1.407814 2.812318
v -1.371542 1.402745 2.783290
v -1.211668 1.842812 1.248148
v -1.236294 1.853389 1.258195
v -1.385156 1.380944 2.799598
v -1.362139 1.365264 2.806199
v -1.186033 1.805346 1.219179
v -1.215586 1.828091 1.211159
v -1.371676 1.332708 2.827398
v -1.339998 1.316707 2.813415
v -1.162087 1.778973 1.221245
v -1.188761 1.787887 1.205160
v -1.344198 1.294579 2.814631
v -1.314680 1.294688 2.801274
v -1.144098 1.799450 1.158253
v -1.168149 1.788390 1.192047
v -1.326257 1.286604 2.829177
v -1.309122 1.275713 2.867001
v -1.385656 2.097449 1.073586
v -1.362602 2.065113 1.105934
v -1.547347 1.478788 3.018880
v -1.577409 1.488881 3.059103
v -1.429030 2.107471 0.944479
v -1.419339 2.093350 1.001786
v -1.622873 1.447393 3.109287
v -1.643191 1.427788 3.162016
v -1.396521 2.037138 0.862816
v -1.418723 2.068241 0.901481
v -1.638481 1.370795 3.176971
v -1.621755 1.322314 3.195003
v -1.328753 1.911288 0.879396
v -1.368140 1.972832 0.871063
v -1.588959 1.272019 3.157538
v -1.545476 1.223473 3.123465
v -1.236774 1.823384 1.005711
v -1.299523 1.866489 0.943282
v -1.503152 1.220231 3.051765
v -1.428221 1.215787 2.988060
v -1.206577 1.814913 1.084586
v -1.384272 1.250963 2.924530
v -1.240598 1.860428 1.209736
v -1.213185 1.823190 1.174613
v -1.243104 1.869271 1.155902
v -1.410613 1.337649 2.890373
v -1.375451 1.308208 2.854799
v -1.398249 1.360090 2.842143
v -1.270852 1.917718 1.155477
v -1.250166 1.874159 1.104319
v -1.284817 1.929169 1.099598
v -1.464692 1.358301 2.962114
v -1.426848 1.313423 2.933778
v -1.440566 1.379099 2.912779
v -1.311326 1.979703 1.106572
v -1.302241 1.933566 1.037205
v -1.323550 1.988373 1.051119
v -1.514434 1.382565 3.027631
v -1.492980 1.328217 3.012219
v -1.492243 1.405526 2.979883
v -1.348706 2.031287 1.051519
v -1.338379 1.994396 0.984795
v -1.359657 2.033398 0.987975
v -1.563401 1.386775 3.097651
v -1.540947 1.351506 3.082290
v -1.541397 1.419743 3.046746
v -1.385206 2.067158 1.040449
v -1.336052 2.026462 1.113900
v -1.517778 1.449721 2.995579
v -1.581143 1.445312 3.069285
v -1.294805 1.969809 1.165284
v -1.465192 1.429053 2.929558
v -1.262271 1.904475 1.212054
v -1.421514 1.399087 2.860938
v -1.201314 1.822575 1.141209
v -1.369596 1.288500 2.883686
v -1.268877 1.863876 1.035337
v -1.456768 1.267567 2.980857
v -1.329933 1.937276 0.946798
v -1.536231 1.282548 3.082915
v -1.374733 2.019841 0.920158
v -1.589368 1.338655 3.142599
v -1.404610 2.072801 0.972036
v -1.612499 1.413024 3.124629
v -1.214110 1.750546 0.988081
v -1.110241 1.695084 1.232451
v -1.241186 1.757272 1.112470
v -1.410321 1.220490 2.863780
v -1.257247 1.228530 2.754632
v -1.405118 1.144342 2.965885
v -1.323974 1.910513 0.792071
v -1.344567 1.859033 0.878274
v -1.558416 1.180343 3.092575
v -1.556025 1.174053 3.194849
v -1.415958 2.114668 0.778501
v -1.411225 2.025680 0.761143
v -1.653395 1.257104 3.268702
v -1.659785 1.340837 3.303208
v -1.489879 2.215208 0.908189
v -1.474404 2.134403 0.806743
v -1.713356 1.376038 3.280986
v -1.715146 1.500279 3.240720
v -1.444689 2.183880 1.102336
v -1.487627 2.124393 0.969498
v -1.697325 1.458874 3.140824
v -1.635049 1.579734 3.073424
v -1.365965 2.115728 1.245932
v -1.410979 2.057144 1.164278
v -1.584264 1.507189 2.958562
v -1.528859 1.598750 2.932626
v -1.392632 1.933140 1.027234
v -1.314615 1.869571 1.224195
v -1.468974 1.379682 2.822512
v -1.583566 1.327174 3.004262
v -1.451459 2.033899 0.830532
v -1.681242 1.304637 3.209826
v -1.373179 1.980012 1.285599
v -1.521724 1.508574 2.823715
v -1.230281 1.721992 1.303871
v -1.364198 1.296980 2.690518
v -0.387606 2.256398 1.799251
v -0.477720 1.970404 2.732337
v -0.453951 2.214346 1.713748
v -0.555656 1.891565 2.766853
v -0.391376 2.089426 1.805287
v -0.471409 1.835423 2.633997
v -0.344538 2.171370 1.862130
v -0.419809 1.932482 2.641525
v -0.336215 2.146769 1.974605
v -0.390615 1.974118 2.537895
v -0.379798 2.052863 1.970862
v -0.429078 1.896463 2.481131
v -0.428321 2.125244 2.112067
v -0.455943 2.037579 2.398083
v -0.369776 2.196175 2.069486
v -0.409649 2.069630 2.482353
v -0.420371 2.294495 2.094735
v -0.460244 2.167950 2.507602
v -0.502054 2.268528 2.148863
v -0.529676 2.180863 2.434879
v -0.557732 2.398636 2.059658
v -0.607011 2.242236 2.569927
v -0.458053 2.383534 2.035408
v -0.512454 2.210884 2.598698
v -0.466376 2.408135 1.922933
v -0.541647 2.169248 2.702328
v -0.569309 2.435199 1.894083
v -0.649342 2.181196 2.722793
v -0.527684 2.357629 1.750544
v -0.629389 2.034849 2.803649
v -0.438201 2.354718 1.824501
v -0.528315 2.068724 2.757586
v -0.391060 2.352386 1.865684
v -0.474636 2.087142 2.731069
v -0.411826 2.393249 1.938296
v -0.484531 2.162506 2.691120
v -0.404429 2.375660 2.021612
v -0.461729 2.193808 2.614924
v -0.375565 2.309338 2.064361
v -0.422310 2.160984 2.548381
v -0.338160 2.236650 2.045695
v -0.384905 2.088296 2.529714
v -0.314274 2.200465 1.976621
v -0.371574 2.018613 2.569933
v -0.321671 2.218055 1.893305
v -0.394376 1.987311 2.646129
v -0.353655 2.279697 1.847018
v -0.437231 2.014454 2.712402
v -0.340076 2.290977 1.885390
v -0.417769 2.044405 2.689858
v -0.316911 2.248101 1.917086
v -0.387145 2.025198 2.644329
v -0.311192 2.236173 1.974991
v -0.370745 2.047168 2.591637
v -0.328155 2.261610 2.023633
v -0.380271 2.096211 2.563266
v -0.354128 2.312083 2.036594
v -0.406244 2.146683 2.576228
v -0.374290 2.358790 2.006480
v -0.433843 2.169785 2.623126
v -0.380009 2.370718 1.948575
v -0.450243 2.147815 2.675817
v -0.366049 2.341449 1.898351
v -0.443742 2.094877 2.702820
v -0.022529 1.099837 1.907073
v -0.037877 1.051126 2.065999
v -0.030646 1.150508 1.777071
v -0.071336 1.021371 2.198396
v -0.044922 1.215944 1.720870
v -0.098721 1.045202 2.277935
v -0.075477 1.329809 1.742668
v -0.131053 1.153426 2.318135
v -0.149301 1.504431 1.816528
v -0.200069 1.343310 2.342202
v -0.339577 1.906302 1.900941
v -0.393913 1.733854 2.463570
v -0.398728 2.017165 1.695967
v -0.493899 1.715122 2.681414
v -0.475127 2.169670 1.549831
v -0.602774 1.764557 2.871552
v -0.533919 2.368433 1.514417
v -0.677438 1.912949 3.000482
v -0.534690 2.504235 1.596626
v -0.671090 2.071342 3.008983
v -0.537328 2.557747 1.783012
v -0.643923 2.219444 2.886762
v -0.559780 2.627556 1.998522
v -0.632012 2.398313 2.746454
v -0.564420 2.635564 2.150191
v -0.610450 2.489477 2.626816
v -0.519793 2.507818 2.237503
v -0.544437 2.429604 2.492683
v -0.478505 2.363402 2.292465
v -0.486476 2.338105 2.374998
v -0.472255 2.456028 2.177868
v -0.505364 2.350948 2.520701
v -0.501921 2.537119 2.101396
v -0.552268 2.377332 2.622719
v -0.502379 2.537582 1.989933
v -0.572258 2.315809 2.713492
v -0.493205 2.495993 1.812089
v -0.592143 2.181995 2.836540
v -0.492260 2.443449 1.664007
v -0.614319 2.056070 2.927871
v -0.476655 2.346613 1.617455
v -0.601931 1.949023 2.914635
v -0.423880 2.207263 1.651903
v -0.536540 1.849712 2.818449
v -0.362828 2.088058 1.772101
v -0.449081 1.814317 2.665208
v -0.312335 2.029273 1.959545
v -0.363471 1.866983 2.489033
v -0.324549 2.041847 2.121503
v -0.347799 1.968060 2.362243
v -0.437519 2.338905 2.229852
v -0.455830 2.280792 2.419453
v -0.412297 2.226990 2.235158
v -0.424100 2.189530 2.357373
v -0.382183 2.118853 2.195644
v -0.395610 2.076239 2.334678
v 0.011762 1.154637 1.956436
v 0.001536 1.122180 2.062329
v 0.013156 1.201314 1.878927
v -0.013169 1.117767 2.151507
v 0.001715 1.277115 1.860853
v -0.031648 1.171231 2.206311
v -0.082308 1.505846 1.941182
v -0.112460 1.410150 2.253399
v -0.021984 1.365528 1.882796
v -0.055849 1.258051 2.233452
v -0.152091 1.644272 2.104786
v -0.159849 1.619649 2.185120
v -0.074457 1.486794 2.056281
v -0.083569 1.457873 2.150636
v -0.015613 1.359083 2.015310
v -0.026041 1.325990 2.123279
v -0.183958 1.782736 2.075095
v -0.203805 1.719745 2.280607
v -0.213194 1.845066 2.084104
v -0.234314 1.778035 2.302799
v -0.243077 1.867948 2.143458
v -0.254529 1.831603 2.262038
v -0.232846 1.835649 2.188943
v -0.234774 1.829528 2.208913
v -0.172026 1.719301 2.124073
v -0.180097 1.693687 2.207642
v -0.154896 1.750165 2.137236
v -0.162608 1.725690 2.217091
v -0.198543 1.848379 2.183482
v -0.202690 1.835215 2.226431
v -0.209396 1.878032 2.140606
v -0.222458 1.836578 2.275856
v -0.181870 1.855674 2.097918
v -0.201671 1.792832 2.302949
v -0.158620 1.802690 2.092613
v -0.176899 1.744675 2.281892
v -0.173925 1.850269 2.145014
v -0.185325 1.814088 2.263057
v -0.152509 1.794467 2.147284
v -0.160879 1.767901 2.233957
v -0.273345 1.908592 2.157653
v -0.283981 1.874836 2.267785
v -0.230110 1.845912 2.068271
v -0.253761 1.770848 2.313176
v -0.210152 1.763042 2.033231
v -0.235829 1.681551 2.299106
v -0.163326 1.668027 2.008414
v -0.189042 1.586415 2.274682
v -0.234314 1.657497 1.896192
v -0.277911 1.519134 2.347616
v -0.283349 1.735233 1.946778
v -0.321432 1.614370 2.341108
v -0.300902 1.811964 1.991130
v -0.335041 1.703618 2.344620
v -0.003785 1.318708 2.011863
v -0.012850 1.289941 2.105719
v 0.007256 1.302660 1.951442
v -0.011712 1.242462 2.147845
v 0.019052 1.229481 1.953300
v 0.004137 1.182145 2.107739
v 0.016688 1.185528 1.995087
v 0.011487 1.169022 2.048940
v -0.015253 1.189005 1.997527
v -0.019673 1.174977 2.043297
v -0.015111 1.227187 1.961006
v -0.027976 1.186356 2.094221
v -0.022181 1.284914 1.956390
v -0.038832 1.232067 2.128809
v -0.030020 1.290813 2.005679
v -0.038227 1.264768 2.090653
v -0.047621 1.230518 1.996600
v -0.053883 1.210642 2.061449
v -0.045264 1.247282 1.958170
v -0.059194 1.203071 2.102412
v -0.375036 2.174955 2.119827
v -0.404868 2.080276 2.428725
v -0.404743 2.241291 2.148769
v -0.432566 2.152991 2.436858
v -0.438625 2.325265 2.151675
v -0.469872 2.226097 2.475223
v -0.349083 2.131878 2.073638
v -0.385129 2.017480 2.446875
v -0.333792 2.107648 1.962692
v -0.388220 1.934910 2.526266
v -0.348525 2.127851 1.826563
v -0.427620 1.876827 2.645556
v -0.397176 2.213698 1.729856
v -0.496986 1.896932 2.763340
v -0.449252 2.317096 1.690308
v -0.560653 1.963542 2.843818
v -0.480227 2.392131 1.721207
v -0.589722 2.044628 2.854972
v -0.482796 2.435363 1.831118
v -0.575325 2.141705 2.789209
v -0.483496 2.453034 1.965269
v -0.553475 2.230942 2.689868
v -0.487134 2.444748 2.050428
v -0.541698 2.271579 2.615410
v -0.468772 2.402236 2.115020
v -0.510056 2.271211 2.542505
v -0.455722 2.380752 2.082837
v -0.501709 2.234804 2.559010
v -0.468255 2.416364 2.032789
v -0.524703 2.237214 2.617281
v -0.463491 2.428265 1.961931
v -0.533064 2.207464 2.682321
v -0.466592 2.413267 1.848900
v -0.555096 2.132383 2.765315
v -0.469949 2.371719 1.757297
v -0.572203 2.047194 2.816097
v -0.443425 2.310531 1.732392
v -0.547205 1.981165 2.806985
v -0.395954 2.227076 1.764292
v -0.490474 1.927099 2.742998
v -0.351026 2.156952 1.844925
v -0.428425 1.911308 2.646363
v -0.337447 2.137516 1.961236
v -0.393671 1.959079 2.543405
v -0.352858 2.155229 2.058007
v -0.392830 2.028372 2.471894
v -0.434701 2.319103 2.112797
v -0.472491 2.199172 2.504086
v -0.406503 2.250447 2.114995
v -0.440700 2.141917 2.469088
v -0.379874 2.192813 2.095564
v -0.414831 2.081872 2.457521
v -0.585419 2.340280 2.274778
v -0.593438 2.314831 2.357808
v -0.627980 2.482432 2.215536
v -0.653279 2.402141 2.477492
v -0.673598 2.610688 2.127877
v -0.720354 2.462297 2.612016
v -0.666404 2.597780 1.967307
v -0.740701 2.361985 2.736614
v -0.645044 2.524590 1.752833
v -0.753323 2.180945 2.874009
v -0.635675 2.479758 1.566272
v -0.774368 2.039587 3.002376
v -0.626152 2.332545 1.467915
v -0.774327 1.862284 3.002190
v -0.564317 2.109414 1.509631
v -0.694261 1.697013 2.855131
v -0.481954 1.953179 1.659027
v -0.578751 1.645974 2.661315
v -0.486566 1.369254 1.953383
v -0.500418 1.325292 2.096814
v -0.374973 1.242782 1.933887
v -0.387338 1.203538 2.061926
v -0.237198 1.096594 1.892940
v -0.251217 1.052102 2.038102
v -0.101896 1.055428 1.883994
v -0.117560 1.005716 2.046188
v -0.121979 1.114318 1.733007
v -0.166897 0.971761 2.198114
v -0.164234 1.194919 1.675014
v -0.222916 1.008681 2.282635
v -0.230852 1.336424 1.722631
v -0.287664 1.156119 2.310894
v -0.352862 1.323762 1.820081
v -0.389871 1.206306 2.203292
v -0.240813 1.169488 1.756366
v -0.282593 1.036891 2.188977
v -0.450221 1.464649 1.858700
v -0.486383 1.349882 2.233138
v -0.309592 1.506391 1.794397
v -0.361629 1.341240 2.333216
v -0.402657 1.701247 1.897506
v -0.445526 1.565196 2.341384
v -0.375123 1.629103 1.856221
v -0.421813 1.480923 2.339676
v -0.410788 1.757953 1.927938
v -0.451234 1.629591 2.346733
v -0.433657 1.836846 1.842261
v -0.492949 1.648671 2.456203
v -1.546537 1.398405 1.764837
v -1.577041 1.301596 2.080688
v -1.261175 1.306694 1.775311
v -1.289749 1.216010 2.071177
v -0.870690 1.341419 1.855367
v -0.893714 1.268349 2.093765
v -0.593388 1.400014 1.931677
v -0.610885 1.344485 2.112845
v -0.527928 1.535965 1.858368
v -0.566661 1.413039 2.259429
v -0.755845 2.047605 1.442255
v -0.891029 1.618572 2.842021
v -1.762504 1.659676 1.794460
v -1.798190 1.546420 2.163970
v -1.295115 2.543493 2.082090
v -1.335773 2.414456 2.503086
v -1.613238 2.401537 2.007864
v -1.653895 2.272504 2.428847
v -1.814389 2.068216 1.886032
v -1.855089 1.939048 2.307453
v -0.771095 2.399222 1.577096
v -0.901282 1.986048 2.925121
v -0.987486 2.403730 1.567456
v -1.115944 1.996044 2.897577
v -1.244049 2.419733 1.530377
v -1.375519 2.002486 2.891689
v -1.454329 2.310444 1.477560
v -1.585626 1.893746 2.837080
v -1.526093 2.076936 1.412510
v -1.655035 1.667712 2.747645
v -1.661918 2.100846 1.582258
v -1.760128 1.789155 2.599181
v -1.537641 2.397876 1.678523
v -1.637038 2.082419 2.707733
v -1.291187 2.514208 1.737839
v -1.390609 2.198673 2.767307
v -0.999398 2.469177 1.752135
v -1.098835 2.153596 2.781751
v -0.770700 2.436838 1.745778
v -0.873380 2.110961 2.808988
v -0.954692 2.489932 2.095726
v -0.995845 2.359326 2.521842
v -0.695125 2.499793 2.065744
v -0.746445 2.336920 2.597132
v -0.726722 2.417205 2.053158
v -0.775279 2.263100 2.555943
v -0.671533 2.332122 2.263725
v -0.679593 2.306542 2.347184
v -0.780224 2.274753 1.458323
v -0.924371 1.817273 2.950902
v -0.980916 2.268436 1.416849
v -1.128592 1.799756 2.945966
v -1.175884 2.264843 1.385922
v -1.325486 1.790053 2.934973
v -1.362273 2.161917 1.358804
v -1.507948 1.699590 2.867195
v -0.879906 1.513346 1.686460
v -0.941570 1.317642 2.324965
v -0.916870 1.688096 1.522036
v -1.016073 1.373257 2.549231
v -0.661910 1.861650 1.596755
v -0.761655 1.545089 2.629568
v -0.537453 1.738693 1.803850
v -0.596448 1.551461 2.414715
v -0.623233 1.598192 1.794713
v -0.674838 1.434414 2.329057
v -0.463962 1.792979 1.863898
v -0.516600 1.625922 2.408937
v -1.440106 1.780620 1.407351
v -1.555505 1.414379 2.602251
v -1.594223 1.734554 1.545355
v -1.680384 1.461107 2.437506
v -1.203155 1.621219 1.472057
v -1.302679 1.305362 2.502575
v -1.227964 1.481292 1.592341
v -1.298501 1.257428 2.322718
v -1.462446 1.521064 1.584949
v -1.532447 1.298903 2.309773
v -1.325220 2.189687 1.189023
v -1.502735 1.626307 3.027108
v -1.406329 2.233851 1.037544
v -1.611363 1.583137 3.160567
v -1.410722 2.191248 0.877693
v -1.641381 1.459208 3.266052
v -1.326750 2.024328 0.817297
v -1.560445 1.282650 3.237098
v -1.213506 1.846930 0.914206
v -1.422631 1.183232 3.079590
v -1.073815 1.763968 1.130227
v -1.243031 1.226930 2.882370
v -1.118599 1.805187 1.110955
v -1.292643 1.252825 2.913096
v -1.240555 1.864028 0.939529
v -1.445706 1.212940 3.063772
v -1.335451 2.000025 0.860530
v -1.560126 1.286974 3.186932
v -1.399448 2.131549 0.904716
v -1.622362 1.424085 3.212892
v -1.390017 2.167176 1.034227
v -1.592330 1.525098 3.129073
v -1.318591 2.136317 1.159440
v -1.498534 1.565234 3.022660
v -0.981122 1.790964 1.385130
v -1.108726 1.385985 2.706415
v -1.022486 1.737828 1.320644
v -1.157830 1.308288 2.722063
v -0.969100 2.004885 1.354694
v -1.113715 1.545919 2.852118
v -1.260989 2.124328 1.274073
v -1.421193 1.615889 2.932910
v -1.079756 1.787800 1.249844
v -1.229208 1.313484 2.797348
v -1.121674 1.799953 1.288953
v -1.264223 1.347548 2.764974
v -1.169928 1.839581 1.284666
v -1.314538 1.380634 2.782029
v -1.184968 1.905238 1.309117
v -1.328566 1.449502 2.796003
v -1.227096 2.006404 1.271848
v -1.381935 1.514992 2.875130
v -1.261978 2.082205 1.230079
v -1.427607 1.556548 2.945090
v -1.190101 2.083160 1.312069
v -1.342642 1.599040 2.891563
v -1.096933 1.956896 1.338176
v -1.239704 1.503784 2.816499
v -1.055906 1.823355 1.353806
v -1.189469 1.399469 2.736780
v -1.296329 2.037490 1.191501
v -1.465732 1.499856 2.945587
v -1.263759 1.971239 1.233214
v -1.422855 1.466317 2.880574
v -1.238319 1.891403 1.275830
v -1.386100 1.422390 2.806032
v -1.219565 1.849810 1.272607
v -1.365995 1.385084 2.788824
v -1.199109 1.827127 1.228421
v -1.352404 1.340615 2.815716
v -1.175612 1.786408 1.221497
v -1.328332 1.301723 2.802833
v -1.144441 1.786570 1.202721
v -1.300984 1.289752 2.823641
v -1.352206 2.082261 1.124569
v -1.534785 1.502812 3.015082
v -1.414927 2.109166 1.009204
v -1.618085 1.464401 3.112819
v -1.420634 2.083057 0.893537
v -1.642545 1.378777 3.191326
v -1.365255 1.975424 0.856757
v -1.588766 1.266066 3.171112
v -1.286736 1.858327 0.932068
v -1.492106 1.206542 3.058583
v -1.181268 1.808025 1.087287
v -1.358548 1.245392 2.922938
v -1.228841 1.843604 1.185987
v -1.389947 1.332304 2.854156
v -1.262621 1.898507 1.126539
v -1.436509 1.346639 2.927067
v -1.305843 1.959940 1.075204
v -1.491284 1.371406 2.995358
v -1.338444 2.012542 1.024041
v -1.535114 1.388371 3.060462
v -1.359454 2.048604 1.080221
v -1.547868 1.450635 3.031158
v -1.314476 1.999870 1.141466
v -1.490313 1.441816 2.962176
v -1.277294 1.937650 1.188133
v -1.442251 1.414127 2.896184
v -1.249491 1.873161 1.237226
v -1.402863 1.386406 2.825317
v -1.192065 1.802037 1.180114
v -1.352590 1.292579 2.842272
v -1.230537 1.841367 1.090206
v -1.408262 1.277321 2.930466
v -1.302400 1.896783 0.985534
v -1.500209 1.268997 3.033752
v -1.353554 1.980113 0.923805
v -1.565776 1.306582 3.121269
v -1.392151 2.051669 0.939756
v -1.604768 1.376886 3.141306
v -1.407724 2.080383 1.003254
v -1.610502 1.436827 3.102923
v -1.149134 1.713393 1.114825
v -1.317058 1.180452 2.853602
v -1.273409 1.817890 0.873147
v -1.487150 1.139539 3.086339
v -1.369944 2.016780 0.762033
v -1.612178 1.247999 3.270260
v -1.462813 2.183459 0.829318
v -1.700641 1.428662 3.291924
v -1.479864 2.209933 1.004899
v -1.688086 1.549099 3.160938
v -1.402300 2.152961 1.184540
v -1.577326 1.597481 2.996851
v -1.344883 1.897590 1.134038
v -1.516018 1.354459 2.906060
v -1.430763 1.983161 0.918614
v -1.642752 1.310370 3.113665
v -1.453488 2.066205 0.786985
v -1.692594 1.307354 3.262815
v -1.345850 2.075847 1.286788
v -1.499792 1.587282 2.880781
v -1.326149 1.840185 1.290066
v -1.467204 1.392518 2.750627
v -1.123166 1.681256 1.325949
v -1.252843 1.269701 2.668692
vn 0.8226 -0.0036 -0.5686
vn 0.7094 -0.3630 0.6042
vn 0.8128 -0.0217 -0.5821
vn 0.6983 -0.3851 0.6034
vn 0.7296 -0.1119 -0.6747
vn 0.6052 -0.5069 0.6139
vn 0.8099 -0.5534 -0.1946
vn 0.7918 -0.6107 -0.0075
vn 0.9146 -0.3781 -0.1432
vn 0.8944 -0.4424 0.0664
vn 0.9226 -0.3561 -0.1483
vn 0.9001 -0.4274 0.0842
vn 0.8161 -0.3435 0.4648
vn 0.9021 -0.0705 -0.4258
vn 0.8142 -0.3465 0.4660
vn 0.9006 -0.0722 -0.4287
vn 0.6966 -0.5190 0.4954
vn 0.7994 -0.1927 -0.5691
vn 0.4195 -0.0171 0.9076
vn 0.5722 0.4676 -0.6737
vn 0.5644 0.0781 0.8218
vn 0.6946 0.4911 -0.5257
vn 0.5474 0.0656 0.8343
vn 0.6807 0.4886 -0.5458
vn 0.2984 0.6112 0.7330
vn 0.3889 0.8984 -0.2040
vn 0.3188 0.6186 0.7181
vn 0.4060 0.8951 -0.1842
vn 0.1500 0.6116 0.7768
vn 0.2506 0.9310 -0.2653
vn 0.0756 0.9777 0.1959
vn 0.0561 0.9160 0.3973
vn 0.2334 0.9521 0.1978
vn 0.2130 0.8873 0.4091
vn 0.2085 0.9589 0.1925
vn 0.1872 0.8914 0.4128
vn 0.3642 0.8566 -0.3654
vn 0.2481 0.4881 0.8367
vn 0.3613 0.8605 -0.3590
vn 0.2462 0.4951 0.8332
vn 0.2458 0.8765 -0.4140
vn 0.1222 0.4840 0.8665
vn 0.5032 0.4485 -0.7387
vn 0.3413 -0.0653 0.9377
vn 0.5921 0.4714 -0.6536
vn 0.4424 -0.0038 0.8968
vn 0.6044 0.4740 -0.6403
vn 0.4567 0.0051 0.8896
vn 0.7541 0.4968 -0.4295
vn 0.6395 0.1331 0.7572
vn 0.6082 0.7523 -0.2534
vn 0.5132 0.4507 0.7304
vn 0.5108 0.8485 0.1381
vn 0.4808 0.7534 0.4486
vn 0.5849 0.5994 0.5464
vn 0.6385 0.7695 -0.0086
vn 0.7361 0.2115 0.6430
vn 0.8248 0.4933 -0.2763
vn 0.9260 -0.0803 0.3688
vn 0.9792 0.0886 -0.1823
vn 0.8919 0.4517 0.0217
vn 0.8564 0.3389 0.3895
vn 0.9882 -0.1105 -0.1064
vn 0.9588 -0.2038 0.1981
vn 0.9001 0.1704 -0.4009
vn 0.8056 -0.1297 0.5781
vn -0.2054 0.9411 0.2686
vn 0.9091 0.3654 0.1998
vn 0.9117 0.3598 0.1983
vn 0.8874 -0.4577 -0.0546
vn -0.1542 0.9487 0.2759
vn 0.7400 -0.6598 -0.1308
vn -0.0219 0.9565 0.2910
vn 0.3718 0.8769 0.3047
vn -0.8574 0.5095 0.0733
vn -0.9869 -0.1005 -0.1261
vn -0.7519 -0.6065 -0.2585
vn 0.1397 -0.9504 -0.2778
vn 0.6416 -0.3521 -0.6814
vn 0.5304 -0.7052 0.4706
vn 0.1256 0.5188 -0.8456
vn -0.0524 -0.0461 0.9976
vn 0.1414 0.4342 -0.8897
vn -0.0400 -0.1417 0.9891
vn 0.2267 0.2801 -0.9328
vn 0.0445 -0.2980 0.9535
vn 0.4809 -0.4570 -0.7483
vn 0.3663 -0.8207 0.4385
vn 0.5225 -0.7774 -0.3502
vn 0.4941 -0.8676 -0.0558
vn 0.5477 -0.8133 -0.1964
vn 0.6552 -0.5613 -0.5057
vn 0.5857 -0.7818 0.2138
vn 0.5855 -0.3893 -0.7110
vn 0.4721 -0.7495 0.4641
vn 0.4239 -0.0411 -0.9048
vn 0.2606 -0.5596 0.7867
vn 0.1622 0.5827 -0.7963
vn -0.0112 0.0323 0.9994
vn -0.1666 0.9514 -0.2591
vn -0.2602 0.6543 0.7100
vn -0.1771 0.9256 -0.3345
vn -0.2823 0.5917 0.7551
vn -0.2305 0.9724 -0.0376
vn -0.2853 0.7982 0.5305
vn -0.2536 0.5108 0.8214
vn -0.1329 0.8938 -0.4283
vn -0.2277 0.2927 0.9287
vn -0.0770 0.7711 -0.6320
vn 0.9549 0.2721 -0.1189
vn 0.9033 0.1085 0.4150
vn 0.9554 0.2917 0.0465
vn 0.9317 0.2166 0.2916
vn 0.9451 0.3180 0.0750
vn 0.9252 0.2547 0.2812
vn 0.9800 0.1146 -0.1624
vn 0.9289 -0.0477 0.3673
vn 0.9340 0.1383 -0.3294
vn 0.8531 -0.1184 0.5081
vn 0.9084 0.3034 -0.2876
vn 0.8264 0.0432 0.5614
vn 0.9432 0.3146 -0.1069
vn 0.8916 0.1510 0.4268
vn 0.9872 0.1558 -0.0331
vn 0.9564 0.0579 0.2864
vn 0.9660 0.2584 -0.0106
vn 0.9339 0.1567 0.3213
vn 0.9624 0.2420 -0.1232
vn 0.9116 0.0807 0.4031
vn 0.9666 0.2036 0.1558
vn 0.9459 0.3226 -0.0344
vn 0.9066 0.1978 0.3728
vn 0.9846 0.1437 -0.0993
vn 0.9429 0.0113 0.3329
vn 0.9961 -0.0875 -0.0147
vn 0.9813 -0.1342 0.1377
vn 0.9892 -0.1365 0.0537
vn 0.2529 0.9179 0.3058
vn 0.7324 0.6279 0.2632
vn 0.6789 0.7341 -0.0161
vn 0.6252 0.5637 0.5398
vn 0.6312 0.3702 -0.6816
vn 0.4813 -0.1054 0.8702
vn 0.9451 0.2426 -0.2189
vn 0.8778 0.0290 0.4782
vn 0.9393 -0.0822 -0.3331
vn 0.8695 -0.3037 0.3895
vn 0.9018 0.0435 -0.4299
vn 0.8090 -0.2511 0.5315
vn 0.8563 0.1849 -0.4822
vn 0.7475 -0.1605 0.6446
vn 0.8904 0.2611 -0.3728
vn 0.7961 -0.0383 0.6040
vn 0.8606 0.4840 -0.1586
vn 0.7923 0.2672 0.5485
vn 0.8384 0.5369 -0.0940
vn 0.7789 0.3483 0.5215
vn 0.8221 0.5692 -0.0124
vn 0.7755 0.4213 0.4703
vn 0.8374 0.4712 0.2769
vn 0.8465 0.4999 0.1834
vn 0.8442 0.3899 0.3677
vn 0.8734 0.4825 0.0656
vn 0.9458 0.2860 -0.1540
vn 0.8875 0.1010 0.4496
vn 0.7064 0.5700 -0.4195
vn 0.5905 0.2020 0.7814
vn 0.7695 0.4913 -0.4080
vn 0.6587 0.1396 0.7393
vn 0.8596 0.3045 -0.4102
vn 0.7569 -0.0214 0.6531
vn 0.9365 -0.0568 -0.3459
vn 0.8632 -0.2896 0.4135
vn 0.9047 -0.3766 -0.1993
vn 0.8747 -0.4717 0.1112
vn 0.8834 -0.4651 -0.0572
vn 0.8782 0.4270 0.2157
vn 0.9681 0.1976 0.1540
vn 0.9804 0.1963 0.0184
vn 0.9565 0.1205 0.2658
vn 0.9060 0.3009 0.2976
vn 0.9267 0.3664 0.0839
vn 0.9440 0.2456 0.2202
vn 0.9534 0.2755 0.1228
vn 0.9116 0.4112 -0.0006
vn 0.8740 0.2919 0.3885
vn 0.8964 0.4428 0.0184
vn 0.8607 0.3295 0.3880
vn 0.9006 0.3836 0.2045
vn 0.9745 0.1702 0.1463
vn 0.7893 -0.3000 -0.5358
vn 0.6982 -0.5890 0.4070
vn 0.3866 0.2725 -0.8811
vn 0.2112 -0.2842 0.9352
vn -0.1461 0.8775 -0.4568
vn -0.2707 0.4820 0.8333
vn -0.1756 0.8055 0.5659
vn -0.1168 0.9922 -0.0432
vn 0.8146 0.5278 0.2404
vn 0.4949 0.7671 0.4082
vn 0.5168 0.8367 0.1811
vn 0.5965 0.8016 -0.0417
vn 0.5361 0.6098 0.5837
vn 0.9201 0.3732 -0.1186
vn 0.8638 0.1944 0.4649
vn 0.9859 -0.0775 -0.1486
vn 0.9473 -0.1997 0.2503
vn 0.9952 -0.0597 0.0778
vn 0.1167 0.5962 -0.7943
vn -0.0563 0.0471 0.9973
vn 0.5731 0.4597 -0.6784
vn 0.4200 -0.0263 0.9072
vn 0.6107 0.5911 -0.5270
vn 0.4764 0.1648 0.8637
vn 0.1970 0.5341 -0.8222
vn 0.0210 -0.0242 0.9995
vn 0.1913 0.9331 0.3045
vn 0.2046 0.6739 0.7099
vn 0.2892 0.9426 -0.1668
vn 0.3078 0.0887 0.9473
vn 0.4637 0.5834 -0.6668
vn 0.7362 -0.6188 0.2739
vn 0.8049 -0.4008 -0.4376
vn 0.9558 -0.2939 0.0022
vn 0.8865 -0.4157 0.2034
vn 0.9294 -0.2795 -0.2411
vn 0.1413 0.1177 0.9830
vn 0.3047 0.6362 -0.7088
vn 0.5890 0.5982 0.5434
vn 0.6420 0.7667 -0.0061
vn 0.7007 0.6604 0.2701
vn 0.9168 0.3967 0.0455
vn 0.8880 0.3052 0.3439
vn 0.9011 0.3950 0.1789
vn 0.8960 0.3788 0.2318
vn 0.8385 0.5316 0.1198
vn 0.8168 0.4626 0.3448
vn 0.8751 0.4775 0.0784
vn 0.8485 0.3928 0.3548
vn 0.8359 0.5447 -0.0683
vn 0.7805 0.3691 0.5045
vn 0.9211 0.3652 -0.1353
vn 0.8622 0.1784 0.4741
vn 0.9157 0.4001 -0.0381
vn 0.8721 0.2617 0.4136
vn 0.8981 0.4270 -0.1049
vn 0.8417 0.2478 0.4797
vn 0.9251 0.3270 -0.1931
vn 0.8581 0.1144 0.5006
vn 0.9798 0.1851 -0.0759
vn 0.9400 0.0588 0.3361
vn 0.9668 0.2312 0.1085
vn 0.9571 0.2002 0.2095
vn 0.9243 0.3812 0.0175
vn 0.8913 0.2764 0.3594
vn 0.9259 0.3750 0.0468
vn 0.8983 0.2874 0.3324
vn 0.9276 0.1112 -0.3566
vn 0.8435 -0.1556 0.5140
vn 0.7529 0.2715 -0.5995
vn 0.6207 -0.1483 0.7699
vn 0.4550 0.8862 -0.0876
vn 0.3845 0.6622 0.6432
vn 0.4859 0.8682 0.1004
vn 0.4487 0.7501 0.4858
vn 0.5428 0.7597 0.3580
vn 0.5556 0.8001 0.2262
vn 0.7006 0.5624 0.4392
vn 0.7354 0.6731 0.0782
vn 0.8591 0.1824 0.4782
vn 0.9185 0.3709 -0.1369
vn 0.9506 -0.2900 0.1105
vn 0.9695 -0.2302 -0.0846
vn 0.9231 -0.3839 0.0246
vn 0.9323 -0.3544 -0.0717
vn 0.9789 0.1761 -0.1038
vn 0.9347 0.0359 0.3536
vn 0.9988 0.0182 0.0450
vn 0.9888 -0.0135 0.1484
vn 0.5334 0.7507 -0.3897
vn 0.4159 0.3777 0.8273
vn 0.6312 0.4900 -0.6013
vn 0.4889 0.0386 0.8715
vn -0.5757 0.5397 0.6142
vn -0.4874 0.8200 -0.3001
vn -0.9066 -0.0066 0.4220
vn -0.8170 0.2777 -0.5054
vn -0.9581 0.2778 -0.0693
vn -0.9690 0.2434 0.0429
vn -0.7913 0.6101 -0.0410
vn -0.8178 0.5258 0.2338
vn -0.5231 0.8267 -0.2074
vn -0.5949 0.5987 0.5363
vn -0.3373 0.5807 -0.7410
vn -0.4924 0.0882 0.8659
vn 0.2152 -0.0269 -0.9762
vn 0.0421 -0.5763 0.8162
vn 0.4599 -0.4548 -0.7626
vn 0.3430 -0.8258 0.4477
vn 0.5477 -0.5912 -0.5920
vn 0.4665 -0.8488 0.2486
vn 0.1256 0.9451 0.3018
vn -0.4381 0.8704 0.2245
vn -0.2938 -0.9056 -0.3059
vn 0.2754 -0.9262 -0.2573
vn -0.2382 -0.9219 -0.3056
vn -0.7234 -0.6375 -0.2652
vn -0.7407 -0.6190 -0.2613
vn -0.2002 -0.9311 -0.3047
vn 0.2781 0.1952 -0.9405
vn 0.0983 -0.3756 0.9216
vn 0.1713 0.2208 -0.9602
vn -0.0116 -0.3594 0.9331
vn -0.6381 -0.0219 -0.7696
vn -0.7609 -0.4115 0.5016
vn -0.8487 -0.0400 -0.5273
vn -0.9245 -0.2806 0.2578
vn 0.5166 -0.3455 -0.7834
vn 0.3892 -0.7497 0.5352
vn 0.4527 -0.7816 -0.4292
vn 0.4118 -0.9112 -0.0062
vn -0.3476 -0.7224 -0.5978
vn -0.4076 -0.9129 0.0237
vn -0.6107 -0.4848 -0.6261
vn -0.6840 -0.7174 0.1326
vn -0.2537 0.1359 -0.9577
vn -0.4244 -0.4057 0.8095
vn -0.0870 -0.5434 -0.8350
vn -0.2025 -0.9101 0.3615
vn -0.6522 -0.1079 -0.7503
vn -0.7668 -0.4714 0.4357
vn -0.5383 0.0077 -0.8427
vn -0.6771 -0.4330 0.5950
vn -0.4294 -0.5914 -0.6825
vn -0.5099 -0.8469 0.1510
vn -0.7687 -0.5108 -0.3849
vn -0.7957 -0.5964 -0.1055
vn -0.6776 -0.4626 -0.5717
vn -0.7415 -0.6651 0.0890
vn -0.3389 -0.8681 -0.3626
vn -0.3501 -0.9036 -0.2469
vn 0.3332 -0.0167 -0.9427
vn 0.1635 -0.5555 0.8153
vn 0.6582 0.1428 -0.7391
vn 0.5100 -0.3275 0.7954
vn 0.5744 -0.5111 -0.6394
vn 0.4802 -0.8102 0.3362
vn 0.3894 -0.5381 -0.7475
vn 0.2809 -0.8827 0.3767
vn 0.2242 -0.6984 -0.6797
vn 0.1388 -0.9691 0.2037
vn -0.1657 -0.7102 -0.6842
vn -0.2445 -0.9605 0.1325
vn -0.7964 0.5379 -0.2764
vn -0.8602 0.3355 0.3841
vn -0.3797 0.9181 -0.1138
vn -0.4425 0.7189 0.5361
vn 0.1633 0.9812 -0.1027
vn 0.0899 0.7483 0.6572
vn 0.1880 0.9810 -0.0471
vn 0.1239 0.7777 0.6163
vn 0.0631 0.7479 -0.6608
vn -0.0938 0.2500 0.9637
vn 0.0627 0.9621 -0.2653
vn -0.0365 0.6475 0.7612
vn 0.1198 0.9197 -0.3739
vn 0.0030 0.5489 0.8359
vn 0.1373 0.7405 -0.6579
vn -0.0200 0.2414 0.9702
vn -0.1568 0.6130 -0.7744
vn -0.3226 0.0868 0.9425
vn -0.3050 0.8260 -0.4741
vn -0.4272 0.4382 0.7909
vn -0.7064 0.4250 -0.5660
vn -0.8164 0.0761 0.5725
vn -0.4213 0.3609 -0.8320
vn -0.5792 -0.1402 0.8030
vn -0.6901 -0.1379 -0.7104
vn -0.7954 -0.4721 0.3800
vn -0.2663 -0.5564 -0.7871
vn -0.3697 -0.8847 0.2840
vn -0.0154 0.6967 -0.7172
vn -0.1781 0.1804 0.9673
vn 0.5411 -0.4687 -0.6982
vn 0.4349 -0.8059 0.4018
vn 0.2638 -0.6315 -0.7291
vn 0.1656 -0.9432 0.2879
vn -0.2074 0.7150 0.6677
vn -0.1253 0.9753 -0.1817
vn 0.6431 -0.7309 -0.2285
vn 0.6314 -0.7679 -0.1078
vn 0.6211 -0.5390 -0.5690
vn 0.5399 -0.7966 0.2718
vn 0.7148 -0.0170 -0.6991
vn 0.5813 -0.4409 0.6839
vn 0.5743 0.5645 -0.5929
vn 0.4305 0.1081 0.8961
vn -0.0966 0.9813 -0.1663
vn -0.1768 0.7270 0.6635
vn -0.3094 0.8599 0.4061
vn -0.2792 0.9557 0.0936
vn 0.8590 0.3281 -0.3931
vn 0.7580 0.0077 0.6522
vn 0.9553 0.2673 -0.1262
vn 0.9027 0.1004 0.4184
vn 0.8950 0.3088 0.3219
vn 0.9197 0.3870 0.0667
vn 0.6856 0.6450 0.3375
vn 0.6985 0.6859 0.2041
vn 0.6469 0.7409 -0.1806
vn 0.5646 0.4796 0.6717
vn 0.7042 0.7016 -0.1094
vn 0.6355 0.4835 0.6020
vn 0.8547 0.3947 -0.3373
vn 0.7600 0.0942 0.6431
vn 0.7532 -0.0392 -0.6567
vn 0.6276 -0.4378 0.6438
vn -0.0388 0.9878 0.1509
vn -0.0647 0.9055 0.4194
vn -0.1225 0.9125 0.3902
vn -0.1011 0.9805 0.1684
vn -0.2422 0.3850 0.8906
vn -0.1029 0.8272 -0.5523
vn 0.1447 -0.2602 0.9546
vn 0.3234 0.3068 -0.8952
vn 0.9235 -0.3793 0.0572
vn 0.9383 -0.3324 -0.0956
vn 0.8387 -0.1639 -0.5193
vn 0.7424 -0.4696 0.4778
vn 0.7634 0.2397 -0.5999
vn 0.6326 -0.1754 0.7544
vn 0.6634 -0.1054 -0.7408
vn 0.5281 -0.5346 0.6597
vn 0.4219 0.4071 -0.8101
vn 0.2511 -0.1350 0.9585
vn 0.2743 0.9029 -0.3310
vn 0.1633 0.5505 0.8187
vn 0.6242 0.5404 -0.5642
vn 0.4859 0.1014 0.8681
vn 0.1054 0.9759 -0.1911
vn 0.0177 0.6978 0.7160
vn 0.2120 -0.1075 -0.9713
vn 0.0441 -0.6403 0.7669
vn 0.6168 0.5974 -0.5125
vn 0.4846 0.1779 0.8565
vn 0.4447 0.2795 -0.8509
vn 0.2732 -0.2648 0.9248
vn 0.4578 0.0080 -0.8890
vn 0.2940 -0.5119 0.8072
vn 0.7560 -0.0290 -0.6540
vn 0.6302 -0.4280 0.6478
vn 0.8724 0.1576 -0.4626
vn 0.7682 -0.1731 0.6163
vn 0.2679 0.9611 0.0671
vn 0.2235 0.8203 0.5264
vn 0.7606 0.6259 -0.1726
vn 0.6839 0.3826 0.6212
vn 0.6369 0.7571 -0.1453
vn 0.5601 0.5133 0.6503
vn 0.7724 0.4407 -0.4574
vn 0.6556 0.0700 0.7518
vn 0.9207 0.1194 -0.3715
vn 0.8337 -0.1567 0.5295
vn 0.8724 0.3205 -0.3689
vn 0.7759 0.0141 0.6307
vn 0.9405 0.3285 -0.0870
vn 0.8918 0.1737 0.4178
vn 0.8894 0.4552 0.0427
vn 0.8574 0.3537 0.3739
vn 0.8416 0.5401 0.0016
vn 0.7987 0.4038 0.4461
vn 0.6337 0.7648 -0.1165
vn 0.5616 0.5358 0.6305
vn 0.2961 0.9423 0.1560
vn 0.2678 0.8526 0.4487
vn 0.8416 0.2515 -0.4779
vn 0.7303 -0.1020 0.6755
vn 0.8846 0.4664 0.0013
vn 0.8448 0.3402 0.4130
vn 0.7881 0.6156 -0.0071
vn 0.7405 0.4645 0.4858
vn 0.8456 0.4739 -0.2456
vn 0.7629 0.2114 0.6110
vn 0.8759 0.4619 -0.1390
vn 0.8120 0.2590 0.5230
vn 0.8517 0.5097 -0.1217
vn 0.7887 0.3095 0.5312
vn 0.9057 0.3600 -0.2238
vn 0.8319 0.1257 0.5405
vn 0.8244 0.4907 -0.2820
vn 0.7348 0.2062 0.6462
vn 0.7029 0.6996 -0.1286
vn 0.6309 0.4713 0.6163
vn -0.9303 -0.2220 0.2920
vn -0.8516 0.0280 -0.5235
vn -0.9877 -0.0277 -0.1536
vn -0.9964 -0.0554 -0.0635
vn -0.3232 0.1798 -0.9291
vn -0.4901 -0.3497 0.7985
vn -0.5679 -0.5623 -0.6010
vn -0.6334 -0.7700 0.0767
vn -0.6549 -0.7545 -0.0429
vn -0.6109 -0.6147 -0.4990
vn -0.5654 -0.8147 -0.1287
vn -0.5347 -0.7171 -0.4471
vn -0.9562 -0.1254 0.2644
vn -0.8870 0.0942 -0.4520
vn 0.6408 0.4822 -0.5974
vn 0.7186 0.2409 -0.6524
vn 0.8506 0.0419 -0.5242
vn 0.7098 0.2258 -0.6673
vn 0.5688 -0.2215 0.7921
vn 0.7422 -0.3021 0.5983
vn 0.5793 -0.2011 0.7899
vn 0.4995 0.0337 0.8657
vn 0.5279 0.4545 -0.7175
vn 0.7572 -0.1004 -0.6455
vn 0.6280 0.1733 -0.7587
vn 0.4753 -0.3114 0.8229
vn 0.6367 -0.4826 0.6014
vn 0.3690 -0.0499 0.9281
vn 0.8851 -0.2342 -0.4021
vn 0.8419 -0.5128 -0.1681
vn 0.7925 -0.3719 -0.4833
vn 0.7145 -0.6196 0.3250
vn 0.8257 -0.5641 -0.0009
vn 0.8123 -0.4653 0.3517
vn 0.8939 -0.2132 -0.3944
vn 0.9566 -0.2635 -0.1245
vn 0.9328 -0.3391 0.1223
vn 0.8211 -0.4440 0.3586
vn 0.8991 -0.4097 0.1541
vn 0.8668 -0.2449 0.4343
vn 0.8912 -0.4233 0.1631
vn 0.9274 -0.3084 -0.2118
vn 0.9414 -0.0083 -0.3373
vn 0.9329 -0.3026 -0.1955
vn 0.7304 -0.4721 0.4936
vn 0.7777 -0.6097 0.1533
vn 0.8241 -0.4624 -0.3272
vn 0.8298 -0.1566 -0.5356
vn 0.6962 -0.1635 0.6990
vn 0.4613 0.0079 0.8872
vn 0.5695 -0.3048 0.7634
vn 0.7099 0.1407 -0.6901
vn 0.6084 0.4747 -0.6360
vn 0.8156 0.2154 -0.5371
vn 0.6863 -0.1699 0.7072
vn 0.6337 0.1291 0.7628
vn 0.7496 0.4969 -0.4373
vn 0.8076 0.2152 -0.5491
vn 0.4163 0.3309 0.8469
vn 0.4052 0.6197 0.6721
vn 0.4342 0.3463 0.8316
vn 0.5539 0.7261 -0.4075
vn 0.4828 0.8659 -0.1310
vn 0.5398 0.7228 -0.4316
vn 0.1983 0.6086 0.7683
vn 0.2718 0.3012 0.9140
vn 0.4110 0.7431 -0.5280
vn 0.2968 0.9212 -0.2516
vn 0.2451 0.8370 0.4893
vn 0.1168 0.9707 0.2101
vn 0.0777 0.8514 0.5188
vn 0.1215 0.9905 0.0650
vn 0.0995 0.9158 0.3891
vn 0.2817 0.9531 0.1103
vn 0.2184 0.8417 0.4938
vn 0.3191 0.9298 0.1835
vn 0.2959 0.8563 0.4233
vn 0.2560 0.9610 0.1045
vn 0.2623 0.9592 -0.1055
vn 0.4294 0.8401 -0.3313
vn 0.2760 0.9560 -0.0992
vn 0.2027 0.7233 0.6602
vn 0.3191 0.4899 0.8113
vn 0.1880 0.7231 0.6647
vn 0.2729 0.8786 -0.3920
vn 0.1386 0.9817 -0.1306
vn 0.0607 0.7345 0.6759
vn 0.1525 0.4965 0.8546
vn 0.4720 0.6895 -0.5494
vn 0.3712 0.6897 -0.6217
vn 0.2191 0.2069 0.9535
vn 0.3308 0.2415 0.9123
vn 0.4854 0.6811 -0.5481
vn 0.3447 0.2345 0.9090
vn 0.6055 0.4743 -0.6391
vn 0.3592 0.8566 -0.3705
vn 0.6808 0.6309 -0.3721
vn 0.5702 0.2802 0.7722
vn 0.2423 0.4856 0.8399
vn 0.4579 0.0059 0.8890
vn 0.1749 0.9648 0.1965
vn 0.5397 0.8384 -0.0764
vn 0.4722 0.6242 0.6224
vn 0.1546 0.9003 0.4069
vn 0.2614 0.6037 0.7532
vn 0.5242 0.7680 0.3680
vn 0.5385 0.8135 0.2194
vn 0.3564 0.9053 -0.2310
vn 0.4951 0.0301 0.8683
vn 0.6534 0.3998 0.6429
vn 0.7334 0.6539 -0.1860
vn 0.6372 0.4808 -0.6023
vn 0.7816 -0.3960 0.4820
vn 0.8326 0.0436 0.5522
vn 0.9128 0.2983 -0.2788
vn 0.8740 -0.1026 -0.4750
vn 0.8939 -0.4186 -0.1602
vn 0.9802 -0.1461 0.1340
vn 0.9949 -0.0993 -0.0185
vn 0.8732 -0.4843 0.0541
vn 0.8122 -0.0176 -0.5831
vn 0.9569 0.0031 -0.2904
vn 0.8897 -0.2102 0.4053
vn 0.6974 -0.3821 0.6063
vn 0.8262 0.3428 -0.4470
vn 0.7156 -0.0083 0.6984
vn 0.8570 0.4850 -0.1741
vn 0.9145 0.3729 -0.1569
vn 0.7860 0.2597 0.5610
vn 0.8516 0.1731 0.4948
vn 0.9583 0.2843 -0.0303
vn 0.9215 0.1676 0.3504
vn 0.9395 0.3016 0.1626
vn 0.9359 0.2901 0.1999
vn 0.8844 0.3881 0.2591
vn 0.8940 0.4186 0.1599
vn 0.8351 0.5065 0.2146
vn 0.8314 0.4947 0.2532
vn 0.7977 0.6009 0.0507
vn 0.7608 0.4839 0.4324
vn 0.8117 0.5746 -0.1047
vn 0.7488 0.3750 0.5464
vn 0.5421 -0.7910 -0.2835
vn 0.7720 -0.5707 -0.2798
vn 0.8916 -0.4315 -0.1374
vn 0.7692 -0.6280 -0.1182
vn 0.8756 -0.4822 0.0280
vn 0.7406 -0.6704 0.0455
vn 0.5258 -0.8429 -0.1142
vn 0.5146 -0.7137 -0.4752
vn 0.8059 -0.2558 -0.5340
vn 0.9278 -0.2577 -0.2698
vn 0.8787 -0.4136 0.2386
vn 0.7125 -0.5522 0.4329
vn 0.4610 -0.8838 0.0797
vn 0.3514 -0.0192 -0.9360
vn 0.6526 0.3055 -0.6933
vn 0.9084 0.1531 -0.3891
vn 0.8167 -0.1379 0.5604
vn 0.5038 -0.1668 0.8476
vn 0.1826 -0.5549 0.8116
vn 0.1623 0.3896 -0.9066
vn 0.5367 0.5057 -0.6755
vn 0.8086 0.4166 -0.4154
vn 0.6998 0.0715 0.7107
vn 0.3822 0.0155 0.9240
vn -0.0201 -0.1892 0.9817
vn 0.1346 0.4661 -0.8744
vn 0.4643 0.5941 -0.6569
vn 0.7428 0.5328 -0.4053
vn 0.6307 0.1770 0.7555
vn 0.3095 0.1030 0.9453
vn -0.0458 -0.1064 0.9933
vn 0.7900 -0.1070 -0.6037
vn 0.6675 -0.5589 -0.4920
vn 0.8479 -0.3257 -0.4183
vn 0.9512 0.0010 -0.3086
vn 0.8810 -0.2217 0.4180
vn 0.7778 -0.5482 0.3075
vn 0.6001 -0.7729 0.2062
vn 0.6767 -0.4666 0.5695
vn 0.6303 -0.4955 -0.5977
vn 0.8094 -0.1368 -0.5712
vn 0.9264 -0.0524 -0.3729
vn 0.8482 -0.3004 0.4361
vn 0.7030 -0.4743 0.5299
vn 0.5415 -0.7770 0.3209
vn 0.5152 -0.2481 -0.8204
vn 0.7253 0.0925 -0.6822
vn 0.8683 0.1321 -0.4782
vn 0.7628 -0.2027 0.6141
vn 0.5886 -0.3412 0.7329
vn 0.3762 -0.6893 0.6191
vn 0.3236 0.2208 -0.9201
vn 0.6491 0.4507 -0.6128
vn 0.8749 0.2123 -0.4354
vn 0.7724 -0.1127 0.6250
vn 0.5067 -0.0014 0.8621
vn 0.1452 -0.3454 0.9272
vn -0.0340 0.8791 -0.4754
vn 0.3870 0.8840 -0.2623
vn 0.8787 0.3943 -0.2690
vn 0.7956 0.1305 0.5916
vn 0.2870 0.5669 0.7721
vn -0.1639 0.4671 0.8689
vn -0.1943 0.9423 -0.2725
vn 0.3510 0.9000 -0.2586
vn 0.8443 0.5253 -0.1064
vn 0.7832 0.3314 0.5262
vn 0.2515 0.5842 0.7717
vn -0.2893 0.6409 0.7110
vn -0.1684 0.9344 -0.3140
vn 0.3570 0.9341 -0.0114
vn 0.8320 0.5490 -0.0798
vn 0.7745 0.3665 0.5156
vn 0.2988 0.7495 0.5908
vn -0.2706 0.6098 0.7449
vn -0.2809 0.8478 0.4498
vn 0.3539 0.6196 0.7006
vn 0.8242 0.5490 0.1387
vn 0.8051 0.4883 0.3366
vn 0.4374 0.8843 -0.1633
vn -0.2429 0.9684 0.0563
vn -0.2223 0.2622 0.9391
vn 0.3071 0.4231 0.8524
vn 0.8454 0.4126 0.3392
vn 0.8684 0.4854 0.1015
vn 0.4285 0.8082 -0.4040
vn -0.0682 0.7512 -0.6565
vn -0.2367 0.5814 0.7785
vn 0.3985 0.8654 0.3037
vn 0.8473 0.4065 0.3418
vn 0.8710 0.4817 0.0963
vn -0.1276 0.9276 -0.3512
vn 0.9649 0.2399 -0.1070
vn 0.9536 0.2635 -0.1456
vn 0.9651 0.2371 -0.1108
vn 0.9167 0.0833 0.3908
vn 0.8978 0.0865 0.4317
vn 0.9170 0.0878 0.3891
vn 0.9762 0.2090 -0.0580
vn 0.9833 0.1818 -0.0041
vn 0.9562 0.0958 0.2765
vn 0.9383 0.0888 0.3342
vn 0.9721 0.2315 0.0385
vn 0.9908 0.1341 0.0205
vn 0.9704 0.0694 0.2313
vn 0.9499 0.1613 0.2675
vn 0.9788 0.2004 -0.0428
vn 0.9962 0.0839 -0.0211
vn 0.9712 0.0044 0.2382
vn 0.9440 0.0899 0.3175
vn 0.9751 0.2179 -0.0405
vn 0.9641 0.2124 -0.1591
vn 0.9086 0.0361 0.4161
vn 0.9399 0.1059 0.3247
vn 0.9169 0.3417 -0.2064
vn 0.9090 0.2617 -0.3243
vn 0.8229 -0.0118 0.5681
vn 0.8469 0.1196 0.5181
vn 0.9163 0.2289 -0.3287
vn 0.9337 0.1462 -0.3268
vn 0.8529 -0.1104 0.5103
vn 0.8310 -0.0419 0.5547
vn 0.9602 0.0753 -0.2690
vn 0.9652 0.1340 -0.2247
vn 0.9023 -0.0654 0.4261
vn 0.8928 -0.1385 0.4286
vn 0.9720 0.2279 -0.0579
vn 0.9177 0.3964 0.0270
vn 0.8856 0.2947 0.3590
vn 0.9332 0.1048 0.3438
vn 0.9095 0.3423 0.2359
vn 0.8817 0.3914 0.2635
vn 0.8681 0.4155 0.2717
vn 0.8786 0.4491 0.1620
vn 0.8919 0.4239 0.1576
vn 0.9171 0.3663 0.1576
vn 0.9580 0.2829 -0.0468
vn 0.9719 0.2342 0.0234
vn 0.9470 0.1551 0.2813
vn 0.9184 0.1573 0.3630
vn 0.9505 0.2764 0.1418
vn 0.9728 0.1779 0.1485
vn 0.9647 0.2269 0.1340
vn 0.9596 0.2109 0.1861
vn 0.9444 0.2572 0.2047
vn 0.9372 0.2977 0.1818
vn 0.9303 0.2479 0.2705
vn 0.9486 0.3060 0.0808
vn 0.9627 -0.2378 -0.1293
vn 0.9919 -0.1248 0.0234
vn 0.9387 -0.3443 -0.0149
vn 0.9859 -0.1438 0.0853
vn 0.9365 -0.3208 0.1415
vn 0.9720 0.0736 -0.2232
vn 0.9981 0.0081 -0.0610
vn 0.9701 -0.0807 0.2288
vn 0.9125 -0.1151 0.3924
vn 0.9238 0.3171 -0.2147
vn 0.9610 0.2574 -0.1006
vn 0.9134 0.1061 0.3931
vn 0.8535 0.0943 0.5124
vn 0.8463 0.5031 -0.1753
vn 0.9059 0.4234 0.0123
vn 0.8739 0.4504 -0.1827
vn 0.8030 0.2253 0.5518
vn 0.8700 0.3095 0.3838
vn 0.7743 0.2746 0.5702
vn 0.9228 0.3846 -0.0216
vn 0.8828 0.2576 0.3928
vn 0.9005 0.4349 -0.0029
vn 0.9811 0.1927 0.0186
vn 0.9055 0.3732 0.2018
vn 0.9038 0.4039 0.1414
vn 0.8916 0.3652 0.2677
vn 0.9574 0.1176 0.2637
vn 0.8614 0.3109 0.4016
vn 0.9162 0.3790 0.1300
vn 0.9106 0.3623 0.1990
vn 0.9031 0.3375 0.2653
vn 0.9154 0.3516 0.1962
vn 0.9583 0.2677 0.0999
vn 0.9452 0.2261 0.2353
vn 0.8110 0.2226 -0.5411
vn 0.3018 0.2712 -0.9140
vn 0.6275 -0.1051 -0.7715
vn 0.8546 -0.1556 -0.4954
vn 0.7618 -0.4502 0.4658
vn 0.4875 -0.5495 0.6785
vn 0.1222 -0.2990 0.9464
vn 0.6906 -0.1594 0.7055
vn 0.5965 0.5983 -0.5351
vn -0.1420 0.8706 -0.4711
vn 0.1188 0.6181 -0.7770
vn -0.0524 0.0747 0.9958
vn -0.2688 0.4682 0.8418
vn 0.4606 0.1671 0.8717
vn 0.7146 0.6184 0.3269
vn 0.1706 0.7973 0.5790
vn -0.2759 0.9585 0.0724
vn -0.3099 0.8503 0.4254
vn 0.2263 0.9741 0.0022
vn 0.7266 0.6564 0.2030
vn 0.4983 0.8143 0.2977
vn -0.0891 0.9547 0.2840
vn -0.1204 0.6617 0.7400
vn -0.0243 0.9667 -0.2549
vn 0.9628 -0.2700 0.0102
vn 0.8726 -0.3686 -0.3204
vn 0.8215 -0.5307 0.2084
vn 0.9600 -0.2800 0.0069
vn 0.9120 -0.2040 -0.3560
vn 0.9977 -0.0542 -0.0408
vn 0.9766 -0.1212 0.1777
vn 0.8452 -0.4159 0.3357
vn 0.3067 0.9013 0.3059
vn 0.6270 0.6678 0.4012
vn 0.1457 0.8371 0.5273
vn 0.1906 0.9797 0.0620
vn 0.6508 0.7434 0.1547
vn 0.5525 0.8095 0.1984
vn 0.2747 0.9198 -0.2802
vn 0.1717 0.5928 0.7869
vn 0.5345 0.7522 0.3853
vn 0.7661 0.6358 -0.0942
vn 0.7323 0.3629 -0.5762
vn 0.5996 -0.0583 0.7982
vn 0.7025 0.4341 0.5640
vn 0.9874 0.0806 -0.1363
vn 0.9425 -0.0619 0.3284
vn 0.9123 0.3795 0.1540
vn 0.9034 0.3515 0.2454
vn 0.9778 0.1545 0.1418
vn 0.8842 0.4158 0.2128
vn 0.9306 0.3507 0.1047
vn 0.9144 0.2992 0.2727
vn 0.7430 0.3990 -0.5373
vn 0.7315 0.3328 -0.5951
vn 0.5971 -0.0938 0.7967
vn 0.6150 -0.0073 0.7885
vn 0.8246 0.4686 -0.3169
vn 0.5762 0.5348 -0.6181
vn 0.4296 0.0694 0.9004
vn 0.7301 0.1684 0.6623
vn 0.6558 0.6010 -0.4568
vn 0.5325 0.2096 0.8201
vn 0.1114 0.5771 -0.8091
vn 0.3555 0.6414 -0.6798
vn 0.1961 0.1354 0.9712
vn -0.0631 0.0233 0.9977
vn 0.1448 0.5858 -0.7974
vn 0.3557 0.5242 -0.7738
vn 0.1861 -0.0141 0.9824
vn -0.0286 0.0352 0.9990
vn 0.4279 0.1838 -0.8849
vn 0.2559 -0.3622 0.8963
vn 0.9878 -0.0203 0.1543
vn 0.9588 -0.2842 0.0055
vn 0.7495 -0.6424 -0.1599
vn 0.7433 -0.6621 -0.0957
vn 0.9992 0.0159 0.0362
vn 0.9028 0.1666 0.3965
vn 0.4818 -0.3126 0.8186
vn 0.6337 0.1697 -0.7547
vn 0.9480 0.3101 -0.0717
vn 0.8532 0.3284 0.4051
vn 0.2484 0.4102 0.8775
vn 0.3758 0.8146 -0.4418
vn 0.8921 0.4518 0.0026
vn 0.8204 0.5197 0.2385
vn 0.1859 0.8471 0.4979
vn 0.2244 0.9695 0.0985
vn 0.2099 0.9289 0.3050
vn 0.0935 0.7147 0.6931
vn 0.6748 0.6342 0.3775
vn 0.6954 0.6997 0.1637
vn 0.1749 0.9731 -0.1498
vn -0.0328 0.0710 0.9969
vn 0.4232 0.4476 0.7877
vn 0.5299 0.7864 -0.3175
vn 0.1384 0.6146 -0.7766
vn 0.6535 -0.7029 0.2810
vn 0.6021 -0.2392 0.7617
vn 0.7381 0.1925 -0.6466
vn 0.7293 -0.4621 -0.5045
vn 0.7672 -0.6302 -0.1191
vn 0.9502 -0.3070 -0.0544
vn 0.9410 -0.3359 0.0400
vn 0.9775 0.1559 0.1422
vn 0.9709 0.1399 0.1946
vn 0.9810 0.1721 0.0896
vn 0.9151 0.2591 0.3088
vn 0.9135 0.1909 0.3594
vn 0.9109 0.4019 0.0934
vn 0.8903 0.3364 0.3069
vn 0.9507 0.3091 -0.0261
vn 0.9398 0.3375 0.0532
vn 0.9190 0.3471 0.1872
vn 0.9186 0.3944 0.0265
vn 0.8865 0.2926 0.3584
vn 0.9176 0.3427 0.2016
vn 0.9204 0.3837 0.0754
vn 0.9297 0.3677 0.0223
vn 0.8981 0.2676 0.3489
vn 0.8974 0.3109 0.3130
vn 0.9884 0.0593 0.1395
vn 0.9272 0.3181 0.1978
vn 0.9291 0.3241 0.1783
vn 0.9930 0.0736 0.0926
vn 0.9906 -0.0291 -0.1334
vn 0.9830 0.1833 0.0103
vn 0.9584 0.1051 0.2655
vn 0.9521 -0.1514 0.2657
vn 0.9270 0.1085 -0.3589
vn 0.9576 0.2389 -0.1609
vn 0.9005 0.0574 0.4311
vn 0.8427 -0.1592 0.5143
vn 0.8968 0.3244 -0.3009
vn 0.9020 0.4001 -0.1621
vn 0.8369 0.1935 0.5120
vn 0.8116 0.0539 0.5818
vn 0.8920 0.4166 -0.1754
vn 0.9065 0.4183 -0.0573
vn 0.8587 0.2666 0.4377
vn 0.8239 0.2003 0.5302
vn 0.8904 0.4304 -0.1485
vn 0.9244 0.3747 -0.0717
vn 0.8761 0.2214 0.4283
vn 0.8262 0.2268 0.5157
vn 0.7761 0.6259 -0.0767
vn 0.8846 0.4368 -0.1635
vn 0.8175 0.2241 0.5305
vn 0.7160 0.4350 0.5460
vn 0.8767 0.4750 0.0762
vn 0.8179 0.5695 0.0814
vn 0.7878 0.4738 0.3935
vn 0.8497 0.3894 0.3555
vn 0.9027 0.4292 0.0318
vn 0.8554 0.5114 0.0821
vn 0.8279 0.4240 0.3672
vn 0.8699 0.3253 0.3707
vn 0.9060 0.4165 0.0758
vn 0.8816 0.3390 0.3284
vn 0.9523 0.3038 -0.0304
vn 0.9507 0.2178 -0.2206
vn 0.9730 0.1126 -0.2013
vn 0.9153 -0.0706 0.3966
vn 0.8844 0.0072 0.4668
vn 0.9145 0.1841 0.3602
vn 0.9681 0.2343 0.0891
vn 0.9831 0.1774 -0.0452
vn 0.9491 0.0693 0.3074
vn 0.9547 0.1920 0.2272
vn 0.9995 -0.0324 -0.0053
vn 0.9729 -0.2192 0.0735
vn 0.9811 -0.1932 -0.0112
vn 0.9834 -0.0835 0.1613
vn 0.9968 -0.0758 0.0254
vn 0.9142 -0.4052 0.0089
vn 0.9220 -0.3803 -0.0723
vn 0.9885 -0.1023 0.1117
vn 0.9142 0.2649 0.3065
vn 0.9424 -0.0533 0.3303
vn 0.9871 0.0887 -0.1330
vn 0.9382 0.3411 0.0581
vn 0.7985 0.5401 0.2659
vn 0.7841 0.3799 0.4908
vn 0.8364 0.5459 -0.0505
vn 0.8025 0.5530 0.2238
vn 0.7335 0.6577 0.1716
vn 0.6153 0.6816 0.3959
vn 0.6377 0.7525 0.1647
vn 0.7158 0.6017 0.3544
vn 0.7309 0.6819 0.0289
vn 0.4997 0.8281 0.2541
vn 0.4913 0.8014 0.3410
vn 0.6870 0.5426 0.4833
vn 0.6875 0.7254 -0.0343
vn 0.4726 0.8812 -0.0130
vn 0.4151 0.6985 0.5829
vn 0.6310 0.5459 0.5513
vn 0.6766 0.7004 -0.2272
vn 0.4728 0.8571 -0.2046
vn 0.3830 0.5721 0.7253
vn 0.5878 0.4185 0.6923
vn 0.8472 0.3361 -0.4113
vn 0.8469 0.1720 -0.5032
vn 0.7352 -0.1823 0.6528
vn 0.7429 0.0049 0.6694
vn 0.7519 0.4982 -0.4318
vn 0.6773 0.3875 -0.6254
vn 0.5355 -0.0624 0.8422
vn 0.6369 0.1331 0.7594
vn 0.5900 0.6056 -0.5340
vn 0.4540 0.1741 0.8738
vn -0.3676 0.8985 0.2399
vn -0.5680 0.2501 0.7841
vn -0.1692 0.7901 0.5892
vn -0.1056 0.9920 -0.0695
vn -0.4346 0.6736 -0.5978
vn -0.6982 0.2420 0.6737
vn -0.9021 -0.0769 0.4247
vn -0.8083 0.2206 -0.5459
vn -0.5814 0.6126 -0.5354
vn -0.7134 0.6966 -0.0761
vn -0.9749 0.1168 0.1896
vn -0.9315 0.2546 -0.2599
vn -0.7520 0.5740 0.3240
vn -0.6230 0.7331 -0.2730
vn -0.9646 0.2293 -0.1302
vn -0.9834 0.1697 0.0644
vn -0.6996 0.4900 0.5201
vn -0.4928 0.8406 -0.2247
vn -0.6053 0.7846 -0.1338
vn -0.6606 0.6091 0.4388
vn -0.5689 0.5991 0.5634
vn -0.2652 0.5528 -0.7900
vn -0.4874 0.7768 -0.3989
vn -0.5906 0.4490 0.6705
vn -0.4287 0.0340 0.9028
vn 0.1801 -0.1142 -0.9770
vn -0.0530 0.2821 -0.9579
vn -0.2350 -0.2953 0.9261
vn 0.0121 -0.6472 0.7622
vn 0.3935 -0.5209 -0.7575
vn 0.3787 -0.2789 -0.8825
vn 0.2328 -0.7421 0.6286
vn 0.2822 -0.8742 0.3952
vn 0.4682 -0.6869 -0.5558
vn 0.4983 -0.5648 -0.6578
vn 0.4050 -0.8609 0.3080
vn 0.3999 -0.9039 0.1521
vn -0.7065 -0.5540 -0.4404
vn -0.5459 -0.7848 -0.2933
vn -0.1380 -0.8095 -0.5707
vn -0.4289 -0.5361 -0.7271
vn -0.5202 -0.8258 0.2180
vn -0.1921 -0.9813 -0.0101
vn -0.7420 -0.6664 -0.0736
vn -0.7297 -0.5795 -0.3628
vn -0.7911 -0.5592 -0.2478
vn -0.7837 -0.4273 -0.4508
vn -0.8265 -0.5629 -0.0082
vn -0.7498 -0.6433 -0.1549
vn -0.2667 -0.8969 -0.3527
vn -0.5536 -0.7797 -0.2925
vn -0.6454 -0.6787 -0.3504
vn -0.6594 -0.7232 -0.2053
vn -0.2758 -0.9258 -0.2584
vn 0.1274 -0.9154 -0.3819
vn 0.1915 -0.9434 -0.2707
vn 0.1075 -0.9785 -0.1759
vn -0.0079 -0.5743 -0.8186
vn -0.4069 -0.8013 -0.4385
vn -0.4338 -0.8867 -0.1600
vn -0.1202 -0.9309 0.3448
vn -0.2663 0.1682 -0.9491
vn -0.6081 -0.3036 -0.7335
vn -0.7100 -0.6268 0.3210
vn -0.4369 -0.3735 0.8183
vn -0.2590 0.2618 -0.9297
vn -0.6196 -0.0220 -0.7846
vn -0.7453 -0.4210 0.5170
vn -0.4314 -0.2855 0.8558
vn -0.7928 -0.3810 -0.4757
vn -0.6529 -0.2727 -0.7066
vn -0.7510 -0.5838 0.3085
vn -0.8422 -0.5379 0.0362
vn -0.1624 -0.1728 -0.9715
vn -0.4062 0.0517 -0.9123
vn -0.5618 -0.4422 0.6991
vn -0.3204 -0.6745 0.6651
vn -0.1733 0.3523 -0.9197
vn -0.3503 -0.2094 0.9129
vn 0.0635 0.3976 -0.9153
vn 0.5069 0.0576 -0.8601
vn 0.3119 0.4568 -0.8331
vn 0.1363 -0.1006 0.9855
vn 0.3447 -0.4573 0.8198
vn -0.1192 -0.1821 0.9760
vn -0.0254 0.1373 -0.9902
vn -0.2057 -0.4349 0.8767
vn 0.5184 -0.4739 -0.7118
vn 0.6796 -0.0523 -0.7317
vn 0.5428 -0.4864 0.6847
vn 0.4104 -0.8165 0.4060
vn 0.5952 -0.5896 -0.5460
vn 0.5212 -0.8245 0.2204
vn -0.5492 -0.7826 -0.2929
vn -0.6899 -0.5272 -0.4962
vn -0.4218 -0.6283 -0.6537
vn -0.2433 -0.8099 -0.5338
vn -0.2891 -0.9555 -0.0587
vn -0.4954 -0.8619 0.1083
vn -0.7368 -0.6761 -0.0104
vn -0.0542 -0.9532 -0.2974
vn 0.0477 -0.7209 -0.6913
vn 0.1759 -0.8445 -0.5059
vn 0.1296 -0.9912 -0.0272
vn -0.0354 -0.9849 0.1697
vn 0.2557 -0.9310 -0.2606
vn 0.3460 -0.6376 -0.6883
vn 0.3135 -0.7878 -0.5302
vn 0.2576 -0.9650 0.0482
vn 0.2538 -0.9300 0.2658
vn 0.1393 -0.9505 -0.2779
vn 0.2302 -0.5271 -0.8180
vn 0.1114 -0.9042 0.4123
vn 0.3990 -0.2732 -0.8753
vn 0.2537 -0.7344 0.6295
vn 0.2923 0.1130 -0.9496
vn 0.5388 -0.3611 -0.7611
vn 0.3961 -0.0677 -0.9157
vn 0.2327 -0.5862 0.7760
vn 0.4158 -0.7514 0.5123
vn 0.1150 -0.4496 0.8858
vn -0.8955 -0.3939 -0.2072
vn -0.9245 -0.0392 -0.3792
vn -0.7403 -0.3119 -0.5956
vn -0.8153 -0.5500 0.1812
vn -0.9731 -0.1936 0.1246
vn -0.1777 0.9456 0.2727
vn 0.1471 0.9808 0.1281
vn -0.1213 0.9877 -0.0983
vn -0.4189 0.9035 0.0908
vn -0.4444 0.8226 0.3549
vn -0.1894 0.7714 0.6075
vn 0.1144 0.8771 0.4666
vn -0.6592 0.7345 0.1615
vn -0.6081 0.7759 -0.1678
vn -0.8289 0.5468 -0.1180
vn -0.8649 0.4326 0.2546
vn -0.6688 0.5832 0.4610
vn -0.9749 0.2213 -0.0263
vn -0.8744 0.2580 -0.4109
vn -0.9454 0.0327 0.3242
vn -0.2972 0.9273 -0.2275
vn -0.1737 0.6851 -0.7074
vn 0.0244 0.9237 -0.3824
vn -0.0925 0.5526 0.8283
vn -0.3314 0.1847 0.9252
vn -0.3817 0.6589 0.6481
vn 0.2275 0.9236 -0.3085
vn 0.2033 0.7491 -0.6305
vn 0.1186 0.8950 -0.4300
vn -0.0067 0.4973 0.8675
vn 0.0493 0.2602 0.9643
vn 0.1201 0.5827 0.8037
vn -0.1001 0.8963 -0.4320
vn -0.0264 0.6938 -0.7197
vn -0.2515 0.7653 -0.5925
vn -0.3920 0.3193 0.8628
vn -0.1891 0.1772 0.9658
vn -0.2221 0.5090 0.8316
vn -0.5194 0.6823 -0.5145
vn -0.2765 0.5069 -0.8165
vn -0.5928 0.3897 -0.7048
vn -0.7271 -0.0365 0.6856
vn -0.4419 -0.0183 0.8969
vn -0.6373 0.3081 0.7064
vn -0.4519 0.1989 -0.8696
vn -0.6058 -0.1439 -0.7825
vn -0.7582 0.1347 -0.6380
vn -0.8643 -0.2020 0.4606
vn -0.7249 -0.5216 0.4500
vn -0.6072 -0.2939 0.7382
vn -0.7754 -0.0844 -0.6258
vn -0.7602 0.4891 -0.4276
vn -0.8485 0.2090 0.4862
vn -0.8673 -0.3761 0.3260
vn -0.3340 0.8789 -0.3406
vn -0.4352 0.5579 0.7067
vn 0.1491 0.9369 -0.3161
vn 0.0410 0.5938 0.8036
vn 0.3182 0.9423 -0.1041
vn 0.1048 0.9705 -0.2171
vn 0.0129 0.6790 0.7341
vn 0.2440 0.7069 0.6639
vn -0.3259 0.9437 0.0565
vn -0.3611 0.8319 0.4214
vn 0.3192 0.8970 0.3058
vn 0.2882 0.9476 0.1379
vn 0.2566 0.8474 0.4649
vn -0.8704 0.4239 0.2506
vn -0.8345 0.5376 -0.1205
vn 0.1390 0.9125 0.3847
vn 0.1550 0.9634 0.2187
vn 0.3993 0.8651 0.3037
vn 0.1787 0.4749 -0.8617
vn -0.0007 -0.0943 0.9955
vn 0.2118 0.2238 -0.9514
vn 0.1410 0.4947 -0.8575
vn -0.0380 -0.0736 0.9966
vn 0.0296 -0.3543 0.9347
vn 0.0959 0.3615 -0.9274
vn -0.0973 0.4580 -0.8836
vn -0.2750 -0.1057 0.9556
vn -0.0875 -0.2205 0.9715
vn -0.5767 0.5305 -0.6213
vn -0.7042 0.1259 0.6988
vn 0.4715 -0.4273 -0.7714
vn 0.2547 -0.5897 -0.7664
vn 0.4317 -0.5600 -0.7071
vn 0.3307 -0.8807 0.3392
vn 0.1479 -0.9288 0.3399
vn 0.3514 -0.8085 0.4721
vn 0.5278 -0.5375 -0.6577
vn 0.5587 -0.5174 -0.6482
vn 0.2938 -0.7478 -0.5954
vn 0.2247 -0.9670 0.1199
vn 0.4636 -0.8194 0.3372
vn 0.4326 -0.8397 0.3283
vn 0.5944 -0.4790 -0.6460
vn 0.4970 -0.7882 0.3630
vn 0.7338 -0.3065 -0.6064
vn 0.5493 -0.3206 -0.7717
vn 0.4221 -0.7242 0.5452
vn 0.6316 -0.6306 0.4510
vn -0.5497 -0.4141 -0.7255
vn -0.2839 -0.6603 -0.6953
vn -0.5305 -0.3876 -0.7539
vn -0.6327 -0.7120 0.3045
vn -0.3654 -0.9189 0.1486
vn -0.6452 -0.7172 0.2634
vn -0.4799 -0.4761 -0.7369
vn -0.5753 -0.7787 0.2504
vn 0.0001 -0.9056 -0.4242
vn 0.0454 -0.6438 -0.7638
vn -0.0546 -0.9610 0.2711
vn -0.0255 -0.9870 -0.1584
vn -0.1289 -0.5941 -0.7940
vn -0.2339 -0.9272 0.2927
vn 0.4887 0.8723 0.0159
vn -0.2781 0.7879 0.5494
vn 0.5197 0.8172 0.2493
vn 0.8339 0.3877 -0.3928
vn 0.7302 0.0587 0.6807
vn 0.5107 0.7887 0.3424
vn -0.2195 0.9739 -0.0574
vn 0.4364 0.7063 0.5573
vn -0.2646 0.9464 0.1851
vn 0.9083 0.2798 -0.3111
vn 0.6332 0.7575 -0.1590
vn 0.5540 0.5062 0.6610
vn 0.8234 0.0106 0.5673
vn -0.2785 0.9023 0.3291
vn 0.2706 0.8282 -0.4909
vn 0.9546 0.2699 0.1261
vn 0.8539 0.4954 -0.1594
vn 0.7850 0.2766 0.5543
vn 0.9461 0.2428 0.2146
vn 0.1357 0.3999 0.9065
vn 0.7061 0.2933 -0.6445
vn 0.8025 0.4334 0.4100
vn 0.8882 0.3741 -0.2670
vn 0.8063 0.1144 0.5803
vn 0.8375 0.5443 0.0480
vn 0.5656 -0.1526 0.8104
vn 0.6663 -0.3221 -0.6725
vn 0.6203 0.7789 0.0928
vn 0.8608 0.1212 -0.4943
vn 0.7532 -0.2203 0.6199
vn 0.5843 0.6645 0.4660
vn 0.5546 -0.6767 0.4843
vn 0.6153 -0.6629 -0.4265
vn 0.7061 0.6495 -0.2820
vn 0.9812 0.0285 -0.1911
vn 0.9296 -0.1352 0.3430
vn 0.6100 0.3444 0.7137
vn 0.5658 -0.8200 0.0861
vn 0.1958 0.9615 0.1927
vn -0.0362 0.9838 0.1758
vn 0.2777 0.9604 0.0229
vn 0.2254 0.7947 0.5636
vn -0.0576 0.9158 0.3974
vn 0.1747 0.8943 0.4119
vn 0.1577 0.5849 0.7956
vn -0.2100 0.7112 0.6709
vn -0.1271 0.9741 -0.1869
vn 0.2629 0.9189 -0.2940
vn 0.6098 0.0106 0.7925
vn -0.1500 0.0327 0.9882
vn 0.0238 0.5842 -0.8113
vn 0.7377 0.4164 -0.5315
vn 0.9953 -0.0899 -0.0372
vn 0.6313 -0.4365 0.6410
vn 0.7563 -0.0399 -0.6530
vn 0.9767 -0.1487 0.1546
vn 0.8659 0.0035 -0.5002
vn 0.9056 -0.2526 -0.3407
vn 0.8442 -0.4475 0.2951
vn 0.7635 -0.3215 0.5601
vn 0.8171 0.1072 -0.5665
vn 0.7806 -0.0878 -0.6189
vn 0.6637 -0.4586 0.5909
vn 0.6983 -0.2697 0.6630
vn 0.3651 -0.2017 -0.9089
vn 0.8342 -0.2520 -0.4905
vn 0.3816 -0.0287 -0.9239
vn 0.2149 -0.5577 0.8018
vn 0.7478 -0.5264 0.4047
vn 0.2106 -0.6919 0.6906
vn 0.6280 -0.7682 -0.1245
vn 0.6184 0.7855 0.0225
vn 0.5697 0.6311 0.5265
vn 0.6368 -0.7402 -0.2157
vn 0.1853 -0.0215 -0.9824
vn 0.0113 -0.5736 0.8190
vn -0.2219 0.8757 0.4289
vn 0.5179 0.5306 -0.6710
vn 0.8670 0.3347 -0.3692
vn 0.7697 0.0261 0.6379
vn 0.3632 0.0396 0.9309
vn -0.1900 0.9768 0.0991
vn -0.1167 0.9819 0.1492
vn 0.3016 0.9293 -0.2130
vn 0.2093 0.6365 0.7423
vn -0.1413 0.9038 0.4038
vn 0.5245 0.6413 -0.5601
vn 0.5855 0.6029 -0.5420
vn 0.4883 0.4733 -0.7332
vn 0.3263 -0.0409 0.9444
vn 0.4483 0.1676 0.8780
vn 0.3831 0.1928 0.9034
vn 0.2845 0.8513 -0.4409
vn 0.4369 0.4083 -0.8015
vn 0.4747 0.7533 -0.4552
vn 0.3465 0.3466 0.8717
vn 0.2673 -0.1301 0.9548
vn 0.1568 0.4461 0.8811
vn 0.5514 -0.0687 -0.8314
vn 0.6269 -0.0152 -0.7790
vn 0.3672 0.0043 -0.9301
vn 0.1980 -0.5329 0.8227
vn 0.4807 -0.4791 0.7344
vn 0.4002 -0.5486 0.7341
vn 0.8123 0.0925 -0.5759
vn 0.5894 0.1168 -0.7993
vn 0.7295 -0.0576 -0.6816
vn 0.6009 -0.4657 0.6497
vn 0.4333 -0.3789 0.8178
vn 0.6928 -0.2868 0.6617
vn 0.7561 -0.0239 -0.6540
vn 0.6301 -0.4237 0.6507
vn 0.2676 0.0521 -0.9621
vn 0.0919 -0.5057 0.8578
vn 0.2436 -0.0072 -0.9698
vn 0.0701 -0.5579 0.8269
vn 0.7630 -0.0221 -0.6460
vn 0.7472 -0.0465 -0.6630
vn 0.8528 0.1922 -0.4856
vn 0.7430 -0.1562 0.6508
vn 0.6210 -0.4470 0.6438
vn 0.6382 -0.4182 0.6464
vn 0.7367 -0.1081 -0.6675
vn 0.8997 0.1338 -0.4156
vn 0.8045 -0.1682 0.5696
vn 0.6132 -0.5001 0.6115
vn 0.5299 0.4241 -0.7344
vn 0.9064 0.1790 -0.3826
vn 0.8145 -0.1127 0.5691
vn 0.3696 -0.0846 0.9253
vn 0.3073 0.8957 -0.3214
vn 0.6553 0.7337 -0.1794
vn 0.5734 0.4739 0.6683
vn 0.1978 0.5481 0.8127
vn 0.6455 0.4699 -0.6021
vn 0.7087 0.6700 -0.2211
vn 0.6220 0.3950 0.6761
vn 0.5039 0.0207 0.8635
vn 0.1229 0.9778 -0.1700
vn 0.6404 0.7648 -0.0698
vn 0.5763 0.5615 0.5938
vn 0.0386 0.7102 0.7029
vn -0.0656 0.9745 0.2147
vn 0.1120 0.9244 0.3646
vn 0.1244 0.9635 0.2369
vn -0.0792 0.9313 0.3555
vn 0.8594 -0.1085 -0.4996
vn 0.8443 0.3138 -0.4344
vn 0.7371 -0.0263 0.6752
vn 0.7632 -0.4138 0.4962
vn 0.9447 -0.3111 0.1038
vn 0.9234 0.2968 -0.2434
vn 0.8493 0.0614 0.5244
vn 0.9636 -0.2511 -0.0918
vn 0.5186 0.0017 0.8550
vn 0.9091 0.4154 0.0306
vn 0.8768 0.3129 0.3651
vn 0.6594 0.4486 -0.6032
vn 0.2473 0.6023 0.7590
vn 0.8804 0.4737 0.0204
vn 0.8437 0.3572 0.4007
vn 0.3437 0.9082 -0.2390
vn 0.0887 0.9563 0.2787
vn 0.7588 0.6499 -0.0439
vn 0.7034 0.4741 0.5296
vn 0.0847 0.9435 0.3203
vn 0.4958 0.8613 -0.1114
vn 0.4217 0.6261 0.6559
vn 0.8449 0.5347 0.0176
vn 0.7567 0.6418 0.1241
vn 0.8450 0.5348 0.0013
vn 0.8022 0.3991 0.4440
vn 0.7312 0.5609 0.3882
vn 0.8050 0.4081 0.4307
vn 0.8829 0.4628 -0.0791
vn 0.8134 0.5530 -0.1807
vn 0.8615 0.4800 -0.1658
vn 0.7921 0.2599 0.5523
vn 0.7383 0.3147 0.5966
vn 0.8293 0.2926 0.4760
vn 0.8698 0.4695 -0.1519
vn 0.8837 0.4038 -0.2367
vn 0.8871 0.4410 -0.1358
vn 0.8247 0.2429 0.5108
vn 0.8056 0.1561 0.5715
vn 0.8033 0.2585 0.5366
vn 0.7917 0.6028 -0.0994
vn 0.8871 0.3924 -0.2430
vn 0.7725 0.6035 -0.1978
vn 0.6924 0.3494 0.6313
vn 0.8085 0.1429 0.5708
vn 0.7285 0.4025 0.5543
vn 0.7140 0.6807 -0.1640
vn 0.8414 0.4856 -0.2370
vn 0.7596 0.2261 0.6098
vn 0.6367 0.4353 0.6365
vn 0.9006 0.3759 -0.2180
vn 0.8271 0.1424 0.5438
vn 0.9309 0.3587 -0.0690
vn 0.8838 0.2093 0.4183
vn 0.6589 0.7514 0.0370
vn 0.6139 0.6086 0.5028
vn 0.8080 0.5150 -0.2862
vn 0.7166 0.2249 0.6603
vn 0.8951 0.3594 -0.2639
vn 0.8145 0.1035 0.5709
vn 0.8083 0.5080 -0.2976
vn 0.7153 0.2128 0.6656
vn 0.6898 0.7063 -0.1590
vn 0.6124 0.4607 0.6424
vn -0.0474 -0.9220 -0.3842
vn 0.0158 -0.9821 -0.1877
vn -0.6200 -0.7837 0.0373
vn -0.5609 -0.5963 -0.5743
vn 0.0354 -0.9200 -0.3904
vn -0.0644 -0.9759 -0.2083
vn 0.1022 -0.4650 -0.8794
vn -0.6602 -0.7041 -0.2613
vn -0.6570 -0.6940 -0.2945
vn -0.0285 -0.8799 0.4743
vn 0.1454 0.4580 -0.8770
vn -0.4222 -0.2136 -0.8810
vn -0.5578 -0.6441 0.5235
vn -0.0352 -0.1151 0.9927
vn -0.7838 0.5921 -0.1873
vn -0.7520 0.1695 -0.6370
vn -0.8599 -0.1730 0.4803
vn -0.8351 0.4292 0.3440
vn -0.8346 0.3148 0.4520
vn -0.9718 -0.1850 0.1461
vn -0.9199 -0.0202 -0.3916
vn -0.7583 0.5571 -0.3386
vn -0.7079 0.3355 0.6216
vn -0.9119 -0.2035 0.3564
vn -0.8232 0.0781 -0.5623
vn -0.6051 0.6617 -0.4427
vn -0.8523 -0.5027 0.1442
vn -0.8592 -0.5053 -0.0806
vn -0.8317 -0.4179 -0.3657
vn -0.7857 -0.2912 -0.5458
vn -0.8833 -0.4258 -0.1960
vn -0.8798 -0.4148 -0.2319
vn -0.9383 -0.0449 -0.3429
vn -0.9801 -0.1774 0.0895
vn -0.4608 -0.7882 -0.4079
vn -0.4821 -0.8559 -0.1871
vn 0.7500 0.2622 -0.6072
vn 0.6170 -0.1601 0.7705
vn 0.6537 0.1804 -0.7349
vn 0.5043 -0.2937 0.8120
vn 0.8222 -0.3466 -0.4515
vn 0.7478 -0.5826 0.3184
vn 0.9236 -0.1409 -0.3565
vn 0.8531 -0.3646 0.3732
vn 0.9391 -0.3078 0.1526
vn 0.9665 -0.2210 -0.1307
vn 0.8110 -0.5610 0.1658
vn 0.8565 -0.4169 -0.3045
vn 0.6059 -0.2664 0.7496
vn 0.7412 0.1629 -0.6512
vn 0.7543 -0.0837 0.6512
vn 0.8600 0.2519 -0.4437
vn 0.5150 0.3674 0.7745
vn 0.6221 0.7075 -0.3352
vn 0.3187 0.3104 0.8956
vn 0.4535 0.7380 -0.4996
vn 0.1241 0.8439 0.5219
vn 0.1681 0.9835 0.0665
vn 0.3325 0.8254 0.4563
vn 0.3625 0.9205 0.1460
vn 0.3538 0.9310 -0.0901
vn 0.2821 0.7034 0.6524
vn 0.1718 0.9789 -0.1102
vn 0.0971 0.7418 0.6636
vn 0.3965 0.6941 -0.6009
vn 0.2473 0.2207 0.9435
vn 0.5310 0.6798 -0.5059
vn 0.3969 0.2544 0.8819
vn 0.4890 0.6780 -0.5487
vn 0.3483 0.2314 0.9084
vn 0.2433 0.9637 -0.1098
vn 0.1683 0.7255 0.6673
vn 0.1851 0.8420 0.5067
vn 0.2255 0.9702 0.0884
vn 0.3694 0.3138 0.8747
vn 0.4995 0.7265 -0.4719
vn 0.6452 -0.2160 0.7328
vn 0.7742 0.1934 -0.6027
vn 0.8675 -0.4710 0.1598
vn 0.9061 -0.3486 -0.2397
vn 0.8743 -0.2515 -0.4152
vn 0.8003 -0.4862 0.3508
vn 0.7152 0.2415 -0.6559
vn 0.5753 -0.2024 0.7925
vn 0.8811 0.4216 -0.2143
vn 0.8060 0.1834 0.5627
vn 0.9493 0.2855 -0.1317
vn 0.8949 0.1128 0.4319
vn 0.9695 0.2324 0.0782
vn 0.9543 0.1843 0.2353
vn 0.9090 0.3183 0.2691
vn 0.9237 0.3648 0.1173
vn 0.8498 0.4347 0.2980
vn 0.8643 0.4807 0.1481
vn 0.7863 0.5939 0.1704
vn 0.7710 0.5452 0.3291
vn 0.7733 0.6327 -0.0425
vn 0.7188 0.4598 0.5214
vn 0.8169 0.5475 -0.1812
vn 0.7420 0.3098 0.5945
vn 0.7719 -0.6005 -0.2089
vn 0.7545 -0.6557 -0.0287
vn 0.7928 -0.4786 -0.3774
vn 0.7390 -0.6493 0.1796
vn 0.7476 0.0704 -0.6604
vn 0.6156 -0.3486 0.7068
vn 0.5783 0.4343 -0.6906
vn 0.4243 -0.0544 0.9039
vn 0.5076 0.5492 -0.6638
vn 0.3534 0.0596 0.9336
vn 0.8403 -0.3336 -0.4274
vn 0.7691 -0.5594 0.3091
vn 0.8431 -0.2496 -0.4763
vn 0.7588 -0.5170 0.3961
vn 0.7584 -0.0177 -0.6516
vn 0.6324 -0.4174 0.6525
vn 0.7113 0.2107 -0.6706
vn 0.5705 -0.2360 0.7866
vn 0.5146 0.7461 -0.4226
vn 0.3919 0.3566 0.8481
vn 0.3339 0.9124 -0.2368
vn 0.2378 0.6075 0.7579
vn 0.3672 0.9027 -0.2243
vn 0.2733 0.6047 0.7481
vn 0.3471 0.8584 0.3776
vn 0.3613 0.9034 0.2308
vn 0.3399 0.4317 0.8355
vn 0.4573 0.8042 -0.3797
vn 0.3117 0.6001 0.7367
vn 0.4032 0.8905 -0.2108
vn 0.9595 0.2470 -0.1357
vn 0.9062 0.0780 0.4155
vn 0.9757 0.2114 -0.0579
vn 0.9377 0.0909 0.3353
vn 0.9870 0.1587 0.0270
vn 0.9665 0.0937 0.2390
vn 0.9958 0.0920 0.0035
vn 0.9746 0.0248 0.2226
vn 0.9873 0.1363 -0.0819
vn 0.9489 0.0146 0.3152
vn 0.9310 0.2650 -0.2510
vn 0.8571 0.0305 0.5142
vn 0.9134 0.2191 -0.3430
vn 0.8262 -0.0578 0.5604
vn 0.9537 0.0855 -0.2884
vn 0.8825 -0.1405 0.4489
vn 0.9474 0.2820 -0.1512
vn 0.8898 0.0991 0.4455
vn 0.8665 0.4395 0.2368
vn 0.8697 0.4497 0.2034
vn 0.9708 0.2367 -0.0388
vn 0.9349 0.1228 0.3330
vn 0.9716 0.2245 0.0746
vn 0.9562 0.1756 0.2342
vn 0.9374 0.2886 0.1948
vn 0.9402 0.2974 0.1662
vn 0.9477 -0.3096 -0.0781
vn 0.9346 -0.3511 0.0574
vn 0.9777 -0.1055 -0.1813
vn 0.9351 -0.2407 0.2600
vn 0.9483 0.2191 -0.2295
vn 0.8803 0.0034 0.4743
vn 0.8616 0.4778 -0.1715
vn 0.7913 0.2549 0.5557
vn 0.8970 0.3943 -0.1999
vn 0.8257 0.1679 0.5386
vn 0.9102 0.3918 0.1346
vn 0.8973 0.3510 0.2676
vn 0.9136 0.3834 0.1352
vn 0.9013 0.3442 0.2631
vn 0.9213 0.3698 0.1205
vn 0.9069 0.3243 0.2688
vn 0.6253 -0.0264 -0.7799
vn 0.4796 -0.4888 0.7287
vn 0.0279 0.5930 -0.8047
vn -0.1453 0.0434 0.9884
vn -0.0702 0.9893 0.1280
vn -0.0997 0.8957 0.4333
vn 0.1097 0.6287 0.7699
vn 0.2089 0.9435 -0.2572
vn 0.9491 -0.2102 -0.2346
vn 0.9032 -0.3557 0.2401
vn 0.9536 -0.2302 -0.1941
vn 0.9158 -0.3500 0.1968
vn 0.2067 0.7464 0.6325
vn 0.2739 0.9597 -0.0632
vn 0.1373 0.9800 0.1440
vn 0.1076 0.8858 0.4515
vn 0.5084 0.6879 -0.5180
vn 0.3722 0.2557 0.8923
vn 0.8620 -0.0068 -0.5068
vn 0.7591 -0.3335 0.5591
vn 0.7797 0.5970 0.1889
vn 0.7675 0.5585 0.3146
vn 0.9874 0.1369 0.0790
vn 0.9772 0.1046 0.1847
vn 0.8791 0.3769 0.2918
vn 0.8951 0.4277 0.1262
vn 0.8684 0.3913 -0.3046
vn 0.7794 0.1088 0.6170
vn 0.7865 0.4048 -0.4664
vn 0.6698 0.0345 0.7417
vn 0.8300 0.5149 -0.2144
vn 0.7508 0.2636 0.6057
vn 0.4037 0.6367 -0.6570
vn 0.2477 0.1415 0.9584
vn 0.3349 0.6039 -0.7233
vn 0.1702 0.0812 0.9821
vn 0.5533 0.2658 -0.7894
vn 0.3915 -0.2478 0.8862
vn 0.9779 -0.2085 -0.0128
vn 0.9704 -0.2326 0.0657
vn 0.9387 0.0824 0.3349
vn 0.9770 0.2040 -0.0621
vn 0.8824 0.2236 0.4141
vn 0.9279 0.3682 -0.0579
vn 0.8272 0.4494 0.3373
vn 0.8481 0.5159 0.1204
vn 0.1760 0.8562 0.4858
vn 0.2121 0.9708 0.1117
vn -0.0241 0.4552 0.8901
vn 0.1077 0.8735 -0.4748
vn 0.2876 -0.4134 0.8639
vn 0.4562 0.1216 -0.8815
vn 0.7589 -0.6302 -0.1643
vn 0.7511 -0.6549 -0.0837
vn 0.9803 0.1500 0.1283
vn 0.9782 0.1431 0.1507
vn 0.7968 0.1184 0.5925
vn 0.8807 0.3847 -0.2763
vn 0.9139 0.2155 0.3440
vn 0.9471 0.3209 0.0002
vn 0.9150 0.3126 0.2552
vn 0.9274 0.3521 0.1264
vn 0.9229 0.3648 0.1231
vn 0.9093 0.3215 0.2642
vn 0.9462 0.1419 0.2908
vn 0.9735 0.2285 0.0081
vn 1.0000 -0.0018 0.0003
vn 0.9832 -0.0550 0.1738
vn 0.9611 0.0052 -0.2761
vn 0.8963 -0.2007 0.3956
vn 0.9080 0.2262 -0.3527
vn 0.8187 -0.0570 0.5713
vn 0.8900 0.3895 -0.2371
vn 0.8125 0.1437 0.5649
vn 0.9029 0.4073 -0.1372
vn 0.8418 0.2133 0.4959
vn 0.8273 0.5409 -0.1516
vn 0.7578 0.3202 0.5686
vn 0.8165 0.5759 0.0402
vn 0.7788 0.4564 0.4303
vn 0.8986 0.4368 0.0414
vn 0.8672 0.3373 0.3664
vn 0.9113 0.4089 0.0486
vn 0.8824 0.3174 0.3473
vn 0.9669 0.2354 -0.0985
vn 0.9207 0.0887 0.3801
vn 0.9472 0.3204 0.0108
vn 0.9159 0.2210 0.3350
vn 0.9902 0.1026 0.0948
vn 0.9845 0.0847 0.1533
vn 0.9911 -0.1176 -0.0616
vn 0.9699 -0.1850 0.1582
vn 0.9759 0.0979 0.1949
vn 0.9883 0.1372 0.0669
vn 0.8592 0.4055 0.3119
vn 0.8776 0.4636 0.1222
vn 0.7521 0.6229 0.2154
vn 0.7436 0.5962 0.3027
vn 0.7338 0.6715 0.1030
vn 0.7034 0.5750 0.4178
vn 0.7129 0.7010 -0.0169
vn 0.6603 0.5340 0.5281
vn 0.6653 0.7419 -0.0829
vn 0.5998 0.5338 0.5961
vn 0.9053 0.2603 -0.3358
vn 0.8172 -0.0191 0.5760
vn 0.7929 0.4207 -0.4409
vn 0.6797 0.0615 0.7309
vn 0.7152 0.5934 -0.3693
vn 0.6066 0.2487 0.7551
vn -0.4543 0.5944 0.6635
vn -0.3623 0.8863 -0.2886
vn -0.6320 0.0711 0.7717
vn -0.4901 0.5217 -0.6983
vn -0.7565 0.5499 0.3542
vn -0.7112 0.6936 -0.1148
vn -0.6565 0.6870 -0.3115
vn -0.7368 0.4322 0.5200
vn -0.5511 0.8058 -0.2166
vn -0.6230 0.5778 0.5273
vn -0.4335 0.7945 -0.4253
vn -0.5433 0.4461 0.7112
vn -0.0316 0.2038 -0.9785
vn -0.2133 -0.3729 0.9030
vn 0.3221 -0.3659 -0.8732
vn 0.1834 -0.8060 0.5628
vn 0.4343 -0.6231 -0.6504
vn 0.3466 -0.9017 0.2585
vn -0.4906 -0.7044 -0.5130
vn -0.5343 -0.8431 -0.0603
vn -0.7771 -0.4958 -0.3878
vn -0.8052 -0.5851 -0.0963
vn -0.5776 -0.7375 -0.3500
vn -0.5896 -0.7753 -0.2264
vn 0.1739 -0.9247 -0.3386
vn 0.1613 -0.9647 -0.2081
vn 0.0852 -0.8622 -0.4993
vn 0.0426 -0.9974 -0.0583
vn -0.1798 -0.0855 -0.9800
vn -0.3437 -0.6058 0.7176
vn -0.2752 0.2427 -0.9302
vn -0.4465 -0.3007 0.8427
vn -0.7744 -0.2886 -0.5631
vn -0.8444 -0.5107 0.1617
vn -0.7110 -0.5642 -0.4196
vn -0.7422 -0.6631 -0.0969
vn -0.4265 -0.2459 -0.8704
vn -0.5585 -0.6647 0.4962
vn -0.2228 0.2862 -0.9319
vn -0.3975 -0.2684 0.8775
vn 0.2043 0.4401 -0.8744
vn 0.0241 -0.1316 0.9910
vn -0.0847 0.3991 -0.9130
vn -0.2646 -0.1716 0.9490
vn 0.4490 0.1312 -0.8838
vn 0.2797 -0.4064 0.8699
vn 0.4869 -0.6958 -0.5280
vn 0.4236 -0.8968 0.1278
vn -0.4944 -0.6935 -0.5241
vn -0.5405 -0.8401 -0.0459
vn -0.0116 -0.8515 -0.5243
vn -0.0575 -0.9971 -0.0490
vn 0.2943 -0.8108 -0.5059
vn 0.2443 -0.9696 0.0122
vn 0.1833 -0.8046 -0.5649
vn 0.1245 -0.9912 0.0442
vn 0.1430 -0.1757 -0.9740
vn -0.0205 -0.6946 0.7191
vn 0.4438 -0.1455 -0.8842
vn 0.2893 -0.6358 0.7155
vn -0.8293 -0.3262 -0.4537
vn -0.8772 -0.4783 0.0423
vn -0.1556 0.9799 0.1249
vn -0.1837 0.8908 0.4157
vn -0.6413 0.7672 0.0141
vn -0.6692 0.6787 0.3026
vn -0.9261 0.2712 -0.2623
vn -0.9709 0.1290 0.2018
vn -0.2975 0.8663 -0.4011
vn -0.4092 0.5119 0.7553
vn 0.2029 0.9072 -0.3686
vn 0.0863 0.5370 0.8392
vn -0.0780 0.8497 -0.5214
vn -0.2136 0.4195 0.8823
vn -0.4243 0.6328 -0.6477
vn -0.5644 0.1879 0.8038
vn -0.6436 0.1116 -0.7572
vn -0.7713 -0.2936 0.5648
vn -0.8293 0.2015 -0.5213
vn -0.9173 -0.0780 0.3904
vn -0.5643 0.7386 -0.3687
vn -0.6590 0.4382 0.6113
vn -0.0993 0.9393 -0.3283
vn -0.2055 0.6023 0.7714
vn 0.2713 0.9189 -0.2864
vn 0.1673 0.5887 0.7908
vn -0.3170 0.9391 -0.1329
vn -0.3853 0.7223 0.5743
vn 0.3317 0.9366 0.1127
vn 0.2955 0.8220 0.4869
vn -0.9910 -0.0787 0.1088
vn -0.9509 0.0483 -0.3056
vn -0.1495 0.9538 0.2607
vn -0.1526 0.9442 0.2919
vn 0.3067 0.8515 0.4253
vn 0.3303 0.9263 0.1811
vn 0.0745 0.4087 -0.9096
vn -0.1080 -0.1703 0.9795
vn 0.2071 0.4922 -0.8455
vn 0.0291 -0.0726 0.9969
vn 0.0207 0.4880 -0.8726
vn -0.1586 -0.0810 0.9840
vn -0.2316 0.3652 -0.9017
vn -0.4052 -0.1856 0.8952
vn 0.3901 -0.5197 -0.7601
vn 0.2783 -0.8744 0.3974
vn 0.4808 -0.6191 -0.6209
vn 0.3972 -0.8845 0.2448
vn 0.5766 -0.4902 -0.6536
vn 0.4787 -0.8008 0.3598
vn 0.6204 -0.3189 -0.7165
vn 0.5016 -0.6960 0.5138
vn 0.5045 -0.3409 -0.7933
vn 0.3754 -0.7507 0.5437
vn 0.7956 -0.2681 -0.5433
vn 0.7014 -0.5670 0.4319
vn -0.4999 -0.4154 -0.7600
vn -0.6022 -0.7401 0.2993
vn -0.6326 -0.3373 -0.6972
vn -0.7258 -0.6333 0.2685
vn 0.0109 -0.7872 -0.6166
vn -0.0550 -0.9963 0.0657
vn 0.0770 -0.6077 -0.7904
vn -0.0300 -0.9475 0.3183
vn -0.3519 -0.5624 -0.7483
vn -0.4467 -0.8635 0.2341
vn 0.4735 0.8711 0.1306
vn 0.4416 0.7698 0.4608
vn 0.5404 0.8385 -0.0697
vn 0.4741 0.6280 0.6171
vn 0.7663 0.6156 -0.1841
vn 0.6880 0.3674 0.6258
vn 0.8888 0.4221 -0.1788
vn 0.8198 0.2031 0.5355
vn 0.8739 0.2803 -0.3973
vn 0.7745 -0.0351 0.6316
vn 0.8937 -0.0065 -0.4487
vn 0.8004 -0.3027 0.5175
vn 0.2920 0.9562 -0.0212
vn 0.2321 0.7659 0.5996
vn 0.1243 0.8459 0.5186
vn 0.1676 0.9834 0.0702
vn 0.3253 0.2570 0.9100
vn 0.4653 0.7014 -0.5399
vn 0.8965 -0.0978 0.4322
vn 0.9622 0.1109 -0.2486
vn 0.9352 -0.0483 -0.3509
vn 0.8605 -0.2852 0.4221
vn 0.8191 0.0668 -0.5698
vn 0.7019 -0.3051 0.6437
vn 0.4957 -0.3128 -0.8102
vn 0.3623 -0.7363 0.5715
vn 0.9972 0.0461 -0.0582
vn 0.9677 -0.0476 0.2475
vn 0.2624 -0.0238 -0.9647
vn 0.0903 -0.5698 0.8168
vn 0.6189 0.7854 -0.0094
vn 0.5646 0.6132 0.5524
vn 0.1594 0.9834 0.0870
vn 0.1192 0.8557 0.5036
vn 0.5503 0.6649 -0.5051
vn 0.4169 0.2415 0.8763
vn 0.4581 0.7502 -0.4769
vn 0.3266 0.3329 0.8846
vn 0.4903 0.0136 -0.8714
vn 0.3287 -0.4992 0.8017
vn 0.7382 0.0490 -0.6728
vn 0.6053 -0.3728 0.7034
vn 0.8341 0.1091 -0.5407
vn 0.7195 -0.2547 0.6461
vn 0.3152 0.2349 -0.9195
vn 0.1363 -0.3330 0.9330
vn 0.2360 -0.0364 -0.9711
vn 0.0640 -0.5824 0.8103
vn 0.3081 0.1767 -0.9348
vn 0.1298 -0.3894 0.9119
vn 0.7488 -0.0314 -0.6621
vn 0.6219 -0.4341 0.6518
vn 0.7493 -0.0725 -0.6583
vn 0.6253 -0.4661 0.6259
vn 0.6794 -0.0729 -0.7301
vn 0.5440 -0.5027 0.6719
vn 0.2889 0.8806 -0.3756
vn 0.1710 0.5065 0.8451
vn 0.4936 0.7126 -0.4985
vn 0.3597 0.2878 0.8876
vn 0.5766 0.5962 -0.5587
vn 0.4370 0.1533 0.8863
vn -0.1566 0.9595 0.2342
vn -0.1645 0.9346 0.3153
vn 0.8018 -0.0387 -0.5963
vn 0.6860 -0.4065 0.6035
vn 0.9231 -0.2240 -0.3125
vn 0.8648 -0.4091 0.2912
vn 0.7658 -0.2370 0.5979
vn 0.8702 0.0945 -0.4835
vn 0.3614 0.2992 0.8831
vn 0.4939 0.7195 -0.4883
vn 0.1563 0.8368 0.5247
vn 0.2007 0.9774 0.0658
vn 0.0333 0.9877 0.1528
vn 0.0064 0.9026 0.4304
vn 0.8260 0.5630 0.0273
vn 0.7866 0.4380 0.4352
vn 0.8501 0.5158 -0.1058
vn 0.7896 0.3236 0.5214
vn 0.8784 0.4484 -0.1653
vn 0.8105 0.2331 0.5373
vn 0.8563 0.4978 -0.1375
vn 0.7911 0.2907 0.5382
vn 0.7789 0.5973 -0.1913
vn 0.7002 0.3475 0.6237
vn 0.8765 0.4106 -0.2514
vn 0.7956 0.1540 0.5859
vn 0.9216 0.3590 -0.1475
vn 0.8609 0.1664 0.4807
vn 0.8953 0.4435 -0.0412
vn 0.8492 0.2970 0.4366
vn 0.5491 0.7857 0.2847
vn 0.5475 0.7807 0.3013
vn 0.7436 0.6273 -0.2312
vn 0.6569 0.3522 0.6667
vn 0.8702 0.4170 -0.2622
vn 0.7873 0.1536 0.5972
vn 0.8742 0.3846 -0.2964
vn 0.7869 0.1075 0.6077
vn 0.7301 0.6422 -0.2335
vn 0.6424 0.3639 0.6745
vn 0.6908 0.7069 -0.1521
vn 0.6146 0.4649 0.6373
vn -0.0202 -0.9723 -0.2328
vn -0.0085 -0.9350 -0.3545
vn -0.0078 -0.7718 -0.6359
vn -0.0776 -0.9932 0.0866
vn 0.2438 0.0058 -0.9698
vn 0.0696 -0.5471 0.8342
vn -0.3869 0.6458 -0.6582
vn -0.5303 0.1908 0.8261
vn -0.8778 0.4119 0.2444
vn -0.8423 0.5247 -0.1234
vn -0.7690 0.3074 0.5605
vn -0.6744 0.6078 -0.4194
vn -0.8418 -0.5090 0.1798
vn -0.7688 -0.2772 -0.5763
vn -0.8768 -0.4808 0.0039
vn -0.8355 -0.3497 -0.4238
vn -0.8090 -0.2295 -0.5411
vn -0.8777 -0.4477 0.1707
vn -0.8219 0.5076 0.2586
vn -0.7900 0.6089 -0.0720
vn -0.7264 -0.4573 -0.5130
vn -0.7794 -0.6255 0.0357
vn 0.0042 -0.9742 -0.2254
vn 0.0169 -0.9338 -0.3573
s 1
f 2150//2222 2612//2684 3616//3688 2611//2683
f 2612//2684 2104//2176 2613//2685 3616//3688
f 3616//3688 2613//2685 2106//2178 2614//2686
f 2611//2683 3616//3688 2614//2686 2148//2220
f 2107//2179 2616//2688 3617//3689 2615//2687
f 2616//2688 2105//2177 2617//2689 3617//3689
f 3617//3689 2617//2689 2151//2223 2618//2690
f 2615//2687 3617//3689 2618//2690 2149//2221
f 2148//2220 2614//2686 3618//3690 2619//2691
f 2614//2686 2106//2178 2620//2692 3618//3690
f 3618//3690 2620//2692 2108//2180 2621//2693
f 2619//2691 3618//3690 2621//2693 2146//2218
f 2109//2181 2623//2695 3619//3691 2622//2694
f 2623//2695 2107//2179 2615//2687 3619//3691
f 3619//3691 2615//2687 2149//2221 2624//2696
f 2622//2694 3619//3691 2624//2696 2147//2219
f 2106//2178 2625//2697 3620//3692 2620//2692
f 2625//2697 2112//2184 2626//2698 3620//3692
f 3620//3692 2626//2698 2110//2182 2627//2699
f 2620//2692 3620//3692 2627//2699 2108//2180
f 2111//2183 2629//2701 3621//3693 2628//2700
f 2629//2701 2113//2185 2630//2702 3621//3693
f 3621//3693 2630//2702 2107//2179 2623//2695
f 2628//2700 3621//3693 2623//2695 2109//2181
f 2104//2176 2631//2703 3622//3694 2613//2685
f 2631//2703 2114//2186 2632//2704 3622//3694
f 3622//3694 2632//2704 2112//2184 2625//2697
f 2613//2685 3622//3694 2625//2697 2106//2178
f 2113//2185 2633//2705 3623//3695 2630//2702
f 2633//2705 2115//2187 2634//2706 3623//3695
f 3623//3695 2634//2706 2105//2177 2616//2688
f 2630//2702 3623//3695 2616//2688 2107//2179
f 2114//2186 2635//2707 3624//3696 2632//2704
f 2635//2707 2116//2188 2636//2708 3624//3696
f 3624//3696 2636//2708 2118//2190 2637//2709
f 2632//2704 3624//3696 2637//2709 2112//2184
f 2119//2191 2639//2711 3625//3697 2638//2710
f 2639//2711 2117//2189 2640//2712 3625//3697
f 3625//3697 2640//2712 2115//2187 2633//2705
f 2638//2710 3625//3697 2633//2705 2113//2185
f 2112//2184 2637//2709 3626//3698 2626//2698
f 2637//2709 2118//2190 2641//2713 3626//3698
f 3626//3698 2641//2713 2120//2192 2642//2714
f 2626//2698 3626//3698 2642//2714 2110//2182
f 2121//2193 2644//2716 3627//3699 2643//2715
f 2644//2716 2119//2191 2638//2710 3627//3699
f 3627//3699 2638//2710 2113//2185 2629//2701
f 2643//2715 3627//3699 2629//2701 2111//2183
f 2118//2190 2645//2717 3628//3700 2641//2713
f 2645//2717 2124//2196 2646//2718 3628//3700
f 3628//3700 2646//2718 2122//2194 2647//2719
f 2641//2713 3628//3700 2647//2719 2120//2192
f 2123//2195 2649//2721 3629//3701 2648//2720
f 2649//2721 2125//2197 2650//2722 3629//3701
f 3629//3701 2650//2722 2119//2191 2644//2716
f 2648//2720 3629//3701 2644//2716 2121//2193
f 2116//2188 2651//2723 3630//3702 2636//2708
f 2651//2723 2126//2198 2652//2724 3630//3702
f 3630//3702 2652//2724 2124//2196 2645//2717
f 2636//2708 3630//3702 2645//2717 2118//2190
f 2125//2197 2653//2725 3631//3703 2650//2722
f 2653//2725 2127//2199 2654//2726 3631//3703
f 3631//3703 2654//2726 2117//2189 2639//2711
f 2650//2722 3631//3703 2639//2711 2119//2191
f 2126//2198 2655//2727 3632//3704 2652//2724
f 2655//2727 2128//2200 2656//2728 3632//3704
f 3632//3704 2656//2728 2130//2202 2657//2729
f 2652//2724 3632//3704 2657//2729 2124//2196
f 2131//2203 2659//2731 3633//3705 2658//2730
f 2659//2731 2129//2201 2660//2732 3633//3705
f 3633//3705 2660//2732 2127//2199 2653//2725
f 2658//2730 3633//3705 2653//2725 2125//2197
f 2124//2196 2657//2729 3634//3706 2646//2718
f 2657//2729 2130//2202 2661//2733 3634//3706
f 3634//3706 2661//2733 2132//2204 2662//2734
f 2646//2718 3634//3706 2662//2734 2122//2194
f 2133//2205 2664//2736 3635//3707 2663//2735
f 2664//2736 2131//2203 2658//2730 3635//3707
f 3635//3707 2658//2730 2125//2197 2649//2721
f 2663//2735 3635//3707 2649//2721 2123//2195
f 2130//2202 2665//2737 3636//3708 2661//2733
f 2665//2737 2136//2208 2666//2738 3636//3708
f 3636//3708 2666//2738 2134//2206 2667//2739
f 2661//2733 3636//3708 2667//2739 2132//2204
f 2135//2207 2669//2741 3637//3709 2668//2740
f 2669//2741 2137//2209 2670//2742 3637//3709
f 3637//3709 2670//2742 2131//2203 2664//2736
f 2668//2740 3637//3709 2664//2736 2133//2205
f 2128//2200 2671//2743 3638//3710 2656//2728
f 2671//2743 2138//2210 2672//2744 3638//3710
f 3638//3710 2672//2744 2136//2208 2665//2737
f 2656//2728 3638//3710 2665//2737 2130//2202
f 2137//2209 2673//2745 3639//3711 2670//2742
f 2673//2745 2139//2211 2674//2746 3639//3711
f 3639//3711 2674//2746 2129//2201 2659//2731
f 2670//2742 3639//3711 2659//2731 2131//2203
f 2138//2210 2675//2747 3640//3712 2672//2744
f 2675//2747 2140//2212 2676//2748 3640//3712
f 3640//3712 2676//2748 2142//2214 2677//2749
f 2672//2744 3640//3712 2677//2749 2136//2208
f 2143//2215 2679//2751 3641//3713 2678//2750
f 2679//2751 2141//2213 2680//2752 3641//3713
f 3641//3713 2680//2752 2139//2211 2673//2745
f 2678//2750 3641//3713 2673//2745 2137//2209
f 2136//2208 2677//2749 3642//3714 2666//2738
f 2677//2749 2142//2214 2681//2753 3642//3714
f 3642//3714 2681//2753 2144//2216 2682//2754
f 2666//2738 3642//3714 2682//2754 2134//2206
f 2145//2217 2684//2756 3643//3715 2683//2755
f 2684//2756 2143//2215 2678//2750 3643//3715
f 3643//3715 2678//2750 2137//2209 2669//2741
f 2683//2755 3643//3715 2669//2741 2135//2207
f 2142//2214 2685//2757 3644//3716 2681//2753
f 2685//2757 2148//2220 2619//2691 3644//3716
f 3644//3716 2619//2691 2146//2218 2686//2758
f 2681//2753 3644//3716 2686//2758 2144//2216
f 2147//2219 2624//2696 3645//3717 2687//2759
f 2624//2696 2149//2221 2688//2760 3645//3717
f 3645//3717 2688//2760 2143//2215 2684//2756
f 2687//2759 3645//3717 2684//2756 2145//2217
f 2140//2212 2689//2761 3646//3718 2676//2748
f 2689//2761 2150//2222 2611//2683 3646//3718
f 3646//3718 2611//2683 2148//2220 2685//2757
f 2676//2748 3646//3718 2685//2757 2142//2214
f 2149//2221 2618//2690 3647//3719 2688//2760
f 2618//2690 2151//2223 2690//2762 3647//3719
f 3647//3719 2690//2762 2141//2213 2679//2751
f 2688//2760 3647//3719 2679//2751 2143//2215
f 2150//2222 2689//2761 3648//3720 2691//2763
f 2689//2761 2140//2212 2692//2764 3648//3720
f 3648//3720 2692//2764 2154//2226 2693//2765
f 2691//2763 3648//3720 2693//2765 2152//2224
f 2155//2227 2695//2767 3649//3721 2694//2766
f 2695//2767 2141//2213 2690//2762 3649//3721
f 3649//3721 2690//2762 2151//2223 2696//2768
f 2694//2766 3649//3721 2696//2768 2153//2225
f 2140//2212 2675//2747 3650//3722 2692//2764
f 2675//2747 2138//2210 2697//2769 3650//3722
f 3650//3722 2697//2769 2156//2228 2698//2770
f 2692//2764 3650//3722 2698//2770 2154//2226
f 2157//2229 2700//2772 3651//3723 2699//2771
f 2700//2772 2139//2211 2680//2752 3651//3723
f 3651//3723 2680//2752 2141//2213 2695//2767
f 2699//2771 3651//3723 2695//2767 2155//2227
f 2138//2210 2671//2743 3652//3724 2697//2769
f 2671//2743 2128//2200 2701//2773 3652//3724
f 3652//3724 2701//2773 2158//2230 2702//2774
f 2697//2769 3652//3724 2702//2774 2156//2228
f 2159//2231 2704//2776 3653//3725 2703//2775
f 2704//2776 2129//2201 2674//2746 3653//3725
f 3653//3725 2674//2746 2139//2211 2700//2772
f 2703//2775 3653//3725 2700//2772 2157//2229
f 2128//2200 2655//2727 3654//3726 2701//2773
f 2655//2727 2126//2198 2705//2777 3654//3726
f 3654//3726 2705//2777 2160//2232 2706//2778
f 2701//2773 3654//3726 2706//2778 2158//2230
f 2161//2233 2708//2780 3655//3727 2707//2779
f 2708//2780 2127//2199 2660//2732 3655//3727
f 3655//3727 2660//2732 2129//2201 2704//2776
f 2707//2779 3655//3727 2704//2776 2159//2231
f 2126//2198 2651//2723 3656//3728 2705//2777
f 2651//2723 2116//2188 2709//2781 3656//3728
f 3656//3728 2709//2781 2162//2234 2710//2782
f 2705//2777 3656//3728 2710//2782 2160//2232
f 2163//2235 2712//2784 3657//3729 2711//2783
f 2712//2784 2117//2189 2654//2726 3657//3729
f 3657//3729 2654//2726 2127//2199 2708//2780
f 2711//2783 3657//3729 2708//2780 2161//2233
f 2116//2188 2635//2707 3658//3730 2709//2781
f 2635//2707 2114//2186 2713//2785 3658//3730
f 3658//3730 2713//2785 2166//2238 2714//2786
f 2709//2781 3658//3730 2714//2786 2162//2234
f 2167//2239 2716//2788 3659//3731 2715//2787
f 2716//2788 2115//2187 2640//2712 3659//3731
f 3659//3731 2640//2712 2117//2189 2712//2784
f 2715//2787 3659//3731 2712//2784 2163//2235
f 2114//2186 2631//2703 3660//3732 2713//2785
f 2631//2703 2104//2176 2717//2789 3660//3732
f 3660//3732 2717//2789 2168//2240 2718//2790
f 2713//2785 3660//3732 2718//2790 2166//2238
f 2169//2241 2720//2792 3661//3733 2719//2791
f 2720//2792 2105//2177 2634//2706 3661//3733
f 3661//3733 2634//2706 2115//2187 2716//2788
f 2719//2791 3661//3733 2716//2788 2167//2239
f 2104//2176 2612//2684 3662//3734 2717//2789
f 2612//2684 2150//2222 2691//2763 3662//3734
f 3662//3734 2691//2763 2152//2224 2721//2793
f 2717//2789 3662//3734 2721//2793 2168//2240
f 2153//2225 2696//2768 3663//3735 2722//2794
f 2696//2768 2151//2223 2617//2689 3663//3735
f 3663//3735 2617//2689 2105//2177 2720//2792
f 2722//2794 3663//3735 2720//2792 2169//2241
f 2164//2236 2724//2796 3664//3736 2723//2795
f 2168//2240 2721//2793 3664//3736 2724//2796
f 2152//2224 2723//2795 3664//3736 2721//2793
f 2153//2225 2722//2794 3665//3737 2725//2797
f 2169//2241 2726//2798 3665//3737 2722//2794
f 2165//2237 2725//2797 3665//3737 2726//2798
f 2166//2238 2718//2790 3666//3738 2727//2799
f 2168//2240 2724//2796 3666//3738 2718//2790
f 2164//2236 2727//2799 3666//3738 2724//2796
f 2165//2237 2726//2798 3667//3739 2728//2800
f 2169//2241 2719//2791 3667//3739 2726//2798
f 2167//2239 2728//2800 3667//3739 2719//2791
f 2164//2236 2729//2801 3668//3740 2727//2799
f 2162//2234 2714//2786 3668//3740 2729//2801
f 2166//2238 2727//2799 3668//3740 2714//2786
f 2167//2239 2715//2787 3669//3741 2728//2800
f 2163//2235 2730//2802 3669//3741 2715//2787
f 2165//2237 2728//2800 3669//3741 2730//2802
f 2164//2236 2731//2803 3670//3742 2729//2801
f 2160//2232 2710//2782 3670//3742 2731//2803
f 2162//2234 2729//2801 3670//3742 2710//2782
f 2163//2235 2711//2783 3671//3743 2730//2802
f 2161//2233 2732//2804 3671//3743 2711//2783
f 2165//2237 2730//2802 3671//3743 2732//2804
f 2164//2236 2733//2805 3672//3744 2731//2803
f 2158//2230 2706//2778 3672//3744 2733//2805
f 2160//2232 2731//2803 3672//3744 2706//2778
f 2161//2233 2707//2779 3673//3745 2732//2804
f 2159//2231 2734//2806 3673//3745 2707//2779
f 2165//2237 2732//2804 3673//3745 2734//2806
f 2164//2236 2735//2807 3674//3746 2733//2805
f 2156//2228 2702//2774 3674//3746 2735//2807
f 2158//2230 2733//2805 3674//3746 2702//2774
f 2159//2231 2703//2775 3675//3747 2734//2806
f 2157//2229 2736//2808 3675//3747 2703//2775
f 2165//2237 2734//2806 3675//3747 2736//2808
f 2164//2236 2737//2809 3676//3748 2735//2807
f 2154//2226 2698//2770 3676//3748 2737//2809
f 2156//2228 2735//2807 3676//3748 2698//2770
f 2157//2229 2699//2771 3677//3749 2736//2808
f 2155//2227 2738//2810 3677//3749 2699//2771
f 2165//2237 2736//2808 3677//3749 2738//2810
f 2164//2236 2723//2795 3678//3750 2737//2809
f 2152//2224 2693//2765 3678//3750 2723//2795
f 2154//2226 2737//2809 3678//3750 2693//2765
f 2155//2227 2694//2766 3679//3751 2738//2810
f 2153//2225 2725//2797 3679//3751 2694//2766
f 2165//2237 2738//2810 3679//3751 2725//2797
f 2192//2264 2740//2812 3680//3752 2739//2811
f 2740//2812 2277//2349 2741//2813 3680//3752
f 3680//3752 2741//2813 2279//2351 2742//2814
f 2739//2811 3680//3752 2742//2814 2194//2266
f 2279//2351 2743//2815 3681//3753 2742//2814
f 2743//2815 2278//2350 2744//2816 3681//3753
f 3681//3753 2744//2816 2193//2265 2745//2817
f 2742//2814 3681//3753 2745//2817 2194//2266
f 2190//2262 2747//2819 3682//3754 2746//2818
f 2747//2819 2275//2347 2748//2820 3682//3754
f 3682//3754 2748//2820 2277//2349 2740//2812
f 2746//2818 3682//3754 2740//2812 2192//2264
f 2278//2350 2749//2821 3683//3755 2744//2816
f 2749//2821 2276//2348 2750//2822 3683//3755
f 3683//3755 2750//2822 2191//2263 2751//2823
f 2744//2816 3683//3755 2751//2823 2193//2265
f 2188//2260 2753//2825 3684//3756 2752//2824
f 2753//2825 2273//2345 2754//2826 3684//3756
f 3684//3756 2754//2826 2275//2347 2747//2819
f 2752//2824 3684//3756 2747//2819 2190//2262
f 2276//2348 2755//2827 3685//3757 2750//2822
f 2755//2827 2274//2346 2756//2828 3685//3757
f 3685//3757 2756//2828 2189//2261 2757//2829
f 2750//2822 3685//3757 2757//2829 2191//2263
f 2186//2258 2759//2831 3686//3758 2758//2830
f 2759//2831 2271//2343 2760//2832 3686//3758
f 3686//3758 2760//2832 2273//2345 2753//2825
f 2758//2830 3686//3758 2753//2825 2188//2260
f 2274//2346 2761//2833 3687//3759 2756//2828
f 2761//2833 2272//2344 2762//2834 3687//3759
f 3687//3759 2762//2834 2187//2259 2763//2835
f 2756//2828 3687//3759 2763//2835 2189//2261
f 2184//2256 2765//2837 3688//3760 2764//2836
f 2765//2837 2269//2341 2766//2838 3688//3760
f 3688//3760 2766//2838 2271//2343 2759//2831
f 2764//2836 3688//3760 2759//2831 2186//2258
f 2272//2344 2767//2839 3689//3761 2762//2834
f 2767//2839 2270//2342 2768//2840 3689//3761
f 3689//3761 2768//2840 2185//2257 2769//2841
f 2762//2834 3689//3761 2769//2841 2187//2259
f 2182//2254 2771//2843 3690//3762 2770//2842
f 2771//2843 2195//2267 2772//2844 3690//3762
f 3690//3762 2772//2844 2249//2321 2773//2845
f 2770//2842 3690//3762 2773//2845 2267//2339
f 2250//2322 2775//2847 3691//3763 2774//2846
f 2775//2847 2196//2268 2776//2848 3691//3763
f 3691//3763 2776//2848 2183//2255 2777//2849
f 2774//2846 3691//3763 2777//2849 2268//2340
f 2195//2267 2778//2850 3692//3764 2772//2844
f 2778//2850 2197//2269 2779//2851 3692//3764
f 3692//3764 2779//2851 2251//2323 2780//2852
f 2772//2844 3692//3764 2780//2852 2249//2321
f 2252//2324 2782//2854 3693//3765 2781//2853
f 2782//2854 2198//2270 2783//2855 3693//3765
f 3693//3765 2783//2855 2196//2268 2775//2847
f 2781//2853 3693//3765 2775//2847 2250//2322
f 2197//2269 2784//2856 3694//3766 2779//2851
f 2784//2856 2199//2271 2785//2857 3694//3766
f 3694//3766 2785//2857 2253//2325 2786//2858
f 2779//2851 3694//3766 2786//2858 2251//2323
f 2254//2326 2788//2860 3695//3767 2787//2859
f 2788//2860 2200//2272 2789//2861 3695//3767
f 3695//3767 2789//2861 2198//2270 2782//2854
f 2787//2859 3695//3767 2782//2854 2252//2324
f 2199//2271 2790//2862 3696//3768 2785//2857
f 2790//2862 2201//2273 2791//2863 3696//3768
f 3696//3768 2791//2863 2255//2327 2792//2864
f 2785//2857 3696//3768 2792//2864 2253//2325
f 2256//2328 2794//2866 3697//3769 2793//2865
f 2794//2866 2202//2274 2795//2867 3697//3769
f 3697//3769 2795//2867 2200//2272 2788//2860
f 2793//2865 3697//3769 2788//2860 2254//2326
f 2201//2273 2796//2868 3698//3770 2791//2863
f 2796//2868 2203//2275 2797//2869 3698//3770
f 3698//3770 2797//2869 2257//2329 2798//2870
f 2791//2863 3698//3770 2798//2870 2255//2327
f 2258//2330 2800//2872 3699//3771 2799//2871
f 2800//2872 2204//2276 2801//2873 3699//3771
f 3699//3771 2801//2873 2202//2274 2794//2866
f 2799//2871 3699//3771 2794//2866 2256//2328
f 2203//2275 2802//2874 3700//3772 2797//2869
f 2802//2874 2205//2277 2803//2875 3700//3772
f 3700//3772 2803//2875 2259//2331 2804//2876
f 2797//2869 3700//3772 2804//2876 2257//2329
f 2260//2332 2806//2878 3701//3773 2805//2877
f 2806//2878 2206//2278 2807//2879 3701//3773
f 3701//3773 2807//2879 2204//2276 2800//2872
f 2805//2877 3701//3773 2800//2872 2258//2330
f 2205//2277 2808//2880 3702//3774 2803//2875
f 2808//2880 2207//2279 2809//2881 3702//3774
f 3702//3774 2809//2881 2261//2333 2810//2882
f 2803//2875 3702//3774 2810//2882 2259//2331
f 2262//2334 2812//2884 3703//3775 2811//2883
f 2812//2884 2208//2280 2813//2885 3703//3775
f 3703//3775 2813//2885 2206//2278 2806//2878
f 2811//2883 3703//3775 2806//2878 2260//2332
f 2207//2279 2814//2886 3704//3776 2809//2881
f 2814//2886 2209//2281 2815//2887 3704//3776
f 3704//3776 2815//2887 2263//2335 2816//2888
f 2809//2881 3704//3776 2816//2888 2261//2333
f 2264//2336 2818//2890 3705//3777 2817//2889
f 2818//2890 2210//2282 2819//2891 3705//3777
f 3705//3777 2819//2891 2208//2280 2812//2884
f 2817//2889 3705//3777 2812//2884 2262//2334
f 2209//2281 2820//2892 3706//3778 2815//2887
f 2820//2892 2211//2283 2821//2893 3706//3778
f 3706//3778 2821//2893 2265//2337 2822//2894
f 2815//2887 3706//3778 2822//2894 2263//2335
f 2266//2338 2824//2896 3707//3779 2823//2895
f 2824//2896 2212//2284 2825//2897 3707//3779
f 3707//3779 2825//2897 2210//2282 2818//2890
f 2823//2895 3707//3779 2818//2890 2264//2336
f 2211//2283 2826//2898 3708//3780 2821//2893
f 2826//2898 2170//2242 2827//2899 3708//3780
f 3708//3780 2827//2899 2171//2243 2828//2900
f 2821//2893 3708//3780 2828//2900 2265//2337
f 2171//2243 2827//2899 3709//3781 2829//2901
f 2827//2899 2170//2242 2830//2902 3709//3781
f 3709//3781 2830//2902 2212//2284 2824//2896
f 2829//2901 3709//3781 2824//2896 2266//2338
f 2213//2285 2832//2904 3710//3782 2831//2903
f 2832//2904 2231//2303 2833//2905 3710//3782
f 3710//3782 2833//2905 2263//2335 2822//2894
f 2831//2903 3710//3782 2822//2894 2265//2337
f 2264//2336 2834//2906 3711//3783 2823//2895
f 2834//2906 2232//2304 2835//2907 3711//3783
f 3711//3783 2835//2907 2214//2286 2836//2908
f 2823//2895 3711//3783 2836//2908 2266//2338
f 2231//2303 2837//2909 3712//3784 2833//2905
f 2837//2909 2282//2354 2838//2910 3712//3784
f 3712//3784 2838//2910 2261//2333 2816//2888
f 2833//2905 3712//3784 2816//2888 2263//2335
f 2262//2334 2839//2911 3713//3785 2817//2889
f 2839//2911 2283//2355 2840//2912 3713//3785
f 3713//3785 2840//2912 2232//2304 2834//2906
f 2817//2889 3713//3785 2834//2906 2264//2336
f 2229//2301 2842//2914 3714//3786 2841//2913
f 2842//2914 2259//2331 2810//2882 3714//3786
f 3714//3786 2810//2882 2261//2333 2838//2910
f 2841//2913 3714//3786 2838//2910 2282//2354
f 2262//2334 2811//2883 3715//3787 2839//2911
f 2811//2883 2260//2332 2843//2915 3715//3787
f 3715//3787 2843//2915 2230//2302 2844//2916
f 2839//2911 3715//3787 2844//2916 2283//2355
f 2227//2299 2846//2918 3716//3788 2845//2917
f 2846//2918 2257//2329 2804//2876 3716//3788
f 3716//3788 2804//2876 2259//2331 2842//2914
f 2845//2917 3716//3788 2842//2914 2229//2301
f 2260//2332 2805//2877 3717//3789 2843//2915
f 2805//2877 2258//2330 2847//2919 3717//3789
f 3717//3789 2847//2919 2228//2300 2848//2920
f 2843//2915 3717//3789 2848//2920 2230//2302
f 2225//2297 2850//2922 3718//3790 2849//2921
f 2850//2922 2255//2327 2798//2870 3718//3790
f 3718//3790 2798//2870 2257//2329 2846//2918
f 2849//2921 3718//3790 2846//2918 2227//2299
f 2258//2330 2799//2871 3719//3791 2847//2919
f 2799//2871 2256//2328 2851//2923 3719//3791
f 3719//3791 2851//2923 2226//2298 2852//2924
f 2847//2919 3719//3791 2852//2924 2228//2300
f 2223//2295 2854//2926 3720//3792 2853//2925
f 2854//2926 2253//2325 2792//2864 3720//3792
f 3720//3792 2792//2864 2255//2327 2850//2922
f 2853//2925 3720//3792 2850//2922 2225//2297
f 2256//2328 2793//2865 3721//3793 2851//2923
f 2793//2865 2254//2326 2855//2927 3721//3793
f 3721//3793 2855//2927 2224//2296 2856//2928
f 2851//2923 3721//3793 2856//2928 2226//2298
f 2221//2293 2858//2930 3722//3794 2857//2929
f 2858//2930 2251//2323 2786//2858 3722//3794
f 3722//3794 2786//2858 2253//2325 2854//2926
f 2857//2929 3722//3794 2854//2926 2223//2295
f 2254//2326 2787//2859 3723//3795 2855//2927
f 2787//2859 2252//2324 2859//2931 3723//3795
f 3723//3795 2859//2931 2222//2294 2860//2932
f 2855//2927 3723//3795 2860//2932 2224//2296
f 2219//2291 2862//2934 3724//3796 2861//2933
f 2862//2934 2249//2321 2780//2852 3724//3796
f 3724//3796 2780//2852 2251//2323 2858//2930
f 2861//2933 3724//3796 2858//2930 2221//2293
f 2252//2324 2781//2853 3725//3797 2859//2931
f 2781//2853 2250//2322 2863//2935 3725//3797
f 3725//3797 2863//2935 2220//2292 2864//2936
f 2859//2931 3725//3797 2864//2936 2222//2294
f 2217//2289 2866//2938 3726//3798 2865//2937
f 2866//2938 2267//2339 2773//2845 3726//3798
f 3726//3798 2773//2845 2249//2321 2862//2934
f 2865//2937 3726//3798 2862//2934 2219//2291
f 2250//2322 2774//2846 3727//3799 2863//2935
f 2774//2846 2268//2340 2867//2939 3727//3799
f 3727//3799 2867//2939 2218//2290 2868//2940
f 2863//2935 3727//3799 2868//2940 2220//2292
f 2217//2289 2869//2941 3728//3800 2866//2938
f 2869//2941 2284//2356 2870//2942 3728//3800
f 3728//3800 2870//2942 2280//2352 2871//2943
f 2866//2938 3728//3800 2871//2943 2267//2339
f 2280//2352 2873//2945 3729//3801 2872//2944
f 2873//2945 2285//2357 2874//2946 3729//3801
f 3729//3801 2874//2946 2218//2290 2867//2939
f 2872//2944 3729//3801 2867//2939 2268//2340
f 2213//2285 2831//2903 3730//3802 2875//2947
f 2831//2903 2265//2337 2828//2900 3730//3802
f 3730//3802 2828//2900 2171//2243 2876//2948
f 2875//2947 3730//3802 2876//2948 2215//2287
f 2171//2243 2829//2901 3731//3803 2877//2949
f 2829//2901 2266//2338 2836//2908 3731//3803
f 3731//3803 2836//2908 2214//2286 2878//2950
f 2877//2949 3731//3803 2878//2950 2216//2288
f 2215//2287 2876//2948 3732//3804 2879//2951
f 2876//2948 2171//2243 2880//2952 3732//3804
f 3732//3804 2880//2952 2281//2353 2881//2953
f 2879//2951 3732//3804 2881//2953 2286//2358
f 2281//2353 2880//2952 3733//3805 2882//2954
f 2880//2952 2171//2243 2877//2949 3733//3805
f 3733//3805 2877//2949 2216//2288 2883//2955
f 2882//2954 3733//3805 2883//2955 2287//2359
f 2280//2352 2870//2942 3734//3806 2884//2956
f 2870//2942 2284//2356 2885//2957 3734//3806
f 3734//3806 2885//2957 2286//2358 2881//2953
f 2884//2956 3734//3806 2881//2953 2281//2353
f 2287//2359 2886//2958 3735//3807 2882//2954
f 2886//2958 2285//2357 2873//2945 3735//3807
f 3735//3807 2873//2945 2280//2352 2884//2956
f 2882//2954 3735//3807 2884//2956 2281//2353
f 2238//2310 2888//2960 3736//3808 2887//2959
f 2888//2960 2240//2312 2889//2961 3736//3808
f 3736//3808 2889//2961 2279//2351 2741//2813
f 2887//2959 3736//3808 2741//2813 2277//2349
f 2279//2351 2889//2961 3737//3809 2743//2815
f 2889//2961 2240//2312 2890//2962 3737//3809
f 3737//3809 2890//2962 2239//2311 2891//2963
f 2743//2815 3737//3809 2891//2963 2278//2350
f 2236//2308 2893//2965 3738//3810 2892//2964
f 2893//2965 2238//2310 2887//2959 3738//3810
f 3738//3810 2887//2959 2277//2349 2748//2820
f 2892//2964 3738//3810 2748//2820 2275//2347
f 2278//2350 2891//2963 3739//3811 2749//2821
f 2891//2963 2239//2311 2894//2966 3739//3811
f 3739//3811 2894//2966 2237//2309 2895//2967
f 2749//2821 3739//3811 2895//2967 2276//2348
f 2234//2306 2897//2969 3740//3812 2896//2968
f 2897//2969 2236//2308 2892//2964 3740//3812
f 3740//3812 2892//2964 2275//2347 2754//2826
f 2896//2968 3740//3812 2754//2826 2273//2345
f 2276//2348 2895//2967 3741//3813 2755//2827
f 2895//2967 2237//2309 2898//2970 3741//3813
f 3741//3813 2898//2970 2235//2307 2899//2971
f 2755//2827 3741//3813 2899//2971 2274//2346
f 2269//2341 2900//2972 3742//3814 2766//2838
f 2900//2972 2290//2362 2901//2973 3742//3814
f 3742//3814 2901//2973 2288//2360 2902//2974
f 2766//2838 3742//3814 2902//2974 2271//2343
f 2289//2361 2904//2976 3743//3815 2903//2975
f 2904//2976 2291//2363 2905//2977 3743//3815
f 3743//3815 2905//2977 2270//2342 2767//2839
f 2903//2975 3743//3815 2767//2839 2272//2344
f 2234//2306 2896//2968 3744//3816 2906//2978
f 2896//2968 2273//2345 2760//2832 3744//3816
f 3744//3816 2760//2832 2271//2343 2902//2974
f 2906//2978 3744//3816 2902//2974 2288//2360
f 2272//2344 2761//2833 3745//3817 2903//2975
f 2761//2833 2274//2346 2899//2971 3745//3817
f 3745//3817 2899//2971 2235//2307 2907//2979
f 2903//2975 3745//3817 2907//2979 2289//2361
f 2247//2319 2909//2981 3746//3818 2908//2980
f 2909//2981 2293//2365 2910//2982 3746//3818
f 3746//3818 2910//2982 2292//2364 2911//2983
f 2908//2980 3746//3818 2911//2983 2290//2362
f 2292//2364 2910//2982 3747//3819 2912//2984
f 2910//2982 2293//2365 2913//2985 3747//3819
f 3747//3819 2913//2985 2248//2320 2914//2986
f 2912//2984 3747//3819 2914//2986 2291//2363
f 2288//2360 2901//2973 3748//3820 2915//2987
f 2901//2973 2290//2362 2911//2983 3748//3820
f 3748//3820 2911//2983 2292//2364 2916//2988
f 2915//2987 3748//3820 2916//2988 2172//2244
f 2292//2364 2912//2984 3749//3821 2916//2988
f 2912//2984 2291//2363 2904//2976 3749//3821
f 3749//3821 2904//2976 2289//2361 2917//2989
f 2916//2988 3749//3821 2917//2989 2172//2244
f 2233//2305 2919//2991 3750//3822 2918//2990
f 2919//2991 2234//2306 2906//2978 3750//3822
f 3750//3822 2906//2978 2288//2360 2915//2987
f 2918//2990 3750//3822 2915//2987 2172//2244
f 2289//2361 2907//2979 3751//3823 2917//2989
f 2907//2979 2235//2307 2920//2992 3751//3823
f 3751//3823 2920//2992 2233//2305 2918//2990
f 2917//2989 3751//3823 2918//2990 2172//2244
f 2245//2317 2922//2994 3752//3824 2921//2993
f 2922//2994 2296//2368 2923//2995 3752//3824
f 3752//3824 2923//2995 2294//2366 2924//2996
f 2921//2993 3752//3824 2924//2996 2247//2319
f 2295//2367 2926//2998 3753//3825 2925//2997
f 2926//2998 2297//2369 2927//2999 3753//3825
f 3753//3825 2927//2999 2246//2318 2928//3000
f 2925//2997 3753//3825 2928//3000 2248//2320
f 2243//2315 2930//3002 3754//3826 2929//3001
f 2930//3002 2298//2370 2931//3003 3754//3826
f 3754//3826 2931//3003 2296//2368 2922//2994
f 2929//3001 3754//3826 2922//2994 2245//2317
f 2297//2369 2932//3004 3755//3827 2927//2999
f 2932//3004 2299//2371 2933//3005 3755//3827
f 3755//3827 2933//3005 2244//2316 2934//3006
f 2927//2999 3755//3827 2934//3006 2246//2318
f 2242//2314 2936//3008 3756//3828 2935//3007
f 2936//3008 2300//2372 2937//3009 3756//3828
f 3756//3828 2937//3009 2298//2370 2930//3002
f 2935//3007 3756//3828 2930//3002 2243//2315
f 2299//2371 2938//3010 3757//3829 2933//3005
f 2938//3010 2301//2373 2939//3011 3757//3829
f 3757//3829 2939//3011 2242//2314 2940//3012
f 2933//3005 3757//3829 2940//3012 2244//2316
f 2241//2313 2942//3014 3758//3830 2941//3013
f 2942//3014 2174//2246 2943//3015 3758//3830
f 3758//3830 2943//3015 2300//2372 2936//3008
f 2941//3013 3758//3830 2936//3008 2242//2314
f 2301//2373 2944//3016 3759//3831 2939//3011
f 2944//3016 2174//2246 2942//3014 3759//3831
f 3759//3831 2942//3014 2241//2313 2941//3013
f 2939//3011 3759//3831 2941//3013 2242//2314
f 2293//2365 2909//2981 3760//3832 2945//3017
f 2909//2981 2247//2319 2924//2996 3760//3832
f 3760//3832 2924//2996 2294//2366 2946//3018
f 2945//3017 3760//3832 2946//3018 2173//2245
f 2295//2367 2925//2997 3761//3833 2947//3019
f 2925//2997 2248//2320 2913//2985 3761//3833
f 3761//3833 2913//2985 2293//2365 2945//3017
f 2947//3019 3761//3833 2945//3017 2173//2245
f 2173//2245 2946//3018 3762//3834 2948//3020
f 2946//3018 2294//2366 2949//3021 3762//3834
f 3762//3834 2949//3021 2309//2381 2950//3022
f 2948//3020 3762//3834 2950//3022 2311//2383
f 2310//2382 2952//3024 3763//3835 2951//3023
f 2952//3024 2295//2367 2947//3019 3763//3835
f 3763//3835 2947//3019 2173//2245 2948//3020
f 2951//3023 3763//3835 2948//3020 2311//2383
f 2174//2246 2953//3025 3764//3836 2943//3015
f 2953//3025 2302//2374 2954//3026 3764//3836
f 3764//3836 2954//3026 2303//2375 2955//3027
f 2943//3015 3764//3836 2955//3027 2300//2372
f 2304//2376 2957//3029 3765//3837 2956//3028
f 2957//3029 2302//2374 2953//3025 3765//3837
f 3765//3837 2953//3025 2174//2246 2944//3016
f 2956//3028 3765//3837 2944//3016 2301//2373
f 2300//2372 2955//3027 3766//3838 2937//3009
f 2955//3027 2303//2375 2958//3030 3766//3838
f 3766//3838 2958//3030 2305//2377 2959//3031
f 2937//3009 3766//3838 2959//3031 2298//2370
f 2306//2378 2961//3033 3767//3839 2960//3032
f 2961//3033 2304//2376 2956//3028 3767//3839
f 3767//3839 2956//3028 2301//2373 2938//3010
f 2960//3032 3767//3839 2938//3010 2299//2371
f 2298//2370 2959//3031 3768//3840 2931//3003
f 2959//3031 2305//2377 2962//3034 3768//3840
f 3768//3840 2962//3034 2307//2379 2963//3035
f 2931//3003 3768//3840 2963//3035 2296//2368
f 2308//2380 2965//3037 3769//3841 2964//3036
f 2965//3037 2306//2378 2960//3032 3769//3841
f 3769//3841 2960//3032 2299//2371 2932//3004
f 2964//3036 3769//3841 2932//3004 2297//2369
f 2296//2368 2963//3035 3770//3842 2923//2995
f 2963//3035 2307//2379 2966//3038 3770//3842
f 3770//3842 2966//3038 2309//2381 2949//3021
f 2923//2995 3770//3842 2949//3021 2294//2366
f 2310//2382 2967//3039 3771//3843 2952//3024
f 2967//3039 2308//2380 2964//3036 3771//3843
f 3771//3843 2964//3036 2297//2369 2926//2998
f 2952//3024 3771//3843 2926//2998 2295//2367
f 2302//2374 2968//3040 3772//3844 2954//3026
f 2968//3040 2307//2379 2962//3034 3772//3844
f 3772//3844 2962//3034 2305//2377 2958//3030
f 2954//3026 3772//3844 2958//3030 2303//2375
f 2306//2378 2965//3037 3773//3845 2961//3033
f 2965//3037 2308//2380 2969//3041 3773//3845
f 3773//3845 2969//3041 2302//2374 2957//3029
f 2961//3033 3773//3845 2957//3029 2304//2376
f 2302//2374 2970//3042 3774//3846 2968//3040
f 2970//3042 2311//2383 2950//3022 3774//3846
f 3774//3846 2950//3022 2309//2381 2966//3038
f 2968//3040 3774//3846 2966//3038 2307//2379
f 2310//2382 2951//3023 3775//3847 2967//3039
f 2951//3023 2311//2383 2970//3042 3775//3847
f 3775//3847 2970//3042 2302//2374 2969//3041
f 2967//3039 3775//3847 2969//3041 2308//2380
f 2242//2314 2935//3007 3776//3848 2971//3043
f 2935//3007 2243//2315 2972//3044 3776//3848
f 3776//3848 2972//3044 2267//2339 2871//2943
f 2971//3043 3776//3848 2871//2943 2280//2352
f 2268//2340 2973//3045 3777//3849 2872//2944
f 2973//3045 2244//2316 2940//3012 3777//3849
f 3777//3849 2940//3012 2242//2314 2971//3043
f 2872//2944 3777//3849 2971//3043 2280//2352
f 2243//2315 2929//3001 3778//3850 2972//3044
f 2929//3001 2245//2317 2974//3046 3778//3850
f 3778//3850 2974//3046 2314//2386 2975//3047
f 2972//3044 3778//3850 2975//3047 2267//2339
f 2315//2387 2977//3049 3779//3851 2976//3048
f 2977//3049 2246//2318 2934//3006 3779//3851
f 3779//3851 2934//3006 2244//2316 2973//3045
f 2976//3048 3779//3851 2973//3045 2268//2340
f 2245//2317 2921//2993 3780//3852 2974//3046
f 2921//2993 2247//2319 2978//3050 3780//3852
f 3780//3852 2978//3050 2316//2388 2979//3051
f 2974//3046 3780//3852 2979//3051 2314//2386
f 2317//2389 2981//3053 3781//3853 2980//3052
f 2981//3053 2248//2320 2928//3000 3781//3853
f 3781//3853 2928//3000 2246//2318 2977//3049
f 2980//3052 3781//3853 2977//3049 2315//2387
f 2247//2319 2908//2980 3782//3854 2978//3050
f 2908//2980 2290//2362 2900//2972 3782//3854
f 3782//3854 2900//2972 2269//2341 2982//3054
f 2978//3050 3782//3854 2982//3054 2316//2388
f 2270//2342 2905//2977 3783//3855 2983//3055
f 2905//2977 2291//2363 2914//2986 3783//3855
f 3783//3855 2914//2986 2248//2320 2981//3053
f 2983//3055 3783//3855 2981//3053 2317//2389
f 2184//2256 2984//3056 3784//3856 2765//2837
f 2984//3056 2312//2384 2985//3057 3784//3856
f 3784//3856 2985//3057 2316//2388 2982//3054
f 2765//2837 3784//3856 2982//3054 2269//2341
f 2317//2389 2986//3058 3785//3857 2983//3055
f 2986//3058 2313//2385 2987//3059 3785//3857
f 3785//3857 2987//3059 2185//2257 2768//2840
f 2983//3055 3785//3857 2768//2840 2270//2342
f 2312//2384 2988//3060 3786//3858 2985//3057
f 2988//3060 2318//2390 2989//3061 3786//3858
f 3786//3858 2989//3061 2314//2386 2979//3051
f 2985//3057 3786//3858 2979//3051 2316//2388
f 2315//2387 2990//3062 3787//3859 2980//3052
f 2990//3062 2319//2391 2991//3063 3787//3859
f 3787//3859 2991//3063 2313//2385 2986//3058
f 2980//3052 3787//3859 2986//3058 2317//2389
f 2182//2254 2770//2842 3788//3860 2992//3064
f 2770//2842 2267//2339 2975//3047 3788//3860
f 3788//3860 2975//3047 2314//2386 2989//3061
f 2992//3064 3788//3860 2989//3061 2318//2390
f 2315//2387 2976//3048 3789//3861 2990//3062
f 2976//3048 2268//2340 2777//2849 3789//3861
f 3789//3861 2777//2849 2183//2255 2993//3065
f 2990//3062 3789//3861 2993//3065 2319//2391
f 2234//2306 2919//2991 3790//3862 2994//3066
f 2919//2991 2233//2305 2995//3067 3790//3862
f 3790//3862 2995//3067 2175//2247 2996//3068
f 2994//3066 3790//3862 2996//3068 2325//2397
f 2175//2247 2995//3067 3791//3863 2997//3069
f 2995//3067 2233//2305 2920//2992 3791//3863
f 3791//3863 2920//2992 2235//2307 2998//3070
f 2997//3069 3791//3863 2998//3070 2326//2398
f 2236//2308 2897//2969 3792//3864 2999//3071
f 2897//2969 2234//2306 2994//3066 3792//3864
f 3792//3864 2994//3066 2325//2397 3000//3072
f 2999//3071 3792//3864 3000//3072 2323//2395
f 2326//2398 2998//3070 3793//3865 3001//3073
f 2998//3070 2235//2307 2898//2970 3793//3865
f 3793//3865 2898//2970 2237//2309 3002//3074
f 3001//3073 3793//3865 3002//3074 2324//2396
f 2238//2310 2893//2965 3794//3866 3003//3075
f 2893//2965 2236//2308 2999//3071 3794//3866
f 3794//3866 2999//3071 2323//2395 3004//3076
f 3003//3075 3794//3866 3004//3076 2321//2393
f 2324//2396 3002//3074 3795//3867 3005//3077
f 3002//3074 2237//2309 2894//2966 3795//3867
f 3795//3867 2894//2966 2239//2311 3006//3078
f 3005//3077 3795//3867 3006//3078 2322//2394
f 2240//2312 2888//2960 3796//3868 3007//3079
f 2888//2960 2238//2310 3003//3075 3796//3868
f 3796//3868 3003//3075 2321//2393 3008//3080
f 3007//3079 3796//3868 3008//3080 2320//2392
f 2322//2394 3006//3078 3797//3869 3009//3081
f 3006//3078 2239//2311 2890//2962 3797//3869
f 3797//3869 2890//2962 2240//2312 3007//3079
f 3009//3081 3797//3869 3007//3079 2320//2392
f 2320//2392 3008//3080 3798//3870 3010//3082
f 3008//3080 2321//2393 3011//3083 3798//3870
f 3798//3870 3011//3083 2332//2404 3012//3084
f 3010//3082 3798//3870 3012//3084 2334//2406
f 2333//2405 3014//3086 3799//3871 3013//3085
f 3014//3086 2322//2394 3009//3081 3799//3871
f 3799//3871 3009//3081 2320//2392 3010//3082
f 3013//3085 3799//3871 3010//3082 2334//2406
f 2321//2393 3004//3076 3800//3872 3011//3083
f 3004//3076 2323//2395 3015//3087 3800//3872
f 3800//3872 3015//3087 2330//2402 3016//3088
f 3011//3083 3800//3872 3016//3088 2332//2404
f 2331//2403 3018//3090 3801//3873 3017//3089
f 3018//3090 2324//2396 3005//3077 3801//3873
f 3801//3873 3005//3077 2322//2394 3014//3086
f 3017//3089 3801//3873 3014//3086 2333//2405
f 2323//2395 3000//3072 3802//3874 3015//3087
f 3000//3072 2325//2397 3019//3091 3802//3874
f 3802//3874 3019//3091 2328//2400 3020//3092
f 3015//3087 3802//3874 3020//3092 2330//2402
f 2329//2401 3022//3094 3803//3875 3021//3093
f 3022//3094 2326//2398 3001//3073 3803//3875
f 3803//3875 3001//3073 2324//2396 3018//3090
f 3021//3093 3803//3875 3018//3090 2331//2403
f 2325//2397 2996//3068 3804//3876 3019//3091
f 2996//3068 2175//2247 3023//3095 3804//3876
f 3804//3876 3023//3095 2327//2399 3024//3096
f 3019//3091 3804//3876 3024//3096 2328//2400
f 2327//2399 3023//3095 3805//3877 3025//3097
f 3023//3095 2175//2247 2997//3069 3805//3877
f 3805//3877 2997//3069 2326//2398 3022//3094
f 3025//3097 3805//3877 3022//3094 2329//2401
f 2327//2399 3026//3098 3806//3878 3024//3096
f 3026//3098 2334//2406 3012//3084 3806//3878
f 3806//3878 3012//3084 2332//2404 3027//3099
f 3024//3096 3806//3878 3027//3099 2328//2400
f 2333//2405 3013//3085 3807//3879 3028//3100
f 3013//3085 2334//2406 3026//3098 3807//3879
f 3807//3879 3026//3098 2327//2399 3025//3097
f 3028//3100 3807//3879 3025//3097 2329//2401
f 2328//2400 3027//3099 3808//3880 3020//3092
f 2332//2404 3016//3088 3808//3880 3027//3099
f 2330//2402 3020//3092 3808//3880 3016//3088
f 2331//2403 3017//3089 3809//3881 3021//3093
f 2333//2405 3028//3100 3809//3881 3017//3089
f 2329//2401 3021//3093 3809//3881 3028//3100
f 2286//2358 2885//2957 3810//3882 3029//3101
f 2885//2957 2284//2356 3030//3102 3810//3882
f 3810//3882 3030//3102 2337//2409 3031//3103
f 3029//3101 3810//3882 3031//3103 2335//2407
f 2338//2410 3033//3105 3811//3883 3032//3104
f 3033//3105 2285//2357 2886//2958 3811//3883
f 3811//3883 2886//2958 2287//2359 3034//3106
f 3032//3104 3811//3883 3034//3106 2336//2408
f 2215//2287 2879//2951 3812//3884 3035//3107
f 2879//2951 2286//2358 3029//3101 3812//3884
f 3812//3884 3029//3101 2335//2407 3036//3108
f 3035//3107 3812//3884 3036//3108 2357//2429
f 2336//2408 3034//3106 3813//3885 3037//3109
f 3034//3106 2287//2359 2883//2955 3813//3885
f 3813//3885 2883//2955 2216//2288 3038//3110
f 3037//3109 3813//3885 3038//3110 2358//2430
f 2213//2285 2875//2947 3814//3886 3039//3111
f 2875//2947 2215//2287 3035//3107 3814//3886
f 3814//3886 3035//3107 2357//2429 3040//3112
f 3039//3111 3814//3886 3040//3112 2359//2431
f 2358//2430 3038//3110 3815//3887 3041//3113
f 3038//3110 2216//2288 2878//2950 3815//3887
f 3815//3887 2878//2950 2214//2286 3042//3114
f 3041//3113 3815//3887 3042//3114 2360//2432
f 2284//2356 2869//2941 3816//3888 3030//3102
f 2869//2941 2217//2289 3043//3115 3816//3888
f 3816//3888 3043//3115 2355//2427 3044//3116
f 3030//3102 3816//3888 3044//3116 2337//2409
f 2356//2428 3046//3118 3817//3889 3045//3117
f 3046//3118 2218//2290 2874//2946 3817//3889
f 3817//3889 2874//2946 2285//2357 3033//3105
f 3045//3117 3817//3889 3033//3105 2338//2410
f 2217//2289 2865//2937 3818//3890 3043//3115
f 2865//2937 2219//2291 3047//3119 3818//3890
f 3818//3890 3047//3119 2353//2425 3048//3120
f 3043//3115 3818//3890 3048//3120 2355//2427
f 2354//2426 3050//3122 3819//3891 3049//3121
f 3050//3122 2220//2292 2868//2940 3819//3891
f 3819//3891 2868//2940 2218//2290 3046//3118
f 3049//3121 3819//3891 3046//3118 2356//2428
f 2219//2291 2861//2933 3820//3892 3047//3119
f 2861//2933 2221//2293 3051//3123 3820//3892
f 3820//3892 3051//3123 2351//2423 3052//3124
f 3047//3119 3820//3892 3052//3124 2353//2425
f 2352//2424 3054//3126 3821//3893 3053//3125
f 3054//3126 2222//2294 2864//2936 3821//3893
f 3821//3893 2864//2936 2220//2292 3050//3122
f 3053//3125 3821//3893 3050//3122 2354//2426
f 2221//2293 2857//2929 3822//3894 3051//3123
f 2857//2929 2223//2295 3055//3127 3822//3894
f 3822//3894 3055//3127 2349//2421 3056//3128
f 3051//3123 3822//3894 3056//3128 2351//2423
f 2350//2422 3058//3130 3823//3895 3057//3129
f 3058//3130 2224//2296 2860//2932 3823//3895
f 3823//3895 2860//2932 2222//2294 3054//3126
f 3057//3129 3823//3895 3054//3126 2352//2424
f 2223//2295 2853//2925 3824//3896 3055//3127
f 2853//2925 2225//2297 3059//3131 3824//3896
f 3824//3896 3059//3131 2347//2419 3060//3132
f 3055//3127 3824//3896 3060//3132 2349//2421
f 2348//2420 3062//3134 3825//3897 3061//3133
f 3062//3134 2226//2298 2856//2928 3825//3897
f 3825//3897 2856//2928 2224//2296 3058//3130
f 3061//3133 3825//3897 3058//3130 2350//2422
f 2225//2297 2849//2921 3826//3898 3059//3131
f 2849//2921 2227//2299 3063//3135 3826//3898
f 3826//3898 3063//3135 2345//2417 3064//3136
f 3059//3131 3826//3898 3064//3136 2347//2419
f 2346//2418 3066//3138 3827//3899 3065//3137
f 3066//3138 2228//2300 2852//2924 3827//3899
f 3827//3899 2852//2924 2226//2298 3062//3134
f 3065//3137 3827//3899 3062//3134 2348//2420
f 2227//2299 2845//2917 3828//3900 3063//3135
f 2845//2917 2229//2301 3067//3139 3828//3900
f 3828//3900 3067//3139 2343//2415 3068//3140
f 3063//3135 3828//3900 3068//3140 2345//2417
f 2344//2416 3070//3142 3829//3901 3069//3141
f 3070//3142 2230//2302 2848//2920 3829//3901
f 3829//3901 2848//2920 2228//2300 3066//3138
f 3069//3141 3829//3901 3066//3138 2346//2418
f 2229//2301 2841//2913 3830//3902 3067//3139
f 2841//2913 2282//2354 3071//3143 3830//3902
f 3830//3902 3071//3143 2339//2411 3072//3144
f 3067//3139 3830//3902 3072//3144 2343//2415
f 2340//2412 3074//3146 3831//3903 3073//3145
f 3074//3146 2283//2355 2844//2916 3831//3903
f 3831//3903 2844//2916 2230//2302 3070//3142
f 3073//3145 3831//3903 3070//3142 2344//2416
f 2282//2354 2837//2909 3832//3904 3071//3143
f 2837//2909 2231//2303 3075//3147 3832//3904
f 3832//3904 3075//3147 2341//2413 3076//3148
f 3071//3143 3832//3904 3076//3148 2339//2411
f 2342//2414 3078//3150 3833//3905 3077//3149
f 3078//3150 2232//2304 2840//2912 3833//3905
f 3833//3905 2840//2912 2283//2355 3074//3146
f 3077//3149 3833//3905 3074//3146 2340//2412
f 2231//2303 2832//2904 3834//3906 3075//3147
f 2832//2904 2213//2285 3039//3111 3834//3906
f 3834//3906 3039//3111 2359//2431 3079//3151
f 3075//3147 3834//3906 3079//3151 2341//2413
f 2360//2432 3042//3114 3835//3907 3080//3152
f 3042//3114 2214//2286 2835//2907 3835//3907
f 3835//3907 2835//2907 2232//2304 3078//3150
f 3080//3152 3835//3907 3078//3150 2342//2414
f 2341//2413 3079//3151 3836//3908 3081//3153
f 3079//3151 2359//2431 3082//3154 3836//3908
f 3836//3908 3082//3154 2361//2433 3083//3155
f 3081//3153 3836//3908 3083//3155 2379//2451
f 2362//2434 3085//3157 3837//3909 3084//3156
f 3085//3157 2360//2432 3080//3152 3837//3909
f 3837//3909 3080//3152 2342//2414 3086//3158
f 3084//3156 3837//3909 3086//3158 2380//2452
f 2339//2411 3076//3148 3838//3910 3087//3159
f 3076//3148 2341//2413 3081//3153 3838//3910
f 3838//3910 3081//3153 2379//2451 3088//3160
f 3087//3159 3838//3910 3088//3160 2381//2453
f 2380//2452 3086//3158 3839//3911 3089//3161
f 3086//3158 2342//2414 3077//3149 3839//3911
f 3839//3911 3077//3149 2340//2412 3090//3162
f 3089//3161 3839//3911 3090//3162 2382//2454
f 2343//2415 3072//3144 3840//3912 3091//3163
f 3072//3144 2339//2411 3087//3159 3840//3912
f 3840//3912 3087//3159 2381//2453 3092//3164
f 3091//3163 3840//3912 3092//3164 2377//2449
f 2382//2454 3090//3162 3841//3913 3093//3165
f 3090//3162 2340//2412 3073//3145 3841//3913
f 3841//3913 3073//3145 2344//2416 3094//3166
f 3093//3165 3841//3913 3094//3166 2378//2450
f 2345//2417 3068//3140 3842//3914 3095//3167
f 3068//3140 2343//2415 3091//3163 3842//3914
f 3842//3914 3091//3163 2377//2449 3096//3168
f 3095//3167 3842//3914 3096//3168 2375//2447
f 2378//2450 3094//3166 3843//3915 3097//3169
f 3094//3166 2344//2416 3069//3141 3843//3915
f 3843//3915 3069//3141 2346//2418 3098//3170
f 3097//3169 3843//3915 3098//3170 2376//2448
f 2347//2419 3064//3136 3844//3916 3099//3171
f 3064//3136 2345//2417 3095//3167 3844//3916
f 3844//3916 3095//3167 2375//2447 3100//3172
f 3099//3171 3844//3916 3100//3172 2373//2445
f 2376//2448 3098//3170 3845//3917 3101//3173
f 3098//3170 2346//2418 3065//3137 3845//3917
f 3845//3917 3065//3137 2348//2420 3102//3174
f 3101//3173 3845//3917 3102//3174 2374//2446
f 2349//2421 3060//3132 3846//3918 3103//3175
f 3060//3132 2347//2419 3099//3171 3846//3918
f 3846//3918 3099//3171 2373//2445 3104//3176
f 3103//3175 3846//3918 3104//3176 2371//2443
f 2374//2446 3102//3174 3847//3919 3105//3177
f 3102//3174 2348//2420 3061//3133 3847//3919
f 3847//3919 3061//3133 2350//2422 3106//3178
f 3105//3177 3847//3919 3106//3178 2372//2444
f 2351//2423 3056//3128 3848//3920 3107//3179
f 3056//3128 2349//2421 3103//3175 3848//3920
f 3848//3920 3103//3175 2371//2443 3108//3180
f 3107//3179 3848//3920 3108//3180 2369//2441
f 2372//2444 3106//3178 3849//3921 3109//3181
f 3106//3178 2350//2422 3057//3129 3849//3921
f 3849//3921 3057//3129 2352//2424 3110//3182
f 3109//3181 3849//3921 3110//3182 2370//2442
f 2353//2425 3052//3124 3850//3922 3111//3183
f 3052//3124 2351//2423 3107//3179 3850//3922
f 3850//3922 3107//3179 2369//2441 3112//3184
f 3111//3183 3850//3922 3112//3184 2367//2439
f 2370//2442 3110//3182 3851//3923 3113//3185
f 3110//3182 2352//2424 3053//3125 3851//3923
f 3851//3923 3053//3125 2354//2426 3114//3186
f 3113//3185 3851//3923 3114//3186 2368//2440
f 2355//2427 3048//3120 3852//3924 3115//3187
f 3048//3120 2353//2425 3111//3183 3852//3924
f 3852//3924 3111//3183 2367//2439 3116//3188
f 3115//3187 3852//3924 3116//3188 2365//2437
f 2368//2440 3114//3186 3853//3925 3117//3189
f 3114//3186 2354//2426 3049//3121 3853//3925
f 3853//3925 3049//3121 2356//2428 3118//3190
f 3117//3189 3853//3925 3118//3190 2366//2438
f 2337//2409 3044//3116 3854//3926 3119//3191
f 3044//3116 2355//2427 3115//3187 3854//3926
f 3854//3926 3115//3187 2365//2437 3120//3192
f 3119//3191 3854//3926 3120//3192 2383//2455
f 2366//2438 3118//3190 3855//3927 3121//3193
f 3118//3190 2356//2428 3045//3117 3855//3927
f 3855//3927 3045//3117 2338//2410 3122//3194
f 3121//3193 3855//3927 3122//3194 2384//2456
f 2359//2431 3040//3112 3856//3928 3082//3154
f 3040//3112 2357//2429 3123//3195 3856//3928
f 3856//3928 3123//3195 2363//2435 3124//3196
f 3082//3154 3856//3928 3124//3196 2361//2433
f 2364//2436 3126//3198 3857//3929 3125//3197
f 3126//3198 2358//2430 3041//3113 3857//3929
f 3857//3929 3041//3113 2360//2432 3085//3157
f 3125//3197 3857//3929 3085//3157 2362//2434
f 2357//2429 3036//3108 3858//3930 3123//3195
f 3036//3108 2335//2407 3127//3199 3858//3930
f 3858//3930 3127//3199 2385//2457 3128//3200
f 3123//3195 3858//3930 3128//3200 2363//2435
f 2386//2458 3130//3202 3859//3931 3129//3201
f 3130//3202 2336//2408 3037//3109 3859//3931
f 3859//3931 3037//3109 2358//2430 3126//3198
f 3129//3201 3859//3931 3126//3198 2364//2436
f 2335//2407 3031//3103 3860//3932 3127//3199
f 3031//3103 2337//2409 3119//3191 3860//3932
f 3860//3932 3119//3191 2383//2455 3131//3203
f 3127//3199 3860//3932 3131//3203 2385//2457
f 2384//2456 3122//3194 3861//3933 3132//3204
f 3122//3194 2338//2410 3032//3104 3861//3933
f 3861//3933 3032//3104 2336//2408 3130//3202
f 3132//3204 3861//3933 3130//3202 2386//2458
f 2170//2242 2826//2898 3862//3934 3133//3205
f 2826//2898 2211//2283 3134//3206 3862//3934
f 3862//3934 3134//3206 2387//2459 3135//3207
f 3133//3205 3862//3934 3135//3207 2176//2248
f 2388//2460 3137//3209 3863//3935 3136//3208
f 3137//3209 2212//2284 2830//2902 3863//3935
f 3863//3935 2830//2902 2170//2242 3133//3205
f 3136//3208 3863//3935 3133//3205 2176//2248
f 2211//2283 2820//2892 3864//3936 3134//3206
f 2820//2892 2209//2281 3138//3210 3864//3936
f 3864//3936 3138//3210 2389//2461 3139//3211
f 3134//3206 3864//3936 3139//3211 2387//2459
f 2390//2462 3141//3213 3865//3937 3140//3212
f 3141//3213 2210//2282 2825//2897 3865//3937
f 3865//3937 2825//2897 2212//2284 3137//3209
f 3140//3212 3865//3937 3137//3209 2388//2460
f 2209//2281 2814//2886 3866//3938 3138//3210
f 2814//2886 2207//2279 3142//3214 3866//3938
f 3866//3938 3142//3214 2391//2463 3143//3215
f 3138//3210 3866//3938 3143//3215 2389//2461
f 2392//2464 3145//3217 3867//3939 3144//3216
f 3145//3217 2208//2280 2819//2891 3867//3939
f 3867//3939 2819//2891 2210//2282 3141//3213
f 3144//3216 3867//3939 3141//3213 2390//2462
f 2207//2279 2808//2880 3868//3940 3142//3214
f 2808//2880 2205//2277 3146//3218 3868//3940
f 3868//3940 3146//3218 2393//2465 3147//3219
f 3142//3214 3868//3940 3147//3219 2391//2463
f 2394//2466 3149//3221 3869//3941 3148//3220
f 3149//3221 2206//2278 2813//2885 3869//3941
f 3869//3941 2813//2885 2208//2280 3145//3217
f 3148//3220 3869//3941 3145//3217 2392//2464
f 2205//2277 2802//2874 3870//3942 3146//3218
f 2802//2874 2203//2275 3150//3222 3870//3942
f 3870//3942 3150//3222 2395//2467 3151//3223
f 3146//3218 3870//3942 3151//3223 2393//2465
f 2396//2468 3153//3225 3871//3943 3152//3224
f 3153//3225 2204//2276 2807//2879 3871//3943
f 3871//3943 2807//2879 2206//2278 3149//3221
f 3152//3224 3871//3943 3149//3221 2394//2466
f 2203//2275 2796//2868 3872//3944 3150//3222
f 2796//2868 2201//2273 3154//3226 3872//3944
f 3872//3944 3154//3226 2397//2469 3155//3227
f 3150//3222 3872//3944 3155//3227 2395//2467
f 2398//2470 3157//3229 3873//3945 3156//3228
f 3157//3229 2202//2274 2801//2873 3873//3945
f 3873//3945 2801//2873 2204//2276 3153//3225
f 3156//3228 3873//3945 3153//3225 2396//2468
f 2201//2273 2790//2862 3874//3946 3154//3226
f 2790//2862 2199//2271 3158//3230 3874//3946
f 3874//3946 3158//3230 2399//2471 3159//3231
f 3154//3226 3874//3946 3159//3231 2397//2469
f 2400//2472 3161//3233 3875//3947 3160//3232
f 3161//3233 2200//2272 2795//2867 3875//3947
f 3875//3947 2795//2867 2202//2274 3157//3229
f 3160//3232 3875//3947 3157//3229 2398//2470
f 2199//2271 2784//2856 3876//3948 3158//3230
f 2784//2856 2197//2269 3162//3234 3876//3948
f 3876//3948 3162//3234 2401//2473 3163//3235
f 3158//3230 3876//3948 3163//3235 2399//2471
f 2402//2474 3165//3237 3877//3949 3164//3236
f 3165//3237 2198//2270 2789//2861 3877//3949
f 3877//3949 2789//2861 2200//2272 3161//3233
f 3164//3236 3877//3949 3161//3233 2400//2472
f 2197//2269 2778//2850 3878//3950 3162//3234
f 2778//2850 2195//2267 3166//3238 3878//3950
f 3878//3950 3166//3238 2403//2475 3167//3239
f 3162//3234 3878//3950 3167//3239 2401//2473
f 2404//2476 3169//3241 3879//3951 3168//3240
f 3169//3241 2196//2268 2783//2855 3879//3951
f 3879//3951 2783//2855 2198//2270 3165//3237
f 3168//3240 3879//3951 3165//3237 2402//2474
f 2411//2483 3171//3243 3880//3952 3170//3242
f 3171//3243 2412//2484 3172//3244 3880//3952
f 3880//3952 3172//3244 2431//2503 3173//3245
f 3170//3242 3880//3952 3173//3245 2441//2513
f 2432//2504 3175//3247 3881//3953 3174//3246
f 3175//3247 2412//2484 3171//3243 3881//3953
f 3881//3953 3171//3243 2411//2483 3176//3248
f 3174//3246 3881//3953 3176//3248 2442//2514
f 2410//2482 3178//3250 3882//3954 3177//3249
f 3178//3250 2411//2483 3170//3242 3882//3954
f 3882//3954 3170//3242 2441//2513 3179//3251
f 3177//3249 3882//3954 3179//3251 2439//2511
f 2442//2514 3176//3248 3883//3955 3180//3252
f 3176//3248 2411//2483 3178//3250 3883//3955
f 3883//3955 3178//3250 2410//2482 3181//3253
f 3180//3252 3883//3955 3181//3253 2440//2512
f 2409//2481 3183//3255 3884//3956 3182//3254
f 3183//3255 2410//2482 3177//3249 3884//3956
f 3884//3956 3177//3249 2439//2511 3184//3256
f 3182//3254 3884//3956 3184//3256 2443//2515
f 2440//2512 3181//3253 3885//3957 3185//3257
f 3181//3253 2410//2482 3183//3255 3885//3957
f 3885//3957 3183//3255 2409//2481 3186//3258
f 3185//3257 3885//3957 3186//3258 2444//2516
f 2192//2264 2739//2811 3886//3958 3187//3259
f 2739//2811 2194//2266 3188//3260 3886//3958
f 3886//3958 3188//3260 2409//2481 3182//3254
f 3187//3259 3886//3958 3182//3254 2443//2515
f 2409//2481 3188//3260 3887//3959 3186//3258
f 3188//3260 2194//2266 2745//2817 3887//3959
f 3887//3959 2745//2817 2193//2265 3189//3261
f 3186//3258 3887//3959 3189//3261 2444//2516
f 2190//2262 2746//2818 3888//3960 3190//3262
f 2746//2818 2192//2264 3187//3259 3888//3960
f 3888//3960 3187//3259 2443//2515 3191//3263
f 3190//3262 3888//3960 3191//3263 2437//2509
f 2444//2516 3189//3261 3889//3961 3192//3264
f 3189//3261 2193//2265 2751//2823 3889//3961
f 3889//3961 2751//2823 2191//2263 3193//3265
f 3192//3264 3889//3961 3193//3265 2438//2510
f 2188//2260 2752//2824 3890//3962 3194//3266
f 2752//2824 2190//2262 3190//3262 3890//3962
f 3890//3962 3190//3262 2437//2509 3195//3267
f 3194//3266 3890//3962 3195//3267 2433//2505
f 2438//2510 3193//3265 3891//3963 3196//3268
f 3193//3265 2191//2263 2757//2829 3891//3963
f 3891//3963 2757//2829 2189//2261 3197//3269
f 3196//3268 3891//3963 3197//3269 2434//2506
f 2186//2258 2758//2830 3892//3964 3198//3270
f 2758//2830 2188//2260 3194//3266 3892//3964
f 3892//3964 3194//3266 2433//2505 3199//3271
f 3198//3270 3892//3964 3199//3271 2435//2507
f 2434//2506 3197//3269 3893//3965 3200//3272
f 3197//3269 2189//2261 2763//2835 3893//3965
f 3893//3965 2763//2835 2187//2259 3201//3273
f 3200//3272 3893//3965 3201//3273 2436//2508
f 2433//2505 3202//3274 3894//3966 3199//3271
f 3202//3274 2439//2511 3179//3251 3894//3966
f 3894//3966 3179//3251 2441//2513 3203//3275
f 3199//3271 3894//3966 3203//3275 2435//2507
f 2442//2514 3180//3252 3895//3967 3204//3276
f 3180//3252 2440//2512 3205//3277 3895//3967
f 3895//3967 3205//3277 2434//2506 3200//3272
f 3204//3276 3895//3967 3200//3272 2436//2508
f 2433//2505 3195//3267 3896//3968 3202//3274
f 3195//3267 2437//2509 3191//3263 3896//3968
f 3896//3968 3191//3263 2443//2515 3184//3256
f 3202//3274 3896//3968 3184//3256 2439//2511
f 2444//2516 3192//3264 3897//3969 3185//3257
f 3192//3264 2438//2510 3196//3268 3897//3969
f 3897//3969 3196//3268 2434//2506 3205//3277
f 3185//3257 3897//3969 3205//3277 2440//2512
f 2429//2501 3207//3279 3898//3970 3206//3278
f 3207//3279 2435//2507 3203//3275 3898//3970
f 3898//3970 3203//3275 2441//2513 3173//3245
f 3206//3278 3898//3970 3173//3245 2431//2503
f 2442//2514 3204//3276 3899//3971 3174//3246
f 3204//3276 2436//2508 3208//3280 3899//3971
f 3899//3971 3208//3280 2430//2502 3209//3281
f 3174//3246 3899//3971 3209//3281 2432//2504
f 2184//2256 2764//2836 3900//3972 3210//3282
f 2764//2836 2186//2258 3198//3270 3900//3972
f 3900//3972 3198//3270 2435//2507 3207//3279
f 3210//3282 3900//3972 3207//3279 2429//2501
f 2436//2508 3201//3273 3901//3973 3208//3280
f 3201//3273 2187//2259 2769//2841 3901//3973
f 3901//3973 2769//2841 2185//2257 3211//3283
f 3208//3280 3901//3973 3211//3283 2430//2502
f 2312//2384 3212//3284 3902//3974 2988//3060
f 3212//3284 2445//2517 3213//3285 3902//3974
f 3902//3974 3213//3285 2447//2519 3214//3286
f 2988//3060 3902//3974 3214//3286 2318//2390
f 2448//2520 3216//3288 3903//3975 3215//3287
f 3216//3288 2446//2518 3217//3289 3903//3975
f 3903//3975 3217//3289 2313//2385 2991//3063
f 3215//3287 3903//3975 2991//3063 2319//2391
f 2184//2256 3210//3282 3904//3976 2984//3056
f 3210//3282 2429//2501 3218//3290 3904//3976
f 3904//3976 3218//3290 2445//2517 3212//3284
f 2984//3056 3904//3976 3212//3284 2312//2384
f 2446//2518 3219//3291 3905//3977 3217//3289
f 3219//3291 2430//2502 3211//3283 3905//3977
f 3905//3977 3211//3283 2185//2257 2987//3059
f 3217//3289 3905//3977 2987//3059 2313//2385
f 2182//2254 2992//3064 3906//3978 3220//3292
f 2992//3064 2318//2390 3214//3286 3906//3978
f 3906//3978 3214//3286 2447//2519 3221//3293
f 3220//3292 3906//3978 3221//3293 2449//2521
f 2448//2520 3215//3287 3907//3979 3222//3294
f 3215//3287 2319//2391 2993//3065 3907//3979
f 3907//3979 2993//3065 2183//2255 3223//3295
f 3222//3294 3907//3979 3223//3295 2450//2522
f 2182//2254 3220//3292 3908//3980 2771//2843
f 3220//3292 2449//2521 3224//3296 3908//3980
f 3908//3980 3224//3296 2403//2475 3166//3238
f 2771//2843 3908//3980 3166//3238 2195//2267
f 2404//2476 3225//3297 3909//3981 3169//3241
f 3225//3297 2450//2522 3223//3295 3909//3981
f 3909//3981 3223//3295 2183//2255 2776//2848
f 3169//3241 3909//3981 2776//2848 2196//2268
f 2180//2252 3227//3299 3910//3982 3226//3298
f 3227//3299 2427//2499 3228//3300 3910//3982
f 3910//3982 3228//3300 2455//2527 3229//3301
f 3226//3298 3910//3982 3229//3301 2407//2479
f 2456//2528 3231//3303 3911//3983 3230//3302
f 3231//3303 2428//2500 3232//3304 3911//3983
f 3911//3983 3232//3304 2180//2252 3226//3298
f 3230//3302 3911//3983 3226//3298 2407//2479
f 2407//2479 3229//3301 3912//3984 3233//3305
f 3229//3301 2455//2527 3234//3306 3912//3984
f 3912//3984 3234//3306 2453//2525 3235//3307
f 3233//3305 3912//3984 3235//3307 2181//2253
f 2454//2526 3237//3309 3913//3985 3236//3308
f 3237//3309 2456//2528 3230//3302 3913//3985
f 3913//3985 3230//3302 2407//2479 3233//3305
f 3236//3308 3913//3985 3233//3305 2181//2253
f 2181//2253 3235//3307 3914//3986 3238//3310
f 3235//3307 2453//2525 3239//3311 3914//3986
f 3914//3986 3239//3311 2451//2523 3240//3312
f 3238//3310 3914//3986 3240//3312 2408//2480
f 2452//2524 3242//3314 3915//3987 3241//3313
f 3242//3314 2454//2526 3236//3308 3915//3987
f 3915//3987 3236//3308 2181//2253 3238//3310
f 3241//3313 3915//3987 3238//3310 2408//2480
f 2408//2480 3240//3312 3916//3988 3243//3315
f 3240//3312 2451//2523 3244//3316 3916//3988
f 3916//3988 3244//3316 2431//2503 3172//3244
f 3243//3315 3916//3988 3172//3244 2412//2484
f 2432//2504 3245//3317 3917//3989 3175//3247
f 3245//3317 2452//2524 3241//3313 3917//3989
f 3917//3989 3241//3313 2408//2480 3243//3315
f 3175//3247 3917//3989 3243//3315 2412//2484
f 2429//2501 3206//3278 3918//3990 3218//3290
f 3206//3278 2431//2503 3244//3316 3918//3990
f 3918//3990 3244//3316 2451//2523 3246//3318
f 3218//3290 3918//3990 3246//3318 2445//2517
f 2452//2524 3245//3317 3919//3991 3247//3319
f 3245//3317 2432//2504 3209//3281 3919//3991
f 3919//3991 3209//3281 2430//2502 3219//3291
f 3247//3319 3919//3991 3219//3291 2446//2518
f 2399//2471 3163//3235 3920//3992 3248//3320
f 3163//3235 2401//2473 3249//3321 3920//3992
f 3920//3992 3249//3321 2421//2493 3250//3322
f 3248//3320 3920//3992 3250//3322 2413//2485
f 2422//2494 3252//3324 3921//3993 3251//3323
f 3252//3324 2402//2474 3164//3236 3921//3993
f 3921//3993 3164//3236 2400//2472 3253//3325
f 3251//3323 3921//3993 3253//3325 2414//2486
f 2179//2251 3255//3327 3922//3994 3254//3326
f 3255//3327 2419//2491 3256//3328 3922//3994
f 3922//3994 3256//3328 2427//2499 3227//3299
f 3254//3326 3922//3994 3227//3299 2180//2252
f 2428//2500 3257//3329 3923//3995 3232//3304
f 3257//3329 2420//2492 3258//3330 3923//3995
f 3923//3995 3258//3330 2179//2251 3254//3326
f 3232//3304 3923//3995 3254//3326 2180//2252
f 2405//2477 3260//3332 3924//3996 3259//3331
f 3260//3332 2461//2533 3261//3333 3924//3996
f 3924//3996 3261//3333 2459//2531 3262//3334
f 3259//3331 3924//3996 3262//3334 2406//2478
f 2460//2532 3264//3336 3925//3997 3263//3335
f 3264//3336 2462//2534 3265//3337 3925//3997
f 3925//3997 3265//3337 2405//2477 3259//3331
f 3263//3335 3925//3997 3259//3331 2406//2478
f 2406//2478 3262//3334 3926//3998 3266//3338
f 3262//3334 2459//2531 3267//3339 3926//3998
f 3926//3998 3267//3339 2457//2529 3268//3340
f 3266//3338 3926//3998 3268//3340 2178//2250
f 2458//2530 3270//3342 3927//3999 3269//3341
f 3270//3342 2460//2532 3263//3335 3927//3999
f 3927//3999 3263//3335 2406//2478 3266//3338
f 3269//3341 3927//3999 3266//3338 2178//2250
f 2178//2250 3268//3340 3928//4000 3271//3343
f 3268//3340 2457//2529 3272//3344 3928//4000
f 3928//4000 3272//3344 2419//2491 3255//3327
f 3271//3343 3928//4000 3255//3327 2179//2251
f 2420//2492 3273//3345 3929//4001 3258//3330
f 3273//3345 2458//2530 3269//3341 3929//4001
f 3929//4001 3269//3341 2178//2250 3271//3343
f 3258//3330 3929//4001 3271//3343 2179//2251
f 2395//2467 3155//3227 3930//4002 3274//3346
f 3155//3227 2397//2469 3275//3347 3930//4002
f 3930//4002 3275//3347 2465//2537 3276//3348
f 3274//3346 3930//4002 3276//3348 2467//2539
f 2466//2538 3278//3350 3931//4003 3277//3349
f 3278//3350 2398//2470 3156//3228 3931//4003
f 3931//4003 3156//3228 2396//2468 3279//3351
f 3277//3349 3931//4003 3279//3351 2468//2540
f 2467//2539 3276//3348 3932//4004 3280//3352
f 3276//3348 2465//2537 3281//3353 3932//4004
f 3932//4004 3281//3353 2471//2543 3282//3354
f 3280//3352 3932//4004 3282//3354 2469//2541
f 2472//2544 3284//3356 3933//4005 3283//3355
f 3284//3356 2466//2538 3277//3349 3933//4005
f 3933//4005 3277//3349 2468//2540 3285//3357
f 3283//3355 3933//4005 3285//3357 2470//2542
f 2469//2541 3282//3354 3934//4006 3286//3358
f 3282//3354 2471//2543 3287//3359 3934//4006
f 3934//4006 3287//3359 2473//2545 3288//3360
f 3286//3358 3934//4006 3288//3360 2475//2547
f 2474//2546 3290//3362 3935//4007 3289//3361
f 3290//3362 2472//2544 3283//3355 3935//4007
f 3935//4007 3283//3355 2470//2542 3291//3363
f 3289//3361 3935//4007 3291//3363 2476//2548
f 2475//2547 3288//3360 3936//4008 3292//3364
f 3288//3360 2473//2545 3293//3365 3936//4008
f 3936//4008 3293//3365 2479//2551 3294//3366
f 3292//3364 3936//4008 3294//3366 2477//2549
f 2480//2552 3296//3368 3937//4009 3295//3367
f 3296//3368 2474//2546 3289//3361 3937//4009
f 3937//4009 3289//3361 2476//2548 3297//3369
f 3295//3367 3937//4009 3297//3369 2478//2550
f 2417//2489 3299//3371 3938//4010 3298//3370
f 3299//3371 2481//2553 3300//3372 3938//4010
f 3938//4010 3300//3372 2477//2549 3294//3366
f 3298//3370 3938//4010 3294//3366 2479//2551
f 2478//2550 3301//3373 3939//4011 3295//3367
f 3301//3373 2482//2554 3302//3374 3939//4011
f 3939//4011 3302//3374 2418//2490 3303//3375
f 3295//3367 3939//4011 3303//3375 2480//2552
f 2419//2491 3272//3344 3940//4012 3304//3376
f 3272//3344 2457//2529 3305//3377 3940//4012
f 3940//4012 3305//3377 2477//2549 3300//3372
f 3304//3376 3940//4012 3300//3372 2481//2553
f 2478//2550 3306//3378 3941//4013 3301//3373
f 3306//3378 2458//2530 3273//3345 3941//4013
f 3941//4013 3273//3345 2420//2492 3307//3379
f 3301//3373 3941//4013 3307//3379 2482//2554
f 2457//2529 3267//3339 3942//4014 3305//3377
f 3267//3339 2459//2531 3308//3380 3942//4014
f 3942//4014 3308//3380 2475//2547 3292//3364
f 3305//3377 3942//4014 3292//3364 2477//2549
f 2476//2548 3309//3381 3943//4015 3297//3369
f 3309//3381 2460//2532 3270//3342 3943//4015
f 3943//4015 3270//3342 2458//2530 3306//3378
f 3297//3369 3943//4015 3306//3378 2478//2550
f 2459//2531 3261//3333 3944//4016 3308//3380
f 3261//3333 2461//2533 3310//3382 3944//4016
f 3944//4016 3310//3382 2469//2541 3286//3358
f 3308//3380 3944//4016 3286//3358 2475//2547
f 2470//2542 3311//3383 3945//4017 3291//3363
f 3311//3383 2462//2534 3264//3336 3945//4017
f 3945//4017 3264//3336 2460//2532 3309//3381
f 3291//3363 3945//4017 3309//3381 2476//2548
f 2461//2533 3312//3384 3946//4018 3310//3382
f 3312//3384 2463//2535 3313//3385 3946//4018
f 3946//4018 3313//3385 2467//2539 3280//3352
f 3310//3382 3946//4018 3280//3352 2469//2541
f 2468//2540 3314//3386 3947//4019 3285//3357
f 3314//3386 2464//2536 3315//3387 3947//4019
f 3947//4019 3315//3387 2462//2534 3311//3383
f 3285//3357 3947//4019 3311//3383 2470//2542
f 2393//2465 3151//3223 3948//4020 3316//3388
f 3151//3223 2395//2467 3274//3346 3948//4020
f 3948//4020 3274//3346 2467//2539 3313//3385
f 3316//3388 3948//4020 3313//3385 2463//2535
f 2468//2540 3279//3351 3949//4021 3314//3386
f 3279//3351 2396//2468 3152//3224 3949//4021
f 3949//4021 3152//3224 2394//2466 3317//3389
f 3314//3386 3949//4021 3317//3389 2464//2536
f 2177//2249 3319//3391 3950//4022 3318//3390
f 3319//3391 2463//2535 3312//3384 3950//4022
f 3950//4022 3312//3384 2461//2533 3260//3332
f 3318//3390 3950//4022 3260//3332 2405//2477
f 2462//2534 3315//3387 3951//4023 3265//3337
f 3315//3387 2464//2536 3320//3392 3951//4023
f 3951//4023 3320//3392 2177//2249 3318//3390
f 3265//3337 3951//4023 3318//3390 2405//2477
f 2387//2459 3139//3211 3952//4024 3321//3393
f 3139//3211 2389//2461 3143//3215 3952//4024
f 3952//4024 3143//3215 2391//2463 3147//3219
f 3321//3393 3952//4024 3147//3219 2393//2465
f 2392//2464 3144//3216 3953//4025 3148//3220
f 3144//3216 2390//2462 3140//3212 3953//4025
f 3953//4025 3140//3212 2388//2460 3322//3394
f 3148//3220 3953//4025 3322//3394 2394//2466
f 2387//2459 3321//3393 3954//4026 3323//3395
f 3321//3393 2393//2465 3316//3388 3954//4026
f 3954//4026 3316//3388 2463//2535 3319//3391
f 3323//3395 3954//4026 3319//3391 2177//2249
f 2464//2536 3317//3389 3955//4027 3320//3392
f 3317//3389 2394//2466 3322//3394 3955//4027
f 3955//4027 3322//3394 2388//2460 3324//3396
f 3320//3392 3955//4027 3324//3396 2177//2249
f 2176//2248 3135//3207 3956//4028 3325//3397
f 2387//2459 3323//3395 3956//4028 3135//3207
f 2177//2249 3325//3397 3956//4028 3323//3395
f 2177//2249 3324//3396 3957//4029 3325//3397
f 2388//2460 3136//3208 3957//4029 3324//3396
f 2176//2248 3325//3397 3957//4029 3136//3208
f 2397//2469 3159//3231 3958//4030 3275//3347
f 3159//3231 2399//2471 3248//3320 3958//4030
f 3958//4030 3248//3320 2413//2485 3326//3398
f 3275//3347 3958//4030 3326//3398 2465//2537
f 2414//2486 3253//3325 3959//4031 3327//3399
f 3253//3325 2400//2472 3160//3232 3959//4031
f 3959//4031 3160//3232 2398//2470 3278//3350
f 3327//3399 3959//4031 3278//3350 2466//2538
f 2413//2485 3328//3400 3960//4032 3326//3398
f 3328//3400 2415//2487 3329//3401 3960//4032
f 3960//4032 3329//3401 2471//2543 3281//3353
f 3326//3398 3960//4032 3281//3353 2465//2537
f 2472//2544 3330//3402 3961//4033 3284//3356
f 3330//3402 2416//2488 3331//3403 3961//4033
f 3961//4033 3331//3403 2414//2486 3327//3399
f 3284//3356 3961//4033 3327//3399 2466//2538
f 2415//2487 3332//3404 3962//4034 3329//3401
f 3332//3404 2485//2557 3333//3405 3962//4034
f 3962//4034 3333//3405 2473//2545 3287//3359
f 3329//3401 3962//4034 3287//3359 2471//2543
f 2474//2546 3334//3406 3963//4035 3290//3362
f 3334//3406 2486//2558 3335//3407 3963//4035
f 3963//4035 3335//3407 2416//2488 3330//3402
f 3290//3362 3963//4035 3330//3402 2472//2544
f 2417//2489 3298//3370 3964//4036 3336//3408
f 3298//3370 2479//2551 3293//3365 3964//4036
f 3964//4036 3293//3365 2473//2545 3333//3405
f 3336//3408 3964//4036 3333//3405 2485//2557
f 2474//2546 3296//3368 3965//4037 3334//3406
f 3296//3368 2480//2552 3303//3375 3965//4037
f 3965//4037 3303//3375 2418//2490 3337//3409
f 3334//3406 3965//4037 3337//3409 2486//2558
f 2451//2523 3239//3311 3966//4038 3338//3410
f 3239//3311 2453//2525 3339//3411 3966//4038
f 3966//4038 3339//3411 2489//2561 3340//3412
f 3338//3410 3966//4038 3340//3412 2487//2559
f 2490//2562 3342//3414 3967//4039 3341//3413
f 3342//3414 2454//2526 3242//3314 3967//4039
f 3967//4039 3242//3314 2452//2524 3343//3415
f 3341//3413 3967//4039 3343//3415 2488//2560
f 2421//2493 3345//3417 3968//4040 3344//3416
f 3345//3417 2487//2559 3340//3412 3968//4040
f 3968//4040 3340//3412 2489//2561 3346//3418
f 3344//3416 3968//4040 3346//3418 2423//2495
f 2490//2562 3341//3413 3969//4041 3347//3419
f 3341//3413 2488//2560 3348//3420 3969//4041
f 3969//4041 3348//3420 2422//2494 3349//3421
f 3347//3419 3969//4041 3349//3421 2424//2496
f 2401//2473 3167//3239 3970//4042 3249//3321
f 3167//3239 2403//2475 3350//3422 3970//4042
f 3970//4042 3350//3422 2487//2559 3345//3417
f 3249//3321 3970//4042 3345//3417 2421//2493
f 2488//2560 3351//3423 3971//4043 3348//3420
f 3351//3423 2404//2476 3168//3240 3971//4043
f 3971//4043 3168//3240 2402//2474 3252//3324
f 3348//3420 3971//4043 3252//3324 2422//2494
f 2403//2475 3352//3424 3972//4044 3350//3422
f 3352//3424 2447//2519 3213//3285 3972//4044
f 3972//4044 3213//3285 2445//2517 3353//3425
f 3350//3422 3972//4044 3353//3425 2487//2559
f 2446//2518 3216//3288 3973//4045 3354//3426
f 3216//3288 2448//2520 3355//3427 3973//4045
f 3973//4045 3355//3427 2404//2476 3351//3423
f 3354//3426 3973//4045 3351//3423 2488//2560
f 2445//2517 3246//3318 3974//4046 3353//3425
f 2451//2523 3338//3410 3974//4046 3246//3318
f 2487//2559 3353//3425 3974//4046 3338//3410
f 2488//2560 3343//3415 3975//4047 3354//3426
f 2452//2524 3247//3319 3975//4047 3343//3415
f 2446//2518 3354//3426 3975//4047 3247//3319
f 2403//2475 3224//3296 3976//4048 3352//3424
f 2449//2521 3221//3293 3976//4048 3224//3296
f 2447//2519 3352//3424 3976//4048 3221//3293
f 2448//2520 3222//3294 3977//4049 3355//3427
f 2450//2522 3225//3297 3977//4049 3222//3294
f 2404//2476 3355//3427 3977//4049 3225//3297
f 2417//2489 3356//3428 3978//4050 3299//3371
f 3356//3428 2425//2497 3357//3429 3978//4050
f 3978//4050 3357//3429 2483//2555 3358//3430
f 3299//3371 3978//4050 3358//3430 2481//2553
f 2484//2556 3360//3432 3979//4051 3359//3431
f 3360//3432 2426//2498 3361//3433 3979//4051
f 3979//4051 3361//3433 2418//2490 3302//3374
f 3359//3431 3979//4051 3302//3374 2482//2554
f 2419//2491 3304//3376 3980//4052 3256//3328
f 3304//3376 2481//2553 3358//3430 3980//4052
f 3980//4052 3358//3430 2483//2555 3362//3434
f 3256//3328 3980//4052 3362//3434 2427//2499
f 2484//2556 3359//3431 3981//4053 3363//3435
f 3359//3431 2482//2554 3307//3379 3981//4053
f 3981//4053 3307//3379 2420//2492 3257//3329
f 3363//3435 3981//4053 3257//3329 2428//2500
f 2423//2495 3346//3418 3982//4054 3364//3436
f 3346//3418 2489//2561 3365//3437 3982//4054
f 3982//4054 3365//3437 2483//2555 3357//3429
f 3364//3436 3982//4054 3357//3429 2425//2497
f 2484//2556 3366//3438 3983//4055 3360//3432
f 3366//3438 2490//2562 3347//3419 3983//4055
f 3983//4055 3347//3419 2424//2496 3367//3439
f 3360//3432 3983//4055 3367//3439 2426//2498
f 2453//2525 3234//3306 3984//4056 3339//3411
f 3234//3306 2455//2527 3368//3440 3984//4056
f 3984//4056 3368//3440 2483//2555 3365//3437
f 3339//3411 3984//4056 3365//3437 2489//2561
f 2484//2556 3369//3441 3985//4057 3366//3438
f 3369//3441 2456//2528 3237//3309 3985//4057
f 3985//4057 3237//3309 2454//2526 3342//3414
f 3366//3438 3985//4057 3342//3414 2490//2562
f 2427//2499 3362//3434 3986//4058 3228//3300
f 2483//2555 3368//3440 3986//4058 3362//3434
f 2455//2527 3228//3300 3986//4058 3368//3440
f 2456//2528 3369//3441 3987//4059 3231//3303
f 2484//2556 3363//3435 3987//4059 3369//3441
f 2428//2500 3231//3303 3987//4059 3363//3435
f 2503//2575 3371//3443 3988//4060 3370//3442
f 3371//3443 2491//2563 3372//3444 3988//4060
f 3988//4060 3372//3444 2517//2589 3373//3445
f 3370//3442 3988//4060 3373//3445 2505//2577
f 2518//2590 3375//3447 3989//4061 3374//3446
f 3375//3447 2492//2564 3376//3448 3989//4061
f 3989//4061 3376//3448 2504//2576 3377//3449
f 3374//3446 3989//4061 3377//3449 2506//2578
f 2503//2575 3370//3442 3990//4062 3378//3450
f 3370//3442 2505//2577 3379//3451 3990//4062
f 3990//4062 3379//3451 2507//2579 3380//3452
f 3378//3450 3990//4062 3380//3452 2501//2573
f 2508//2580 3382//3454 3991//4063 3381//3453
f 3382//3454 2506//2578 3377//3449 3991//4063
f 3991//4063 3377//3449 2504//2576 3383//3455
f 3381//3453 3991//4063 3383//3455 2502//2574
f 2501//2573 3380//3452 3992//4064 3384//3456
f 3380//3452 2507//2579 3385//3457 3992//4064
f 3992//4064 3385//3457 2509//2581 3386//3458
f 3384//3456 3992//4064 3386//3458 2499//2571
f 2510//2582 3388//3460 3993//4065 3387//3459
f 3388//3460 2508//2580 3381//3453 3993//4065
f 3993//4065 3381//3453 2502//2574 3389//3461
f 3387//3459 3993//4065 3389//3461 2500//2572
f 2499//2571 3386//3458 3994//4066 3390//3462
f 3386//3458 2509//2581 3391//3463 3994//4066
f 3994//4066 3391//3463 2511//2583 3392//3464
f 3390//3462 3994//4066 3392//3464 2497//2569
f 2512//2584 3394//3466 3995//4067 3393//3465
f 3394//3466 2510//2582 3387//3459 3995//4067
f 3995//4067 3387//3459 2500//2572 3395//3467
f 3393//3465 3995//4067 3395//3467 2498//2570
f 2497//2569 3392//3464 3996//4068 3396//3468
f 3392//3464 2511//2583 3397//3469 3996//4068
f 3996//4068 3397//3469 2513//2585 3398//3470
f 3396//3468 3996//4068 3398//3470 2495//2567
f 2514//2586 3400//3472 3997//4069 3399//3471
f 3400//3472 2512//2584 3393//3465 3997//4069
f 3997//4069 3393//3465 2498//2570 3401//3473
f 3399//3471 3997//4069 3401//3473 2496//2568
f 2495//2567 3398//3470 3998//4070 3402//3474
f 3398//3470 2513//2585 3403//3475 3998//4070
f 3998//4070 3403//3475 2515//2587 3404//3476
f 3402//3474 3998//4070 3404//3476 2493//2565
f 2516//2588 3406//3478 3999//4071 3405//3477
f 3406//3478 2514//2586 3399//3471 3999//4071
f 3999//4071 3399//3471 2496//2568 3407//3479
f 3405//3477 3999//4071 3407//3479 2494//2566
f 2513//2585 3408//3480 4000//4072 3403//3475
f 3408//3480 2523//2595 3409//3481 4000//4072
f 4000//4072 3409//3481 2521//2593 3410//3482
f 3403//3475 4000//4072 3410//3482 2515//2587
f 2522//2594 3412//3484 4001//4073 3411//3483
f 3412//3484 2524//2596 3413//3485 4001//4073
f 4001//4073 3413//3485 2514//2586 3406//3478
f 3411//3483 4001//4073 3406//3478 2516//2588
f 2511//2583 3414//3486 4002//4074 3397//3469
f 3414//3486 2525//2597 3415//3487 4002//4074
f 4002//4074 3415//3487 2523//2595 3408//3480
f 3397//3469 4002//4074 3408//3480 2513//2585
f 2524//2596 3416//3488 4003//4075 3413//3485
f 3416//3488 2526//2598 3417//3489 4003//4075
f 4003//4075 3417//3489 2512//2584 3400//3472
f 3413//3485 4003//4075 3400//3472 2514//2586
f 2509//2581 3418//3490 4004//4076 3391//3463
f 3418//3490 2527//2599 3419//3491 4004//4076
f 4004//4076 3419//3491 2525//2597 3414//3486
f 3391//3463 4004//4076 3414//3486 2511//2583
f 2526//2598 3420//3492 4005//4077 3417//3489
f 3420//3492 2528//2600 3421//3493 4005//4077
f 4005//4077 3421//3493 2510//2582 3394//3466
f 3417//3489 4005//4077 3394//3466 2512//2584
f 2507//2579 3422//3494 4006//4078 3385//3457
f 3422//3494 2529//2601 3423//3495 4006//4078
f 4006//4078 3423//3495 2527//2599 3418//3490
f 3385//3457 4006//4078 3418//3490 2509//2581
f 2528//2600 3424//3496 4007//4079 3421//3493
f 3424//3496 2530//2602 3425//3497 4007//4079
f 4007//4079 3425//3497 2508//2580 3388//3460
f 3421//3493 4007//4079 3388//3460 2510//2582
f 2505//2577 3426//3498 4008//4080 3379//3451
f 3426//3498 2531//2603 3427//3499 4008//4080
f 4008//4080 3427//3499 2529//2601 3422//3494
f 3379//3451 4008//4080 3422//3494 2507//2579
f 2530//2602 3428//3500 4009//4081 3425//3497
f 3428//3500 2532//2604 3429//3501 4009//4081
f 4009//4081 3429//3501 2506//2578 3382//3454
f 3425//3497 4009//4081 3382//3454 2508//2580
f 2505//2577 3373//3445 4010//4082 3426//3498
f 3373//3445 2517//2589 3430//3502 4010//4082
f 4010//4082 3430//3502 2519//2591 3431//3503
f 3426//3498 4010//4082 3431//3503 2531//2603
f 2520//2592 3433//3505 4011//4083 3432//3504
f 3433//3505 2518//2590 3374//3446 4011//4083
f 4011//4083 3374//3446 2506//2578 3429//3501
f 3432//3504 4011//4083 3429//3501 2532//2604
f 2421//2493 3344//3416 4012//4084 3434//3506
f 3344//3416 2423//2495 3435//3507 4012//4084
f 4012//4084 3435//3507 2547//2619 3436//3508
f 3434//3506 4012//4084 3436//3508 2545//2617
f 2548//2620 3438//3510 4013//4085 3437//3509
f 3438//3510 2424//2496 3349//3421 4013//4085
f 4013//4085 3349//3421 2422//2494 3439//3511
f 3437//3509 4013//4085 3439//3511 2546//2618
f 2423//2495 3440//3512 4014//4086 3435//3507
f 3440//3512 2493//2565 3404//3476 4014//4086
f 4014//4086 3404//3476 2515//2587 3441//3513
f 3435//3507 4014//4086 3441//3513 2547//2619
f 2516//2588 3405//3477 4015//4087 3442//3514
f 3405//3477 2494//2566 3443//3515 4015//4087
f 4015//4087 3443//3515 2424//2496 3438//3510
f 3442//3514 4015//4087 3438//3510 2548//2620
f 2413//2485 3250//3322 4016//4088 3328//3400
f 3250//3322 2421//2493 3434//3506 4016//4088
f 4016//4088 3434//3506 2545//2617 3444//3516
f 3328//3400 4016//4088 3444//3516 2415//2487
f 2546//2618 3439//3511 4017//4089 3445//3517
f 3439//3511 2422//2494 3251//3323 4017//4089
f 4017//4089 3251//3323 2414//2486 3331//3403
f 3445//3517 4017//4089 3331//3403 2416//2488
f 2485//2557 3447//3519 4018//4090 3446//3518
f 3447//3519 2533//2605 3448//3520 4018//4090
f 4018//4090 3448//3520 2517//2589 3372//3444
f 3446//3518 4018//4090 3372//3444 2491//2563
f 2518//2590 3449//3521 4019//4091 3375//3447
f 3449//3521 2534//2606 3450//3522 4019//4091
f 4019//4091 3450//3522 2486//2558 3451//3523
f 3375//3447 4019//4091 3451//3523 2492//2564
f 2515//2587 3410//3482 4020//4092 3441//3513
f 3410//3482 2521//2593 3452//3524 4020//4092
f 4020//4092 3452//3524 2543//2615 3453//3525
f 3441//3513 4020//4092 3453//3525 2547//2619
f 2544//2616 3455//3527 4021//4093 3454//3526
f 3455//3527 2522//2594 3411//3483 4021//4093
f 4021//4093 3411//3483 2516//2588 3442//3514
f 3454//3526 4021//4093 3442//3514 2548//2620
f 2541//2613 3457//3529 4022//4094 3456//3528
f 3457//3529 2549//2621 3458//3530 4022//4094
f 4022//4094 3458//3530 2547//2619 3453//3525
f 3456//3528 4022//4094 3453//3525 2543//2615
f 2548//2620 3459//3531 4023//4095 3454//3526
f 3459//3531 2550//2622 3460//3532 4023//4095
f 4023//4095 3460//3532 2542//2614 3461//3533
f 3454//3526 4023//4095 3461//3533 2544//2616
f 2537//2609 3463//3535 4024//4096 3462//3534
f 3463//3535 2549//2621 3457//3529 4024//4096
f 4024//4096 3457//3529 2541//2613 3464//3536
f 3462//3534 4024//4096 3464//3536 2539//2611
f 2542//2614 3460//3532 4025//4097 3465//3537
f 3460//3532 2550//2622 3466//3538 4025//4097
f 4025//4097 3466//3538 2538//2610 3467//3539
f 3465//3537 4025//4097 3467//3539 2540//2612
f 2535//2607 3469//3541 4026//4098 3468//3540
f 3469//3541 2551//2623 3470//3542 4026//4098
f 4026//4098 3470//3542 2549//2621 3463//3535
f 3468//3540 4026//4098 3463//3535 2537//2609
f 2550//2622 3471//3543 4027//4099 3466//3538
f 3471//3543 2552//2624 3472//3544 4027//4099
f 4027//4099 3472//3544 2536//2608 3473//3545
f 3466//3538 4027//4099 3473//3545 2538//2610
f 2533//2605 3475//3547 4028//4100 3474//3546
f 3475//3547 2551//2623 3469//3541 4028//4100
f 4028//4100 3469//3541 2535//2607 3476//3548
f 3474//3546 4028//4100 3476//3548 2553//2625
f 2536//2608 3472//3544 4029//4101 3477//3549
f 3472//3544 2552//2624 3478//3550 4029//4101
f 4029//4101 3478//3550 2534//2606 3479//3551
f 3477//3549 4029//4101 3479//3551 2554//2626
f 2517//2589 3448//3520 4030//4102 3430//3502
f 3448//3520 2533//2605 3474//3546 4030//4102
f 4030//4102 3474//3546 2553//2625 3480//3552
f 3430//3502 4030//4102 3480//3552 2519//2591
f 2554//2626 3479//3551 4031//4103 3481//3553
f 3479//3551 2534//2606 3449//3521 4031//4103
f 4031//4103 3449//3521 2518//2590 3433//3505
f 3481//3553 4031//4103 3433//3505 2520//2592
f 2415//2487 3482//3554 4032//4104 3332//3404
f 3482//3554 2551//2623 3475//3547 4032//4104
f 4032//4104 3475//3547 2533//2605 3447//3519
f 3332//3404 4032//4104 3447//3519 2485//2557
f 2534//2606 3478//3550 4033//4105 3450//3522
f 3478//3550 2552//2624 3483//3555 4033//4105
f 4033//4105 3483//3555 2416//2488 3335//3407
f 3450//3522 4033//4105 3335//3407 2486//2558
f 2415//2487 3444//3516 4034//4106 3482//3554
f 3444//3516 2545//2617 3484//3556 4034//4106
f 4034//4106 3484//3556 2549//2621 3470//3542
f 3482//3554 4034//4106 3470//3542 2551//2623
f 2550//2622 3485//3557 4035//4107 3471//3543
f 3485//3557 2546//2618 3445//3517 4035//4107
f 4035//4107 3445//3517 2416//2488 3483//3555
f 3471//3543 4035//4107 3483//3555 2552//2624
f 2545//2617 3436//3508 4036//4108 3484//3556
f 2547//2619 3458//3530 4036//4108 3436//3508
f 2549//2621 3484//3556 4036//4108 3458//3530
f 2550//2622 3459//3531 4037//4109 3485//3557
f 2548//2620 3437//3509 4037//4109 3459//3531
f 2546//2618 3485//3557 4037//4109 3437//3509
f 2519//2591 3480//3552 4038//4110 3486//3558
f 3480//3552 2553//2625 3487//3559 4038//4110
f 4038//4110 3487//3559 2555//2627 3488//3560
f 3486//3558 4038//4110 3488//3560 2579//2651
f 2556//2628 3490//3562 4039//4111 3489//3561
f 3490//3562 2554//2626 3481//3553 4039//4111
f 4039//4111 3481//3553 2520//2592 3491//3563
f 3489//3561 4039//4111 3491//3563 2580//2652
f 2553//2625 3476//3548 4040//4112 3487//3559
f 3476//3548 2535//2607 3492//3564 4040//4112
f 4040//4112 3492//3564 2565//2637 3493//3565
f 3487//3559 4040//4112 3493//3565 2555//2627
f 2566//2638 3495//3567 4041//4113 3494//3566
f 3495//3567 2536//2608 3477//3549 4041//4113
f 4041//4113 3477//3549 2554//2626 3490//3562
f 3494//3566 4041//4113 3490//3562 2556//2628
f 2535//2607 3468//3540 4042//4114 3492//3564
f 3468//3540 2537//2609 3496//3568 4042//4114
f 4042//4114 3496//3568 2563//2635 3497//3569
f 3492//3564 4042//4114 3497//3569 2565//2637
f 2564//2636 3499//3571 4043//4115 3498//3570
f 3499//3571 2538//2610 3473//3545 4043//4115
f 4043//4115 3473//3545 2536//2608 3495//3567
f 3498//3570 4043//4115 3495//3567 2566//2638
f 2537//2609 3462//3534 4044//4116 3496//3568
f 3462//3534 2539//2611 3500//3572 4044//4116
f 4044//4116 3500//3572 2561//2633 3501//3573
f 3496//3568 4044//4116 3501//3573 2563//2635
f 2562//2634 3503//3575 4045//4117 3502//3574
f 3503//3575 2540//2612 3467//3539 4045//4117
f 4045//4117 3467//3539 2538//2610 3499//3571
f 3502//3574 4045//4117 3499//3571 2564//2636
f 2539//2611 3464//3536 4046//4118 3500//3572
f 3464//3536 2541//2613 3504//3576 4046//4118
f 4046//4118 3504//3576 2559//2631 3505//3577
f 3500//3572 4046//4118 3505//3577 2561//2633
f 2560//2632 3507//3579 4047//4119 3506//3578
f 3507//3579 2542//2614 3465//3537 4047//4119
f 4047//4119 3465//3537 2540//2612 3503//3575
f 3506//3578 4047//4119 3503//3575 2562//2634
f 2541//2613 3456//3528 4048//4120 3504//3576
f 3456//3528 2543//2615 3508//3580 4048//4120
f 4048//4120 3508//3580 2557//2629 3509//3581
f 3504//3576 4048//4120 3509//3581 2559//2631
f 2558//2630 3511//3583 4049//4121 3510//3582
f 3511//3583 2544//2616 3461//3533 4049//4121
f 4049//4121 3461//3533 2542//2614 3507//3579
f 3510//3582 4049//4121 3507//3579 2560//2632
f 2543//2615 3452//3524 4050//4122 3508//3580
f 3452//3524 2521//2593 3512//3584 4050//4122
f 4050//4122 3512//3584 2577//2649 3513//3585
f 3508//3580 4050//4122 3513//3585 2557//2629
f 2578//2650 3515//3587 4051//4123 3514//3586
f 3515//3587 2522//2594 3455//3527 4051//4123
f 4051//4123 3455//3527 2544//2616 3511//3583
f 3514//3586 4051//4123 3511//3583 2558//2630
f 2531//2603 3431//3503 4052//4124 3516//3588
f 3431//3503 2519//2591 3486//3558 4052//4124
f 4052//4124 3486//3558 2579//2651 3517//3589
f 3516//3588 4052//4124 3517//3589 2567//2639
f 2580//2652 3491//3563 4053//4125 3518//3590
f 3491//3563 2520//2592 3432//3504 4053//4125
f 4053//4125 3432//3504 2532//2604 3519//3591
f 3518//3590 4053//4125 3519//3591 2568//2640
f 2529//2601 3427//3499 4054//4126 3520//3592
f 3427//3499 2531//2603 3516//3588 4054//4126
f 4054//4126 3516//3588 2567//2639 3521//3593
f 3520//3592 4054//4126 3521//3593 2569//2641
f 2568//2640 3519//3591 4055//4127 3522//3594
f 3519//3591 2532//2604 3428//3500 4055//4127
f 4055//4127 3428//3500 2530//2602 3523//3595
f 3522//3594 4055//4127 3523//3595 2570//2642
f 2527//2599 3423//3495 4056//4128 3524//3596
f 3423//3495 2529//2601 3520//3592 4056//4128
f 4056//4128 3520//3592 2569//2641 3525//3597
f 3524//3596 4056//4128 3525//3597 2571//2643
f 2570//2642 3523//3595 4057//4129 3526//3598
f 3523//3595 2530//2602 3424//3496 4057//4129
f 4057//4129 3424//3496 2528//2600 3527//3599
f 3526//3598 4057//4129 3527//3599 2572//2644
f 2525//2597 3419//3491 4058//4130 3528//3600
f 3419//3491 2527//2599 3524//3596 4058//4130
f 4058//4130 3524//3596 2571//2643 3529//3601
f 3528//3600 4058//4130 3529//3601 2573//2645
f 2572//2644 3527//3599 4059//4131 3530//3602
f 3527//3599 2528//2600 3420//3492 4059//4131
f 4059//4131 3420//3492 2526//2598 3531//3603
f 3530//3602 4059//4131 3531//3603 2574//2646
f 2523//2595 3415//3487 4060//4132 3532//3604
f 3415//3487 2525//2597 3528//3600 4060//4132
f 4060//4132 3528//3600 2573//2645 3533//3605
f 3532//3604 4060//4132 3533//3605 2575//2647
f 2574//2646 3531//3603 4061//4133 3534//3606
f 3531//3603 2526//2598 3416//3488 4061//4133
f 4061//4133 3416//3488 2524//2596 3535//3607
f 3534//3606 4061//4133 3535//3607 2576//2648
f 2521//2593 3409//3481 4062//4134 3512//3584
f 3409//3481 2523//2595 3532//3604 4062//4134
f 4062//4134 3532//3604 2575//2647 3536//3608
f 3512//3584 4062//4134 3536//3608 2577//2649
f 2576//2648 3535//3607 4063//4135 3537//3609
f 3535//3607 2524//2596 3412//3484 4063//4135
f 4063//4135 3412//3484 2522//2594 3515//3587
f 3537//3609 4063//4135 3515//3587 2578//2650
f 2561//2633 3505//3577 4064//4136 3538//3610
f 3505//3577 2559//2631 3539//3611 4064//4136
f 4064//4136 3539//3611 2583//2655 3540//3612
f 3538//3610 4064//4136 3540//3612 2581//2653
f 2584//2656 3542//3614 4065//4137 3541//3613
f 3542//3614 2560//2632 3506//3578 4065//4137
f 4065//4137 3506//3578 2562//2634 3543//3615
f 3541//3613 4065//4137 3543//3615 2582//2654
f 2581//2653 3540//3612 4066//4138 3544//3616
f 3540//3612 2583//2655 3545//3617 4066//4138
f 4066//4138 3545//3617 2585//2657 3546//3618
f 3544//3616 4066//4138 3546//3618 2587//2659
f 2586//2658 3548//3620 4067//4139 3547//3619
f 3548//3620 2584//2656 3541//3613 4067//4139
f 4067//4139 3541//3613 2582//2654 3549//3621
f 3547//3619 4067//4139 3549//3621 2588//2660
f 2587//2659 3546//3618 4068//4140 3550//3622
f 3546//3618 2585//2657 3551//3623 4068//4140
f 4068//4140 3551//3623 2591//2663 3552//3624
f 3550//3622 4068//4140 3552//3624 2589//2661
f 2592//2664 3554//3626 4069//4141 3553//3625
f 3554//3626 2586//2658 3547//3619 4069//4141
f 4069//4141 3547//3619 2588//2660 3555//3627
f 3553//3625 4069//4141 3555//3627 2590//2662
f 2589//2661 3552//3624 4070//4142 3556//3628
f 3552//3624 2591//2663 3557//3629 4070//4142
f 4070//4142 3557//3629 2593//2665 3558//3630
f 3556//3628 4070//4142 3558//3630 2595//2667
f 2594//2666 3560//3632 4071//4143 3559//3631
f 3560//3632 2592//2664 3553//3625 4071//4143
f 4071//4143 3553//3625 2590//2662 3561//3633
f 3559//3631 4071//4143 3561//3633 2596//2668
f 2567//2639 3517//3589 4072//4144 3562//3634
f 3517//3589 2579//2651 3563//3635 4072//4144
f 4072//4144 3563//3635 2589//2661 3556//3628
f 3562//3634 4072//4144 3556//3628 2595//2667
f 2590//2662 3564//3636 4073//4145 3561//3633
f 3564//3636 2580//2652 3518//3590 4073//4145
f 4073//4145 3518//3590 2568//2640 3565//3637
f 3561//3633 4073//4145 3565//3637 2596//2668
f 2555//2627 3566//3638 4074//4146 3488//3560
f 3566//3638 2587//2659 3550//3622 4074//4146
f 4074//4146 3550//3622 2589//2661 3563//3635
f 3488//3560 4074//4146 3563//3635 2579//2651
f 2590//2662 3555//3627 4075//4147 3564//3636
f 3555//3627 2588//2660 3567//3639 4075//4147
f 4075//4147 3567//3639 2556//2628 3489//3561
f 3564//3636 4075//4147 3489//3561 2580//2652
f 2555//2627 3493//3565 4076//4148 3566//3638
f 3493//3565 2565//2637 3568//3640 4076//4148
f 4076//4148 3568//3640 2581//2653 3544//3616
f 3566//3638 4076//4148 3544//3616 2587//2659
f 2582//2654 3569//3641 4077//4149 3549//3621
f 3569//3641 2566//2638 3494//3566 4077//4149
f 4077//4149 3494//3566 2556//2628 3567//3639
f 3549//3621 4077//4149 3567//3639 2588//2660
f 2561//2633 3538//3610 4078//4150 3501//3573
f 3538//3610 2581//2653 3568//3640 4078//4150
f 4078//4150 3568//3640 2565//2637 3497//3569
f 3501//3573 4078//4150 3497//3569 2563//2635
f 2566//2638 3569//3641 4079//4151 3498//3570
f 3569//3641 2582//2654 3543//3615 4079//4151
f 4079//4151 3543//3615 2562//2634 3502//3574
f 3498//3570 4079//4151 3502//3574 2564//2636
f 2557//2629 3513//3585 4080//4152 3509//3581
f 3513//3585 2577//2649 3570//3642 4080//4152
f 4080//4152 3570//3642 2583//2655 3539//3611
f 3509//3581 4080//4152 3539//3611 2559//2631
f 2584//2656 3571//3643 4081//4153 3542//3614
f 3571//3643 2578//2650 3514//3586 4081//4153
f 4081//4153 3514//3586 2558//2630 3510//3582
f 3542//3614 4081//4153 3510//3582 2560//2632
f 2575//2647 3572//3644 4082//4154 3536//3608
f 3572//3644 2585//2657 3545//3617 4082//4154
f 4082//4154 3545//3617 2583//2655 3570//3642
f 3536//3608 4082//4154 3570//3642 2577//2649
f 2584//2656 3548//3620 4083//4155 3571//3643
f 3548//3620 2586//2658 3573//3645 4083//4155
f 4083//4155 3573//3645 2576//2648 3537//3609
f 3571//3643 4083//4155 3537//3609 2578//2650
f 2573//2645 3574//3646 4084//4156 3533//3605
f 3574//3646 2591//2663 3551//3623 4084//4156
f 4084//4156 3551//3623 2585//2657 3572//3644
f 3533//3605 4084//4156 3572//3644 2575//2647
f 2586//2658 3554//3626 4085//4157 3573//3645
f 3554//3626 2592//2664 3575//3647 4085//4157
f 4085//4157 3575//3647 2574//2646 3534//3606
f 3573//3645 4085//4157 3534//3606 2576//2648
f 2571//2643 3576//3648 4086//4158 3529//3601
f 3576//3648 2593//2665 3557//3629 4086//4158
f 4086//4158 3557//3629 2591//2663 3574//3646
f 3529//3601 4086//4158 3574//3646 2573//2645
f 2592//2664 3560//3632 4087//4159 3575//3647
f 3560//3632 2594//2666 3577//3649 4087//4159
f 4087//4159 3577//3649 2572//2644 3530//3602
f 3575//3647 4087//4159 3530//3602 2574//2646
f 2569//2641 3578//3650 4088//4160 3525//3597
f 3578//3650 2595//2667 3558//3630 4088//4160
f 4088//4160 3558//3630 2593//2665 3576//3648
f 3525//3597 4088//4160 3576//3648 2571//2643
f 2594//2666 3559//3631 4089//4161 3577//3649
f 3559//3631 2596//2668 3579//3651 4089//4161
f 4089//4161 3579//3651 2570//2642 3526//3598
f 3577//3649 4089//4161 3526//3598 2572//2644
f 2567//2639 3562//3634 4090//4162 3521//3593
f 2595//2667 3578//3650 4090//4162 3562//3634
f 2569//2641 3521//3593 4090//4162 3578//3650
f 2570//2642 3579//3651 4091//4163 3522//3594
f 2596//2668 3565//3637 4091//4163 3579//3651
f 2568//2640 3522//3594 4091//4163 3565//3637
f 2495//2567 3402//3474 4092//4164 3580//3652
f 3402//3474 2493//2565 3581//3653 4092//4164
f 4092//4164 3581//3653 2607//2679 3582//3654
f 3580//3652 4092//4164 3582//3654 2605//2677
f 2608//2680 3584//3656 4093//4165 3583//3655
f 3584//3656 2494//2566 3407//3479 4093//4165
f 4093//4165 3407//3479 2496//2568 3585//3657
f 3583//3655 4093//4165 3585//3657 2606//2678
f 2497//2569 3396//3468 4094//4166 3586//3658
f 3396//3468 2495//2567 3580//3652 4094//4166
f 4094//4166 3580//3652 2605//2677 3587//3659
f 3586//3658 4094//4166 3587//3659 2603//2675
f 2606//2678 3585//3657 4095//4167 3588//3660
f 3585//3657 2496//2568 3401//3473 4095//4167
f 4095//4167 3401//3473 2498//2570 3589//3661
f 3588//3660 4095//4167 3589//3661 2604//2676
f 2499//2571 3390//3462 4096//4168 3590//3662
f 3390//3462 2497//2569 3586//3658 4096//4168
f 4096//4168 3586//3658 2603//2675 3591//3663
f 3590//3662 4096//4168 3591//3663 2601//2673
f 2604//2676 3589//3661 4097//4169 3592//3664
f 3589//3661 2498//2570 3395//3467 4097//4169
f 4097//4169 3395//3467 2500//2572 3593//3665
f 3592//3664 4097//4169 3593//3665 2602//2674
f 2501//2573 3384//3456 4098//4170 3594//3666
f 3384//3456 2499//2571 3590//3662 4098//4170
f 4098//4170 3590//3662 2601//2673 3595//3667
f 3594//3666 4098//4170 3595//3667 2599//2671
f 2602//2674 3593//3665 4099//4171 3596//3668
f 3593//3665 2500//2572 3389//3461 4099//4171
f 4099//4171 3389//3461 2502//2574 3597//3669
f 3596//3668 4099//4171 3597//3669 2600//2672
f 2503//2575 3378//3450 4100//4172 3598//3670
f 3378//3450 2501//2573 3594//3666 4100//4172
f 4100//4172 3594//3666 2599//2671 3599//3671
f 3598//3670 4100//4172 3599//3671 2597//2669
f 2600//2672 3597//3669 4101//4173 3600//3672
f 3597//3669 2502//2574 3383//3455 4101//4173
f 4101//4173 3383//3455 2504//2576 3601//3673
f 3600//3672 4101//4173 3601//3673 2598//2670
f 2491//2563 3371//3443 4102//4174 3602//3674
f 3371//3443 2503//2575 3598//3670 4102//4174
f 4102//4174 3598//3670 2597//2669 3603//3675
f 3602//3674 4102//4174 3603//3675 2609//2681
f 2598//2670 3601//3673 4103//4175 3604//3676
f 3601//3673 2504//2576 3376//3448 4103//4175
f 4103//4175 3376//3448 2492//2564 3605//3677
f 3604//3676 4103//4175 3605//3677 2610//2682
f 2597//2669 3606//3678 4104//4176 3603//3675
f 3606//3678 2605//2677 3582//3654 4104//4176
f 4104//4176 3582//3654 2607//2679 3607//3679
f 3603//3675 4104//4176 3607//3679 2609//2681
f 2608//2680 3583//3655 4105//4177 3608//3680
f 3583//3655 2606//2678 3609//3681 4105//4177
f 4105//4177 3609//3681 2598//2670 3604//3676
f 3608//3680 4105//4177 3604//3676 2610//2682
f 2597//2669 3599//3671 4106//4178 3606//3678
f 3599//3671 2599//2671 3610//3682 4106//4178
f 4106//4178 3610//3682 2603//2675 3587//3659
f 3606//3678 4106//4178 3587//3659 2605//2677
f 2604//2676 3611//3683 4107//4179 3588//3660
f 3611//3683 2600//2672 3600//3672 4107//4179
f 4107//4179 3600//3672 2598//2670 3609//3681
f 3588//3660 4107//4179 3609//3681 2606//2678
f 2599//2671 3595//3667 4108//4180 3610//3682
f 2601//2673 3591//3663 4108//4180 3595//3667
f 2603//2675 3610//3682 4108//4180 3591//3663
f 2604//2676 3592//3664 4109//4181 3611//3683
f 2602//2674 3596//3668 4109//4181 3592//3664
f 2600//2672 3611//3683 4109//4181 3596//3668
f 2417//2489 3336//3408 4110//4182 3612//3684
f 3336//3408 2485//2557 3446//3518 4110//4182
f 4110//4182 3446//3518 2491//2563 3602//3674
f 3612//3684 4110//4182 3602//3674 2609//2681
f 2492//2564 3451//3523 4111//4183 3605//3677
f 3451//3523 2486//2558 3337//3409 4111//4183
f 4111//4183 3337//3409 2418//2490 3613//3685
f 3605//3677 4111//4183 3613//3685 2610//2682
f 2417//2489 3612//3684 4112//4184 3356//3428
f 3612//3684 2609//2681 3607//3679 4112//4184
f 4112//4184 3607//3679 2607//2679 3614//3686
f 3356//3428 4112//4184 3614//3686 2425//2497
f 2608//2680 3608//3680 4113//4185 3615//3687
f 3608//3680 2610//2682 3613//3685 4113//4185
f 4113//4185 3613//3685 2418//2490 3361//3433
f 3615//3687 4113//4185 3361//3433 2426//2498
f 2423//2495 3364//3436 4114//4186 3440//3512
f 3364//3436 2425//2497 3614//3686 4114//4186
f 4114//4186 3614//3686 2607//2679 3581//3653
f 3440//3512 4114//4186 3581//3653 2493//2565
f 2608//2680 3615//3687 4115//4187 3584//3656
f 3615//3687 2426//2498 3367//3439 4115//4187
f 4115//4187 3367//3439 2424//2496 3443//3515
f 3584//3656 4115//4187 3443//3515 2494//2566
o Suzanne2
v 1.792448 1.944748 -0.486585
v 2.578134 1.607313 -0.686049
v 1.718563 1.921577 -0.544495
v 2.583090 1.550282 -0.763974
v 1.631212 1.870082 -0.606573
v 2.574968 1.464760 -0.846165
v 1.799723 1.859480 -0.698664
v 2.428894 1.589266 -0.858392
v 1.844787 1.914999 -0.614124
v 2.474346 1.644617 -0.773951
v 1.875594 1.939942 -0.531148
v 2.506707 1.668893 -0.691369
v 1.958441 1.905881 -0.514029
v 2.440416 1.698883 -0.636388
v 1.973818 1.859814 -0.587601
v 2.369574 1.689845 -0.688072
v 1.973496 1.786602 -0.664673
v 2.288081 1.651495 -0.744538
v 2.050799 1.696288 -0.522637
v 2.237220 1.616225 -0.569964
v 2.031176 1.789310 -0.480263
v 2.330227 1.660875 -0.556183
v 1.994664 1.860762 -0.444997
v 2.415665 1.679952 -0.551877
v 1.967588 1.835828 -0.359489
v 2.449564 1.628830 -0.481849
v 1.987860 1.752274 -0.350364
v 2.383616 1.582306 -0.450835
v 1.992070 1.644349 -0.350858
v 2.306655 1.509242 -0.430722
v 1.825938 1.658716 -0.255769
v 2.455108 1.388502 -0.415498
v 1.864646 1.762905 -0.278599
v 2.494205 1.492523 -0.438426
v 1.888468 1.841349 -0.313648
v 2.519581 1.570301 -0.473869
v 1.801595 1.874695 -0.332046
v 2.587281 1.537260 -0.531509
v 1.732605 1.814037 -0.307258
v 2.597131 1.442742 -0.526737
v 1.649787 1.727829 -0.292757
v 2.593543 1.322507 -0.532350
v 1.569965 1.815451 -0.440160
v 2.641885 1.355085 -0.712290
v 1.671616 1.878887 -0.418376
v 2.633237 1.465892 -0.662504
v 1.762595 1.917199 -0.405678
v 2.610034 1.553244 -0.620818
v 1.797615 1.933746 -0.400171
v 2.602591 1.588027 -0.604531
v 1.828501 1.899528 -0.339403
v 2.585188 1.574548 -0.531504
v 1.899937 1.873629 -0.322761
v 2.531179 1.602524 -0.483015
v 1.964345 1.869933 -0.360859
v 2.474413 1.650871 -0.490350
v 1.987050 1.890178 -0.431132
v 2.446112 1.693021 -0.547675
v 1.956876 1.927133 -0.487043
v 2.466945 1.708070 -0.616534
v 1.901757 1.927756 -0.409166
v 2.532183 1.657002 -0.569213
v 1.889338 1.954805 -0.501839
v 2.520579 1.683701 -0.662094
v 1.821032 1.956728 -0.465587
v 2.577720 1.631747 -0.657688
v 2.190428 1.645107 -0.344598
v 2.216132 1.734319 -0.394271
v 2.132623 2.095129 -1.333597
v 2.170061 1.984253 -0.998562
v 2.181879 1.939536 -0.876363
v 2.116227 2.119965 -1.440199
v 2.141558 1.546822 -0.370827
v 2.107896 1.423313 -0.294480
v 1.676201 0.478592 -0.396732
v 1.538016 0.392114 -0.794744
v 1.512516 0.552605 -1.166694
v 1.694304 1.118382 -1.407762
v 1.879009 1.858660 -0.897961
v 2.299621 1.678016 -1.004743
v 1.815857 1.974192 -1.139644
v 2.318805 1.758187 -1.267328
v 1.770310 2.066899 -1.325904
v 2.334233 1.824706 -1.469068
v 1.737259 2.126573 -1.492084
v 2.327592 1.873038 -1.641953
v 1.762138 2.145739 -1.586042
v 2.287612 1.920060 -1.719444
v 1.881450 2.128067 -1.637384
v 2.182830 1.998631 -1.713896
v 2.038075 2.081086 -1.682268
v 1.700665 1.879209 -0.806983
v 2.458000 1.553951 -0.999248
v 1.515757 1.888991 -0.675876
v 2.629234 1.410778 -0.958556
v 1.373294 1.850437 -0.489733
v 2.764072 1.253129 -0.842812
v 1.394418 1.837017 -0.267280
v 2.832577 1.219360 -0.632388
v 1.529364 1.798777 -0.186895
v 2.757800 1.271191 -0.498760
v 1.734394 1.724947 -0.111281
v 2.614456 1.346980 -0.334704
v 1.910547 1.651623 -0.035638
v 2.488840 1.403259 -0.182450
v 2.045869 1.628276 -0.092648
v 2.368222 1.489833 -0.174484
v 2.125702 1.653090 -0.262462
v 2.268237 1.591874 -0.298647
v 2.060274 1.760561 -0.315102
v 2.360101 1.631792 -0.391219
v 2.092955 1.776676 -0.414244
v 2.311223 1.682935 -0.469656
v 1.983649 1.891478 -0.625370
v 2.370084 1.725513 -0.723475
v 1.825694 1.931394 -0.636821
v 2.487877 1.647002 -0.804930
v 1.688160 1.935593 -0.573327
v 2.599292 1.544282 -0.804638
v 1.589271 1.913430 -0.455350
v 2.691485 1.440053 -0.735170
v 1.576925 1.882449 -0.347446
v 2.721471 1.390892 -0.638014
v 1.641274 1.852676 -0.279566
v 2.689891 1.402318 -0.545780
v 1.794496 1.809520 -0.234465
v 2.586397 1.469417 -0.435506
v 1.990693 1.755597 -0.237831
v 2.429947 1.566947 -0.349345
v 2.125835 2.126972 -1.414207
v 2.019510 2.164495 -1.395772
v 2.223082 2.077066 -1.447453
v 1.995726 2.186365 -1.483619
v 2.216712 2.091457 -1.539721
v 2.031797 2.174862 -1.542748
v 2.163069 2.118484 -1.576074
v 2.094890 2.147830 -1.571383
v 2.171516 1.918155 -0.881010
v 2.167148 1.891670 -0.853414
v 2.084050 1.938904 -0.845089
v 2.252994 1.866347 -0.887979
v 2.051716 1.977360 -0.909497
v 2.272703 1.882451 -0.965599
v 2.073248 1.992780 -0.992651
v 2.236552 1.922645 -1.034109
v 1.782748 1.934372 -0.712627
v 2.484934 1.632799 -0.890891
v 1.592547 1.932610 -0.600995
v 2.643495 1.481251 -0.867800
v 1.483588 1.903161 -0.447307
v 2.751251 1.358728 -0.769130
v 1.491540 1.884984 -0.287794
v 2.798817 1.323537 -0.619674
v 1.593765 1.867914 -0.211624
v 2.756566 1.368517 -0.506826
v 1.793335 1.802830 -0.139835
v 2.620966 1.447381 -0.349947
v 1.943268 1.747315 -0.086780
v 2.514183 1.502120 -0.231719
v 2.050606 1.729483 -0.132475
v 2.418787 1.571357 -0.225946
v 2.130026 1.743852 -0.275741
v 2.322661 1.661119 -0.324645
v 2.034111 1.938925 -0.782600
v 2.308446 1.821104 -0.852246
v 1.936535 2.057944 -1.129820
v 2.307824 1.898484 -1.224079
v 1.889068 2.145399 -1.320494
v 2.319001 1.960752 -1.429642
v 1.863059 2.186599 -1.448698
v 2.310858 1.994279 -1.562381
v 1.875240 2.193011 -1.538617
v 2.271385 2.022876 -1.639187
v 1.947297 2.173324 -1.587360
v 2.194693 2.067073 -1.650167
v 2.072334 2.128257 -1.627120
v 2.173516 1.815923 -0.700185
v 2.191428 1.761996 -0.538399
v 1.908374 1.770730 -0.213213
v 2.499872 1.516695 -0.363378
v 2.052090 1.841381 -0.580545
v 2.312691 1.729459 -0.646704
v 2.083249 1.804970 -0.507028
v 2.298798 1.712396 -0.561750
v 2.026845 2.133444 -1.313547
v 2.230743 2.045874 -1.365311
v 2.061221 2.053535 -1.136574
v 2.227058 1.982311 -1.178676
v 2.146943 2.023927 -1.156739
v 2.155567 1.974368 -1.038932
v 2.100189 2.005339 -0.952178
v 2.245442 1.942956 -0.989054
v 2.073939 2.004421 -0.893534
v 2.284439 1.914016 -0.946974
v 2.092725 1.963200 -0.839600
v 2.266717 1.888474 -0.883772
v 2.144322 1.937240 -0.843684
v 2.216172 1.906382 -0.861925
v 2.193932 1.977273 -0.892726
v 2.147309 1.969021 -0.847470
v 2.234694 1.931491 -0.869654
v 2.113135 1.986485 -0.845405
v 2.268097 1.919932 -0.884745
v 2.111441 2.015092 -0.888053
v 2.271453 1.946371 -0.928676
v 2.122426 2.013282 -0.932952
v 2.245348 1.960490 -0.964158
v 2.183307 1.992702 -0.960679
v 1.856376 1.904590 -1.032333
v 2.290193 1.718275 -1.142467
v 1.992629 1.956182 -0.924906
v 2.287407 1.829581 -0.999741
v 1.968660 1.988734 -1.004654
v 2.291790 1.849958 -1.086687
v 1.886325 1.871040 -0.968423
v 2.275090 1.704074 -1.067120
v 2.095097 2.137090 -1.552402
v 2.053366 2.154507 -1.529390
v 2.141528 2.116644 -1.551772
v 2.027096 2.164682 -1.473352
v 2.187107 2.095961 -1.513975
v 2.044454 2.149743 -1.418873
v 2.188542 2.087861 -1.455453
v 2.093708 2.089115 -1.476712
v 2.029421 2.115033 -1.454716
v 2.159139 2.059322 -1.487647
v 2.015915 2.127978 -1.482051
v 2.165052 2.063927 -1.519912
v 2.037200 2.116036 -1.517477
v 2.129634 2.076338 -1.540943
v 2.082143 2.098928 -1.538868
v 2.040478 1.829018 -0.485959
v 2.349626 1.696246 -0.564443
v 2.020030 1.858236 -0.540465
v 2.359860 1.712287 -0.626738
v 1.897038 1.796448 -0.266026
v 2.502906 1.536241 -0.419839
v 1.961809 1.782342 -0.285083
v 2.446503 1.574177 -0.408133
v 1.808237 1.834555 -0.273323
v 2.579553 1.503292 -0.469139
v 1.682277 1.858058 -0.309618
v 2.656715 1.439559 -0.557000
v 1.634897 1.884839 -0.367690
v 2.680019 1.435982 -0.633017
v 1.647593 1.914809 -0.452450
v 2.658538 1.480630 -0.709100
v 1.733337 1.939315 -0.543055
v 2.586989 1.572691 -0.759773
v 1.842651 1.934741 -0.589062
v 2.499397 1.652683 -0.755791
v 1.967442 1.896359 -0.575191
v 2.403589 1.709044 -0.685916
v 2.041105 1.801942 -0.413801
v 2.359963 1.664999 -0.494749
v 2.014938 1.784265 -0.337942
v 2.394383 1.621302 -0.434273
v 1.985889 1.787785 -0.354194
v 2.407667 1.606641 -0.461271
v 2.011805 1.797317 -0.417265
v 2.372995 1.642193 -0.508961
v 1.950284 1.884316 -0.560307
v 2.411675 1.686158 -0.677441
v 1.840484 1.918798 -0.569674
v 2.497618 1.636574 -0.736501
v 1.746666 1.920969 -0.530208
v 2.571579 1.566687 -0.739630
v 1.674730 1.895810 -0.450022
v 2.630138 1.485484 -0.692572
v 1.662873 1.869064 -0.382701
v 2.646243 1.446728 -0.632350
v 1.703752 1.846417 -0.332392
v 2.626535 1.450102 -0.566660
v 1.812750 1.829823 -0.293393
v 2.565425 1.506566 -0.484476
v 1.947132 1.792383 -0.308297
v 2.452798 1.575211 -0.436671
v 1.892317 1.803114 -0.290166
v 2.500515 1.541907 -0.444570
v 1.997082 1.845976 -0.528915
v 2.369924 1.685848 -0.623569
v 2.010582 1.818390 -0.480656
v 2.362452 1.667269 -0.569986
v 2.020829 1.568713 -0.294187
v 2.260380 1.465832 -0.355002
v 1.972905 1.566638 -0.145858
v 2.348077 1.405510 -0.241103
v 1.864130 1.585686 -0.102151
v 2.444365 1.336488 -0.249457
v 1.719988 1.621215 -0.195600
v 2.517497 1.278703 -0.398065
v 1.488720 1.683600 -0.249585
v 2.677542 1.173027 -0.551392
v 1.363968 1.725145 -0.320246
v 2.752415 1.128838 -0.672733
v 1.324468 1.736162 -0.529815
v 2.698546 1.146026 -0.878654
v 1.450578 1.768838 -0.721711
v 2.567162 1.289290 -1.005180
v 1.664357 1.786839 -0.856326
v 2.396245 1.472509 -1.042132
v 1.999654 1.080379 -0.140701
v 1.853125 0.757421 -0.171525
v 1.565737 0.789746 -1.358231
v 1.867600 1.485448 -1.346120
v 1.992655 1.980185 -1.690480
v 1.961175 1.840301 -1.577837
v 1.954564 1.726082 -1.410650
v 1.934415 1.633126 -1.332764
v 1.192821 1.541569 -0.562509
v 2.630593 0.924078 -0.927518
v 1.096168 1.372041 -0.559225
v 2.573460 0.737577 -0.934268
v 0.997753 1.050157 -0.701544
v 2.353406 0.467934 -1.045706
v 1.223978 0.644674 -0.731824
v 1.926164 0.343101 -0.910089
v 1.258913 1.551793 -0.836480
v 2.486494 1.024575 -1.148128
v 1.200828 1.358839 -1.005722
v 2.319913 0.878217 -1.289826
v 1.084508 1.139618 -0.973100
v 2.252358 0.638053 -1.269583
v 1.266261 0.758806 -1.074873
v 1.839764 0.512499 -1.220469
v 1.789385 1.807522 -1.154929
v 2.213881 1.625210 -1.262697
v 1.804991 1.690517 -1.251842
v 2.084623 1.570422 -1.322832
v 1.735988 1.967925 -1.465615
v 2.230004 1.755756 -1.591031
v 1.770910 1.879011 -1.292278
v 2.218320 1.686858 -1.405863
v 1.733613 2.048496 -1.585482
v 2.238115 1.831824 -1.713561
v 1.839618 1.892420 -1.516235
v 2.095170 1.782666 -1.581113
v 1.845951 1.783399 -1.347935
v 2.084803 1.680817 -1.408573
v 1.843152 2.023409 -1.638892
v 2.133269 1.898810 -1.712544
v 1.783186 1.755765 -1.062477
v 2.219598 1.568336 -1.173270
v 1.818524 1.790697 -0.967423
v 2.261015 1.600657 -1.079759
v 1.823951 1.802074 -0.918325
v 2.285537 1.603833 -1.035508
v 1.698241 1.570944 -1.222663
v 2.078447 1.407655 -1.319186
v 1.478440 1.232774 -1.280376
v 1.954590 1.028278 -1.401257
v 1.329935 0.944421 -1.229777
v 1.866154 0.714127 -1.365908
v 1.334067 0.708182 -0.332062
v 2.066158 0.393765 -0.517919
v 1.480422 0.929474 -0.130889
v 2.212124 0.615224 -0.316647
v 1.605464 1.210381 -0.110696
v 2.338331 0.895631 -0.296750
v 1.680277 1.483225 -0.235547
v 2.430233 1.161136 -0.425940
v 1.317242 1.562690 -0.356522
v 2.654036 0.988567 -0.695896
v 1.441124 1.508387 -0.290638
v 2.568970 1.024002 -0.576966
v 1.350969 1.257027 -0.209067
v 2.483476 0.770641 -0.496578
v 1.213846 1.361555 -0.313679
v 2.595303 0.768251 -0.664391
v 1.113902 1.157693 -0.351019
v 2.500019 0.562386 -0.702915
v 1.240677 1.023422 -0.236847
v 2.377845 0.535034 -0.525542
v 1.130772 0.861831 -0.409775
v 2.262502 0.375778 -0.697089
v 1.042908 1.008697 -0.469358
v 2.392130 0.429236 -0.811887
v 1.081252 0.852455 -0.738952
v 2.152008 0.392589 -1.010786
v 1.184700 0.971993 -1.046462
v 2.046989 0.601659 -1.265373
v 1.029269 1.216913 -0.554803
v 2.508799 0.581488 -0.930413
v 1.540392 1.582706 -1.015569
v 2.265662 1.271219 -1.199695
v 1.344846 1.285877 -1.119783
v 2.136747 0.945773 -1.320824
v 0.938129 1.180031 -0.528063
v 2.549117 0.488148 -0.937047
v 1.030364 1.405614 -0.986761
v 2.462310 0.790625 -1.350291
v 0.762767 1.366899 -0.940749
v 2.615325 0.571267 -1.411060
v 0.541604 1.312462 -0.791270
v 2.771664 0.354701 -1.357418
v 0.491876 1.237910 -0.577302
v 2.837285 0.230609 -1.172734
v 0.594103 1.148506 -0.452315
v 2.765130 0.216098 -1.003477
v 0.788867 1.146009 -0.466168
v 2.640648 0.350710 -0.936282
v 0.803529 1.189461 -0.498164
v 2.648707 0.396998 -0.966602
v 0.637254 1.179704 -0.492745
v 2.744199 0.274818 -1.027638
v 0.552770 1.241733 -0.602796
v 2.792928 0.279636 -1.171508
v 0.597498 1.308319 -0.779037
v 2.740173 0.388088 -1.323001
v 0.782000 1.371371 -0.893569
v 2.626014 0.579408 -1.361711
v 1.003098 1.417498 -0.924163
v 2.512331 0.769317 -1.307314
v 0.925403 1.225101 -0.546489
v 2.580277 0.514370 -0.966615
v 0.880332 1.210101 -0.603117
v 2.574044 0.482690 -1.033102
v 0.937220 1.367203 -0.899873
v 2.527235 0.684327 -1.303532
v 0.756833 1.321804 -0.877324
v 2.613663 0.524337 -1.348720
v 0.601632 1.270269 -0.786270
v 2.708577 0.365383 -1.321163
v 0.561742 1.218026 -0.647718
v 2.752964 0.276945 -1.204007
v 0.630895 1.168603 -0.563020
v 2.711818 0.274893 -1.091307
v 0.773677 1.175099 -0.567572
v 2.628565 0.378466 -1.038475
v 0.996218 1.247063 -0.615173
v 2.524869 0.590541 -1.003254
v 0.991751 1.240245 -0.743511
v 2.470691 0.605074 -1.118972
v 1.030895 1.252161 -0.823465
v 2.422838 0.654352 -1.176839
v 0.995480 1.266633 -0.846067
v 2.444903 0.644139 -1.214034
v 0.991880 1.298648 -0.880973
v 2.454895 0.670316 -1.252391
v 0.998830 1.324169 -0.911097
v 2.456021 0.698338 -1.281036
v 1.143339 1.417707 -0.817914
v 2.471329 0.847365 -1.155052
v 1.110377 1.373424 -0.913239
v 2.421941 0.810137 -1.246208
v 1.088974 1.321622 -0.843883
v 2.427382 0.746806 -1.183667
v 1.044800 1.281575 -0.699044
v 2.485290 0.662917 -1.064743
v 0.943769 1.231562 -0.663716
v 2.526016 0.552023 -1.065404
v 0.902933 1.207322 -0.697581
v 2.520135 0.512770 -1.108142
v 0.957239 1.296360 -0.913724
v 2.460840 0.650597 -1.295445
v 0.940455 1.274945 -0.885811
v 2.467554 0.619091 -1.273497
v 0.962041 1.244947 -0.844612
v 2.450690 0.605606 -1.222537
v 0.995898 1.223841 -0.823612
v 2.424349 0.610354 -1.186255
v 0.953361 1.216447 -0.766582
v 2.468031 0.565931 -1.151113
v 0.739152 1.157608 -0.606784
v 2.621356 0.349243 -1.084622
v 0.621256 1.156526 -0.601251
v 2.693765 0.266429 -1.127401
v 0.563947 1.202088 -0.671299
v 2.731090 0.271349 -1.221475
v 0.604170 1.244274 -0.785795
v 2.689365 0.348730 -1.315166
v 0.741540 1.280061 -0.867900
v 2.597982 0.482760 -1.339198
v 0.900048 1.318192 -0.894597
v 2.518027 0.623306 -1.305355
v 0.838543 1.186752 -0.642247
v 2.567209 0.444329 -1.081106
v 0.904698 1.238286 -0.803196
v 2.497432 0.554242 -1.207545
v 0.873868 1.272315 -0.846554
v 2.521751 0.564586 -1.264904
v 0.788852 1.248928 -0.793185
v 2.578493 0.480318 -1.247524
v 0.842017 1.223131 -0.741691
v 2.549711 0.489714 -1.175225
v 0.781696 1.204245 -0.683687
v 2.596581 0.424792 -1.144434
v 0.716536 1.229177 -0.730330
v 2.633954 0.405690 -1.217107
v 0.663690 1.215091 -0.680137
v 2.676453 0.350654 -1.191120
v 0.703682 1.187559 -0.639547
v 2.649968 0.351672 -1.133653
v 0.734059 1.096248 -0.593096
v 2.587783 0.300115 -1.063703
v 0.531526 1.116080 -0.545871
v 2.742426 0.166547 -1.107155
v 0.452208 1.198647 -0.605995
v 2.822473 0.180671 -1.207737
v 0.494760 1.231704 -0.764019
v 2.755373 0.260822 -1.337924
v 0.713618 1.243038 -0.902835
v 2.575109 0.443569 -1.375414
v 0.959000 1.256045 -0.953698
v 2.415802 0.630382 -1.323538
v 0.916142 1.116405 -0.657015
v 2.466154 0.450709 -1.050518
v 1.723339 1.901353 -0.410985
v 1.769026 1.934259 -0.448255
v 1.760869 1.935604 -0.511798
v 1.682068 1.905102 -0.484363
v 2.618154 1.503074 -0.722008
v 2.580587 1.583553 -0.719901
v 2.600590 1.577121 -0.659366
v 2.620587 1.516005 -0.638770
v 1.620046 1.849206 -0.428479
v 1.674783 1.898556 -0.576260
v 1.583387 1.849530 -0.527335
v 2.621810 1.403551 -0.790961
v 2.580672 1.509497 -0.806239
v 2.639730 1.411275 -0.687348
v 1.776005 1.925084 -0.589852
v 1.823233 1.890231 -0.657959
v 1.707587 1.873633 -0.666393
v 2.507159 1.530236 -0.869381
v 2.452453 1.619996 -0.817700
v 2.532515 1.600180 -0.781909
v 1.830312 1.946577 -0.515587
v 1.862601 1.929961 -0.567355
v 2.492937 1.659245 -0.727379
v 2.544829 1.639708 -0.696983
v 1.920475 1.925803 -0.530341
v 1.965454 1.886559 -0.546139
v 1.914218 1.892055 -0.613005
v 2.417264 1.676008 -0.740714
v 2.409854 1.695699 -0.658960
v 2.470319 1.689657 -0.669931
v 1.975844 1.825364 -0.627258
v 1.893135 1.828684 -0.697751
v 2.351905 1.631653 -0.814220
v 2.328539 1.673889 -0.716797
v 2.014326 1.823143 -0.541181
v 2.043810 1.743801 -0.501342
v 2.028127 1.739914 -0.603348
v 2.248046 1.645464 -0.659180
v 2.282759 1.641178 -0.562004
v 2.338864 1.683762 -0.623571
v 1.984029 1.882643 -0.484379
v 2.010787 1.830120 -0.460289
v 2.378677 1.672119 -0.553685
v 2.421099 1.694931 -0.595339
v 1.988984 1.844697 -0.400670
v 1.976737 1.800145 -0.355506
v 2.021916 1.765012 -0.412941
v 2.346454 1.625631 -0.495331
v 2.421138 1.609285 -0.468327
v 2.426053 1.656986 -0.511630
v 1.992301 1.699327 -0.349215
v 2.038177 1.662950 -0.433562
v 2.258096 1.568500 -0.489393
v 2.344996 1.547852 -0.438754
v 1.932545 1.751703 -0.303384
v 1.846498 1.712058 -0.264900
v 1.917343 1.643286 -0.288755
v 2.376113 1.446254 -0.405223
v 2.475717 1.441822 -0.424641
v 2.435590 1.535657 -0.431093
v 1.932374 1.834669 -0.329297
v 1.878520 1.808039 -0.298391
v 2.508856 1.537324 -0.458415
v 2.482219 1.598523 -0.468886
v 1.842212 1.855443 -0.314543
v 1.772152 1.849190 -0.321165
v 1.794332 1.784732 -0.280231
v 2.550841 1.459828 -0.472287
v 2.591870 1.497139 -0.529268
v 2.556729 1.548574 -0.495938
v 1.691240 1.772519 -0.298218
v 1.731796 1.688235 -0.257397
v 2.531367 1.344837 -0.460385
v 2.597129 1.383460 -0.528197
v 1.689659 1.846971 -0.356123
v 1.593437 1.772566 -0.357549
v 2.631860 1.326587 -0.621175
v 2.625744 1.444943 -0.593768
v 1.773981 1.896314 -0.364547
v 2.605544 1.539176 -0.575657
v 1.780902 1.927779 -0.401777
v 1.815760 1.889248 -0.334142
v 1.805232 1.916656 -0.365974
v 2.600159 1.575253 -0.567784
v 2.587919 1.557623 -0.530171
v 2.607886 1.572608 -0.611724
v 1.895357 1.859558 -0.316559
v 1.861293 1.883847 -0.323059
v 2.561326 1.583198 -0.500778
v 2.526777 1.588377 -0.476859
v 1.967211 1.855174 -0.358552
v 1.936137 1.867942 -0.334699
v 2.500643 1.625500 -0.478011
v 2.463476 1.642040 -0.484539
v 1.992065 1.877986 -0.436846
v 1.983156 1.876479 -0.394718
v 2.453837 1.674332 -0.514210
v 2.432388 1.688878 -0.548632
v 1.958879 1.918990 -0.499333
v 1.979073 1.907748 -0.463698
v 2.449754 1.705601 -0.583190
v 2.455143 1.705856 -0.625320
v 1.883592 1.949667 -0.515342
v 1.926241 1.943736 -0.501903
v 2.490747 1.701293 -0.645215
v 2.515012 1.678486 -0.675641
v 1.807428 1.953064 -0.474923
v 1.851396 1.959641 -0.490263
v 2.551430 1.658992 -0.667982
v 2.579586 1.621439 -0.670952
v 1.801150 1.947925 -0.434955
v 2.596076 1.606521 -0.636764
v 1.833645 1.935151 -0.401890
v 1.849522 1.950769 -0.446137
v 2.581190 1.614097 -0.591670
v 2.564394 1.643747 -0.627623
v 1.895389 1.949762 -0.470546
v 2.526194 1.678845 -0.630689
v 1.941085 1.931030 -0.460505
v 2.489911 1.695321 -0.599836
v 1.961612 1.906163 -0.422604
v 2.475872 1.685300 -0.553160
v 1.946125 1.892432 -0.375357
v 2.494950 1.656724 -0.514688
v 1.902553 1.894896 -0.349510
v 2.533358 1.623980 -0.509653
v 1.854562 1.912172 -0.360990
v 2.569434 1.605150 -0.542475
v 1.958918 2.109013 -1.660628
v 1.910208 2.157878 -1.614060
v 2.006122 2.153925 -1.608106
v 2.056789 2.109710 -1.656978
v 2.137539 2.097485 -1.641469
v 2.195520 2.035343 -1.686492
v 2.113686 2.042544 -1.699919
v 1.812398 2.140765 -1.614059
v 1.812079 2.178803 -1.566702
v 1.903154 2.186370 -1.566336
v 2.238760 2.042235 -1.651537
v 2.288181 1.974329 -1.687570
v 2.242574 1.956014 -1.723268
v 1.738721 2.141075 -1.547279
v 1.789605 2.172188 -1.479248
v 1.862979 2.193164 -1.498212
v 2.295291 2.007495 -1.607964
v 2.332702 1.938940 -1.617124
v 2.314247 1.893900 -1.693388
v 1.749954 2.102201 -1.416849
v 1.819511 2.123203 -1.328735
v 1.872087 2.172193 -1.392827
v 2.318234 1.980582 -1.506091
v 2.342217 1.898713 -1.461435
v 2.333781 1.851460 -1.565066
v 1.792973 2.021344 -1.227752
v 1.867921 2.029785 -1.135004
v 1.912510 2.103926 -1.225460
v 2.315015 1.931059 -1.327645
v 2.327614 1.832357 -1.251707
v 2.329176 1.791057 -1.363879
v 1.941144 1.907834 -0.852130
v 1.803284 1.866274 -0.856263
v 1.741265 1.913355 -0.764767
v 1.903934 1.934898 -0.747448
v 2.398257 1.722597 -0.872942
v 2.474230 1.598563 -0.950845
v 2.367352 1.624019 -0.999464
v 2.314706 1.747397 -0.946966
v 1.604876 1.890030 -0.747045
v 1.548180 1.918456 -0.638012
v 1.678452 1.935888 -0.663412
v 2.568709 1.553542 -0.889423
v 2.645393 1.447228 -0.916563
v 2.547418 1.485229 -0.986329
v 1.430964 1.870819 -0.592238
v 1.421103 1.883037 -0.464631
v 1.525056 1.919475 -0.528655
v 2.704460 1.412947 -0.828072
v 2.767946 1.304598 -0.806556
v 2.701734 1.325052 -0.914850
v 1.364175 1.842077 -0.369410
v 1.438187 1.869398 -0.267988
v 1.474499 1.891474 -0.360885
v 2.783815 1.329153 -0.693283
v 2.828237 1.272403 -0.620882
v 2.812724 1.219958 -0.737155
v 1.450146 1.823274 -0.214381
v 1.561052 1.843374 -0.188509
v 1.528733 1.880608 -0.242794
v 2.791734 1.338177 -0.563434
v 2.768759 1.324691 -0.495112
v 2.811116 1.238768 -0.559892
v 1.629571 1.764656 -0.153949
v 1.768881 1.771448 -0.111781
v 1.690438 1.838923 -0.177157
v 2.692499 1.408561 -0.431552
v 2.625494 1.403551 -0.329250
v 2.687462 1.310316 -0.422517
v 1.827992 1.684887 -0.064947
v 1.935839 1.705016 -0.044369
v 1.876776 1.771124 -0.105846
v 2.562795 1.476494 -0.280007
v 2.506802 1.459801 -0.189320
v 2.549451 1.375037 -0.248105
v 1.984569 1.631817 -0.043598
v 2.059749 1.684142 -0.098330
v 2.000737 1.732921 -0.093992
v 2.466789 1.532762 -0.212309
v 2.395987 1.539736 -0.183691
v 2.427464 1.441604 -0.156037
v 2.090939 1.639809 -0.176198
v 2.140046 1.704853 -0.261650
v 2.093085 1.736318 -0.200493
v 2.370289 1.617265 -0.270867
v 2.295542 1.638071 -0.301126
v 2.315081 1.543545 -0.233101
v 2.157565 1.654964 -0.320080
v 2.210044 1.693886 -0.349849
v 2.165235 1.743172 -0.337054
v 2.276092 1.695561 -0.365198
v 2.226939 1.625170 -0.337692
v 2.097846 1.757063 -0.295884
v 2.028287 1.756293 -0.271357
v 2.022055 1.748331 -0.186190
v 2.427083 1.574380 -0.289016
v 2.394186 1.599147 -0.364249
v 2.342912 1.651813 -0.358100
v 1.951217 1.760043 -0.218625
v 1.928625 1.764289 -0.151802
v 2.508229 1.515362 -0.298947
v 2.464554 1.539576 -0.348947
v 1.858508 1.787988 -0.219589
v 1.797294 1.809423 -0.187936
v 2.603564 1.463148 -0.392625
v 2.539138 1.495672 -0.392382
v 1.714499 1.832262 -0.254766
v 1.619475 1.864273 -0.246771
v 2.724310 1.389771 -0.527257
v 2.641895 1.433966 -0.490205
v 1.596996 1.868426 -0.309266
v 1.538156 1.885852 -0.319032
v 2.758679 1.361664 -0.628888
v 2.715279 1.388149 -0.593166
v 1.572809 1.897885 -0.397055
v 1.541758 1.911171 -0.448103
v 2.721453 1.404518 -0.747594
v 2.714394 1.407600 -0.686871
v 1.630761 1.926718 -0.517163
v 1.643170 1.935678 -0.583034
v 2.622462 1.515094 -0.831648
v 2.650542 1.488745 -0.776056
v 1.752088 1.937913 -0.614775
v 1.809829 1.936156 -0.669993
v 2.487207 1.645237 -0.841960
v 2.545590 1.597121 -0.816222
v 1.909832 1.914831 -0.638005
v 2.009181 1.910416 -0.684689
v 2.343638 1.766774 -0.769599
v 2.425403 1.693405 -0.768893
v 2.027976 1.865642 -0.606239
v 2.098249 1.830319 -0.628029
v 2.104944 1.884771 -0.734338
v 2.248222 1.823236 -0.770713
v 2.258018 1.761702 -0.668590
v 2.333434 1.734454 -0.683786
v 2.082330 1.767165 -0.364059
v 2.144217 1.763029 -0.407580
v 2.273717 1.707412 -0.440456
v 2.331474 1.660163 -0.427310
v 2.092167 1.789674 -0.462382
v 2.203005 1.750318 -0.473045
v 2.131505 1.785592 -0.522396
v 2.250202 1.734614 -0.552530
v 2.301065 1.699956 -0.515415
v 2.181237 1.778024 -0.605658
v 2.069633 1.821616 -0.547026
v 2.302174 1.721745 -0.606061
v 1.992657 2.177678 -1.562092
v 2.061503 2.162214 -1.560053
v 2.085639 2.141069 -1.596389
v 2.129469 2.133024 -1.577308
v 2.180680 2.096926 -1.609826
v 1.942072 2.193161 -1.507876
v 2.008596 2.183967 -1.518069
v 2.193317 2.104633 -1.564965
v 2.243792 2.063578 -1.584474
v 1.942022 2.180925 -1.416945
v 1.997156 2.179645 -1.439475
v 2.229177 2.079997 -1.498379
v 2.272376 2.039046 -1.500812
v 2.003388 2.062685 -1.130405
v 2.043869 2.096438 -1.229978
v 1.960972 2.145794 -1.313774
v 2.278761 2.009310 -1.394451
v 2.229028 2.016917 -1.276985
v 2.270640 1.947906 -1.198253
v 2.019095 2.154188 -1.363966
v 2.229173 2.063964 -1.417299
v 2.070209 2.017163 -1.058898
v 2.117001 1.987378 -1.022241
v 2.151368 1.992100 -1.085468
v 2.107426 2.039744 -1.146306
v 2.185829 2.006072 -1.166210
v 2.194493 1.954097 -1.041914
v 2.228216 1.949302 -1.099012
v 2.082717 2.115547 -1.321478
v 2.139789 2.061542 -1.248551
v 2.181607 2.073075 -1.346583
v 2.128404 2.116687 -1.386689
v 2.077168 2.145350 -1.398135
v 2.174277 2.103643 -1.422788
v 2.055100 1.986025 -0.945667
v 2.063944 1.989591 -0.901724
v 2.081053 2.009416 -0.923397
v 2.090908 1.994988 -0.966422
v 2.238114 1.931767 -1.003793
v 2.271455 1.927643 -0.971735
v 2.276921 1.898122 -0.955792
v 2.261922 1.897200 -0.998173
v 2.061315 1.961631 -0.873260
v 2.086850 1.948310 -0.846270
v 2.077775 1.986271 -0.862528
v 2.282255 1.898451 -0.914440
v 2.257299 1.875106 -0.889542
v 2.270844 1.871642 -0.926453
v 2.119260 1.912231 -0.835675
v 2.146582 1.918024 -0.852250
v 2.117569 1.945231 -0.833735
v 2.241802 1.891876 -0.865274
v 2.198114 1.895892 -0.865332
v 2.217300 1.870125 -0.860565
v 2.169678 1.910978 -0.876109
v 2.174249 1.924703 -0.881323
v 2.165433 1.939562 -0.863208
v 2.197135 1.925947 -0.871257
v 2.162290 1.975080 -1.013654
v 2.131477 1.997555 -0.980078
v 2.209929 1.963862 -0.999995
v 2.176933 1.990694 -0.982389
v 2.111010 2.011778 -0.940435
v 2.146896 2.006178 -0.946454
v 2.220256 1.974672 -0.965078
v 2.248137 1.952885 -0.975248
v 2.189164 1.956368 -0.876141
v 2.162551 1.975389 -0.864115
v 2.146497 1.955110 -0.842355
v 2.227695 1.920238 -0.862969
v 2.223140 1.949367 -0.879497
v 2.130366 1.977555 -0.843692
v 2.102438 1.977497 -0.839389
v 2.270795 1.905192 -0.882130
v 2.252289 1.925192 -0.874645
v 2.110830 2.001754 -0.862117
v 2.088219 2.014616 -0.888684
v 2.284835 1.930174 -0.938600
v 2.273191 1.932024 -0.903336
v 2.115793 2.017133 -0.913340
v 2.259959 1.955217 -0.949940
v 2.146346 2.002779 -0.891000
v 2.240794 1.962215 -0.914978
v 2.189654 1.990167 -0.931389
v 2.169250 1.862650 -0.796036
v 2.078814 1.938761 -0.823218
v 2.264935 1.858825 -0.870469
v 2.030270 1.971051 -0.914756
v 2.016542 1.949314 -0.870584
v 2.290388 1.831703 -0.940106
v 2.279123 1.864174 -0.977933
v 2.023323 1.997609 -0.996817
v 1.978359 1.968447 -0.965210
v 2.288041 1.835446 -1.043829
v 2.268205 1.892438 -1.058986
v 1.955445 2.018631 -1.056654
v 2.299159 1.871014 -1.143914
v 1.837586 1.934453 -1.076144
v 1.907350 1.956065 -1.017862
v 2.300824 1.787077 -1.117754
v 2.304221 1.734044 -1.194610
v 1.871431 1.884584 -0.998894
v 1.937501 1.919571 -0.945904
v 2.286846 1.769536 -1.034592
v 2.280975 1.708695 -1.102866
v 1.898812 1.861250 -0.935153
v 2.274373 1.699956 -1.030497
v 2.043270 2.159344 -1.407979
v 2.122561 2.128238 -1.429247
v 2.075511 2.136501 -1.425193
v 2.158187 2.100993 -1.446182
v 2.200286 2.091909 -1.447841
v 2.022315 2.178064 -1.473148
v 2.028681 2.159982 -1.438979
v 2.196896 2.087737 -1.481684
v 2.199269 2.102066 -1.518072
v 2.050910 2.167767 -1.532480
v 2.036673 2.161853 -1.505238
v 2.166439 2.106121 -1.538182
v 2.150869 2.124837 -1.557857
v 2.098073 2.147033 -1.557496
v 2.073402 2.146130 -1.544366
v 2.117629 2.127136 -1.555593
v 2.087590 2.118342 -1.550255
v 2.046610 2.134360 -1.528489
v 2.058325 2.108479 -1.530147
v 2.106581 2.087754 -1.542398
v 2.132101 2.097643 -1.550193
v 2.020840 2.143959 -1.478354
v 2.021601 2.122075 -1.501145
v 2.149809 2.067013 -1.533693
v 2.174583 2.077929 -1.517385
v 2.036509 2.132009 -1.432467
v 2.015495 2.122224 -1.464551
v 2.168461 2.056528 -1.503385
v 2.175597 2.072274 -1.467777
v 2.105573 2.103333 -1.454027
v 2.057380 2.104003 -1.463250
v 2.131269 2.072269 -1.482008
v 2.084706 2.087770 -1.509897
v 2.030568 2.108877 -1.488027
v 2.140672 2.061589 -1.515980
v 2.055888 1.820719 -0.494452
v 2.029953 1.852205 -0.553509
v 2.032331 1.843030 -0.515842
v 2.352014 1.705734 -0.597001
v 2.344441 1.717139 -0.633349
v 2.331198 1.702479 -0.564345
v 2.060774 1.791216 -0.415025
v 2.043715 1.814999 -0.451524
v 2.352037 1.682581 -0.529798
v 2.340260 1.671183 -0.485978
v 2.033263 1.771749 -0.328535
v 2.031734 1.791297 -0.374673
v 2.374185 1.644221 -0.461612
v 2.378579 1.623444 -0.416200
v 1.972086 1.891023 -0.591814
v 2.001990 1.876023 -0.559699
v 2.375123 1.715771 -0.654427
v 2.390368 1.711380 -0.698003
v 1.836605 1.932843 -0.609429
v 1.909082 1.917809 -0.587247
v 2.448538 1.686125 -0.724199
v 2.493448 1.650744 -0.776182
v 1.717310 1.938453 -0.558395
v 1.784870 1.941846 -0.573980
v 2.545166 1.615316 -0.766997
v 2.589799 1.563739 -0.779895
v 1.623949 1.915634 -0.455866
v 1.684285 1.929112 -0.500126
v 2.626925 1.524269 -0.739436
v 2.671936 1.465547 -0.721920
v 1.609689 1.883796 -0.361570
v 1.632855 1.899760 -0.407187
v 2.675453 1.451987 -0.671872
v 2.696951 1.416842 -0.637595
v 1.663239 1.853334 -0.298642
v 1.648405 1.870507 -0.335615
v 2.675079 1.429573 -0.596258
v 2.669378 1.421220 -0.554072
v 1.799788 1.821306 -0.260665
v 1.742381 1.847711 -0.288337
v 2.622103 1.469890 -0.511674
v 2.580668 1.485935 -0.458908
v 1.899081 1.783216 -0.248612
v 1.858791 1.815073 -0.266207
v 2.538644 1.523091 -0.438802
v 2.499657 1.525282 -0.401081
v 1.971725 1.768464 -0.268756
v 1.930632 1.786180 -0.271804
v 2.473291 1.553120 -0.409570
v 2.437632 1.568368 -0.387036
v 1.990763 1.781579 -0.307425
v 2.419482 1.597454 -0.416264
v 1.954203 1.789619 -0.297262
v 1.999826 1.788769 -0.346221
v 1.968001 1.789106 -0.328018
v 2.429976 1.590699 -0.445301
v 2.403204 1.615528 -0.448627
v 2.451131 1.576200 -0.423418
v 1.895059 1.802287 -0.278683
v 1.921872 1.795992 -0.296396
v 2.475310 1.558303 -0.436898
v 2.502966 1.541204 -0.433013
v 1.812173 1.836154 -0.283450
v 1.857754 1.816180 -0.287924
v 2.531200 1.526950 -0.458893
v 2.574169 1.508894 -0.476899
v 1.694968 1.855043 -0.320565
v 1.755540 1.838830 -0.309726
v 2.599386 1.476417 -0.523954
v 2.642559 1.448074 -0.561131
v 1.651375 1.879171 -0.374516
v 1.674427 1.856710 -0.356414
v 2.641485 1.441380 -0.601922
v 2.663437 1.444513 -0.631449
v 1.663220 1.907352 -0.450521
v 1.661734 1.882041 -0.413438
v 2.643357 1.460456 -0.662644
v 2.644794 1.485788 -0.699715
v 1.741795 1.932568 -0.534386
v 1.705548 1.910063 -0.491736
v 2.604447 1.524006 -0.719941
v 2.580786 1.572240 -0.747382
v 1.843147 1.929255 -0.576992
v 1.790506 1.924432 -0.556825
v 2.536773 1.603927 -0.746280
v 2.500233 1.647052 -0.743807
v 1.960135 1.893418 -0.566159
v 1.898608 1.904057 -0.569417
v 2.452628 1.666118 -0.710066
v 2.409632 1.700369 -0.680274
v 2.009453 1.854947 -0.533455
v 1.981487 1.864159 -0.546594
v 2.384622 1.691022 -0.648938
v 2.366808 1.701470 -0.624178
v 2.025722 1.802730 -0.414710
v 2.001574 1.790620 -0.384619
v 2.387815 1.624738 -0.482674
v 2.369387 1.655133 -0.501957
v 2.025913 1.826797 -0.482018
v 2.013789 1.806928 -0.450070
v 2.365076 1.656059 -0.539252
v 2.358461 1.683975 -0.566442
v 2.005505 1.831042 -0.507013
v 2.363492 1.677294 -0.597895
v 2.164263 1.594103 -0.361377
v 2.088339 1.606058 -0.281238
v 2.098375 1.561396 -0.349905
v 2.186058 1.523738 -0.372165
v 2.250727 1.536316 -0.322464
v 2.011231 1.584279 -0.116124
v 1.986124 1.570688 -0.208909
v 2.317279 1.428464 -0.292980
v 2.349249 1.439108 -0.201937
v 1.879545 1.607334 -0.062743
v 1.916460 1.568125 -0.120437
v 2.393381 1.363298 -0.241514
v 2.466005 1.355463 -0.211628
v 1.707626 1.676483 -0.140110
v 1.810443 1.601329 -0.139271
v 2.472320 1.317068 -0.307303
v 2.585503 1.299455 -0.362978
v 1.506561 1.746002 -0.211079
v 1.584514 1.656607 -0.221904
v 2.612619 1.215058 -0.482910
v 2.725385 1.222545 -0.520503
v 1.373836 1.788258 -0.288313
v 1.417328 1.708196 -0.273163
v 2.727808 1.145374 -0.605857
v 2.802869 1.174521 -0.651104
v 1.351584 1.804472 -0.510507
v 1.327044 1.730753 -0.414394
v 2.740202 1.123834 -0.773155
v 2.737070 1.209437 -0.862242
v 1.492826 1.840654 -0.697802
v 1.371162 1.751603 -0.634597
v 2.638485 1.207316 -0.956334
v 2.600866 1.364776 -0.979101
v 1.675764 1.839706 -0.825601
v 1.544157 1.778766 -0.791941
v 2.489159 1.372909 -1.031850
v 2.438237 1.512241 -1.019171
v 1.896825 1.753558 -1.385442
v 1.947274 1.678202 -1.358369
v 1.858961 1.661000 -1.300987
v 1.829912 1.734677 -1.288211
v 2.085221 1.625028 -1.353027
v 2.011884 1.595323 -1.339810
v 2.018435 1.701329 -1.416315
v 1.899646 1.867005 -1.552516
v 1.956979 1.779027 -1.490710
v 1.846207 1.835021 -1.429123
v 2.087147 1.731544 -1.490291
v 2.026839 1.812378 -1.584807
v 1.918697 2.005820 -1.667294
v 1.973447 1.910703 -1.648598
v 1.837290 1.957457 -1.591130
v 2.110852 1.839967 -1.660580
v 2.064192 1.943333 -1.704231
v 1.858524 2.082094 -1.650513
v 2.015576 2.037953 -1.697923
v 2.159662 1.952762 -1.726963
v 1.734019 2.094348 -1.591887
v 1.772677 2.037305 -1.610235
v 2.196861 1.855128 -1.717923
v 2.266802 1.865530 -1.727146
v 1.719515 2.047342 -1.478331
v 1.725775 2.014197 -1.540832
v 2.237391 1.794469 -1.670716
v 2.289361 1.802606 -1.622999
v 1.756415 1.973303 -1.305408
v 1.753970 1.922017 -1.378740
v 2.222935 1.720607 -1.497797
v 2.286550 1.745622 -1.439994
v 1.780753 1.920001 -1.481428
v 1.802711 1.819172 -1.310459
v 2.150648 1.669741 -1.398790
v 2.163693 1.755537 -1.578645
v 1.787318 1.738394 -1.196702
v 1.781919 1.839976 -1.215716
v 2.215979 1.653557 -1.325911
v 2.150597 1.582374 -1.288928
v 1.794380 1.893202 -1.140725
v 2.275579 1.686538 -1.262888
v 1.826738 1.840928 -1.044610
v 1.798203 1.778023 -1.002864
v 1.855498 1.824932 -0.979565
v 2.257388 1.652329 -1.081594
v 2.250111 1.583939 -1.117590
v 2.259243 1.655177 -1.154410
v 1.794669 1.782610 -1.110741
v 2.211534 1.603576 -1.216571
v 1.844900 1.820199 -0.917153
v 1.833846 1.795402 -0.942026
v 2.265361 1.610076 -1.051576
v 2.285881 1.630808 -1.029105
v 1.769552 1.802301 -0.888959
v 2.330348 1.561452 -1.031329
v 1.530552 0.664037 -1.284161
v 1.370078 0.647325 -1.120576
v 1.296305 0.840649 -1.173475
v 1.431457 0.868671 -1.303411
v 1.723063 0.743432 -1.377441
v 1.837897 0.608047 -1.310970
v 1.682074 0.513330 -1.199783
v 1.619578 0.939939 -1.400235
v 1.390319 1.076870 -1.267177
v 1.574518 1.178903 -1.356266
v 1.828905 1.069649 -1.420848
v 1.905728 0.855514 -1.398025
v 1.786269 1.316831 -1.381232
v 1.586079 1.401879 -1.261666
v 1.772861 1.523138 -1.305118
v 1.967168 1.439687 -1.354447
v 2.013768 1.218196 -1.370244
v 1.913340 1.581606 -1.328623
v 1.774162 1.647691 -1.235179
v 2.080483 1.516133 -1.312945
v 1.739280 1.674446 -1.138362
v 2.159224 1.494089 -1.244974
v 1.263179 1.641134 -0.550771
v 1.365603 1.671593 -0.767969
v 1.203012 1.552139 -0.692382
v 2.578934 0.961211 -1.041689
v 2.532578 1.170404 -1.064231
v 2.661530 1.040574 -0.905772
v 1.512232 0.451985 -0.997594
v 1.359416 0.507483 -0.753172
v 1.232890 0.687344 -0.923825
v 1.872093 0.412821 -1.086100
v 1.741676 0.343311 -0.850217
v 1.932300 0.916903 -0.129450
v 1.794323 1.158552 -0.106265
v 1.547587 1.065818 -0.096623
v 1.655453 0.849200 -0.132449
v 2.051015 0.679315 -0.232871
v 2.279435 0.751506 -0.282418
v 2.190905 0.988229 -0.206946
v 1.765169 0.604516 -0.259314
v 1.408412 0.805610 -0.204876
v 1.488107 0.589380 -0.349815
v 1.884591 0.419099 -0.450471
v 2.140162 0.491339 -0.390647
v 1.596044 0.402633 -0.583966
v 1.264104 0.651885 -0.520173
v 1.993039 0.338824 -0.705229
v 1.469055 1.606486 -0.284838
v 1.347923 1.649745 -0.348434
v 1.377115 1.539620 -0.314270
v 2.619339 1.006112 -0.629635
v 2.698746 1.069597 -0.691370
v 2.622000 1.111322 -0.577538
v 1.400563 1.386990 -0.252205
v 1.268984 1.465108 -0.336277
v 1.276398 1.310159 -0.253913
v 2.546633 0.764621 -0.576389
v 2.624176 0.883083 -0.680322
v 2.525496 0.903856 -0.537793
v 1.297136 1.134498 -0.203798
v 1.162757 1.257381 -0.317193
v 1.167702 1.090602 -0.286277
v 2.447841 0.540811 -0.611268
v 2.552952 0.660324 -0.670124
v 2.433721 0.646360 -0.492344
v 1.183362 0.927588 -0.302160
v 1.067613 1.069079 -0.410098
v 1.070042 0.941846 -0.445606
v 2.339490 0.396647 -0.767882
v 2.442893 0.478426 -0.759242
v 2.319850 0.439492 -0.590682
v 1.016550 1.021611 -0.565983
v 1.035991 0.948627 -0.734653
v 1.091357 0.838936 -0.565106
v 2.207310 0.359659 -0.848414
v 2.247119 0.428474 -1.042124
v 2.377581 0.437079 -0.911510
v 1.137320 0.756963 -0.732107
v 1.217116 0.792306 -0.361514
v 2.182378 0.377748 -0.606567
v 2.055395 0.362671 -0.965180
v 1.342721 0.978541 -0.175959
v 2.310362 0.562961 -0.421615
v 1.457678 1.232582 -0.153984
v 2.424882 0.817190 -0.399530
v 1.649956 1.357126 -0.174141
v 1.537680 1.494900 -0.259456
v 2.514302 1.075463 -0.507393
v 2.386707 1.040708 -0.361181
v 1.698600 1.568512 -0.243774
v 2.474527 1.235269 -0.440759
v 2.055028 1.247911 -0.205998
v 1.872263 1.454780 -0.240827
v 2.293061 1.274056 -0.347656
v 1.872366 1.578078 -0.240323
v 2.378006 1.360917 -0.368691
v 2.026443 1.522171 -0.304363
v 2.220856 1.438675 -0.353719
v 2.128920 1.503605 -0.347497
v 1.243300 1.554066 -0.443805
v 2.657089 0.946876 -0.802726
v 1.141989 1.457954 -0.557565
v 1.148269 1.378196 -0.415696
v 2.604712 0.752687 -0.785445
v 2.605666 0.829337 -0.929151
v 1.065252 1.292217 -0.531423
v 1.069909 1.197982 -0.454754
v 2.512013 0.578630 -0.820863
v 2.548456 0.655214 -0.907966
v 1.003506 1.129335 -0.597977
v 2.446507 0.509598 -0.964313
v 1.608719 1.555574 -1.131460
v 1.407095 1.263582 -1.197612
v 1.430444 1.431782 -1.083139
v 2.200514 1.101054 -1.278638
v 2.052335 0.986466 -1.361420
v 2.158793 1.319329 -1.271109
v 1.241776 1.451082 -0.946146
v 1.393978 1.568152 -0.927450
v 1.276582 1.317157 -1.055769
v 2.225340 0.909686 -1.296631
v 2.379531 1.144879 -1.177654
v 2.382949 0.960973 -1.235857
v 1.594617 1.698527 -0.914249
v 2.353901 1.372431 -1.107009
v 1.750133 1.775629 -0.924698
v 1.686324 1.678394 -1.035214
v 2.235721 1.442440 -1.174691
v 2.309153 1.535542 -1.066617
v 1.029240 1.071211 -0.860197
v 1.131713 1.060550 -0.996494
v 1.113030 0.893703 -0.899381
v 2.096042 0.471521 -1.148940
v 2.160077 0.618891 -1.257566
v 2.284449 0.532127 -1.178859
v 1.204830 0.852305 -1.046378
v 1.952599 0.531154 -1.236215
v 1.149571 1.242194 -1.022413
v 1.260965 1.133141 -1.108860
v 2.086587 0.778554 -1.318462
v 2.263729 0.763689 -1.305266
v 1.258420 0.977466 -1.151806
v 1.963590 0.674612 -1.330828
v 0.803046 1.176620 -0.471295
v 0.873522 1.162958 -0.494068
v 0.938337 1.212479 -0.527087
v 0.872648 1.208004 -0.519262
v 2.611314 0.461285 -0.960660
v 2.571705 0.510984 -0.941752
v 2.590051 0.425748 -0.929846
v 2.651090 0.382927 -0.940461
v 0.688758 1.137047 -0.446976
v 0.718542 1.176632 -0.484990
v 0.620797 1.170393 -0.462645
v 2.759929 0.251684 -1.005710
v 2.696351 0.327207 -0.987099
v 2.702493 0.272193 -0.958205
v 0.526232 1.187825 -0.496839
v 0.580206 1.205173 -0.533301
v 0.525617 1.245253 -0.583755
v 2.819420 0.260116 -1.166086
v 2.779536 0.260610 -1.091648
v 2.814889 0.204898 -1.077864
v 0.494812 1.279905 -0.682996
v 0.557080 1.276529 -0.691135
v 0.573922 1.318330 -0.782440
v 2.759853 0.379521 -1.337385
v 2.778353 0.322542 -1.255053
v 2.821432 0.280673 -1.273659
v 0.635386 1.339301 -0.879952
v 0.675901 1.338996 -0.848216
v 0.779367 1.381400 -0.915413
v 2.625614 0.588478 -1.384122
v 2.685995 0.475706 -1.358522
v 2.697668 0.453597 -1.403506
v 0.903989 1.396498 -0.972258
v 0.899855 1.403998 -0.915611
v 1.028430 1.426471 -0.954315
v 2.491009 0.798325 -1.325622
v 2.568614 0.687304 -1.339262
v 2.537940 0.694753 -1.387071
v 0.772503 1.348334 -0.880900
v 0.854887 1.352472 -0.892968
v 0.968739 1.394508 -0.906214
v 2.524480 0.726352 -1.301172
v 2.569426 0.616117 -1.328240
v 2.621032 0.554433 -1.350189
v 0.606121 1.289949 -0.780865
v 0.667837 1.294374 -0.841629
v 2.662832 0.437568 -1.348102
v 2.721610 0.381394 -1.317927
v 0.564528 1.231367 -0.626355
v 0.566720 1.245394 -0.716796
v 2.740709 0.311714 -1.268709
v 2.769150 0.284532 -1.186046
v 0.639572 1.177761 -0.529883
v 0.583445 1.189199 -0.593945
v 2.741947 0.262171 -1.141927
v 2.726370 0.281529 -1.059661
v 0.791815 1.186889 -0.534101
v 0.700242 1.165041 -0.557524
v 2.669896 0.319119 -1.057563
v 2.639373 0.393404 -1.003143
v 0.903755 1.222344 -0.575032
v 0.833987 1.192297 -0.582763
v 2.597947 0.434716 -1.030582
v 2.579796 0.502522 -1.000531
v 1.175366 1.473223 -0.822018
v 1.158139 1.394591 -0.951396
v 1.145609 1.400176 -0.884324
v 2.430907 0.848169 -1.210624
v 2.392262 0.864563 -1.264704
v 2.488581 0.909227 -1.155406
v 1.120867 1.378954 -0.997257
v 1.070142 1.398258 -0.927082
v 2.457591 0.802380 -1.279316
v 2.385278 0.835918 -1.318255
v 1.117746 1.406293 -0.704383
v 2.525026 0.801898 -1.061652
v 0.984664 1.193645 -0.562049
v 1.014950 1.245416 -0.587232
v 0.965729 1.236567 -0.579829
v 2.550356 0.556006 -0.982120
v 2.523830 0.597385 -0.970293
v 2.516677 0.535680 -0.950983
v 0.983073 1.350936 -0.908112
v 1.046154 1.346603 -0.908488
v 2.444050 0.746238 -1.263374
v 2.485121 0.705841 -1.289439
v 0.997554 1.309033 -0.900910
v 1.040205 1.308979 -0.871243
v 1.100417 1.347436 -0.884276
v 2.421832 0.779918 -1.219745
v 2.436894 0.709133 -1.225822
v 2.450520 0.685017 -1.269777
v 1.016526 1.260632 -0.838936
v 1.054679 1.280529 -0.829289
v 0.991655 1.282525 -0.858828
v 2.452945 0.654933 -1.229808
v 2.425679 0.691716 -1.177347
v 2.431017 0.653140 -1.198034
v 1.018365 1.245214 -0.788469
v 1.018294 1.257560 -0.728077
v 1.073747 1.303253 -0.768537
v 2.454538 0.710234 -1.119080
v 2.472911 0.632834 -1.097362
v 2.439825 0.634729 -1.149337
v 0.970052 1.241885 -0.641414
v 1.020135 1.262080 -0.650854
v 0.967310 1.236444 -0.701284
v 2.499943 0.578213 -1.090376
v 2.506308 0.623802 -1.028150
v 2.526376 0.573479 -1.036520
v 0.915918 1.223240 -0.630496
v 2.550548 0.521203 -1.045482
v 1.065563 1.318624 -0.647205
v 2.519360 0.694251 -1.016282
v 1.121602 1.368456 -0.825676
v 2.447372 0.799067 -1.162251
v 0.860214 1.195198 -0.624191
v 0.923849 1.216863 -0.680774
v 0.874119 1.198705 -0.667658
v 2.543703 0.481656 -1.091517
v 2.520952 0.530943 -1.086232
v 2.567325 0.462032 -1.057578
v 0.971888 1.224304 -0.754423
v 0.927931 1.213067 -0.730638
v 2.495614 0.539782 -1.128628
v 2.467236 0.582086 -1.134049
v 1.012445 1.232129 -0.824386
v 0.980172 1.218934 -0.802373
v 2.439067 0.592371 -1.172745
v 2.419783 0.627709 -1.181669
v 0.981342 1.255775 -0.846556
v 0.983485 1.230348 -0.833590
v 2.432233 0.608144 -1.201386
v 2.445739 0.626850 -1.218325
v 0.962334 1.285161 -0.887486
v 0.945337 1.261246 -0.863109
v 2.464425 0.608832 -1.248762
v 2.460741 0.641629 -1.267888
v 0.972144 1.305094 -0.915408
v 0.948749 1.284994 -0.905492
v 2.461475 0.635312 -1.289530
v 2.457198 0.667297 -1.292421
v 0.916329 1.341991 -0.900103
v 0.942125 1.308443 -0.907311
v 2.480847 0.647596 -1.297949
v 2.522365 0.652234 -1.307830
v 0.755161 1.161887 -0.590411
v 0.793902 1.171831 -0.622408
v 2.591860 0.399648 -1.078858
v 2.621328 0.360410 -1.064178
v 0.618761 1.158073 -0.584842
v 0.676891 1.149781 -0.596227
v 2.657710 0.299063 -1.099100
v 2.703002 0.262938 -1.113971
v 0.552471 1.206086 -0.662126
v 0.581972 1.176658 -0.627212
v 2.720683 0.258129 -1.170170
v 2.744470 0.264671 -1.218612
v 0.592315 1.254907 -0.791489
v 0.570814 1.225133 -0.727773
v 2.719850 0.302171 -1.273352
v 2.701493 0.349062 -1.326949
v 0.742802 1.299008 -0.878386
v 0.663455 1.260676 -0.834484
v 2.645197 0.409562 -1.337591
v 2.605992 0.498810 -1.351396
v 0.827281 1.304660 -0.884403
v 2.556627 0.561945 -1.323435
v 0.935625 1.240640 -0.829133
v 0.911232 1.273492 -0.870333
v 0.883076 1.254336 -0.823334
v 2.513288 0.554196 -1.237198
v 2.490421 0.595266 -1.271244
v 2.469908 0.581700 -1.218643
v 0.872961 1.232264 -0.773057
v 0.831508 1.262693 -0.820997
v 0.815060 1.235833 -0.763925
v 2.565620 0.484007 -1.208343
v 2.550998 0.524210 -1.257527
v 2.524631 0.522908 -1.192369
v 0.812307 1.213026 -0.711226
v 0.750178 1.237328 -0.761943
v 0.755415 1.217890 -0.704968
v 2.613119 0.420048 -1.176586
v 2.606474 0.440091 -1.233203
v 2.573014 0.456842 -1.158219
v 0.747032 1.197567 -0.660343
v 0.687462 1.223123 -0.701793
v 0.682994 1.205365 -0.661189
v 2.665858 0.353770 -1.164581
v 2.658876 0.376444 -1.202279
v 2.622326 0.392170 -1.136427
v 0.724651 1.169051 -0.622562
v 0.810541 1.191484 -0.662396
v 2.579113 0.431923 -1.111385
v 2.631533 0.350087 -1.106665
v 0.873601 1.211229 -0.718830
v 2.531825 0.499058 -1.139806
v 0.930040 1.223197 -0.783528
v 2.479810 0.557605 -1.176970
v 0.882711 1.294267 -0.873813
v 2.520448 0.590896 -1.289588
v 0.760468 1.263529 -0.833922
v 2.589044 0.478197 -1.298145
v 0.655554 1.236923 -0.761537
v 2.663269 0.374654 -1.271238
v 0.614233 1.209050 -0.677576
v 2.703084 0.311935 -1.207875
v 0.653393 1.170477 -0.619547
v 2.676594 0.301557 -1.133180
v 0.735037 1.319197 -0.953632
v 1.000774 1.343964 -1.002129
v 0.846023 1.258583 -0.937539
v 2.492062 0.551646 -1.355421
v 2.431458 0.729517 -1.365338
v 2.593955 0.520833 -1.425558
v 0.510157 1.284226 -0.797794
v 0.588528 1.235495 -0.842388
v 2.669727 0.341667 -1.370745
v 2.768504 0.314316 -1.371123
v 0.463449 1.218375 -0.588492
v 0.451346 1.219938 -0.678457
v 2.808175 0.207732 -1.276789
v 2.836397 0.199248 -1.190916
v 0.562691 1.119855 -0.475195
v 0.472931 1.156303 -0.562802
v 2.798448 0.157546 -1.153184
v 2.755014 0.178301 -1.031763
v 0.762603 1.105024 -0.498255
v 0.625214 1.096523 -0.562131
v 2.666021 0.220042 -1.080233
v 2.615210 0.309371 -0.968578
v 0.925110 1.133309 -0.563474
v 0.836068 1.108356 -0.623263
v 2.522498 0.384073 -1.051399
v 2.510416 0.452456 -0.965938
v 0.714597 1.153835 -0.756195
v 0.927803 1.166682 -0.813637
v 2.430045 0.521502 -1.195013
v 2.572786 0.355784 -1.227936
v 0.505857 1.162531 -0.663153
v 2.742131 0.202102 -1.230879
v 0.965780 1.103111 -0.695680
v 2.411439 0.482233 -1.062691
v 1.033565 1.211452 -0.962129
v 2.336861 0.651715 -1.292999
v 1.731625 1.922451 -0.463847
v 2.608623 1.545800 -0.686492
v 1.632167 1.879694 -0.505812
v 2.621970 1.454596 -0.757094
v 1.742210 1.902330 -0.629417
v 2.521106 1.567812 -0.827157
v 1.807211 1.938149 -0.547983
v 2.539756 1.623537 -0.733955
v 1.918106 1.911938 -0.566428
v 2.447537 1.684559 -0.700835
v 1.905277 1.863069 -0.656866
v 2.384874 1.657093 -0.778622
v 2.023855 1.783023 -0.572816
v 2.292678 1.667570 -0.641063
v 1.997480 1.857307 -0.509113
v 2.385529 1.690649 -0.607627
v 2.003585 1.810548 -0.405960
v 2.391634 1.643889 -0.504475
v 2.032752 1.714880 -0.422490
v 2.301576 1.599427 -0.490736
v 1.926749 1.698626 -0.294097
v 2.406346 1.492650 -0.415853
v 1.932809 1.799337 -0.318025
v 2.462240 1.571958 -0.452432
v 1.821913 1.825548 -0.299579
v 2.554459 1.510936 -0.485552
v 1.763682 1.737887 -0.266649
v 2.542578 1.403369 -0.464388
v 1.641065 1.811551 -0.355485
v 2.630868 1.386453 -0.606767
v 1.737730 1.875692 -0.360695
v 2.614728 1.499041 -0.583339
v 1.790810 1.908779 -0.364102
v 2.604177 1.559456 -0.570592
v 1.852864 1.871936 -0.317568
v 2.560436 1.568049 -0.497200
v 1.935342 1.853752 -0.330692
v 2.492991 1.614254 -0.472263
v 1.986911 1.863272 -0.396337
v 2.441836 1.667892 -0.511830
v 1.982397 1.897841 -0.472599
v 2.437322 1.702461 -0.588091
v 1.924463 1.937071 -0.514499
v 2.482111 1.697574 -0.656070
v 1.841985 1.955255 -0.501374
v 2.549557 1.651369 -0.681006
v 1.786296 1.943348 -0.440363
v 2.599663 1.594025 -0.646854
v 1.826530 1.946402 -0.427876
v 2.582643 1.621669 -0.619832
v 1.865052 1.955704 -0.470412
v 2.548580 1.662144 -0.643940
v 1.922531 1.943643 -0.479281
v 2.502111 1.694727 -0.626420
v 1.963289 1.915877 -0.449808
v 2.470485 1.698048 -0.578570
v 1.966423 1.891874 -0.396855
v 2.473619 1.674044 -0.525617
v 1.930146 1.885329 -0.350637
v 2.509725 1.636413 -0.497776
v 1.872666 1.897389 -0.341768
v 2.556194 1.603829 -0.515296
v 1.829665 1.922398 -0.374923
v 2.585777 1.597665 -0.566878
v 1.980870 2.137756 -1.636050
v 2.130244 2.073603 -1.673972
v 1.852342 2.171458 -1.592708
v 2.248341 2.001385 -1.693241
v 1.792137 2.179609 -1.529834
v 2.315717 1.954743 -1.662756
v 1.800168 2.154341 -1.412911
v 2.341043 1.922047 -1.550224
v 1.843399 2.078352 -1.229185
v 2.337476 1.866158 -1.354617
v 1.855138 1.908347 -0.809911
v 2.383948 1.681235 -0.944161
v 1.638033 1.919982 -0.707277
v 2.564245 1.522195 -0.942416
v 1.470788 1.902117 -0.558414
v 2.713060 1.368589 -0.873792
v 1.412935 1.873685 -0.358259
v 2.809672 1.273818 -0.712850
v 1.486584 1.861621 -0.218147
v 2.814044 1.291506 -0.555151
v 1.662288 1.810861 -0.153635
v 2.699691 1.365319 -0.417002
v 1.859573 1.734350 -0.069692
v 2.562548 1.432438 -0.248157
v 2.003087 1.687513 -0.052384
v 2.451061 1.495118 -0.166112
v 2.104010 1.693966 -0.177712
v 2.343851 1.590959 -0.238600
v 2.173604 1.704949 -0.321299
v 2.251176 1.671634 -0.340993
v 2.062476 1.751708 -0.236356
v 2.384702 1.613320 -0.318160
v 1.977886 1.752319 -0.157948
v 2.467872 1.541881 -0.282341
v 1.871078 1.783610 -0.164059
v 2.551144 1.491537 -0.336708
v 1.705010 1.839239 -0.216685
v 2.667882 1.425707 -0.461131
v 1.565438 1.877580 -0.277836
v 2.753331 1.367406 -0.579408
v 1.528810 1.897124 -0.378156
v 2.748016 1.373503 -0.687678
v 1.581906 1.925355 -0.518777
v 2.678330 1.454465 -0.797128
v 1.718731 1.938896 -0.634882
v 2.558153 1.578383 -0.847987
v 1.914727 1.928597 -0.686067
v 2.412387 1.714863 -0.812408
v 2.065740 1.872009 -0.663036
v 2.292010 1.774831 -0.720480
v 2.126368 1.759703 -0.352461
v 2.304573 1.683168 -0.397702
v 2.142668 1.772349 -0.465439
v 2.257536 1.723016 -0.494601
v 2.117355 1.802741 -0.577676
v 2.248032 1.746619 -0.610852
v 2.036055 2.161317 -1.581141
v 2.135583 2.118572 -1.606408
v 1.960640 2.188821 -1.539375
v 2.216835 2.078791 -1.604415
v 1.937370 2.189759 -1.464135
v 2.262063 2.050311 -1.546565
v 1.981943 2.106994 -1.225401
v 2.275392 1.980964 -1.299900
v 1.948415 2.168737 -1.373052
v 2.277993 2.027191 -1.456722
v 2.113493 2.006141 -1.072690
v 2.188998 1.973713 -1.091859
v 2.095017 2.080078 -1.238132
v 2.183700 2.041991 -1.260646
v 2.077282 2.136575 -1.372091
v 2.178761 2.092992 -1.397853
v 2.071007 1.996439 -0.934234
v 2.264166 1.913481 -0.983272
v 2.069000 1.971495 -0.869467
v 2.274549 1.883217 -0.921650
v 2.116374 1.928123 -0.840936
v 2.227826 1.880257 -0.869231
v 2.163989 1.922095 -0.871158
v 2.182758 1.914034 -0.875923
v 2.123553 1.988280 -0.995369
v 2.202099 1.954547 -1.015309
v 2.139997 2.003628 -0.965147
v 2.215052 1.971393 -0.984201
v 2.168201 1.957523 -0.861376
v 2.208569 1.940186 -0.871624
v 2.122998 1.961981 -0.833587
v 2.250118 1.907385 -0.865859
v 2.090873 1.998411 -0.860432
v 2.283579 1.915648 -0.909355
v 2.094369 2.017417 -0.915228
v 2.272271 1.941012 -0.960393
v 2.138420 1.992127 -0.863616
v 2.249368 1.944478 -0.891782
v 2.148736 2.006979 -0.920631
v 2.230199 1.971992 -0.941312
v 2.119797 1.898797 -0.797371
v 2.223310 1.854341 -0.823650
v 2.048943 1.959923 -0.868298
v 2.279127 1.861064 -0.926735
v 2.024092 1.981588 -0.954359
v 2.273985 1.874265 -1.017800
v 2.017196 2.024919 -1.053915
v 2.267459 1.917437 -1.117449
v 1.889721 1.988122 -1.065737
v 2.314010 1.805899 -1.173452
v 1.921248 1.933824 -0.981689
v 2.291875 1.774648 -1.075780
v 1.955919 1.911262 -0.901366
v 2.288161 1.768572 -0.985713
v 2.078819 2.145266 -1.413370
v 2.167033 2.107380 -1.435765
v 2.024750 2.171560 -1.433752
v 2.209348 2.092280 -1.480616
v 2.032513 2.175804 -1.507369
v 2.177669 2.113462 -1.544220
v 2.073369 2.157770 -1.548468
v 2.123986 2.136031 -1.561318
v 2.066375 2.126893 -1.542473
v 2.109394 2.108418 -1.553394
v 2.030120 2.140797 -1.506640
v 2.155328 2.087023 -1.538427
v 2.021628 2.140479 -1.448921
v 2.183683 2.070880 -1.490062
v 2.066324 2.119506 -1.439541
v 2.146190 2.085205 -1.459817
v 2.054692 2.099938 -1.498783
v 2.115643 2.073761 -1.514256
v 2.018006 2.114600 -1.484550
v 2.153578 2.056375 -1.518967
v 2.044884 1.836092 -0.526859
v 2.335214 1.711402 -0.600566
v 2.061674 1.805388 -0.456888
v 2.332446 1.689097 -0.525629
v 2.051723 1.779663 -0.370590
v 2.355823 1.649060 -0.447792
v 2.009688 1.870179 -0.574418
v 2.360490 1.719518 -0.663476
v 1.908786 1.914168 -0.606257
v 2.438483 1.686675 -0.740733
v 1.773564 1.940596 -0.593112
v 2.543327 1.610000 -0.788533
v 1.663970 1.929257 -0.509749
v 2.635330 1.512079 -0.756350
v 1.607464 1.899955 -0.405271
v 2.691636 1.434328 -0.680511
v 1.625453 1.868255 -0.326430
v 2.691068 1.410597 -0.596959
v 1.728360 1.838390 -0.276689
v 2.628861 1.451645 -0.505300
v 1.855905 1.801151 -0.251095
v 2.536948 1.508658 -0.423993
v 1.936638 1.772733 -0.254025
v 2.467659 1.544672 -0.388835
v 2.005240 1.768130 -0.293887
v 2.407029 1.595571 -0.395890
v 1.978965 1.787832 -0.318157
v 2.426514 1.595619 -0.431777
v 1.926203 1.793253 -0.284737
v 2.475562 1.557316 -0.424204
v 1.859352 1.819001 -0.277445
v 2.536438 1.528207 -0.449338
v 1.750828 1.846844 -0.298842
v 2.612157 1.476923 -0.517509
v 1.663671 1.865997 -0.345378
v 2.658827 1.438600 -0.598020
v 1.649646 1.892972 -0.409747
v 2.659645 1.459200 -0.666157
v 1.696801 1.921820 -0.494483
v 2.616678 1.526754 -0.728013
v 1.789386 1.935569 -0.562869
v 2.542649 1.612059 -0.754101
v 1.905285 1.913742 -0.576338
v 2.452459 1.678743 -0.715250
v 1.992818 1.873090 -0.551818
v 2.381826 1.706019 -0.650576
v 2.015869 1.793915 -0.379322
v 2.383637 1.635967 -0.472688
v 2.028525 1.814121 -0.449643
v 2.361334 1.671187 -0.534134
v 2.019641 1.839955 -0.510158
v 2.359842 1.693847 -0.596525
v 2.126678 1.605864 -0.337366
v 2.204717 1.572348 -0.357178
v 2.052701 1.594681 -0.196190
v 2.298912 1.488939 -0.258695
v 1.951143 1.587426 -0.070302
v 2.406180 1.391998 -0.185823
v 1.800022 1.638797 -0.093205
v 2.523085 1.328258 -0.276770
v 1.603532 1.713670 -0.180371
v 2.657314 1.261095 -0.447896
v 1.429293 1.771676 -0.236756
v 2.779073 1.191976 -0.579426
v 1.343119 1.795675 -0.389839
v 2.785168 1.176347 -0.755934
v 1.408740 1.823059 -0.614105
v 2.673362 1.279932 -0.935156
v 1.580955 1.845360 -0.766934
v 2.522995 1.440775 -1.006092
v 1.881914 1.705496 -1.330402
v 2.016724 1.647599 -1.364627
v 1.899891 1.806354 -1.465801
v 2.020233 1.754670 -1.496353
v 1.905584 1.936557 -1.624056
v 2.042019 1.877960 -1.658693
v 1.937477 2.064613 -1.675686
v 2.089921 1.999141 -1.714388
v 1.785128 2.093587 -1.624512
v 2.222277 1.905841 -1.735491
v 1.714609 2.076882 -1.544555
v 2.285706 1.831609 -1.689540
v 1.735974 2.012298 -1.395890
v 2.288877 1.774838 -1.536256
v 1.794503 1.866997 -1.393590
v 2.154680 1.712309 -1.485029
v 1.771279 1.978395 -1.559319
v 2.177886 1.803767 -1.662545
v 1.798420 1.775568 -1.243774
v 2.150350 1.624422 -1.333119
v 1.775950 1.931800 -1.216555
v 2.282381 1.714299 -1.345123
v 1.840909 1.830922 -1.009515
v 2.258106 1.651745 -1.115429
v 1.811888 1.862547 -1.085835
v 2.266282 1.667395 -1.201193
v 1.865684 1.819537 -0.950655
v 2.259305 1.650486 -1.050584
v 1.774321 1.829059 -0.875489
v 2.351359 1.581234 -1.021983
v 1.394932 0.749804 -1.233259
v 1.691797 0.622307 -1.308624
v 1.490447 1.011109 -1.345279
v 1.768529 0.891679 -1.415876
v 1.678383 1.364197 -1.335182
v 1.902451 1.267965 -1.392066
v 1.829267 1.612419 -1.293078
v 1.999545 1.539288 -1.336306
v 1.773185 1.707806 -1.166989
v 2.150138 1.545913 -1.262687
v 1.291242 1.653895 -0.665296
v 2.606868 1.088863 -0.999296
v 1.351802 0.558381 -0.955267
v 1.699099 0.409225 -1.043436
v 1.730551 1.001166 -0.093406
v 2.126241 0.831226 -0.193860
v 1.572839 0.705990 -0.215313
v 1.968516 0.536056 -0.315764
v 1.410045 0.519044 -0.539284
v 1.806135 0.348932 -0.639840
v 1.403461 1.632181 -0.306151
v 2.670456 1.088035 -0.627805
v 1.331703 1.428749 -0.286046
v 2.581871 0.891830 -0.603428
v 1.221704 1.195787 -0.253119
v 2.501188 0.646277 -0.577944
v 1.114409 1.000372 -0.349308
v 2.392209 0.451585 -0.673705
v 1.039723 0.929650 -0.580237
v 2.294602 0.390707 -0.898815
v 1.162160 0.753851 -0.536214
v 2.117956 0.343358 -0.778863
v 1.279611 0.871461 -0.244132
v 2.246955 0.456008 -0.489713
v 1.403301 1.100185 -0.143253
v 2.370888 0.684629 -0.388896
v 1.502678 1.370678 -0.209061
v 2.470405 0.955062 -0.454739
v 1.563660 1.587940 -0.258739
v 2.562959 1.158764 -0.512433
v 1.843616 1.317517 -0.171382
v 2.244118 1.145511 -0.273058
v 1.889398 1.574706 -0.182763
v 2.388844 1.360205 -0.309558
v 1.871162 1.540797 -0.263355
v 2.343725 1.337842 -0.383325
v 2.091567 1.526076 -0.339698
v 2.170009 1.492387 -0.359613
v 1.291570 1.646196 -0.436408
v 2.694430 1.043699 -0.792554
v 1.194257 1.465840 -0.430140
v 2.631460 0.848593 -0.795005
v 1.108591 1.288191 -0.420964
v 2.564529 0.662898 -0.790585
v 1.032551 1.108841 -0.511082
v 2.450272 0.499962 -0.871001
v 1.508028 1.418663 -1.173361
v 2.108152 1.160923 -1.325716
v 1.333865 1.445615 -1.006389
v 2.299315 1.030976 -1.251489
v 1.472726 1.683156 -0.848273
v 2.443458 1.266248 -1.094714
v 1.711112 1.732189 -0.967706
v 2.285258 1.485606 -1.113465
v 1.682605 1.640439 -1.101689
v 2.184829 1.424745 -1.229189
v 1.787839 1.790087 -0.915607
v 2.300116 1.570076 -1.045659
v 1.070034 0.986927 -0.881938
v 2.193108 0.504592 -1.167055
v 1.159294 0.796485 -0.908085
v 1.997817 0.436358 -1.120962
v 1.205880 1.180598 -1.054504
v 2.174454 0.764617 -1.300397
v 1.318771 1.110312 -1.184808
v 2.005245 0.815486 -1.359084
v 1.242704 0.892096 -1.128112
v 1.923959 0.599512 -1.301063
v 0.879786 1.194943 -0.496274
v 2.607384 0.452978 -0.934862
v 0.709897 1.164493 -0.455221
v 2.705304 0.307510 -0.961798
v 0.557172 1.201965 -0.506775
v 2.801967 0.237876 -1.076664
v 0.529477 1.284497 -0.682795
v 2.803824 0.307716 -1.260187
v 0.661116 1.349321 -0.862112
v 2.696339 0.475239 -1.378797
v 0.911023 1.413906 -0.942343
v 2.557844 0.706633 -1.360424
v 0.878217 1.380287 -0.899103
v 2.572031 0.652832 -1.329114
v 0.676947 1.317817 -0.841567
v 2.673502 0.460341 -1.348436
v 0.569197 1.261744 -0.703774
v 2.755759 0.322665 -1.258880
v 0.588388 1.199753 -0.565443
v 2.757820 0.268031 -1.116200
v 0.713778 1.175096 -0.523009
v 2.682703 0.329486 -1.022862
v 0.855273 1.204948 -0.551649
v 2.606495 0.452838 -0.996234
v 1.180706 1.432322 -0.907297
v 2.422569 0.898969 -1.222571
v 1.108952 1.406455 -0.960918
v 2.426132 0.840756 -1.295313
v 1.147493 1.471420 -0.697056
v 2.554907 0.866967 -1.054359
v 0.981993 1.226285 -0.561099
v 2.541117 0.556676 -0.956916
v 1.022931 1.376342 -0.911086
v 2.477414 0.751674 -1.280338
v 1.047843 1.326285 -0.893534
v 2.435140 0.730472 -1.245729
v 1.028432 1.284953 -0.850731
v 2.435789 0.680525 -1.208019
v 1.045176 1.269467 -0.782800
v 2.442685 0.669268 -1.137587
v 0.993798 1.248815 -0.681152
v 2.500706 0.601632 -1.063713
v 0.941097 1.234113 -0.605564
v 2.553019 0.541828 -1.014784
v 1.040239 1.279504 -0.605130
v 2.524790 0.641923 -0.982015
v 1.096534 1.349827 -0.736242
v 2.485995 0.753084 -1.088986
v 1.128031 1.372707 -0.871315
v 2.427875 0.814454 -1.201308
v 0.895859 1.208323 -0.649791
v 2.544507 0.500265 -1.068336
v 0.947502 1.221681 -0.715704
v 2.495840 0.556705 -1.108782
v 0.998433 1.226773 -0.794553
v 2.436655 0.609089 -1.159677
v 1.002224 1.241904 -0.837550
v 2.427301 0.629865 -1.199336
v 0.966639 1.271981 -0.864279
v 2.458522 0.631251 -1.243025
v 0.968225 1.292770 -0.906980
v 2.454506 0.654445 -1.284304
v 0.959237 1.327879 -0.910264
v 2.482723 0.673576 -1.297033
v 0.814124 1.177979 -0.605011
v 2.590999 0.414850 -1.056109
v 0.684702 1.153286 -0.580373
v 2.661869 0.304138 -1.082319
v 0.573296 1.178406 -0.612791
v 2.732965 0.250876 -1.161070
v 0.557865 1.232184 -0.726256
v 2.733104 0.297968 -1.278487
v 0.656698 1.275347 -0.844230
v 2.655389 0.416954 -1.351640
v 0.837405 1.327442 -0.892993
v 2.562715 0.586461 -1.331000
v 0.916882 1.257123 -0.848168
v 2.484777 0.583747 -1.246212
v 0.848320 1.246645 -0.794511
v 2.540618 0.519841 -1.224137
v 0.784570 1.225425 -0.733168
v 2.589303 0.450332 -1.191338
v 0.724357 1.213513 -0.681399
v 2.638369 0.391488 -1.167312
v 0.770787 1.180683 -0.640600
v 2.604454 0.393164 -1.106116
v 0.844078 1.201888 -0.688847
v 2.555345 0.466937 -1.123289
v 0.901648 1.218598 -0.750798
v 2.507028 0.529123 -1.158358
v 0.958917 1.225465 -0.814163
v 2.451548 0.584413 -1.193099
v 0.923330 1.290214 -0.892645
v 2.485576 0.619265 -1.289254
v 0.824819 1.282536 -0.855944
v 2.554461 0.539693 -1.295051
v 0.701987 1.248604 -0.801609
v 2.627086 0.421817 -1.290336
v 0.625231 1.224709 -0.718491
v 2.690605 0.337677 -1.242830
v 0.626842 1.189674 -0.643429
v 2.696057 0.300992 -1.168743
v 0.682101 1.159302 -0.609916
v 2.655559 0.311745 -1.110921
v 0.876359 1.341899 -0.987965
v 2.510619 0.640021 -1.402856
v 0.605586 1.301234 -0.888971
v 2.685743 0.407853 -1.417063
v 0.464411 1.258304 -0.690353
v 2.821869 0.245829 -1.288844
v 0.496142 1.165300 -0.513499
v 2.810720 0.171241 -1.101104
v 0.658306 1.101454 -0.475464
v 2.684746 0.231144 -0.989919
v 0.854575 1.119377 -0.527332
v 2.557948 0.387817 -0.959770
v 0.831817 1.165902 -0.788825
v 2.497323 0.450604 -1.211649
v 0.597900 1.152749 -0.709987
v 2.661007 0.266691 -1.233751
v 0.462461 1.175840 -0.633424
v 2.789469 0.176442 -1.224185
v 0.971411 1.137361 -0.602257
v 2.469590 0.493926 -0.982601
v 0.988547 1.134339 -0.838122
v 2.361314 0.544766 -1.186628
v 1.087005 1.303818 -1.009385
v 2.349036 0.761804 -1.329778
vn -0.3068 0.9466 -0.0988
vn 0.7954 0.4732 -0.3786
vn -0.3220 0.9395 -0.1170
vn 0.7922 0.4610 -0.3998
vn -0.4313 0.8784 -0.2060
vn 0.7798 0.3582 -0.5134
vn 0.0668 0.7794 -0.6230
vn 0.2426 0.7039 -0.6676
vn 0.1399 0.8803 -0.4533
vn 0.3370 0.7957 -0.5034
vn 0.1366 0.8913 -0.4323
vn 0.3551 0.7975 -0.4878
vn 0.6922 0.6164 -0.3754
vn -0.1449 0.9759 -0.1629
vn 0.6928 0.6140 -0.3782
vn -0.1481 0.9752 -0.1647
vn 0.6932 0.4781 -0.5394
vn -0.3073 0.9078 -0.2854
vn 0.9900 0.1410 0.0054
vn -0.4962 0.7793 0.3827
vn 0.9463 0.3121 0.0842
vn -0.3202 0.8561 0.4057
vn 0.9538 0.2912 0.0738
vn -0.3433 0.8483 0.4031
vn 0.7659 0.1307 0.6295
vn -0.1148 0.5089 0.8531
vn 0.7573 0.1550 0.6344
vn -0.0909 0.5193 0.8498
vn 0.7650 -0.0234 0.6436
vn -0.2145 0.3972 0.8923
vn 0.1747 0.1032 0.9792
vn 0.3640 0.0219 0.9311
vn 0.2229 0.2510 0.9420
vn 0.4216 0.1657 0.8915
vn 0.2104 0.2294 0.9503
vn 0.4175 0.1404 0.8977
vn -0.2749 0.5276 0.8038
vn 0.8550 0.0423 0.5169
vn -0.2698 0.5233 0.8083
vn 0.8508 0.0421 0.5238
vn -0.3562 0.4301 0.8295
vn 0.8473 -0.0868 0.5240
vn -0.5776 0.7301 0.3651
vn 0.9980 0.0534 -0.0349
vn -0.4714 0.7929 0.3862
vn 0.9858 0.1670 0.0163
vn -0.4553 0.8011 0.3887
vn 0.9827 0.1835 0.0236
vn -0.2112 0.8860 0.4127
vn 0.9042 0.4070 0.1295
vn -0.0938 0.7193 0.6883
vn 0.8310 0.3222 0.4535
vn 0.2495 0.5236 0.8146
vn 0.5413 0.3983 0.7405
vn 0.6703 0.4562 0.5853
vn 0.1486 0.6803 0.7177
vn 0.8200 0.5386 0.1936
vn -0.0440 0.9097 0.4130
vn 0.6227 0.7720 -0.1273
vn 0.1047 0.9945 0.0042
vn 0.2619 0.8853 0.3841
vn 0.6076 0.7369 0.2964
vn 0.1869 0.9638 -0.1902
vn 0.4731 0.8409 -0.2629
vn -0.1302 0.9884 0.0785
vn 0.7900 0.5932 -0.1551
vn 0.1646 -0.1890 0.9681
vn 0.4404 0.8435 0.3076
vn 0.4399 0.8459 0.3017
vn 0.2197 0.8221 -0.5253
vn 0.1861 -0.1415 0.9723
vn 0.1115 0.6851 -0.7199
vn 0.2384 -0.0189 0.9710
vn 0.3677 0.3461 0.8631
vn -0.1949 -0.7941 0.5756
vn -0.4016 -0.9152 -0.0337
vn -0.4427 -0.6980 -0.5628
vn -0.1920 0.1281 -0.9730
vn -0.4547 0.7750 -0.4388
vn 0.6281 0.3100 -0.7137
vn -0.7913 0.4063 0.4569
vn 0.9411 -0.3378 0.0171
vn -0.8259 0.4264 0.3689
vn 0.9399 -0.3320 -0.0794
vn -0.8372 0.5064 0.2066
vn 0.9358 -0.2550 -0.2435
vn -0.5613 0.6313 -0.5352
vn 0.5542 0.1522 -0.8184
vn -0.1571 0.5295 -0.8337
vn 0.1197 0.4106 -0.9039
vn -0.0014 0.5065 -0.8622
vn -0.2752 0.7194 -0.6377
vn 0.4011 0.4290 -0.8094
vn -0.4979 0.7266 -0.4735
vn 0.6066 0.2522 -0.7539
vn -0.7421 0.6583 -0.1263
vn 0.8477 -0.0245 -0.5299
vn -0.7359 0.4329 0.5207
vn 0.9520 -0.2920 0.0922
vn -0.3296 -0.0010 0.9441
vn 0.5813 -0.3922 0.7129
vn -0.4038 0.0081 0.9148
vn 0.6203 -0.4317 0.6548
vn -0.1367 -0.1231 0.9829
vn 0.3972 -0.3524 0.8474
vn 0.6949 -0.4304 0.5761
vn -0.4797 0.0741 0.8743
vn 0.8127 -0.4555 0.3635
vn -0.6542 0.1745 0.7359
vn 0.1519 0.9695 0.1924
vn 0.6537 0.7540 0.0650
vn 0.3096 0.9247 0.2217
vn 0.5399 0.8258 0.1632
vn 0.3329 0.9091 0.2502
vn 0.5268 0.8259 0.2010
vn 0.1230 0.9919 0.0312
vn 0.6209 0.7781 -0.0952
vn -0.0509 0.9975 0.0482
vn 0.7363 0.6595 -0.1516
vn -0.0240 0.9759 0.2170
vn 0.7739 0.6332 0.0145
vn 0.1584 0.9587 0.2362
vn 0.6601 0.7432 0.1089
vn 0.2474 0.9657 0.0793
vn 0.5476 0.8367 0.0031
vn 0.2592 0.9481 0.1844
vn 0.5711 0.8141 0.1051
vn 0.1510 0.9752 0.1616
vn 0.6456 0.7628 0.0360
vn 0.4205 0.8965 0.1396
vn 0.2284 0.9414 0.2483
vn 0.6111 0.7770 0.1511
vn 0.1837 0.9809 0.0635
vn 0.5900 0.8064 -0.0396
vn 0.2761 0.9473 -0.1625
vn 0.4194 0.8858 -0.1989
vn 0.3413 0.9169 -0.2067
vn 0.3331 0.2359 0.9129
vn 0.4408 0.6800 0.5859
vn 0.1543 0.7177 0.6790
vn 0.6769 0.4933 0.5463
vn -0.4834 0.8291 0.2809
vn 0.9751 0.2027 -0.0894
vn 0.0543 0.9860 0.1579
vn 0.7096 0.7045 -0.0085
vn -0.0451 0.9841 -0.1718
vn 0.6341 0.6924 -0.3443
vn -0.1529 0.9870 -0.0496
vn 0.7506 0.5989 -0.2790
vn -0.2211 0.9710 0.0914
vn 0.8379 0.5161 -0.1775
vn -0.1093 0.9791 0.1712
vn 0.8088 0.5848 -0.0619
vn 0.0792 0.9096 0.4080
vn 0.7438 0.6241 0.2392
vn 0.1328 0.8747 0.4662
vn 0.7112 0.6262 0.3194
vn 0.2050 0.8388 0.5044
vn 0.6586 0.6440 0.3892
vn 0.4897 0.7625 0.4228
vn 0.4018 0.8002 0.4452
vn 0.5815 0.7360 0.3468
vn 0.2975 0.8579 0.4189
vn 0.1152 0.9720 0.2048
vn 0.6825 0.7283 0.0608
vn -0.2179 0.8442 0.4897
vn 0.9108 0.3594 0.2032
vn -0.1860 0.8941 0.4073
vn 0.8924 0.4310 0.1335
vn -0.1555 0.9643 0.2145
vn 0.8439 0.5350 -0.0392
vn -0.0590 0.9874 -0.1472
vn 0.6547 0.6808 -0.3284
vn 0.0833 0.8869 -0.4543
vn 0.3752 0.7616 -0.5284
vn 0.2163 0.8184 -0.5324
vn 0.4444 0.8149 0.3721
vn 0.4195 0.8979 0.1334
vn 0.2933 0.9481 0.1232
vn 0.5258 0.8482 0.0642
vn 0.5353 0.8070 0.2494
vn 0.3345 0.8933 0.3004
vn 0.4741 0.8604 0.1869
vn 0.3826 0.8997 0.2102
vn 0.2477 0.9068 0.3411
vn 0.6134 0.7498 0.2482
vn 0.2603 0.8898 0.3748
vn 0.6078 0.7406 0.2866
vn 0.4418 0.8356 0.3266
vn 0.4149 0.9038 0.1052
vn -0.2746 0.8792 -0.3895
vn 0.6115 0.4986 -0.6144
vn -0.7413 0.6437 0.1901
vn 0.9658 -0.0895 -0.2433
vn -0.5103 0.0682 0.8573
vn 0.7023 -0.4526 0.5495
vn 0.4625 -0.2571 0.8485
vn -0.1100 -0.0112 0.9939
vn 0.4463 0.7561 0.4787
vn 0.5061 0.4244 0.7508
vn 0.2927 0.5161 0.8050
vn 0.1037 0.6523 0.7508
vn 0.6915 0.3999 0.6016
vn 0.1385 0.9452 0.2956
vn 0.6870 0.7097 0.1564
vn 0.1447 0.9765 -0.1597
vn 0.5197 0.8155 -0.2549
vn 0.3634 0.9226 -0.1292
vn -0.7475 0.3901 0.5377
vn 0.9364 -0.3331 0.1102
vn -0.5002 0.7807 0.3745
vn 0.9900 0.1407 -0.0038
vn -0.3491 0.7852 0.5115
vn 0.9579 0.2239 0.1796
vn -0.7488 0.4691 0.4682
vn 0.9633 -0.2662 0.0335
vn 0.3136 0.1788 0.9326
vn 0.7145 0.0532 0.6976
vn -0.1095 0.4071 0.9068
vn 0.9921 0.0324 0.1214
vn -0.5250 0.6839 0.5066
vn 0.4961 0.5701 -0.6549
vn -0.1725 0.8573 -0.4851
vn 0.2880 0.8858 -0.3639
vn 0.4648 0.7516 -0.4681
vn 0.0470 0.9310 -0.3620
vn 0.9772 -0.1341 0.1648
vn -0.6129 0.5488 0.5685
vn 0.6686 0.4608 0.5836
vn 0.1521 0.6826 0.7148
vn 0.4371 0.6507 0.6210
vn 0.2938 0.8975 0.3290
vn 0.5743 0.7770 0.2578
vn 0.4170 0.8444 0.3364
vn 0.4667 0.8230 0.3238
vn 0.3376 0.8135 0.4735
vn 0.5490 0.7227 0.4199
vn 0.3105 0.8555 0.4145
vn 0.5702 0.7439 0.3485
vn 0.1563 0.8656 0.4756
vn 0.6947 0.6344 0.3389
vn 0.1232 0.9501 0.2866
vn 0.6959 0.7041 0.1412
vn 0.2134 0.9204 0.3275
vn 0.6379 0.7381 0.2197
vn 0.1434 0.9251 0.3517
vn 0.6929 0.6891 0.2122
vn 0.0704 0.9670 0.2449
vn 0.7223 0.6870 0.0794
vn 0.2032 0.9733 0.1064
vn 0.5905 0.8070 0.0081
vn 0.3744 0.9126 0.1642
vn 0.4693 0.8719 0.1401
vn 0.2697 0.9112 0.3114
vn 0.5911 0.7732 0.2298
vn 0.2984 0.9038 0.3067
vn 0.5668 0.7885 0.2386
vn -0.0777 0.9968 0.0202
vn 0.7405 0.6453 -0.1876
vn -0.3662 0.9133 0.1784
vn 0.9209 0.3605 -0.1484
vn 0.0161 0.5379 0.8429
vn 0.7029 0.2429 0.6685
vn 0.2055 0.5123 0.8338
vn 0.5678 0.3568 0.7419
vn 0.4722 0.4838 0.7369
vn 0.3483 0.5370 0.7683
vn 0.6023 0.5938 0.5335
vn 0.2631 0.7395 0.6196
vn 0.6988 0.7004 0.1457
vn 0.1207 0.9486 0.2924
vn 0.3900 0.8503 -0.3533
vn 0.2067 0.9291 -0.3067
vn 0.3031 0.8401 -0.4497
vn 0.2127 0.8790 -0.4268
vn 0.1766 0.9796 0.0959
vn 0.6065 0.7950 -0.0132
vn 0.3303 0.9423 -0.0540
vn 0.4275 0.9006 -0.0786
vn -0.2457 0.6866 0.6843
vn 0.8982 0.1954 0.3939
vn -0.4107 0.8169 0.4049
vn 0.9735 0.2224 0.0535
vn 0.4027 -0.6764 0.6167
vn -0.4566 -0.3073 0.8349
vn 0.1428 -0.9860 0.0863
vn -0.7289 -0.6116 0.3076
vn -0.3523 -0.8703 0.3441
vn -0.2468 -0.9156 0.3173
vn -0.2889 -0.6896 0.6640
vn -0.0306 -0.8006 0.5985
vn -0.3784 -0.3671 0.8497
vn 0.3206 -0.6673 0.6723
vn -0.8267 -0.0598 0.5594
vn 0.6835 -0.7084 0.1760
vn -0.8711 0.4806 -0.1008
vn 0.8135 -0.2429 -0.5284
vn -0.5812 0.6155 -0.5323
vn 0.5564 0.1270 -0.8211
vn -0.3877 0.6388 -0.6646
vn 0.4023 0.2994 -0.8651
vn 0.2916 0.1179 0.9492
vn 0.0578 -0.4049 0.9125
vn -0.3455 -0.2738 -0.8976
vn -0.1341 0.2540 -0.9579
vn -0.3285 -0.2223 -0.9180
vn -0.4398 -0.6717 -0.5962
vn -0.4416 -0.6877 -0.5762
vn -0.3164 -0.1871 -0.9300
vn -0.8267 0.5502 0.1177
vn 0.9234 -0.2015 -0.3266
vn -0.8772 0.4560 0.1501
vn 0.9022 -0.3082 -0.3016
vn -0.9196 -0.3923 -0.0197
vn 0.2752 -0.9055 -0.3230
vn -0.7478 -0.6638 -0.0076
vn -0.0099 -0.9808 -0.1949
vn -0.5886 0.6852 -0.4290
vn 0.6508 0.1530 -0.7437
vn -0.2526 0.4848 -0.8373
vn 0.1450 0.3141 -0.9383
vn -0.6467 -0.2259 -0.7285
vn -0.0626 -0.4768 -0.8768
vn -0.7580 -0.4480 -0.4740
vn -0.0449 -0.7542 -0.6551
vn -0.9943 0.0421 0.0975
vn 0.6666 -0.6712 -0.3242
vn -0.8049 0.1062 -0.5839
vn 0.3197 -0.3768 -0.8694
vn -0.9022 -0.4189 -0.1031
vn 0.2126 -0.8976 -0.3861
vn -0.9618 -0.2736 -0.0020
vn 0.3895 -0.8539 -0.3451
vn -0.7560 -0.2683 -0.5970
vn 0.0274 -0.6048 -0.7959
vn -0.5719 -0.6697 -0.4737
vn -0.3093 -0.7825 -0.5404
vn -0.7260 -0.5254 -0.4436
vn -0.1051 -0.7921 -0.6013
vn -0.4140 -0.2974 -0.8603
vn -0.3053 -0.3441 -0.8879
vn -0.8054 0.5846 -0.0975
vn 0.8469 -0.1250 -0.5169
vn -0.5226 0.8512 0.0491
vn 0.9197 0.2317 -0.3170
vn -0.4282 0.6848 -0.5897
vn 0.4888 0.2909 -0.8225
vn -0.5840 0.5366 -0.6091
vn 0.4726 0.0828 -0.8774
vn -0.5612 0.3453 -0.7522
vn 0.2692 -0.0113 -0.9630
vn -0.6774 -0.0266 -0.7352
vn 0.0902 -0.3563 -0.9300
vn -0.5130 -0.6340 0.5786
vn 0.1077 -0.9006 0.4211
vn -0.2508 -0.2487 0.9355
vn 0.3601 -0.5111 0.7805
vn -0.0858 0.2721 0.9584
vn 0.6284 -0.0347 0.7771
vn -0.0255 0.2798 0.9597
vn 0.5980 0.0121 0.8014
vn -0.6406 0.3144 0.7006
vn 0.8863 -0.3413 0.3129
vn -0.2698 0.2206 0.9373
vn 0.6950 -0.1938 0.6924
vn -0.3557 0.3022 0.8844
vn 0.7813 -0.1861 0.5957
vn -0.6161 0.3837 0.6878
vn 0.9141 -0.2735 0.2993
vn -0.8078 0.1248 0.5760
vn 0.8059 -0.5682 0.1664
vn -0.5707 -0.0832 0.8169
vn 0.6182 -0.5938 0.5151
vn -0.7602 -0.4758 0.4424
vn 0.3098 -0.9354 0.1707
vn -0.9303 -0.1337 0.3415
vn 0.6064 -0.7937 -0.0487
vn -0.8739 -0.4691 -0.1277
vn 0.1510 -0.9092 -0.3879
vn -0.8103 -0.0798 -0.5805
vn 0.1965 -0.5121 -0.8361
vn -0.7154 0.2509 0.6521
vn 0.8679 -0.4291 0.2502
vn -0.4956 0.6735 -0.5484
vn 0.5383 0.2295 -0.8109
vn -0.5993 0.4031 -0.6916
vn 0.3565 -0.0074 -0.9343
vn 0.5539 -0.3244 0.7668
vn -0.2445 0.0185 0.9695
vn -0.0075 0.6141 -0.7892
vn 0.1060 0.5653 -0.8180
vn -0.3464 0.7069 -0.6167
vn 0.4438 0.3675 -0.8173
vn -0.4623 0.8796 -0.1118
vn 0.8376 0.3214 -0.4418
vn -0.4218 0.7668 0.4838
vn 0.9778 0.1658 0.1285
vn -0.2216 0.0421 0.9742
vn 0.5583 -0.2929 0.7762
vn 0.2690 -0.3346 0.9032
vn -0.0247 -0.2084 0.9777
vn -0.1401 0.9609 0.2390
vn 0.8423 0.5389 -0.0104
vn 0.1452 0.9715 0.1872
vn 0.6570 0.7517 0.0572
vn 0.5551 0.7903 0.2595
vn 0.3152 0.8933 0.3204
vn 0.4978 0.6157 0.6108
vn 0.3724 0.6696 0.6426
vn -0.0125 0.7346 0.6784
vn 0.7886 0.3906 0.4750
vn 0.0735 0.7655 0.6392
vn 0.7421 0.4784 0.4695
vn -0.0903 0.9468 0.3089
vn 0.8311 0.5510 0.0750
vn -0.4099 0.9022 -0.1343
vn 0.8124 0.3772 -0.4446
vn 0.0984 0.0076 0.9951
vn 0.3507 -0.1007 0.9311
vn 0.3058 -0.1470 0.9407
vn 0.0974 -0.0575 0.9936
vn 0.7688 -0.4503 0.4541
vn -0.5874 0.1322 0.7984
vn 0.9644 -0.1563 -0.2133
vn -0.7742 0.5904 0.2281
vn 0.3344 0.8317 -0.4433
vn 0.1907 0.8934 -0.4068
vn -0.2494 0.9338 -0.2567
vn 0.6878 0.5313 -0.4946
vn -0.3624 0.9205 0.1459
vn 0.9104 0.3739 -0.1772
vn -0.5140 0.8346 -0.1984
vn 0.8024 0.2692 -0.5326
vn -0.6679 0.6692 0.3257
vn 0.9943 -0.0447 -0.0963
vn -0.2695 0.4360 0.8586
vn 0.8111 -0.0281 0.5843
vn -0.3791 0.8042 0.4578
vn 0.9672 0.2260 0.1160
vn -0.1870 0.2415 0.9522
vn 0.6657 -0.1247 0.7358
vn -0.8646 0.4690 -0.1804
vn 0.7691 -0.2327 -0.5952
vn -0.3337 0.7875 0.5182
vn 0.9530 0.2349 0.1916
vn -0.6959 0.6913 0.1945
vn 0.9730 -0.0255 -0.2292
vn -0.7190 0.6905 -0.0790
vn 0.8752 0.0058 -0.4837
vn -0.4069 0.9050 -0.1242
vn 0.8166 0.3795 -0.4348
vn -0.1968 0.9783 0.0642
vn 0.8173 0.5428 -0.1933
vn 0.1075 0.3219 0.9407
vn 0.5392 0.1365 0.8311
vn 0.0320 0.8307 0.5559
vn 0.7781 0.5102 0.3665
vn 0.0178 0.7165 0.6974
vn 0.7656 0.3953 0.5076
vn -0.2306 0.9065 0.3537
vn 0.9059 0.4184 0.0652
vn -0.0943 0.9952 0.0280
vn 0.7525 0.6315 -0.1870
vn -0.1129 0.9662 0.2319
vn 0.8267 0.5626 -0.0066
vn 0.1763 0.9517 0.2514
vn 0.6508 0.7479 0.1310
vn 0.2812 0.8772 0.3891
vn 0.5924 0.7436 0.3101
vn 0.2251 0.8509 0.4747
vn 0.6428 0.6714 0.3687
vn 0.0442 0.7059 0.7070
vn 0.7463 0.4043 0.5287
vn 0.2013 0.3219 0.9251
vn 0.4764 0.2037 0.8553
vn -0.2236 0.9616 0.1591
vn 0.8605 0.4960 -0.1161
vn 0.2398 0.8854 0.3982
vn 0.6267 0.7192 0.3000
vn 0.1986 0.8089 0.5534
vn 0.6619 0.6099 0.4358
vn -0.0080 0.9191 0.3939
vn 0.7971 0.5733 0.1895
vn 0.1032 0.9167 0.3861
vn 0.7254 0.6495 0.2281
vn 0.1110 0.8929 0.4364
vn 0.7247 0.6293 0.2806
vn 0.0342 0.9602 0.2773
vn 0.7526 0.6517 0.0949
vn -0.0495 0.9107 0.4101
vn 0.8229 0.5360 0.1886
vn 0.0548 0.7696 0.6362
vn 0.7550 0.4689 0.4585
vn 0.0191 -0.9908 -0.1341
vn -0.7474 -0.6616 0.0605
vn -0.4307 -0.9017 0.0372
vn -0.3460 -0.9381 0.0157
vn -0.9886 -0.0285 0.1481
vn 0.6352 -0.7258 -0.2641
vn -0.7190 -0.4212 -0.5529
vn -0.0820 -0.6947 -0.7146
vn -0.2032 -0.6799 -0.7046
vn -0.6318 -0.4958 -0.5957
vn -0.2574 -0.5754 -0.7763
vn -0.5566 -0.4469 -0.7003
vn -0.0182 -0.9991 -0.0376
vn -0.6915 -0.7100 0.1333
vn -0.4040 0.8243 0.3966
vn -0.4256 0.8928 0.1474
vn -0.2579 0.9647 -0.0530
vn -0.4419 0.8873 0.1321
vn 0.9297 0.2982 -0.2161
vn 0.7971 0.5116 -0.3208
vn 0.9300 0.3106 -0.1967
vn 0.9711 0.2337 0.0475
vn -0.5504 0.7483 0.3704
vn -0.3959 0.8974 -0.1949
vn -0.5511 0.8306 0.0806
vn 0.9354 0.1922 -0.2968
vn 0.7761 0.3941 -0.4924
vn 0.9962 0.0840 -0.0223
vn -0.1214 0.9385 -0.3232
vn 0.0999 0.8060 -0.5834
vn -0.2209 0.8610 -0.4581
vn 0.5388 0.5347 -0.6510
vn 0.2571 0.7385 -0.6233
vn 0.5871 0.6342 -0.5031
vn -0.1122 0.9465 -0.3024
vn 0.1659 0.9252 -0.3412
vn 0.3979 0.8256 -0.4001
vn 0.5955 0.6426 -0.4821
vn 0.4211 0.7782 -0.4660
vn 0.6741 0.6823 -0.2828
vn 0.4279 0.7668 -0.4784
vn 0.0756 0.9182 -0.3890
vn -0.0511 0.9938 -0.0987
vn 0.0925 0.9193 -0.3826
vn 0.6995 0.5151 -0.4953
vn 0.3924 0.6448 -0.6560
vn -0.0592 0.8387 -0.5413
vn -0.2678 0.9305 -0.2497
vn 0.8753 0.4514 -0.1734
vn 0.9817 0.1888 0.0259
vn 0.9054 0.2996 -0.3008
vn -0.4607 0.8863 0.0460
vn -0.4500 0.8037 0.3894
vn -0.2865 0.9503 0.1216
vn 0.8806 0.4390 -0.1785
vn 0.9080 0.3995 0.1263
vn -0.2199 0.8839 0.4127
vn -0.3002 0.9461 0.1212
vn 0.9187 0.1860 0.3485
vn 0.7381 0.2507 0.6264
vn 0.9087 0.2088 0.3615
vn -0.2559 0.7090 0.6572
vn -0.0168 0.5749 0.8180
vn -0.2829 0.7021 0.6535
vn 0.7709 0.0249 0.6365
vn 0.9423 0.0263 0.3336
vn -0.4130 0.6084 0.6777
vn -0.1877 0.4366 0.8799
vn 0.5093 0.1691 0.8438
vn 0.2004 0.1378 0.9700
vn 0.4888 0.0022 0.8724
vn 0.0622 0.1854 0.9807
vn 0.3686 0.0656 0.9273
vn 0.1531 0.3221 0.9343
vn 0.5058 0.1427 0.8508
vn 0.2348 0.3349 0.9125
vn 0.4601 0.2381 0.8553
vn 0.1398 0.2999 0.9437
vn -0.0592 0.3655 0.9289
vn -0.2229 0.5786 0.7845
vn -0.0492 0.3765 0.9251
vn 0.6646 0.0699 0.7439
vn 0.8510 0.1174 0.5119
vn 0.6647 0.0546 0.7451
vn -0.3275 0.4498 0.8309
vn -0.1197 0.2565 0.9591
vn 0.6383 -0.0691 0.7667
vn 0.8442 -0.0534 0.5334
vn -0.4140 0.6679 0.6185
vn -0.5123 0.5923 0.6219
vn 0.9683 -0.0436 0.2460
vn 0.9598 0.0779 0.2697
vn -0.4087 0.6796 0.6092
vn 0.9609 0.0914 0.2615
vn -0.4537 0.8018 0.3889
vn -0.2812 0.5242 0.8038
vn -0.1822 0.8116 0.5551
vn 0.8934 0.3497 0.2820
vn 0.8564 0.0356 0.5150
vn 0.9824 0.1850 0.0243
vn 0.2044 0.1967 0.9589
vn 0.0528 0.6113 0.7896
vn 0.7097 0.3292 0.6229
vn 0.4022 0.1117 0.9087
vn 0.7747 0.0889 0.6260
vn 0.4761 0.4639 0.7471
vn 0.3364 0.5239 0.7825
vn -0.1502 0.4862 0.8608
vn 0.9725 0.2285 0.0444
vn 0.7894 0.4764 0.3872
vn 0.0104 0.8110 0.5850
vn -0.4097 0.8221 0.3953
vn 0.7005 0.5740 -0.4241
vn 0.7669 0.6417 0.0138
vn -0.0142 0.9771 0.2121
vn -0.1989 0.9603 -0.1957
vn 0.1192 0.8618 -0.4931
vn 0.4159 0.8846 -0.2108
vn 0.2726 0.9462 -0.1744
vn 0.3206 0.7753 -0.5442
vn -0.3232 0.9396 -0.1128
vn -0.0022 0.9963 -0.0857
vn 0.6517 0.7155 -0.2517
vn 0.7947 0.4595 -0.3966
vn -0.2017 0.9462 0.2529
vn 0.8749 0.4839 -0.0204
vn 0.0633 0.9106 0.4083
vn 0.1003 0.9507 0.2935
vn 0.7542 0.6139 0.2330
vn 0.7128 0.6876 0.1380
vn 0.2372 0.9486 0.2095
vn 0.5950 0.7950 0.1186
vn 0.4157 0.8774 0.2395
vn 0.4508 0.8623 0.2306
vn 0.4892 0.8051 0.3356
vn 0.3959 0.8451 0.3592
vn 0.4282 0.7811 0.4544
vn 0.4645 0.7655 0.4452
vn 0.2572 0.8004 0.5415
vn 0.6160 0.6463 0.4504
vn 0.1135 0.8556 0.5051
vn 0.7255 0.5928 0.3497
vn -0.0871 0.5280 -0.8448
vn -0.0251 0.7659 -0.6424
vn 0.1407 0.8519 -0.5044
vn 0.1308 0.7122 -0.6896
vn 0.2963 0.7851 -0.5439
vn 0.2807 0.6346 -0.7201
vn 0.0721 0.4596 -0.8852
vn -0.2811 0.5631 -0.7771
vn -0.2696 0.8984 -0.3466
vn 0.0183 0.9395 -0.3419
vn 0.4962 0.7343 -0.4633
vn 0.6392 0.5081 -0.5773
vn 0.2404 0.3391 -0.9095
vn -0.7937 0.5999 -0.1009
vn -0.4861 0.8472 0.2142
vn -0.1159 0.9914 0.0614
vn 0.7765 0.6081 -0.1651
vn 0.9621 0.2252 -0.1535
vn 0.8489 -0.1056 -0.5179
vn -0.8345 0.4472 0.3219
vn -0.5095 0.7492 0.4232
vn -0.1792 0.9270 0.3296
vn 0.8793 0.4724 0.0609
vn 0.9938 0.1035 0.0416
vn 0.9403 -0.3150 -0.1287
vn -0.8144 0.4184 0.4021
vn -0.5158 0.6826 0.5177
vn -0.1925 0.8716 0.4508
vn 0.8985 0.4030 0.1738
vn 0.9901 0.0359 0.1354
vn 0.9410 -0.3355 -0.0436
vn -0.3462 0.9163 -0.2014
vn -0.2587 0.7275 -0.6355
vn -0.1444 0.8995 -0.4124
vn -0.0212 0.9959 -0.0884
vn 0.6617 0.7026 -0.2618
vn 0.5378 0.6065 -0.5856
vn 0.3976 0.4457 -0.8021
vn 0.7565 0.4427 -0.4813
vn -0.3728 0.7277 -0.5758
vn -0.3084 0.9229 -0.2306
vn -0.0880 0.9857 -0.1436
vn 0.6725 0.6591 -0.3367
vn 0.7265 0.4784 -0.4933
vn 0.4906 0.3568 -0.7950
vn -0.6278 0.7031 -0.3341
vn -0.4470 0.8945 -0.0026
vn -0.2120 0.9765 0.0382
vn 0.8146 0.5356 -0.2225
vn 0.8830 0.3233 -0.3402
vn 0.7252 0.1220 -0.6776
vn -0.7950 0.5900 0.1410
vn -0.4152 0.8339 0.3637
vn -0.1719 0.9778 0.1201
vn 0.8247 0.5497 -0.1329
vn 0.9711 0.2385 0.0118
vn 0.9412 -0.1556 -0.2997
vn -0.4958 0.1806 0.8495
vn -0.1707 0.5224 0.8355
vn -0.0181 0.9503 0.3108
vn 0.7908 0.6029 0.1054
vn 0.8016 0.1048 0.5886
vn 0.7677 -0.3620 0.5287
vn -0.3500 -0.0245 0.9364
vn -0.1781 0.4884 0.8543
vn 0.1230 0.8828 0.4534
vn 0.7175 0.6274 0.3024
vn 0.7903 0.0725 0.6084
vn 0.5744 -0.4215 0.7017
vn -0.3820 0.0114 0.9241
vn 0.0590 0.4268 0.9024
vn 0.1441 0.8656 0.4795
vn 0.7037 0.6253 0.3374
vn 0.6250 0.1838 0.7587
vn 0.6133 -0.4161 0.6714
vn 0.3195 -0.3209 0.8916
vn 0.7506 0.1936 0.6318
vn 0.3509 0.7961 0.4930
vn 0.5369 0.7162 0.4458
vn -0.0614 0.5423 0.8379
vn -0.0504 -0.1620 0.9855
vn 0.8253 -0.4559 0.3332
vn 0.8893 0.0884 0.4487
vn 0.5537 0.7472 0.3676
vn 0.3303 0.8431 0.4243
vn -0.2916 0.5955 0.7485
vn -0.6744 0.1882 0.7140
vn 0.6562 -0.3957 0.6425
vn 0.3750 0.3708 0.8496
vn 0.5570 0.7477 0.3615
vn 0.3262 0.8468 0.4201
vn -0.4055 0.0603 0.9121
vn 0.1673 0.9728 0.1603
vn 0.1262 0.9751 0.1823
vn 0.1638 0.9739 0.1572
vn 0.6352 0.7714 0.0375
vn 0.6689 0.7420 0.0446
vn 0.6336 0.7725 0.0419
vn 0.2185 0.9669 0.1316
vn 0.2731 0.9560 0.1072
vn 0.5368 0.8427 0.0402
vn 0.5871 0.8086 0.0380
vn 0.3088 0.9376 0.1600
vn 0.3004 0.9519 0.0606
vn 0.4986 0.8668 0.0102
vn 0.5241 0.8451 0.1054
vn 0.2341 0.9643 0.1237
vn 0.2640 0.9645 0.0077
vn 0.5078 0.8598 -0.0541
vn 0.5728 0.8188 0.0377
vn 0.2346 0.9617 0.1415
vn 0.1182 0.9845 0.1299
vn 0.6588 0.7523 -0.0073
vn 0.5779 0.8143 0.0544
vn 0.0547 0.9643 0.2593
vn -0.0575 0.9832 0.1733
vn 0.7812 0.6230 -0.0397
vn 0.7357 0.6718 0.0864
vn -0.0584 0.9885 0.1398
vn -0.0488 0.9972 0.0563
vn 0.7381 0.6593 -0.1435
vn 0.7718 0.6319 -0.0710
vn 0.0167 0.9998 -0.0128
vn 0.0584 0.9971 0.0479
vn 0.6701 0.7344 -0.1074
vn 0.6724 0.7182 -0.1792
vn 0.2167 0.9645 0.1507
vn 0.2763 0.9035 0.3276
vn 0.5884 0.7695 0.2483
vn 0.5943 0.8024 0.0548
vn 0.4758 0.8315 0.2866
vn 0.4925 0.8015 0.3393
vn 0.4955 0.7883 0.3648
vn 0.3924 0.8326 0.3910
vn 0.3930 0.8442 0.3645
vn 0.4023 0.8631 0.3053
vn 0.2213 0.9529 0.2071
vn 0.2943 0.9419 0.1618
vn 0.5366 0.8378 0.1003
vn 0.6065 0.7875 0.1093
vn 0.3999 0.8916 0.2125
vn 0.4162 0.9022 0.1131
vn 0.3982 0.9029 0.1617
vn 0.4472 0.8819 0.1492
vn 0.4591 0.8662 0.1975
vn 0.4336 0.8694 0.2370
vn 0.5182 0.8332 0.1932
vn 0.3399 0.9097 0.2385
vn 0.1621 0.9347 -0.3164
vn 0.3127 0.9292 -0.1971
vn 0.2685 0.8699 -0.4138
vn 0.3708 0.9042 -0.2118
vn 0.4167 0.8253 -0.3810
vn 0.0640 0.9979 -0.0127
vn 0.2291 0.9709 -0.0703
vn 0.5014 0.8539 -0.1394
vn 0.6426 0.7494 -0.1596
vn 0.0497 0.9710 0.2339
vn 0.1716 0.9689 0.1784
vn 0.6357 0.7696 0.0606
vn 0.7330 0.6775 0.0604
vn 0.0584 0.9023 0.4271
vn 0.2580 0.8988 0.3544
vn 0.0611 0.9261 0.3722
vn 0.7515 0.6296 0.1969
vn 0.6071 0.7489 0.2657
vn 0.7591 0.6014 0.2492
vn 0.2318 0.9212 0.3125
vn 0.6213 0.7539 0.2137
vn 0.2414 0.8990 0.3654
vn 0.2938 0.9484 0.1195
vn 0.4410 0.8402 0.3157
vn 0.3815 0.8584 0.3428
vn 0.5003 0.8074 0.3127
vn 0.5242 0.8494 0.0610
vn 0.6216 0.7357 0.2688
vn 0.3751 0.8713 0.3164
vn 0.4401 0.8448 0.3043
vn 0.5023 0.8167 0.2841
vn 0.4392 0.8492 0.2932
vn 0.3624 0.9102 0.2007
vn 0.4896 0.8555 0.1683
vn -0.2919 0.9477 0.1289
vn -0.7972 0.5720 0.1932
vn -0.5536 0.8091 -0.1973
vn -0.2222 0.9429 -0.2482
vn 0.6812 0.5549 -0.4775
vn 0.8092 0.2238 -0.5433
vn 0.9514 -0.1789 -0.2507
vn 0.8797 0.4446 -0.1686
vn -0.3612 0.7746 0.5192
vn -0.5224 0.0756 0.8493
vn -0.7311 0.3892 0.5604
vn 0.9352 -0.3265 0.1373
vn 0.7115 -0.4543 0.5361
vn 0.9610 0.2067 0.1835
vn 0.4970 0.6441 0.5815
vn 0.5751 0.0690 0.8152
vn -0.0441 -0.1989 0.9790
vn 0.2877 -0.3414 0.8948
vn 0.0330 0.3018 0.9528
vn 0.3805 0.6941 0.6111
vn 0.3998 0.4633 0.7909
vn 0.2124 -0.0812 0.9738
vn 0.6500 -0.2667 0.7116
vn -0.2851 0.1349 0.9490
vn 0.2968 0.8923 -0.3402
vn -0.0421 0.8914 -0.4512
vn 0.4550 0.6780 -0.5774
vn 0.2932 0.8896 -0.3501
vn -0.0705 0.9537 -0.2923
vn 0.2505 0.9592 -0.1310
vn 0.4558 0.8710 -0.1832
vn 0.5795 0.6745 -0.4574
vn 0.3493 0.2858 0.8924
vn 0.5410 0.5437 0.6416
vn 0.5170 0.0634 0.8536
vn 0.0797 0.2512 0.9646
vn 0.3094 0.6432 0.7004
vn 0.3205 0.5429 0.7763
vn -0.2214 0.4235 0.8785
vn 0.7815 -0.0073 0.6238
vn 0.4962 0.4674 0.7317
vn 0.1082 0.8145 0.5700
vn -0.3531 0.8951 0.2724
vn 0.9387 0.3403 -0.0556
vn 0.7268 0.5488 0.4130
vn 0.1514 0.9885 -0.0018
vn 0.5881 0.8009 -0.1126
vn 0.3969 0.8607 0.3187
vn 0.4828 0.8239 0.2969
vn 0.4121 0.9068 0.0891
vn 0.4439 0.8204 0.3604
vn 0.3560 0.8897 0.2857
vn 0.5140 0.8219 0.2456
vn -0.3140 0.8974 0.3098
vn -0.3703 0.8970 0.2413
vn 0.9377 0.3352 -0.0908
vn 0.9320 0.3623 -0.0066
vn -0.0821 0.9189 0.3859
vn -0.4442 0.7732 0.4526
vn 0.9829 0.1603 0.0903
vn 0.8383 0.5236 0.1523
vn -0.2693 0.8092 0.5221
vn 0.9308 0.2938 0.2174
vn -0.7625 0.3875 0.5182
vn -0.5707 0.5895 0.5716
vn 0.9811 -0.0769 0.1777
vn 0.9357 -0.3418 0.0870
vn -0.7420 0.4169 0.5250
vn -0.6564 0.6060 0.4493
vn 0.9942 -0.1029 0.0303
vn 0.9464 -0.3082 0.0964
vn -0.7299 0.6764 0.0985
vn 0.9442 -0.0426 -0.3266
vn 0.4331 0.8973 -0.0850
vn 0.2917 0.8885 -0.3543
vn 0.0857 0.7040 -0.7050
vn 0.1460 0.6781 -0.7203
vn 0.3221 0.9450 -0.0568
vn 0.6338 0.7639 0.1218
vn 0.9333 0.1995 -0.2987
vn -0.5455 0.8346 0.0767
vn 0.1937 0.9529 0.2335
vn 0.6220 0.7285 0.2871
vn 0.8968 0.0240 0.4417
vn -0.3432 0.5566 0.7566
vn 0.2437 0.8910 0.3831
vn 0.4464 0.7615 0.4701
vn 0.5001 0.1110 0.8588
vn 0.1247 0.2722 0.9541
vn 0.3196 0.1960 0.9271
vn 0.6649 -0.0444 0.7456
vn 0.5333 0.5931 0.6032
vn 0.3324 0.6794 0.6542
vn -0.1273 0.2959 0.9467
vn 0.9420 -0.3085 0.1322
vn 0.8600 0.2198 0.4606
vn -0.1788 0.6659 0.7243
vn -0.7249 0.4074 0.5554
vn 0.4821 0.4816 -0.7319
vn 0.9109 0.3370 -0.2380
vn -0.4128 0.9055 0.0980
vn -0.2563 0.7987 -0.5445
vn 0.1295 0.7104 -0.6918
vn 0.2326 0.8953 -0.3799
vn 0.3214 0.8572 -0.4024
vn 0.4123 0.9065 0.0905
vn 0.4611 0.8839 0.0782
vn 0.3624 0.9263 0.1032
vn 0.5502 0.8088 0.2078
vn 0.6004 0.7868 0.1430
vn 0.3377 0.8787 0.3374
vn 0.5384 0.7925 0.2865
vn 0.2382 0.9424 0.2350
vn 0.3099 0.9120 0.2688
vn 0.4318 0.8548 0.2878
vn 0.2762 0.9043 0.3254
vn 0.5882 0.7703 0.2462
vn 0.4453 0.8490 0.2844
vn 0.3239 0.8912 0.3176
vn 0.2764 0.9138 0.2978
vn 0.5833 0.7819 0.2198
vn 0.5472 0.7953 0.2609
vn 0.4163 0.9092 -0.0067
vn 0.4453 0.8571 0.2590
vn 0.4270 0.8649 0.2637
vn 0.3722 0.9281 0.0045
vn 0.1590 0.9810 -0.1110
vn 0.2868 0.9517 0.1095
vn 0.5266 0.8487 0.0486
vn 0.5340 0.8200 -0.2062
vn -0.0801 0.9966 0.0173
vn 0.1137 0.9811 0.1566
vn 0.6701 0.7421 0.0154
vn 0.7407 0.6441 -0.1910
vn -0.0409 0.9704 0.2380
vn 0.0908 0.9427 0.3212
vn 0.7243 0.6706 0.1604
vn 0.7887 0.6141 0.0274
vn 0.0746 0.9384 0.3375
vn 0.1917 0.9187 0.3452
vn 0.6569 0.7189 0.2271
vn 0.7378 0.6535 0.1692
vn 0.0993 0.9303 0.3530
vn 0.1846 0.9361 0.2996
vn 0.6546 0.7342 0.1802
vn 0.7236 0.6622 0.1945
vn 0.1282 0.8182 0.5604
vn 0.0831 0.9297 0.3589
vn 0.7354 0.6495 0.1933
vn 0.7135 0.5669 0.4118
vn 0.3088 0.8574 0.4118
vn 0.2935 0.8082 0.5106
vn 0.5869 0.6822 0.4361
vn 0.5714 0.7446 0.3451
vn 0.2754 0.8907 0.3616
vn 0.3071 0.8386 0.4500
vn 0.5750 0.7235 0.3819
vn 0.5940 0.7539 0.2807
vn 0.3190 0.8803 0.3513
vn 0.5564 0.7783 0.2910
vn 0.2347 0.9446 0.2293
vn 0.0553 0.9896 0.1326
vn 0.0839 0.9961 0.0274
vn 0.6458 0.7548 -0.1153
vn 0.7013 0.7122 -0.0314
vn 0.6018 0.7870 0.1361
vn 0.3561 0.9196 0.1661
vn 0.2339 0.9671 0.1004
vn 0.5653 0.8248 0.0162
vn 0.4858 0.8638 0.1332
vn 0.2841 0.9528 -0.1074
vn 0.3585 0.8884 -0.2866
vn 0.2789 0.9226 -0.2664
vn 0.4408 0.8855 -0.1471
vn 0.3143 0.9376 -0.1486
vn 0.2863 0.8342 -0.4713
vn 0.2100 0.8670 -0.4519
vn 0.3955 0.9028 -0.1692
vn 0.5475 0.8091 0.2135
vn 0.5895 0.8010 -0.1040
vn 0.1541 0.9880 0.0066
vn 0.3140 0.9094 0.2728
vn 0.4655 0.7346 0.4937
vn 0.6822 0.6427 0.3486
vn 0.1735 0.8612 0.4778
vn 0.4260 0.7515 0.5037
vn 0.3524 0.7097 0.6100
vn 0.5321 0.5353 0.6560
vn 0.3148 0.6286 0.7111
vn 0.5242 0.6359 0.5664
vn 0.2143 0.7499 0.6258
vn 0.3580 0.4782 0.8020
vn 0.4397 0.4431 0.7812
vn 0.6414 0.5665 0.5174
vn 0.1398 0.7304 0.6686
vn 0.0927 0.5330 0.8410
vn 0.6528 0.2925 0.6988
vn 0.6901 0.4940 0.5289
vn -0.0471 0.7726 0.6331
vn -0.0898 0.5855 0.8057
vn 0.7843 0.2101 0.5838
vn 0.8171 0.4015 0.4137
vn -0.1613 0.9555 0.2468
vn -0.2434 0.9668 0.0781
vn 0.8431 0.5001 -0.1978
vn 0.8545 0.5193 -0.0110
vn -0.2141 0.8847 0.4141
vn -0.4169 0.8587 0.2980
vn 0.9625 0.2663 -0.0522
vn 0.9056 0.4039 0.1298
vn -0.3623 0.7687 0.5271
vn 0.9609 0.2004 0.1911
vn 0.0919 -0.3395 0.9361
vn 0.5777 -0.7430 0.3379
vn 0.4871 -0.2590 0.8340
vn -0.1320 0.0069 0.9912
vn -0.7211 -0.1852 0.6676
vn 0.4349 -0.8366 0.3331
vn 0.1491 -0.9887 0.0161
vn -0.7631 -0.5969 0.2477
vn -0.7015 -0.3485 0.6216
vn -0.3031 -0.5976 0.7423
vn -0.1037 -0.9742 0.2004
vn -0.5262 -0.7927 0.3077
vn 0.0731 -0.7591 0.6468
vn -0.4667 -0.4521 0.7601
vn -0.4107 -0.8635 0.2927
vn -0.2279 -0.9420 0.2463
vn 0.2787 -0.7723 0.5709
vn -0.3867 -0.3320 0.8603
vn -0.3303 -0.4702 0.8184
vn 0.2079 -0.7014 0.6818
vn 0.3540 -0.6502 0.6723
vn -0.8519 0.0204 0.5233
vn -0.5496 -0.2830 0.7861
vn 0.4555 -0.7146 0.5309
vn 0.7391 -0.6629 0.1194
vn -0.8790 0.4395 -0.1850
vn -0.9419 0.2467 0.2280
vn 0.8288 -0.5138 -0.2215
vn 0.7557 -0.2625 -0.6000
vn -0.5931 0.5448 -0.5928
vn -0.7254 0.5877 -0.3583
vn 0.6948 -0.0223 -0.7189
vn 0.4904 0.0795 -0.8679
vn -0.3726 0.5441 -0.7517
vn -0.4659 0.6126 -0.6385
vn 0.4419 0.2227 -0.8690
vn 0.2927 0.2583 -0.9206
vn -0.6055 -0.5984 -0.5247
vn -0.4103 -0.5074 -0.7578
vn -0.5572 -0.0412 -0.8293
vn -0.8004 -0.2503 -0.5447
vn 0.0878 -0.6318 -0.7702
vn -0.0304 -0.2675 -0.9631
vn -0.2607 -0.7465 -0.6122
vn -0.5371 -0.6449 -0.5438
vn -0.4454 -0.7344 -0.5121
vn -0.6422 -0.6579 -0.3934
vn -0.2261 -0.8366 -0.4990
vn -0.3416 -0.7288 -0.5934
vn -0.3827 -0.2338 -0.8938
vn -0.4119 -0.5145 -0.7521
vn -0.4973 -0.5767 -0.6481
vn -0.3610 -0.6353 -0.6827
vn -0.2940 -0.2719 -0.9163
vn -0.2964 0.1490 -0.9434
vn -0.1705 0.1761 -0.9695
vn -0.1028 0.0658 -0.9925
vn -0.7653 0.1743 -0.6196
vn -0.5086 -0.3348 -0.7932
vn -0.2469 -0.4473 -0.8597
vn 0.3282 -0.2954 -0.8972
vn -0.9909 0.0306 0.1311
vn -0.8664 -0.3989 -0.3002
vn 0.1246 -0.8246 -0.5518
vn 0.6702 -0.6829 -0.2906
vn -0.9736 0.0403 0.2249
vn -0.9286 -0.3703 -0.0221
vn 0.2948 -0.8958 -0.3327
vn 0.7046 -0.6805 -0.2012
vn -0.6703 -0.6554 -0.3481
vn -0.8548 -0.4466 -0.2645
vn 0.0994 -0.8564 -0.5067
vn -0.1891 -0.8620 -0.4703
vn -0.9703 0.1058 -0.2175
vn -0.9919 -0.1238 0.0278
vn 0.5227 -0.7743 -0.3567
vn 0.5679 -0.5548 -0.6080
vn -0.9425 0.1273 0.3091
vn 0.7800 -0.6125 -0.1282
vn -0.8716 0.3561 0.3368
vn -0.6789 0.7335 -0.0316
vn -0.7234 0.5751 0.3820
vn 0.9859 -0.1590 -0.0520
vn 0.9000 0.0554 -0.4324
vn 0.9061 -0.4074 -0.1145
vn -0.9597 0.2694 0.0799
vn 0.7949 -0.4842 -0.3656
vn -0.5150 0.6552 -0.5527
vn -0.5025 0.8521 -0.1463
vn 0.8288 0.2804 -0.4842
vn 0.5356 0.2040 -0.8195
vn -0.3301 0.6711 -0.6638
vn 0.3903 0.3618 -0.8467
vn -0.4110 -0.5104 -0.7553
vn -0.6550 -0.5643 -0.5026
vn -0.7249 -0.2725 -0.6326
vn -0.5523 -0.1523 -0.8196
vn -0.1058 -0.3441 -0.9330
vn -0.0087 -0.5801 -0.8145
vn -0.1985 -0.7603 -0.6185
vn -0.2666 -0.0518 -0.9624
vn -0.6223 0.1782 -0.7622
vn -0.4036 0.2368 -0.8838
vn 0.0463 0.0436 -0.9980
vn 0.1869 -0.1694 -0.9677
vn -0.1428 0.2357 -0.9613
vn -0.5364 0.4694 -0.7014
vn -0.3892 0.3801 -0.8391
vn 0.1544 0.1467 -0.9771
vn 0.3603 0.0843 -0.9290
vn -0.1922 0.1277 -0.9730
vn -0.6978 0.4056 -0.5904
vn 0.4586 -0.0911 -0.8840
vn -0.7129 0.6055 -0.3537
vn 0.7014 -0.0019 -0.7127
vn -0.8285 0.5590 0.0343
vn -0.5602 0.6987 -0.4449
vn -0.7597 0.6324 -0.1512
vn 0.8304 -0.0505 -0.5549
vn 0.6366 0.1847 -0.7487
vn 0.8966 -0.1819 -0.4037
vn -0.4425 -0.8309 -0.3374
vn -0.6279 -0.7782 0.0077
vn -0.7723 -0.5650 -0.2904
vn -0.0422 -0.8786 -0.4757
vn -0.1545 -0.9816 -0.1125
vn 0.1763 -0.1633 0.9707
vn 0.1304 0.1910 0.9729
vn -0.1639 -0.0002 0.9865
vn -0.0657 -0.3456 0.9361
vn 0.1824 -0.4522 0.8731
vn 0.4995 -0.2851 0.8181
vn 0.4485 0.0543 0.8921
vn -0.0614 -0.6100 0.7900
vn -0.3632 -0.4640 0.8079
vn -0.3711 -0.7093 0.5994
vn -0.0209 -0.8597 0.5105
vn 0.2278 -0.7178 0.6579
vn -0.3140 -0.9035 0.2916
vn -0.6543 -0.6951 0.2979
vn 0.0366 -0.9918 0.1225
vn -0.3361 -0.1368 0.9318
vn -0.7512 0.0960 0.6531
vn -0.3915 0.2139 0.8950
vn 0.7464 -0.2748 0.6061
vn 0.7833 -0.5630 0.2635
vn 0.4869 -0.4902 0.7229
vn -0.2622 0.3868 0.8841
vn -0.5712 0.4397 0.6931
vn -0.4088 0.3148 0.8566
vn 0.8106 -0.2089 0.5470
vn 0.9277 -0.2040 0.3125
vn 0.7831 -0.0622 0.6187
vn -0.4738 0.1067 0.8741
vn -0.7207 0.2409 0.6500
vn -0.6665 -0.0038 0.7455
vn 0.7013 -0.5912 0.3983
vn 0.8634 -0.4394 0.2478
vn 0.7137 -0.4033 0.5726
vn -0.6661 -0.2890 0.6876
vn -0.8789 0.0131 0.4768
vn -0.8591 -0.3310 0.3905
vn 0.4477 -0.8922 0.0587
vn 0.7315 -0.6785 0.0680
vn 0.4813 -0.7819 0.3962
vn -0.9694 -0.1666 0.1803
vn -0.9183 -0.3687 -0.1443
vn -0.8338 -0.5305 0.1530
vn 0.1988 -0.9740 -0.1091
vn 0.2401 -0.8661 -0.4384
vn 0.5417 -0.8156 -0.2034
vn -0.8193 -0.5698 -0.0631
vn -0.6456 -0.5608 0.5184
vn 0.2133 -0.9297 0.3003
vn 0.0752 -0.9540 -0.2902
vn -0.4532 -0.1441 0.8797
vn 0.5311 -0.5669 0.6298
vn -0.2925 0.3153 0.9028
vn 0.7598 -0.1366 0.6356
vn -0.0412 0.4169 0.9080
vn -0.2119 0.2478 0.9454
vn 0.6822 -0.1362 0.7184
vn 0.6806 0.1069 0.7248
vn -0.0732 -0.2435 0.9671
vn 0.2697 -0.3908 0.8801
vn 0.3529 0.2973 0.8872
vn 0.1816 0.3199 0.9299
vn 0.4889 0.1879 0.8519
vn -0.0261 -0.8645 0.5019
vn -0.3749 -0.7147 0.5904
vn 0.3760 0.1042 0.9208
vn 0.2199 0.1713 0.9604
vn 0.3752 0.3716 0.8492
vn -0.7898 0.4577 0.4083
vn 0.9558 -0.2920 -0.0348
vn -0.8572 0.4925 0.1505
vn -0.7974 0.4223 0.4311
vn 0.9452 -0.3262 -0.0113
vn 0.9154 -0.2689 -0.2995
vn -0.8726 0.3872 0.2977
vn -0.8898 0.1989 0.4108
vn 0.8389 -0.5435 -0.0280
vn 0.9121 -0.3793 -0.1554
vn -0.7795 -0.3268 0.5344
vn 0.4613 -0.8597 0.2194
vn -0.5872 0.6315 -0.5064
vn -0.6391 0.4088 -0.6515
vn -0.5325 0.5635 -0.6316
vn 0.4510 0.1411 -0.8813
vn 0.4006 -0.0378 -0.9155
vn 0.5816 0.1295 -0.8031
vn -0.4582 0.6432 -0.6135
vn -0.4409 0.6718 -0.5953
vn -0.4587 0.3834 -0.8016
vn 0.2136 0.0946 -0.9723
vn 0.4852 0.2740 -0.8304
vn 0.4685 0.2452 -0.8488
vn -0.4299 0.7086 -0.5595
vn 0.5184 0.3013 -0.8003
vn -0.3579 0.8457 -0.3959
vn -0.5687 0.7153 -0.4060
vn 0.6690 0.1838 -0.7202
vn 0.6359 0.4188 -0.6482
vn -0.8381 -0.3552 -0.4141
vn -0.7238 -0.1319 -0.6772
vn -0.8606 -0.3265 -0.3909
vn 0.1341 -0.7537 -0.6434
vn 0.0693 -0.4725 -0.8786
vn 0.0914 -0.7544 -0.6501
vn -0.8267 -0.2908 -0.4817
vn 0.1013 -0.6894 -0.7173
vn -0.3739 0.0404 -0.9266
vn -0.6951 0.2034 -0.6895
vn 0.2776 -0.2144 -0.9365
vn -0.1241 -0.0669 -0.9900
vn -0.7760 0.0500 -0.6288
vn 0.2454 -0.3887 -0.8881
vn 0.1252 0.5394 0.8327
vn 0.4178 -0.3518 0.8377
vn 0.3595 0.4977 0.7894
vn -0.1492 0.9421 0.3003
vn 0.8598 0.5088 0.0442
vn 0.4470 0.4601 0.7672
vn -0.1526 -0.1068 0.9825
vn 0.6342 0.3208 0.7035
vn 0.0675 -0.2213 0.9729
vn -0.0457 0.9803 0.1921
vn 0.0036 0.7168 0.6973
vn 0.7743 0.3858 0.5016
vn 0.7798 0.6257 -0.0174
vn 0.2028 -0.2794 0.9385
vn -0.4209 0.4713 0.7750
vn 0.3863 0.8994 0.2047
vn 0.0761 0.9044 0.4198
vn 0.7469 0.6163 0.2495
vn 0.4695 0.8637 0.1836
vn 0.8924 -0.0927 0.4416
vn -0.4235 0.8833 0.2010
vn 0.6084 0.6880 0.3957
vn -0.0126 0.9569 0.2901
vn 0.7837 0.6149 0.0879
vn 0.2681 0.8341 0.4820
vn 0.9439 0.2960 -0.1462
vn -0.4401 0.7987 -0.4103
vn 0.2401 0.6349 0.7344
vn -0.2292 0.9730 0.0270
vn 0.8180 0.5232 -0.2389
vn 0.5908 0.4842 0.6453
vn 0.6472 0.3318 -0.6864
vn -0.2074 0.6499 -0.7312
vn -0.0892 0.8118 0.5770
vn 0.0989 0.9935 -0.0563
vn 0.6009 0.7779 -0.1838
vn 0.8466 0.4099 0.3394
vn 0.2744 0.4429 -0.8535
vn 0.2069 0.2174 0.9539
vn 0.1230 0.0028 0.9924
vn 0.0680 0.3437 0.9366
vn 0.5763 0.1254 0.8076
vn 0.3314 -0.0867 0.9395
vn 0.4129 0.1289 0.9016
vn 0.7861 -0.0238 0.6176
vn 0.5563 -0.3281 0.7634
vn -0.2499 0.0182 0.9681
vn -0.2380 0.4161 0.8776
vn 0.9337 0.3578 0.0119
vn 0.9012 -0.4212 0.1023
vn -0.7901 0.3052 0.5317
vn -0.3106 0.8922 0.3278
vn 0.2544 0.9527 -0.1661
vn 0.8108 0.3818 -0.4438
vn -0.4055 0.9041 -0.1350
vn 0.4347 0.8753 -0.2119
vn -0.2292 0.9691 -0.0910
vn -0.0560 0.9390 -0.3394
vn 0.5415 0.6824 -0.4911
vn 0.7674 0.5411 -0.3440
vn -0.3103 0.9505 0.0120
vn -0.3641 0.9133 -0.1825
vn 0.7729 0.4250 -0.4712
vn 0.8453 0.4542 -0.2814
vn -0.7573 0.5890 -0.2819
vn -0.2200 0.9135 -0.3423
vn -0.7731 0.6244 -0.1119
vn 0.8489 -0.0722 -0.5237
vn 0.6214 0.5521 -0.5559
vn 0.7460 -0.0566 -0.6636
vn 0.0890 0.5668 -0.8191
vn 0.1720 0.6536 0.7370
vn 0.6457 0.4502 0.6168
vn 0.0033 0.6036 -0.7973
vn -0.8859 0.4543 -0.0935
vn 0.8073 -0.2729 -0.5233
vn 0.3156 -0.2561 0.9137
vn -0.5116 0.7322 0.4496
vn -0.1152 0.9623 0.2465
vn 0.8313 0.5558 0.0062
vn 0.9940 0.0856 0.0674
vn 0.0055 -0.1230 0.9924
vn 0.0745 -0.0668 0.9950
vn -0.1497 0.4309 0.8899
vn 0.7482 0.0453 0.6619
vn 0.3138 -0.1696 0.9342
vn -0.4074 0.7168 0.5659
vn -0.3712 0.7664 0.5242
vn -0.5776 0.7166 0.3911
vn 0.9992 0.0394 -0.0092
vn 0.9635 0.1932 0.1853
vn 0.9681 0.1260 0.2168
vn -0.3699 0.4724 0.8000
vn -0.6554 0.6812 0.3262
vn -0.3254 0.6494 0.6874
vn 0.9217 0.1137 0.3707
vn 0.9953 -0.0278 -0.0929
vn 0.8726 -0.0612 0.4846
vn -0.6342 0.7567 -0.1589
vn -0.5641 0.8186 -0.1082
vn -0.7843 0.6154 -0.0783
vn 0.8631 -0.0921 -0.4966
vn 0.8583 0.2077 -0.4693
vn 0.8372 0.1247 -0.5325
vn -0.3202 0.9473 -0.0028
vn -0.5991 0.8003 0.0248
vn -0.4399 0.8850 -0.1523
vn 0.8113 0.3476 -0.4700
vn 0.9208 0.1475 -0.3611
vn 0.8430 0.4478 -0.2981
vn -0.4070 0.9056 -0.1191
vn 0.8192 0.3790 -0.4304
vn -0.8453 0.5336 -0.0252
vn 0.8652 -0.2010 -0.4594
vn -0.8576 0.5076 -0.0829
vn 0.8312 -0.2177 -0.5116
vn -0.3975 0.9101 -0.1173
vn -0.4174 0.8976 -0.1415
vn -0.2257 0.9692 0.0987
vn 0.8424 0.5105 -0.1725
vn 0.8109 0.3701 -0.4533
vn 0.8173 0.3884 -0.4257
vn -0.4226 0.8835 -0.2023
vn -0.1431 0.9889 0.0413
vn 0.7829 0.5912 -0.1938
vn 0.7795 0.3672 -0.5075
vn -0.5650 0.7522 0.3390
vn -0.1112 0.9899 0.0877
vn 0.7833 0.6058 -0.1394
vn 0.9950 0.0822 -0.0570
vn -0.2506 0.4641 0.8496
vn -0.0087 0.7416 0.6707
vn 0.7880 0.3995 0.4685
vn 0.8153 0.0063 0.5790
vn -0.4067 0.8290 0.3838
vn -0.0310 0.7988 0.6008
vn 0.8123 0.4366 0.3868
vn 0.9708 0.2374 0.0341
vn -0.1618 0.2523 0.9540
vn 0.0908 0.6990 0.7093
vn 0.7145 0.4312 0.5510
vn 0.6587 -0.1000 0.7457
vn 0.1521 -0.0372 0.9877
vn 0.3485 0.0853 0.9334
vn 0.2285 0.1368 0.9639
vn 0.2845 -0.0941 0.9541
vn -0.2265 0.9528 -0.2020
vn -0.1834 0.9573 0.2234
vn 0.8595 0.5094 -0.0413
vn 0.7095 0.5509 -0.4396
vn 0.3826 0.8447 -0.3742
vn 0.0228 0.9770 0.2119
vn 0.7444 0.6671 0.0287
vn 0.1988 0.9237 -0.3275
vn 0.9676 0.2522 0.0136
vn 0.2767 0.8960 0.3473
vn 0.5910 0.7610 0.2675
vn -0.4030 0.8408 0.3615
vn 0.7763 0.0737 0.6260
vn 0.2566 0.8767 0.4069
vn 0.6141 0.7232 0.3162
vn -0.1617 0.4766 0.8641
vn 0.2585 0.0903 0.9618
vn 0.1538 0.7944 0.5876
vn 0.6928 0.5629 0.4507
vn 0.2976 0.0735 0.9519
vn 0.0059 0.5814 0.8136
vn 0.7271 0.2716 0.6305
vn 0.2415 0.8489 0.4701
vn 0.3142 0.7440 0.5897
vn 0.2259 0.8537 0.4692
vn 0.6420 0.6750 0.3636
vn 0.5625 0.6374 0.5266
vn 0.6297 0.6822 0.3715
vn 0.1625 0.9064 0.3899
vn 0.0420 0.8769 0.4789
vn 0.0727 0.9121 0.4035
vn 0.7476 0.6222 0.2322
vn 0.7725 0.5631 0.2934
vn 0.6842 0.6823 0.2575
vn 0.0888 0.9151 0.3933
vn 0.0139 0.9467 0.3218
vn 0.1102 0.9246 0.3646
vn 0.7179 0.6636 0.2103
vn 0.7736 0.6205 0.1290
vn 0.7359 0.6372 0.2290
vn 0.1118 0.8374 0.5350
vn 0.0093 0.9508 0.3098
vn 0.0121 0.8472 0.5312
vn 0.7913 0.5125 0.3334
vn 0.7743 0.6222 0.1156
vn 0.7262 0.5736 0.3790
vn 0.0248 0.7886 0.6144
vn -0.0014 0.9137 0.4064
vn 0.7945 0.5719 0.2044
vn 0.7772 0.4654 0.4234
vn 0.0377 0.9551 0.2939
vn 0.7537 0.6476 0.1121
vn 0.1897 0.9401 0.2833
vn 0.6477 0.7434 0.1670
vn 0.1988 0.6851 0.7008
vn 0.6366 0.4970 0.5897
vn -0.0592 0.8984 0.4353
vn 0.8304 0.5163 0.2094
vn -0.0072 0.9614 0.2751
vn 0.7774 0.6244 0.0759
vn -0.0697 0.9013 0.4275
vn 0.8356 0.5125 0.1977
vn 0.0218 0.7663 0.6421
vn 0.7750 0.4428 0.4509
vn -0.3487 -0.0178 -0.9370
vn -0.1403 -0.0186 -0.9899
vn -0.1153 -0.6719 -0.7316
vn -0.6902 -0.4251 -0.5856
vn -0.3309 0.0632 -0.9416
vn -0.1835 -0.0888 -0.9790
vn -0.7956 0.3063 -0.5227
vn -0.4155 -0.6184 -0.6670
vn -0.4467 -0.6050 -0.6591
vn 0.4767 -0.2401 -0.8457
vn -0.8134 0.4287 0.3931
vn -0.9572 -0.1715 -0.2332
vn 0.3629 -0.7384 -0.5684
vn 0.9439 -0.3260 -0.0531
vn -0.4260 -0.6425 0.6369
vn -0.8323 -0.5217 0.1872
vn 0.2179 -0.9727 -0.0794
vn 0.0733 -0.8570 0.5101
vn 0.1808 -0.8974 0.4026
vn -0.1338 -0.9857 -0.1028
vn -0.6392 -0.7686 0.0255
vn -0.5623 -0.5782 0.5912
vn 0.3789 -0.8227 0.4238
vn 0.0853 -0.9899 -0.1132
vn -0.7782 -0.6191 0.1060
vn -0.6214 -0.3931 0.6777
vn -0.0899 -0.8992 -0.4281
vn -0.3069 -0.8421 -0.4434
vn -0.5749 -0.7270 -0.3754
vn -0.7384 -0.6207 -0.2635
vn -0.4272 -0.8253 -0.3694
vn -0.4609 -0.8108 -0.3609
vn -0.5970 -0.8022 0.0052
vn -0.1906 -0.9768 -0.0979
vn -0.4953 -0.3938 -0.7743
vn -0.2877 -0.4829 -0.8270
vn -0.3741 0.9119 0.1689
vn 0.9208 0.3557 -0.1599
vn -0.5212 0.8490 0.0871
vn 0.9328 0.2246 -0.2820
vn -0.1829 0.8825 -0.4333
vn 0.5408 0.5717 -0.6170
vn -0.0700 0.9705 -0.2305
vn 0.6159 0.6760 -0.4047
vn 0.4276 0.8258 -0.3677
vn 0.1614 0.9402 -0.3001
vn 0.4122 0.6774 -0.6093
vn -0.0298 0.8672 -0.4971
vn 0.9013 0.3417 -0.2661
vn -0.4152 0.9072 0.0682
vn 0.8435 0.5275 -0.1011
vn -0.1856 0.9695 0.1601
vn 0.8766 0.3040 0.3731
vn -0.1664 0.7519 0.6379
vn 0.9379 0.0772 0.3382
vn -0.3735 0.6404 0.6711
vn 0.5054 0.0450 0.8617
vn 0.0773 0.2288 0.9704
vn 0.5033 0.2609 0.8238
vn 0.2117 0.3861 0.8978
vn -0.0171 0.4459 0.8949
vn 0.6808 0.1462 0.7177
vn -0.0905 0.2822 0.9551
vn 0.6368 -0.0302 0.7705
vn -0.4852 0.6108 0.6256
vn 0.9663 -0.0126 0.2571
vn -0.3551 0.7110 0.6070
vn 0.9493 0.1508 0.2759
vn -0.4081 0.6830 0.6058
vn 0.9614 0.0948 0.2582
vn -0.0690 0.3490 0.9346
vn 0.6615 0.0352 0.7492
vn 0.5085 0.1073 0.8544
vn 0.1154 0.2761 0.9542
vn 0.9324 0.1318 0.3366
vn -0.3332 0.6754 0.6579
vn 0.8949 0.3884 -0.2198
vn -0.3604 0.9275 0.0989
vn 0.4196 0.7410 -0.5243
vn 0.0441 0.9022 -0.4290
vn -0.1364 0.9304 -0.3403
vn 0.5835 0.6212 -0.5231
vn -0.4300 0.8906 0.1480
vn 0.9313 0.3060 -0.1976
vn 0.0340 0.9394 0.3411
vn 0.7643 0.6257 0.1556
vn 0.1375 0.9690 0.2054
vn 0.6672 0.7415 0.0709
vn 0.3461 0.9239 0.1635
vn 0.4937 0.8604 0.1260
vn 0.5083 0.8195 0.2648
vn 0.3656 0.8808 0.3010
vn 0.5148 0.7651 0.3868
vn 0.3739 0.8256 0.4226
vn 0.3687 0.7548 0.5424
vn 0.5179 0.6908 0.5046
vn 0.1599 0.8063 0.5694
vn 0.6899 0.5787 0.4349
vn 0.0427 0.8799 0.4732
vn 0.7719 0.5668 0.2881
vn 0.0438 0.7430 -0.6678
vn 0.2131 0.6703 -0.7108
vn -0.1157 0.8217 -0.5580
vn 0.4078 0.5969 -0.6910
vn -0.4189 0.9077 -0.0250
vn 0.8660 0.3558 -0.3512
vn -0.5095 0.7869 0.3481
vn 0.9892 0.1432 -0.0324
vn -0.5083 0.7220 0.4694
vn 0.9931 0.0772 0.0882
vn -0.1550 0.8941 -0.4203
vn 0.5372 0.5968 -0.5960
vn -0.2040 0.9181 -0.3397
vn 0.6160 0.5660 -0.5479
vn -0.4043 0.9076 -0.1129
vn 0.8215 0.3812 -0.4241
vn -0.4441 0.8883 0.1167
vn 0.9255 0.3001 -0.2310
vn -0.2824 0.6775 0.6791
vn 0.9119 0.1646 0.3759
vn -0.1626 0.4670 0.8692
vn 0.7723 0.0654 0.6319
vn -0.1406 0.4944 0.8578
vn 0.7733 0.1018 0.6258
vn 0.4311 0.3002 0.8509
vn 0.2931 0.3594 0.8859
vn 0.8822 0.1252 0.4539
vn -0.2599 0.6158 0.7438
vn 0.7736 0.1413 0.6177
vn -0.1170 0.5238 0.8438
vn 0.1380 0.9764 0.1661
vn 0.6561 0.7539 0.0345
vn 0.2184 0.9666 0.1340
vn 0.5879 0.8079 0.0402
vn 0.3047 0.9486 0.0857
vn 0.5040 0.8630 0.0351
vn 0.2871 0.9577 0.0172
vn 0.4931 0.8693 -0.0350
vn 0.2014 0.9779 0.0569
vn 0.5746 0.8176 -0.0378
vn 0.0189 0.9836 0.1793
vn 0.7380 0.6747 -0.0033
vn -0.0726 0.9889 0.1294
vn 0.7765 0.6243 -0.0861
vn -0.0041 1.0000 -0.0034
vn 0.6889 0.7024 -0.1793
vn 0.1184 0.9724 0.2009
vn 0.6792 0.7316 0.0585
vn 0.4608 0.7988 0.3867
vn 0.4295 0.8123 0.3947
vn 0.2343 0.9588 0.1607
vn 0.5838 0.8087 0.0720
vn 0.3435 0.9262 0.1552
vn 0.4935 0.8618 0.1171
vn 0.4464 0.8651 0.2287
vn 0.4195 0.8767 0.2355
vn 0.2093 0.8994 -0.3837
vn 0.3367 0.8447 -0.4160
vn 0.1120 0.9756 -0.1889
vn 0.5268 0.7974 -0.2942
vn 0.0460 0.9900 0.1336
vn 0.7075 0.7058 -0.0344
vn 0.0673 0.9136 0.4010
vn 0.7509 0.6201 0.2274
vn 0.0534 0.9481 0.3135
vn 0.7474 0.6500 0.1373
vn 0.3773 0.8653 0.3299
vn 0.5024 0.8116 0.2982
vn 0.3792 0.8677 0.3214
vn 0.4994 0.8161 0.2908
vn 0.3678 0.8780 0.3063
vn 0.5072 0.8182 0.2709
vn -0.5651 0.8163 -0.1193
vn 0.8528 0.2073 -0.4793
vn -0.7830 0.3080 0.5405
vn 0.9024 -0.4159 0.1126
vn 0.0673 -0.0157 0.9976
vn 0.3543 -0.1389 0.9248
vn 0.7461 -0.0583 0.6633
vn -0.2192 0.3562 0.9083
vn 0.0565 0.9541 -0.2942
vn 0.5026 0.7625 -0.4074
vn 0.0973 0.9451 -0.3120
vn 0.4646 0.7873 -0.4053
vn 0.6385 0.0837 0.7650
vn -0.0154 0.3645 0.9311
vn 0.1428 0.1770 0.9738
vn 0.4318 0.0529 0.9004
vn -0.3735 0.6936 0.6160
vn 0.9521 0.1243 0.2795
vn -0.2363 0.9664 -0.1013
vn 0.7656 0.5361 -0.3556
vn 0.3845 0.7435 0.5472
vn 0.5026 0.6928 0.5172
vn 0.3554 0.9323 0.0671
vn 0.4547 0.8896 0.0419
vn 0.5193 0.7897 0.3267
vn 0.3636 0.8565 0.3663
vn -0.0550 0.9503 0.3065
vn 0.8113 0.5782 0.0866
vn -0.2339 0.9193 0.3165
vn 0.9016 0.4316 0.0282
vn 0.0159 0.8990 0.4377
vn 0.7867 0.5679 0.2421
vn -0.5348 0.6286 0.5646
vn 0.9835 -0.0235 0.1791
vn -0.6169 0.5789 0.5332
vn 0.9859 -0.1095 0.1263
vn -0.6053 0.7762 0.1764
vn 0.9696 0.0998 -0.2234
vn 0.2770 0.9187 -0.2815
vn 0.3508 0.8870 -0.3002
vn 0.5881 0.8082 0.0316
vn 0.2150 0.9684 0.1263
vn 0.6427 0.7444 0.1811
vn 0.1991 0.9349 0.2937
vn 0.5453 0.7336 0.4055
vn 0.3415 0.8212 0.4572
vn 0.4853 0.1058 0.8679
vn 0.1338 0.2568 0.9572
vn 0.8287 -0.2357 0.5076
vn -0.4541 0.3152 0.8333
vn 0.9242 -0.0077 -0.3819
vn -0.7163 0.6969 0.0346
vn 0.0837 0.7153 -0.6938
vn 0.1595 0.6827 -0.7131
vn 0.4000 0.9127 0.0836
vn 0.4211 0.9036 0.0782
vn 0.7925 0.6027 0.0934
vn -0.0241 0.9534 0.3007
vn 0.5850 0.7938 0.1665
vn 0.2618 0.9326 0.2485
vn 0.4969 0.8286 0.2578
vn 0.3759 0.8806 0.2886
vn 0.3709 0.8784 0.3014
vn 0.5036 0.8214 0.2677
vn 0.5460 0.8332 0.0877
vn 0.2803 0.9473 0.1551
vn 0.2886 0.9544 -0.0766
vn 0.4517 0.8843 -0.1180
vn 0.0127 0.9965 -0.0831
vn 0.6439 0.7253 -0.2434
vn -0.0838 0.9871 0.1364
vn 0.7847 0.6141 -0.0841
vn 0.0159 0.9515 0.3071
vn 0.7697 0.6278 0.1157
vn 0.1146 0.9371 0.3298
vn 0.7096 0.6815 0.1787
vn 0.0743 0.8808 0.4675
vn 0.7512 0.5902 0.2957
vn 0.2535 0.8191 0.5146
vn 0.6201 0.6616 0.4215
vn 0.2832 0.8848 0.3701
vn 0.5886 0.7536 0.2925
vn 0.2947 0.8924 0.3418
vn 0.5755 0.7718 0.2705
vn 0.1762 0.9719 0.1562
vn 0.6260 0.7787 0.0420
vn 0.2721 0.9296 0.2487
vn 0.5768 0.7987 0.1714
vn 0.3725 0.9274 0.0336
vn 0.4275 0.9038 0.0197
vn 0.2309 0.9533 -0.1949
vn 0.4375 0.8645 -0.2473
vn 0.4644 0.8849 0.0360
vn 0.3440 0.9366 0.0666
vn 0.5318 0.7675 0.3578
vn 0.3535 0.8441 0.4031
vn 0.4009 0.7119 0.5766
vn 0.4829 0.6767 0.5557
vn 0.2864 0.7308 0.6196
vn 0.5823 0.6037 0.5445
vn 0.1646 0.7476 0.6435
vn 0.6768 0.5276 0.5135
vn 0.0862 0.7245 0.6838
vn 0.7244 0.4504 0.5218
vn -0.0695 0.9827 0.1715
vn 0.7874 0.6147 -0.0460
vn -0.2082 0.9195 0.3333
vn 0.8932 0.4465 0.0537
vn -0.1682 0.8404 0.5152
vn 0.8886 0.3865 0.2470
vn 0.4830 -0.5696 0.6650
vn -0.4118 -0.1852 0.8922
vn 0.5537 -0.8164 0.1638
vn -0.8279 -0.2230 0.5146
vn 0.1015 -0.7741 0.6249
vn -0.3393 -0.5848 0.7368
vn -0.5116 -0.4772 0.7145
vn 0.2700 -0.8129 0.5161
vn -0.3946 -0.3931 0.8305
vn 0.3046 -0.6934 0.6530
vn -0.5600 -0.2225 0.7981
vn 0.5082 -0.6813 0.5269
vn -0.9526 0.2661 0.1472
vn 0.8158 -0.4934 -0.3017
vn -0.7298 0.5233 -0.4400
vn 0.6199 -0.0564 -0.7827
vn -0.4752 0.5443 -0.6913
vn 0.3791 0.1774 -0.9082
vn -0.6074 -0.3850 -0.6949
vn -0.1820 -0.5677 -0.8029
vn -0.5775 -0.6755 -0.4584
vn -0.3036 -0.7932 -0.5279
vn -0.4754 -0.5173 -0.7116
vn -0.3592 -0.5672 -0.7411
vn -0.2413 0.1803 -0.9536
vn -0.1186 0.1276 -0.9847
vn -0.4228 0.1469 -0.8942
vn -0.0083 -0.0312 -0.9995
vn -0.9866 0.0994 -0.1297
vn 0.6089 -0.5858 -0.5348
vn -0.9781 0.0232 0.2070
vn 0.6884 -0.6925 -0.2160
vn -0.7518 -0.6048 -0.2627
vn -0.0706 -0.8973 -0.4356
vn -0.5866 -0.6095 -0.5333
vn -0.2833 -0.7398 -0.6103
vn -0.9472 -0.1815 -0.2644
vn 0.3373 -0.7332 -0.5905
vn -0.9661 0.0777 0.2463
vn 0.7346 -0.6527 -0.1854
vn -0.7934 0.4826 0.3710
vn 0.9599 -0.2704 -0.0741
vn -0.9122 0.2140 0.3495
vn 0.8379 -0.5376 -0.0948
vn -0.7209 0.6916 0.0446
vn 0.9273 -0.0163 -0.3739
vn -0.3403 0.5533 -0.7603
vn 0.2761 0.2885 -0.9168
vn -0.6195 -0.3844 -0.6844
vn -0.1701 -0.5775 -0.7985
vn -0.4750 0.0625 -0.8778
vn -0.0282 -0.1293 -0.9912
vn -0.3706 0.3529 -0.8591
vn 0.1163 0.1438 -0.9828
vn -0.4593 0.2642 -0.8481
vn 0.1132 0.0184 -0.9934
vn -0.8846 0.3979 -0.2433
vn 0.7067 -0.2856 -0.6473
vn -0.7131 0.6621 -0.2304
vn 0.7906 0.0164 -0.6122
vn -0.6617 -0.6916 -0.2896
vn -0.1954 -0.8918 -0.4080
vn 0.0401 -0.0972 0.9945
vn 0.3134 -0.2146 0.9251
vn -0.1985 -0.5482 0.8125
vn 0.0727 -0.6646 0.7436
vn -0.5275 -0.7855 0.3237
vn -0.0914 -0.9728 0.2130
vn -0.5002 -0.0932 0.8609
vn 0.5867 -0.5600 0.5849
vn -0.3262 0.3790 0.8660
vn 0.8089 -0.1086 0.5778
vn -0.5514 0.1491 0.8208
vn 0.7679 -0.4175 0.4858
vn -0.7644 -0.1648 0.6233
vn 0.5998 -0.7507 0.2769
vn -0.9140 -0.3892 0.1143
vn 0.3285 -0.9229 -0.2011
vn -0.7450 -0.6256 0.2317
vn 0.1119 -0.9936 0.0141
vn -0.5416 -0.3684 0.7556
vn 0.3795 -0.7640 0.5218
vn -0.3759 0.0818 0.9230
vn 0.6576 -0.3621 0.6606
vn -0.2283 0.4219 0.8774
vn 0.7842 -0.0129 0.6204
vn -0.2517 -0.1815 0.9506
vn 0.4130 -0.4670 0.7819
vn 0.1704 0.3676 0.9142
vn 0.5221 0.2166 0.8250
vn -0.1788 -0.9839 0.0023
vn -0.5682 -0.8166 0.1011
vn 0.1727 -0.1323 0.9761
vn 0.2020 -0.1449 0.9686
vn 0.4653 0.2474 0.8499
vn 0.2358 0.3460 0.9081
vn -0.8634 0.3659 0.3474
vn 0.9121 -0.3966 -0.1034
vn -0.7668 0.4817 0.4243
vn 0.9649 -0.2620 -0.0153
vn -0.8463 0.3111 0.4325
vn 0.8987 -0.4384 -0.0105
vn -0.9425 0.0676 0.3274
vn 0.7464 -0.6577 -0.1014
vn -0.5965 0.5424 -0.5915
vn 0.4913 0.0752 -0.8677
vn -0.4336 0.5806 -0.6891
vn 0.3800 0.2312 -0.8956
vn -0.4419 0.6928 -0.5698
vn 0.5106 0.2837 -0.8117
vn -0.4955 0.7677 -0.4064
vn 0.6608 0.2710 -0.6999
vn -0.6016 0.6769 -0.4241
vn 0.6550 0.1372 -0.7431
vn -0.2811 0.8902 -0.3586
vn 0.6355 0.4965 -0.5913
vn -0.8566 -0.2980 -0.4212
vn 0.1390 -0.7256 -0.6740
vn -0.8376 -0.4356 -0.3298
vn 0.0701 -0.8254 -0.5602
vn -0.5591 0.1159 -0.8210
vn 0.0822 -0.1595 -0.9838
vn -0.7127 0.2444 -0.6575
vn 0.3294 -0.2032 -0.9221
vn -0.7976 -0.1730 -0.5778
vn 0.1258 -0.5696 -0.8123
vn 0.2307 0.4922 0.8394
vn 0.5410 0.3589 0.7606
vn 0.0595 0.6101 0.7901
vn 0.7050 0.3328 0.6262
vn 0.0230 0.8384 0.5445
vn 0.7842 0.5115 0.3513
vn 0.0701 0.9367 0.3430
vn 0.7415 0.6484 0.1726
vn -0.1382 0.9720 0.1901
vn 0.8289 0.5567 -0.0554
vn -0.1715 0.9801 -0.1000
vn 0.7366 0.5901 -0.3305
vn 0.0302 0.3696 0.9287
vn 0.6136 0.1190 0.7806
vn 0.5022 0.0462 0.8635
vn 0.0808 0.2272 0.9705
vn 0.9555 0.0746 0.2854
vn -0.4073 0.6599 0.6314
vn 0.6754 0.7243 -0.1388
vn 0.0355 0.9991 0.0237
vn -0.0645 0.9882 -0.1389
vn 0.6620 0.6762 -0.3233
vn -0.3115 0.9498 -0.0285
vn 0.8290 0.4600 -0.3181
vn -0.6213 0.6758 -0.3964
vn 0.6773 0.1181 -0.7261
vn 0.2301 0.9726 -0.0322
vn 0.5175 0.8492 -0.1051
vn -0.8466 0.5226 -0.1005
vn 0.8277 -0.1965 -0.5256
vn 0.1416 0.6631 0.7350
vn 0.6697 0.4363 0.6009
vn 0.0945 0.2147 0.9721
vn 0.4860 0.0465 0.8727
vn -0.3482 0.7279 0.5908
vn 0.9502 0.1702 0.2611
vn -0.3508 0.6394 0.6842
vn 0.9289 0.0898 0.3593
vn -0.6930 0.7170 -0.0748
vn 0.8795 0.0416 -0.4740
vn -0.4328 0.9003 -0.0463
vn 0.8607 0.3448 -0.3747
vn -0.2808 0.9596 0.0141
vn 0.8347 0.4806 -0.2691
vn -0.7973 0.5831 0.1557
vn 0.9439 -0.1647 -0.2863
vn -0.8599 0.4982 -0.1115
vn 0.8144 -0.2209 -0.5365
vn -0.8119 0.5755 0.0974
vn 0.9238 -0.1699 -0.3432
vn -0.4166 0.9002 -0.1265
vn 0.8183 0.3699 -0.4400
vn -0.4114 0.8960 -0.1672
vn 0.7956 0.3776 -0.4737
vn -0.5003 0.8497 -0.1667
vn 0.8175 0.2837 -0.5012
vn -0.3072 0.4607 0.8327
vn 0.8401 -0.0321 0.5414
vn -0.3599 0.6761 0.6429
vn 0.9428 0.1166 0.3122
vn -0.3895 0.7621 0.5172
vn 0.9687 0.1788 0.1724
vn 0.1451 -0.1310 0.9807
vn 0.2214 -0.1638 0.9613
vn -0.3381 0.9315 -0.1339
vn 0.7896 0.4472 -0.4202
vn -0.0251 0.9502 -0.3106
vn 0.5423 0.7065 -0.4546
vn 0.8012 0.5401 -0.2577
vn -0.2152 0.9766 0.0003
vn 0.9387 0.1205 0.3231
vn -0.3503 0.6741 0.6503
vn 0.5176 0.0743 0.8524
vn 0.0863 0.2595 0.9619
vn 0.1209 0.0759 0.9898
vn 0.3819 -0.0362 0.9235
vn 0.2443 0.8307 0.5003
vn 0.6277 0.6660 0.4029
vn 0.1256 0.8874 0.4436
vn 0.7151 0.6342 0.2940
vn 0.0792 0.9253 0.3709
vn 0.7395 0.6417 0.2032
vn 0.0977 0.9007 0.4233
vn 0.7328 0.6279 0.2621
vn 0.0204 0.8509 0.5249
vn 0.7864 0.5219 0.3305
vn -0.0025 0.9446 0.3283
vn 0.7846 0.6066 0.1285
vn 0.1118 0.9536 0.2796
vn 0.7023 0.7000 0.1297
vn 0.2030 0.9058 0.3720
vn 0.6521 0.7129 0.2580
vn 0.4030 0.5129 0.7580
vn 0.4186 0.5062 0.7540
vn -0.0290 0.8312 0.5551
vn 0.8149 0.4688 0.3409
vn -0.0148 0.9423 0.3345
vn 0.7930 0.5954 0.1294
vn -0.0452 0.9529 0.2999
vn 0.8045 0.5879 0.0842
vn -0.0357 0.8203 0.5708
vn 0.8177 0.4538 0.3542
vn 0.0286 0.7654 0.6429
vn 0.7706 0.4467 0.4546
vn -0.1943 -0.0393 -0.9802
vn -0.3087 0.0098 -0.9511
vn -0.5835 0.1049 -0.8053
vn 0.0956 -0.1868 -0.9777
vn -0.8579 0.5090 -0.0699
vn 0.8376 -0.2192 -0.5004
vn -0.7642 -0.1250 0.6328
vn 0.6309 -0.7241 0.2786
vn -0.0337 -0.8710 0.4902
vn -0.3794 -0.7225 0.5780
vn 0.3038 -0.8662 0.3968
vn -0.6171 -0.4707 0.6306
vn -0.0526 -0.8999 -0.4330
vn -0.7633 -0.5946 -0.2526
vn -0.2320 -0.8808 -0.4128
vn -0.6341 -0.7081 -0.3107
vn -0.7429 -0.6388 -0.2000
vn -0.0739 -0.9261 -0.3699
vn -0.0074 -0.8131 0.5821
vn -0.3181 -0.6796 0.6610
vn -0.6841 -0.5882 -0.4313
vn -0.1684 -0.8097 -0.5622
vn -0.1801 -0.0183 -0.9835
vn -0.3041 0.0349 -0.9520
s 1
f 4162//4234 4624//4696 5628//5700 4623//4695
f 4624//4696 4116//4188 4625//4697 5628//5700
f 5628//5700 4625//4697 4118//4190 4626//4698
f 4623//4695 5628//5700 4626//4698 4160//4232
f 4119//4191 4628//4700 5629//5701 4627//4699
f 4628//4700 4117//4189 4629//4701 5629//5701
f 5629//5701 4629//4701 4163//4235 4630//4702
f 4627//4699 5629//5701 4630//4702 4161//4233
f 4160//4232 4626//4698 5630//5702 4631//4703
f 4626//4698 4118//4190 4632//4704 5630//5702
f 5630//5702 4632//4704 4120//4192 4633//4705
f 4631//4703 5630//5702 4633//4705 4158//4230
f 4121//4193 4635//4707 5631//5703 4634//4706
f 4635//4707 4119//4191 4627//4699 5631//5703
f 5631//5703 4627//4699 4161//4233 4636//4708
f 4634//4706 5631//5703 4636//4708 4159//4231
f 4118//4190 4637//4709 5632//5704 4632//4704
f 4637//4709 4124//4196 4638//4710 5632//5704
f 5632//5704 4638//4710 4122//4194 4639//4711
f 4632//4704 5632//5704 4639//4711 4120//4192
f 4123//4195 4641//4713 5633//5705 4640//4712
f 4641//4713 4125//4197 4642//4714 5633//5705
f 5633//5705 4642//4714 4119//4191 4635//4707
f 4640//4712 5633//5705 4635//4707 4121//4193
f 4116//4188 4643//4715 5634//5706 4625//4697
f 4643//4715 4126//4198 4644//4716 5634//5706
f 5634//5706 4644//4716 4124//4196 4637//4709
f 4625//4697 5634//5706 4637//4709 4118//4190
f 4125//4197 4645//4717 5635//5707 4642//4714
f 4645//4717 4127//4199 4646//4718 5635//5707
f 5635//5707 4646//4718 4117//4189 4628//4700
f 4642//4714 5635//5707 4628//4700 4119//4191
f 4126//4198 4647//4719 5636//5708 4644//4716
f 4647//4719 4128//4200 4648//4720 5636//5708
f 5636//5708 4648//4720 4130//4202 4649//4721
f 4644//4716 5636//5708 4649//4721 4124//4196
f 4131//4203 4651//4723 5637//5709 4650//4722
f 4651//4723 4129//4201 4652//4724 5637//5709
f 5637//5709 4652//4724 4127//4199 4645//4717
f 4650//4722 5637//5709 4645//4717 4125//4197
f 4124//4196 4649//4721 5638//5710 4638//4710
f 4649//4721 4130//4202 4653//4725 5638//5710
f 5638//5710 4653//4725 4132//4204 4654//4726
f 4638//4710 5638//5710 4654//4726 4122//4194
f 4133//4205 4656//4728 5639//5711 4655//4727
f 4656//4728 4131//4203 4650//4722 5639//5711
f 5639//5711 4650//4722 4125//4197 4641//4713
f 4655//4727 5639//5711 4641//4713 4123//4195
f 4130//4202 4657//4729 5640//5712 4653//4725
f 4657//4729 4136//4208 4658//4730 5640//5712
f 5640//5712 4658//4730 4134//4206 4659//4731
f 4653//4725 5640//5712 4659//4731 4132//4204
f 4135//4207 4661//4733 5641//5713 4660//4732
f 4661//4733 4137//4209 4662//4734 5641//5713
f 5641//5713 4662//4734 4131//4203 4656//4728
f 4660//4732 5641//5713 4656//4728 4133//4205
f 4128//4200 4663//4735 5642//5714 4648//4720
f 4663//4735 4138//4210 4664//4736 5642//5714
f 5642//5714 4664//4736 4136//4208 4657//4729
f 4648//4720 5642//5714 4657//4729 4130//4202
f 4137//4209 4665//4737 5643//5715 4662//4734
f 4665//4737 4139//4211 4666//4738 5643//5715
f 5643//5715 4666//4738 4129//4201 4651//4723
f 4662//4734 5643//5715 4651//4723 4131//4203
f 4138//4210 4667//4739 5644//5716 4664//4736
f 4667//4739 4140//4212 4668//4740 5644//5716
f 5644//5716 4668//4740 4142//4214 4669//4741
f 4664//4736 5644//5716 4669//4741 4136//4208
f 4143//4215 4671//4743 5645//5717 4670//4742
f 4671//4743 4141//4213 4672//4744 5645//5717
f 5645//5717 4672//4744 4139//4211 4665//4737
f 4670//4742 5645//5717 4665//4737 4137//4209
f 4136//4208 4669//4741 5646//5718 4658//4730
f 4669//4741 4142//4214 4673//4745 5646//5718
f 5646//5718 4673//4745 4144//4216 4674//4746
f 4658//4730 5646//5718 4674//4746 4134//4206
f 4145//4217 4676//4748 5647//5719 4675//4747
f 4676//4748 4143//4215 4670//4742 5647//5719
f 5647//5719 4670//4742 4137//4209 4661//4733
f 4675//4747 5647//5719 4661//4733 4135//4207
f 4142//4214 4677//4749 5648//5720 4673//4745
f 4677//4749 4148//4220 4678//4750 5648//5720
f 5648//5720 4678//4750 4146//4218 4679//4751
f 4673//4745 5648//5720 4679//4751 4144//4216
f 4147//4219 4681//4753 5649//5721 4680//4752
f 4681//4753 4149//4221 4682//4754 5649//5721
f 5649//5721 4682//4754 4143//4215 4676//4748
f 4680//4752 5649//5721 4676//4748 4145//4217
f 4140//4212 4683//4755 5650//5722 4668//4740
f 4683//4755 4150//4222 4684//4756 5650//5722
f 5650//5722 4684//4756 4148//4220 4677//4749
f 4668//4740 5650//5722 4677//4749 4142//4214
f 4149//4221 4685//4757 5651//5723 4682//4754
f 4685//4757 4151//4223 4686//4758 5651//5723
f 5651//5723 4686//4758 4141//4213 4671//4743
f 4682//4754 5651//5723 4671//4743 4143//4215
f 4150//4222 4687//4759 5652//5724 4684//4756
f 4687//4759 4152//4224 4688//4760 5652//5724
f 5652//5724 4688//4760 4154//4226 4689//4761
f 4684//4756 5652//5724 4689//4761 4148//4220
f 4155//4227 4691//4763 5653//5725 4690//4762
f 4691//4763 4153//4225 4692//4764 5653//5725
f 5653//5725 4692//4764 4151//4223 4685//4757
f 4690//4762 5653//5725 4685//4757 4149//4221
f 4148//4220 4689//4761 5654//5726 4678//4750
f 4689//4761 4154//4226 4693//4765 5654//5726
f 5654//5726 4693//4765 4156//4228 4694//4766
f 4678//4750 5654//5726 4694//4766 4146//4218
f 4157//4229 4696//4768 5655//5727 4695//4767
f 4696//4768 4155//4227 4690//4762 5655//5727
f 5655//5727 4690//4762 4149//4221 4681//4753
f 4695//4767 5655//5727 4681//4753 4147//4219
f 4154//4226 4697//4769 5656//5728 4693//4765
f 4697//4769 4160//4232 4631//4703 5656//5728
f 5656//5728 4631//4703 4158//4230 4698//4770
f 4693//4765 5656//5728 4698//4770 4156//4228
f 4159//4231 4636//4708 5657//5729 4699//4771
f 4636//4708 4161//4233 4700//4772 5657//5729
f 5657//5729 4700//4772 4155//4227 4696//4768
f 4699//4771 5657//5729 4696//4768 4157//4229
f 4152//4224 4701//4773 5658//5730 4688//4760
f 4701//4773 4162//4234 4623//4695 5658//5730
f 5658//5730 4623//4695 4160//4232 4697//4769
f 4688//4760 5658//5730 4697//4769 4154//4226
f 4161//4233 4630//4702 5659//5731 4700//4772
f 4630//4702 4163//4235 4702//4774 5659//5731
f 5659//5731 4702//4774 4153//4225 4691//4763
f 4700//4772 5659//5731 4691//4763 4155//4227
f 4162//4234 4701//4773 5660//5732 4703//4775
f 4701//4773 4152//4224 4704//4776 5660//5732
f 5660//5732 4704//4776 4166//4238 4705//4777
f 4703//4775 5660//5732 4705//4777 4164//4236
f 4167//4239 4707//4779 5661//5733 4706//4778
f 4707//4779 4153//4225 4702//4774 5661//5733
f 5661//5733 4702//4774 4163//4235 4708//4780
f 4706//4778 5661//5733 4708//4780 4165//4237
f 4152//4224 4687//4759 5662//5734 4704//4776
f 4687//4759 4150//4222 4709//4781 5662//5734
f 5662//5734 4709//4781 4168//4240 4710//4782
f 4704//4776 5662//5734 4710//4782 4166//4238
f 4169//4241 4712//4784 5663//5735 4711//4783
f 4712//4784 4151//4223 4692//4764 5663//5735
f 5663//5735 4692//4764 4153//4225 4707//4779
f 4711//4783 5663//5735 4707//4779 4167//4239
f 4150//4222 4683//4755 5664//5736 4709//4781
f 4683//4755 4140//4212 4713//4785 5664//5736
f 5664//5736 4713//4785 4170//4242 4714//4786
f 4709//4781 5664//5736 4714//4786 4168//4240
f 4171//4243 4716//4788 5665//5737 4715//4787
f 4716//4788 4141//4213 4686//4758 5665//5737
f 5665//5737 4686//4758 4151//4223 4712//4784
f 4715//4787 5665//5737 4712//4784 4169//4241
f 4140//4212 4667//4739 5666//5738 4713//4785
f 4667//4739 4138//4210 4717//4789 5666//5738
f 5666//5738 4717//4789 4172//4244 4718//4790
f 4713//4785 5666//5738 4718//4790 4170//4242
f 4173//4245 4720//4792 5667//5739 4719//4791
f 4720//4792 4139//4211 4672//4744 5667//5739
f 5667//5739 4672//4744 4141//4213 4716//4788
f 4719//4791 5667//5739 4716//4788 4171//4243
f 4138//4210 4663//4735 5668//5740 4717//4789
f 4663//4735 4128//4200 4721//4793 5668//5740
f 5668//5740 4721//4793 4174//4246 4722//4794
f 4717//4789 5668//5740 4722//4794 4172//4244
f 4175//4247 4724//4796 5669//5741 4723//4795
f 4724//4796 4129//4201 4666//4738 5669//5741
f 5669//5741 4666//4738 4139//4211 4720//4792
f 4723//4795 5669//5741 4720//4792 4173//4245
f 4128//4200 4647//4719 5670//5742 4721//4793
f 4647//4719 4126//4198 4725//4797 5670//5742
f 5670//5742 4725//4797 4178//4250 4726//4798
f 4721//4793 5670//5742 4726//4798 4174//4246
f 4179//4251 4728//4800 5671//5743 4727//4799
f 4728//4800 4127//4199 4652//4724 5671//5743
f 5671//5743 4652//4724 4129//4201 4724//4796
f 4727//4799 5671//5743 4724//4796 4175//4247
f 4126//4198 4643//4715 5672//5744 4725//4797
f 4643//4715 4116//4188 4729//4801 5672//5744
f 5672//5744 4729//4801 4180//4252 4730//4802
f 4725//4797 5672//5744 4730//4802 4178//4250
f 4181//4253 4732//4804 5673//5745 4731//4803
f 4732//4804 4117//4189 4646//4718 5673//5745
f 5673//5745 4646//4718 4127//4199 4728//4800
f 4731//4803 5673//5745 4728//4800 4179//4251
f 4116//4188 4624//4696 5674//5746 4729//4801
f 4624//4696 4162//4234 4703//4775 5674//5746
f 5674//5746 4703//4775 4164//4236 4733//4805
f 4729//4801 5674//5746 4733//4805 4180//4252
f 4165//4237 4708//4780 5675//5747 4734//4806
f 4708//4780 4163//4235 4629//4701 5675//5747
f 5675//5747 4629//4701 4117//4189 4732//4804
f 4734//4806 5675//5747 4732//4804 4181//4253
f 4176//4248 4736//4808 5676//5748 4735//4807
f 4180//4252 4733//4805 5676//5748 4736//4808
f 4164//4236 4735//4807 5676//5748 4733//4805
f 4165//4237 4734//4806 5677//5749 4737//4809
f 4181//4253 4738//4810 5677//5749 4734//4806
f 4177//4249 4737//4809 5677//5749 4738//4810
f 4178//4250 4730//4802 5678//5750 4739//4811
f 4180//4252 4736//4808 5678//5750 4730//4802
f 4176//4248 4739//4811 5678//5750 4736//4808
f 4177//4249 4738//4810 5679//5751 4740//4812
f 4181//4253 4731//4803 5679//5751 4738//4810
f 4179//4251 4740//4812 5679//5751 4731//4803
f 4176//4248 4741//4813 5680//5752 4739//4811
f 4174//4246 4726//4798 5680//5752 4741//4813
f 4178//4250 4739//4811 5680//5752 4726//4798
f 4179//4251 4727//4799 5681//5753 4740//4812
f 4175//4247 4742//4814 5681//5753 4727//4799
f 4177//4249 4740//4812 5681//5753 4742//4814
f 4176//4248 4743//4815 5682//5754 4741//4813
f 4172//4244 4722//4794 5682//5754 4743//4815
f 4174//4246 4741//4813 5682//5754 4722//4794
f 4175//4247 4723//4795 5683//5755 4742//4814
f 4173//4245 4744//4816 5683//5755 4723//4795
f 4177//4249 4742//4814 5683//5755 4744//4816
f 4176//4248 4745//4817 5684//5756 4743//4815
f 4170//4242 4718//4790 5684//5756 4745//4817
f 4172//4244 4743//4815 5684//5756 4718//4790
f 4173//4245 4719//4791 5685//5757 4744//4816
f 4171//4243 4746//4818 5685//5757 4719//4791
f 4177//4249 4744//4816 5685//5757 4746//4818
f 4176//4248 4747//4819 5686//5758 4745//4817
f 4168//4240 4714//4786 5686//5758 4747//4819
f 4170//4242 4745//4817 5686//5758 4714//4786
f 4171//4243 4715//4787 5687//5759 4746//4818
f 4169//4241 4748//4820 5687//5759 4715//4787
f 4177//4249 4746//4818 5687//5759 4748//4820
f 4176//4248 4749//4821 5688//5760 4747//4819
f 4166//4238 4710//4782 5688//5760 4749//4821
f 4168//4240 4747//4819 5688//5760 4710//4782
f 4169//4241 4711//4783 5689//5761 4748//4820
f 4167//4239 4750//4822 5689//5761 4711//4783
f 4177//4249 4748//4820 5689//5761 4750//4822
f 4176//4248 4735//4807 5690//5762 4749//4821
f 4164//4236 4705//4777 5690//5762 4735//4807
f 4166//4238 4749//4821 5690//5762 4705//4777
f 4167//4239 4706//4778 5691//5763 4750//4822
f 4165//4237 4737//4809 5691//5763 4706//4778
f 4177//4249 4750//4822 5691//5763 4737//4809
f 4204//4276 4752//4824 5692//5764 4751//4823
f 4752//4824 4289//4361 4753//4825 5692//5764
f 5692//5764 4753//4825 4291//4363 4754//4826
f 4751//4823 5692//5764 4754//4826 4206//4278
f 4291//4363 4755//4827 5693//5765 4754//4826
f 4755//4827 4290//4362 4756//4828 5693//5765
f 5693//5765 4756//4828 4205//4277 4757//4829
f 4754//4826 5693//5765 4757//4829 4206//4278
f 4202//4274 4759//4831 5694//5766 4758//4830
f 4759//4831 4287//4359 4760//4832 5694//5766
f 5694//5766 4760//4832 4289//4361 4752//4824
f 4758//4830 5694//5766 4752//4824 4204//4276
f 4290//4362 4761//4833 5695//5767 4756//4828
f 4761//4833 4288//4360 4762//4834 5695//5767
f 5695//5767 4762//4834 4203//4275 4763//4835
f 4756//4828 5695//5767 4763//4835 4205//4277
f 4200//4272 4765//4837 5696//5768 4764//4836
f 4765//4837 4285//4357 4766//4838 5696//5768
f 5696//5768 4766//4838 4287//4359 4759//4831
f 4764//4836 5696//5768 4759//4831 4202//4274
f 4288//4360 4767//4839 5697//5769 4762//4834
f 4767//4839 4286//4358 4768//4840 5697//5769
f 5697//5769 4768//4840 4201//4273 4769//4841
f 4762//4834 5697//5769 4769//4841 4203//4275
f 4198//4270 4771//4843 5698//5770 4770//4842
f 4771//4843 4283//4355 4772//4844 5698//5770
f 5698//5770 4772//4844 4285//4357 4765//4837
f 4770//4842 5698//5770 4765//4837 4200//4272
f 4286//4358 4773//4845 5699//5771 4768//4840
f 4773//4845 4284//4356 4774//4846 5699//5771
f 5699//5771 4774//4846 4199//4271 4775//4847
f 4768//4840 5699//5771 4775//4847 4201//4273
f 4196//4268 4777//4849 5700//5772 4776//4848
f 4777//4849 4281//4353 4778//4850 5700//5772
f 5700//5772 4778//4850 4283//4355 4771//4843
f 4776//4848 5700//5772 4771//4843 4198//4270
f 4284//4356 4779//4851 5701//5773 4774//4846
f 4779//4851 4282//4354 4780//4852 5701//5773
f 5701//5773 4780//4852 4197//4269 4781//4853
f 4774//4846 5701//5773 4781//4853 4199//4271
f 4194//4266 4783//4855 5702//5774 4782//4854
f 4783//4855 4207//4279 4784//4856 5702//5774
f 5702//5774 4784//4856 4261//4333 4785//4857
f 4782//4854 5702//5774 4785//4857 4279//4351
f 4262//4334 4787//4859 5703//5775 4786//4858
f 4787//4859 4208//4280 4788//4860 5703//5775
f 5703//5775 4788//4860 4195//4267 4789//4861
f 4786//4858 5703//5775 4789//4861 4280//4352
f 4207//4279 4790//4862 5704//5776 4784//4856
f 4790//4862 4209//4281 4791//4863 5704//5776
f 5704//5776 4791//4863 4263//4335 4792//4864
f 4784//4856 5704//5776 4792//4864 4261//4333
f 4264//4336 4794//4866 5705//5777 4793//4865
f 4794//4866 4210//4282 4795//4867 5705//5777
f 5705//5777 4795//4867 4208//4280 4787//4859
f 4793//4865 5705//5777 4787//4859 4262//4334
f 4209//4281 4796//4868 5706//5778 4791//4863
f 4796//4868 4211//4283 4797//4869 5706//5778
f 5706//5778 4797//4869 4265//4337 4798//4870
f 4791//4863 5706//5778 4798//4870 4263//4335
f 4266//4338 4800//4872 5707//5779 4799//4871
f 4800//4872 4212//4284 4801//4873 5707//5779
f 5707//5779 4801//4873 4210//4282 4794//4866
f 4799//4871 5707//5779 4794//4866 4264//4336
f 4211//4283 4802//4874 5708//5780 4797//4869
f 4802//4874 4213//4285 4803//4875 5708//5780
f 5708//5780 4803//4875 4267//4339 4804//4876
f 4797//4869 5708//5780 4804//4876 4265//4337
f 4268//4340 4806//4878 5709//5781 4805//4877
f 4806//4878 4214//4286 4807//4879 5709//5781
f 5709//5781 4807//4879 4212//4284 4800//4872
f 4805//4877 5709//5781 4800//4872 4266//4338
f 4213//4285 4808//4880 5710//5782 4803//4875
f 4808//4880 4215//4287 4809//4881 5710//5782
f 5710//5782 4809//4881 4269//4341 4810//4882
f 4803//4875 5710//5782 4810//4882 4267//4339
f 4270//4342 4812//4884 5711//5783 4811//4883
f 4812//4884 4216//4288 4813//4885 5711//5783
f 5711//5783 4813//4885 4214//4286 4806//4878
f 4811//4883 5711//5783 4806//4878 4268//4340
f 4215//4287 4814//4886 5712//5784 4809//4881
f 4814//4886 4217//4289 4815//4887 5712//5784
f 5712//5784 4815//4887 4271//4343 4816//4888
f 4809//4881 5712//5784 4816//4888 4269//4341
f 4272//4344 4818//4890 5713//5785 4817//4889
f 4818//4890 4218//4290 4819//4891 5713//5785
f 5713//5785 4819//4891 4216//4288 4812//4884
f 4817//4889 5713//5785 4812//4884 4270//4342
f 4217//4289 4820//4892 5714//5786 4815//4887
f 4820//4892 4219//4291 4821//4893 5714//5786
f 5714//5786 4821//4893 4273//4345 4822//4894
f 4815//4887 5714//5786 4822//4894 4271//4343
f 4274//4346 4824//4896 5715//5787 4823//4895
f 4824//4896 4220//4292 4825//4897 5715//5787
f 5715//5787 4825//4897 4218//4290 4818//4890
f 4823//4895 5715//5787 4818//4890 4272//4344
f 4219//4291 4826//4898 5716//5788 4821//4893
f 4826//4898 4221//4293 4827//4899 5716//5788
f 5716//5788 4827//4899 4275//4347 4828//4900
f 4821//4893 5716//5788 4828//4900 4273//4345
f 4276//4348 4830//4902 5717//5789 4829//4901
f 4830//4902 4222//4294 4831//4903 5717//5789
f 5717//5789 4831//4903 4220//4292 4824//4896
f 4829//4901 5717//5789 4824//4896 4274//4346
f 4221//4293 4832//4904 5718//5790 4827//4899
f 4832//4904 4223//4295 4833//4905 5718//5790
f 5718//5790 4833//4905 4277//4349 4834//4906
f 4827//4899 5718//5790 4834//4906 4275//4347
f 4278//4350 4836//4908 5719//5791 4835//4907
f 4836//4908 4224//4296 4837//4909 5719//5791
f 5719//5791 4837//4909 4222//4294 4830//4902
f 4835//4907 5719//5791 4830//4902 4276//4348
f 4223//4295 4838//4910 5720//5792 4833//4905
f 4838//4910 4182//4254 4839//4911 5720//5792
f 5720//5792 4839//4911 4183//4255 4840//4912
f 4833//4905 5720//5792 4840//4912 4277//4349
f 4183//4255 4839//4911 5721//5793 4841//4913
f 4839//4911 4182//4254 4842//4914 5721//5793
f 5721//5793 4842//4914 4224//4296 4836//4908
f 4841//4913 5721//5793 4836//4908 4278//4350
f 4225//4297 4844//4916 5722//5794 4843//4915
f 4844//4916 4243//4315 4845//4917 5722//5794
f 5722//5794 4845//4917 4275//4347 4834//4906
f 4843//4915 5722//5794 4834//4906 4277//4349
f 4276//4348 4846//4918 5723//5795 4835//4907
f 4846//4918 4244//4316 4847//4919 5723//5795
f 5723//5795 4847//4919 4226//4298 4848//4920
f 4835//4907 5723//5795 4848//4920 4278//4350
f 4243//4315 4849//4921 5724//5796 4845//4917
f 4849//4921 4294//4366 4850//4922 5724//5796
f 5724//5796 4850//4922 4273//4345 4828//4900
f 4845//4917 5724//5796 4828//4900 4275//4347
f 4274//4346 4851//4923 5725//5797 4829//4901
f 4851//4923 4295//4367 4852//4924 5725//5797
f 5725//5797 4852//4924 4244//4316 4846//4918
f 4829//4901 5725//5797 4846//4918 4276//4348
f 4241//4313 4854//4926 5726//5798 4853//4925
f 4854//4926 4271//4343 4822//4894 5726//5798
f 5726//5798 4822//4894 4273//4345 4850//4922
f 4853//4925 5726//5798 4850//4922 4294//4366
f 4274//4346 4823//4895 5727//5799 4851//4923
f 4823//4895 4272//4344 4855//4927 5727//5799
f 5727//5799 4855//4927 4242//4314 4856//4928
f 4851//4923 5727//5799 4856//4928 4295//4367
f 4239//4311 4858//4930 5728//5800 4857//4929
f 4858//4930 4269//4341 4816//4888 5728//5800
f 5728//5800 4816//4888 4271//4343 4854//4926
f 4857//4929 5728//5800 4854//4926 4241//4313
f 4272//4344 4817//4889 5729//5801 4855//4927
f 4817//4889 4270//4342 4859//4931 5729//5801
f 5729//5801 4859//4931 4240//4312 4860//4932
f 4855//4927 5729//5801 4860//4932 4242//4314
f 4237//4309 4862//4934 5730//5802 4861//4933
f 4862//4934 4267//4339 4810//4882 5730//5802
f 5730//5802 4810//4882 4269//4341 4858//4930
f 4861//4933 5730//5802 4858//4930 4239//4311
f 4270//4342 4811//4883 5731//5803 4859//4931
f 4811//4883 4268//4340 4863//4935 5731//5803
f 5731//5803 4863//4935 4238//4310 4864//4936
f 4859//4931 5731//5803 4864//4936 4240//4312
f 4235//4307 4866//4938 5732//5804 4865//4937
f 4866//4938 4265//4337 4804//4876 5732//5804
f 5732//5804 4804//4876 4267//4339 4862//4934
f 4865//4937 5732//5804 4862//4934 4237//4309
f 4268//4340 4805//4877 5733//5805 4863//4935
f 4805//4877 4266//4338 4867//4939 5733//5805
f 5733//5805 4867//4939 4236//4308 4868//4940
f 4863//4935 5733//5805 4868//4940 4238//4310
f 4233//4305 4870//4942 5734//5806 4869//4941
f 4870//4942 4263//4335 4798//4870 5734//5806
f 5734//5806 4798//4870 4265//4337 4866//4938
f 4869//4941 5734//5806 4866//4938 4235//4307
f 4266//4338 4799//4871 5735//5807 4867//4939
f 4799//4871 4264//4336 4871//4943 5735//5807
f 5735//5807 4871//4943 4234//4306 4872//4944
f 4867//4939 5735//5807 4872//4944 4236//4308
f 4231//4303 4874//4946 5736//5808 4873//4945
f 4874//4946 4261//4333 4792//4864 5736//5808
f 5736//5808 4792//4864 4263//4335 4870//4942
f 4873//4945 5736//5808 4870//4942 4233//4305
f 4264//4336 4793//4865 5737//5809 4871//4943
f 4793//4865 4262//4334 4875//4947 5737//5809
f 5737//5809 4875//4947 4232//4304 4876//4948
f 4871//4943 5737//5809 4876//4948 4234//4306
f 4229//4301 4878//4950 5738//5810 4877//4949
f 4878//4950 4279//4351 4785//4857 5738//5810
f 5738//5810 4785//4857 4261//4333 4874//4946
f 4877//4949 5738//5810 4874//4946 4231//4303
f 4262//4334 4786//4858 5739//5811 4875//4947
f 4786//4858 4280//4352 4879//4951 5739//5811
f 5739//5811 4879//4951 4230//4302 4880//4952
f 4875//4947 5739//5811 4880//4952 4232//4304
f 4229//4301 4881//4953 5740//5812 4878//4950
f 4881//4953 4296//4368 4882//4954 5740//5812
f 5740//5812 4882//4954 4292//4364 4883//4955
f 4878//4950 5740//5812 4883//4955 4279//4351
f 4292//4364 4885//4957 5741//5813 4884//4956
f 4885//4957 4297//4369 4886//4958 5741//5813
f 5741//5813 4886//4958 4230//4302 4879//4951
f 4884//4956 5741//5813 4879//4951 4280//4352
f 4225//4297 4843//4915 5742//5814 4887//4959
f 4843//4915 4277//4349 4840//4912 5742//5814
f 5742//5814 4840//4912 4183//4255 4888//4960
f 4887//4959 5742//5814 4888//4960 4227//4299
f 4183//4255 4841//4913 5743//5815 4889//4961
f 4841//4913 4278//4350 4848//4920 5743//5815
f 5743//5815 4848//4920 4226//4298 4890//4962
f 4889//4961 5743//5815 4890//4962 4228//4300
f 4227//4299 4888//4960 5744//5816 4891//4963
f 4888//4960 4183//4255 4892//4964 5744//5816
f 5744//5816 4892//4964 4293//4365 4893//4965
f 4891//4963 5744//5816 4893//4965 4298//4370
f 4293//4365 4892//4964 5745//5817 4894//4966
f 4892//4964 4183//4255 4889//4961 5745//5817
f 5745//5817 4889//4961 4228//4300 4895//4967
f 4894//4966 5745//5817 4895//4967 4299//4371
f 4292//4364 4882//4954 5746//5818 4896//4968
f 4882//4954 4296//4368 4897//4969 5746//5818
f 5746//5818 4897//4969 4298//4370 4893//4965
f 4896//4968 5746//5818 4893//4965 4293//4365
f 4299//4371 4898//4970 5747//5819 4894//4966
f 4898//4970 4297//4369 4885//4957 5747//5819
f 5747//5819 4885//4957 4292//4364 4896//4968
f 4894//4966 5747//5819 4896//4968 4293//4365
f 4250//4322 4900//4972 5748//5820 4899//4971
f 4900//4972 4252//4324 4901//4973 5748//5820
f 5748//5820 4901//4973 4291//4363 4753//4825
f 4899//4971 5748//5820 4753//4825 4289//4361
f 4291//4363 4901//4973 5749//5821 4755//4827
f 4901//4973 4252//4324 4902//4974 5749//5821
f 5749//5821 4902//4974 4251//4323 4903//4975
f 4755//4827 5749//5821 4903//4975 4290//4362
f 4248//4320 4905//4977 5750//5822 4904//4976
f 4905//4977 4250//4322 4899//4971 5750//5822
f 5750//5822 4899//4971 4289//4361 4760//4832
f 4904//4976 5750//5822 4760//4832 4287//4359
f 4290//4362 4903//4975 5751//5823 4761//4833
f 4903//4975 4251//4323 4906//4978 5751//5823
f 5751//5823 4906//4978 4249//4321 4907//4979
f 4761//4833 5751//5823 4907//4979 4288//4360
f 4246//4318 4909//4981 5752//5824 4908//4980
f 4909//4981 4248//4320 4904//4976 5752//5824
f 5752//5824 4904//4976 4287//4359 4766//4838
f 4908//4980 5752//5824 4766//4838 4285//4357
f 4288//4360 4907//4979 5753//5825 4767//4839
f 4907//4979 4249//4321 4910//4982 5753//5825
f 5753//5825 4910//4982 4247//4319 4911//4983
f 4767//4839 5753//5825 4911//4983 4286//4358
f 4281//4353 4912//4984 5754//5826 4778//4850
f 4912//4984 4302//4374 4913//4985 5754//5826
f 5754//5826 4913//4985 4300//4372 4914//4986
f 4778//4850 5754//5826 4914//4986 4283//4355
f 4301//4373 4916//4988 5755//5827 4915//4987
f 4916//4988 4303//4375 4917//4989 5755//5827
f 5755//5827 4917//4989 4282//4354 4779//4851
f 4915//4987 5755//5827 4779//4851 4284//4356
f 4246//4318 4908//4980 5756//5828 4918//4990
f 4908//4980 4285//4357 4772//4844 5756//5828
f 5756//5828 4772//4844 4283//4355 4914//4986
f 4918//4990 5756//5828 4914//4986 4300//4372
f 4284//4356 4773//4845 5757//5829 4915//4987
f 4773//4845 4286//4358 4911//4983 5757//5829
f 5757//5829 4911//4983 4247//4319 4919//4991
f 4915//4987 5757//5829 4919//4991 4301//4373
f 4259//4331 4921//4993 5758//5830 4920//4992
f 4921//4993 4305//4377 4922//4994 5758//5830
f 5758//5830 4922//4994 4304//4376 4923//4995
f 4920//4992 5758//5830 4923//4995 4302//4374
f 4304//4376 4922//4994 5759//5831 4924//4996
f 4922//4994 4305//4377 4925//4997 5759//5831
f 5759//5831 4925//4997 4260//4332 4926//4998
f 4924//4996 5759//5831 4926//4998 4303//4375
f 4300//4372 4913//4985 5760//5832 4927//4999
f 4913//4985 4302//4374 4923//4995 5760//5832
f 5760//5832 4923//4995 4304//4376 4928//5000
f 4927//4999 5760//5832 4928//5000 4184//4256
f 4304//4376 4924//4996 5761//5833 4928//5000
f 4924//4996 4303//4375 4916//4988 5761//5833
f 5761//5833 4916//4988 4301//4373 4929//5001
f 4928//5000 5761//5833 4929//5001 4184//4256
f 4245//4317 4931//5003 5762//5834 4930//5002
f 4931//5003 4246//4318 4918//4990 5762//5834
f 5762//5834 4918//4990 4300//4372 4927//4999
f 4930//5002 5762//5834 4927//4999 4184//4256
f 4301//4373 4919//4991 5763//5835 4929//5001
f 4919//4991 4247//4319 4932//5004 5763//5835
f 5763//5835 4932//5004 4245//4317 4930//5002
f 4929//5001 5763//5835 4930//5002 4184//4256
f 4257//4329 4934//5006 5764//5836 4933//5005
f 4934//5006 4308//4380 4935//5007 5764//5836
f 5764//5836 4935//5007 4306//4378 4936//5008
f 4933//5005 5764//5836 4936//5008 4259//4331
f 4307//4379 4938//5010 5765//5837 4937//5009
f 4938//5010 4309//4381 4939//5011 5765//5837
f 5765//5837 4939//5011 4258//4330 4940//5012
f 4937//5009 5765//5837 4940//5012 4260//4332
f 4255//4327 4942//5014 5766//5838 4941//5013
f 4942//5014 4310//4382 4943//5015 5766//5838
f 5766//5838 4943//5015 4308//4380 4934//5006
f 4941//5013 5766//5838 4934//5006 4257//4329
f 4309//4381 4944//5016 5767//5839 4939//5011
f 4944//5016 4311//4383 4945//5017 5767//5839
f 5767//5839 4945//5017 4256//4328 4946//5018
f 4939//5011 5767//5839 4946//5018 4258//4330
f 4254//4326 4948//5020 5768//5840 4947//5019
f 4948//5020 4312//4384 4949//5021 5768//5840
f 5768//5840 4949//5021 4310//4382 4942//5014
f 4947//5019 5768//5840 4942//5014 4255//4327
f 4311//4383 4950//5022 5769//5841 4945//5017
f 4950//5022 4313//4385 4951//5023 5769//5841
f 5769//5841 4951//5023 4254//4326 4952//5024
f 4945//5017 5769//5841 4952//5024 4256//4328
f 4253//4325 4954//5026 5770//5842 4953//5025
f 4954//5026 4186//4258 4955//5027 5770//5842
f 5770//5842 4955//5027 4312//4384 4948//5020
f 4953//5025 5770//5842 4948//5020 4254//4326
f 4313//4385 4956//5028 5771//5843 4951//5023
f 4956//5028 4186//4258 4954//5026 5771//5843
f 5771//5843 4954//5026 4253//4325 4953//5025
f 4951//5023 5771//5843 4953//5025 4254//4326
f 4305//4377 4921//4993 5772//5844 4957//5029
f 4921//4993 4259//4331 4936//5008 5772//5844
f 5772//5844 4936//5008 4306//4378 4958//5030
f 4957//5029 5772//5844 4958//5030 4185//4257
f 4307//4379 4937//5009 5773//5845 4959//5031
f 4937//5009 4260//4332 4925//4997 5773//5845
f 5773//5845 4925//4997 4305//4377 4957//5029
f 4959//5031 5773//5845 4957//5029 4185//4257
f 4185//4257 4958//5030 5774//5846 4960//5032
f 4958//5030 4306//4378 4961//5033 5774//5846
f 5774//5846 4961//5033 4321//4393 4962//5034
f 4960//5032 5774//5846 4962//5034 4323//4395
f 4322//4394 4964//5036 5775//5847 4963//5035
f 4964//5036 4307//4379 4959//5031 5775//5847
f 5775//5847 4959//5031 4185//4257 4960//5032
f 4963//5035 5775//5847 4960//5032 4323//4395
f 4186//4258 4965//5037 5776//5848 4955//5027
f 4965//5037 4314//4386 4966//5038 5776//5848
f 5776//5848 4966//5038 4315//4387 4967//5039
f 4955//5027 5776//5848 4967//5039 4312//4384
f 4316//4388 4969//5041 5777//5849 4968//5040
f 4969//5041 4314//4386 4965//5037 5777//5849
f 5777//5849 4965//5037 4186//4258 4956//5028
f 4968//5040 5777//5849 4956//5028 4313//4385
f 4312//4384 4967//5039 5778//5850 4949//5021
f 4967//5039 4315//4387 4970//5042 5778//5850
f 5778//5850 4970//5042 4317//4389 4971//5043
f 4949//5021 5778//5850 4971//5043 4310//4382
f 4318//4390 4973//5045 5779//5851 4972//5044
f 4973//5045 4316//4388 4968//5040 5779//5851
f 5779//5851 4968//5040 4313//4385 4950//5022
f 4972//5044 5779//5851 4950//5022 4311//4383
f 4310//4382 4971//5043 5780//5852 4943//5015
f 4971//5043 4317//4389 4974//5046 5780//5852
f 5780//5852 4974//5046 4319//4391 4975//5047
f 4943//5015 5780//5852 4975//5047 4308//4380
f 4320//4392 4977//5049 5781//5853 4976//5048
f 4977//5049 4318//4390 4972//5044 5781//5853
f 5781//5853 4972//5044 4311//4383 4944//5016
f 4976//5048 5781//5853 4944//5016 4309//4381
f 4308//4380 4975//5047 5782//5854 4935//5007
f 4975//5047 4319//4391 4978//5050 5782//5854
f 5782//5854 4978//5050 4321//4393 4961//5033
f 4935//5007 5782//5854 4961//5033 4306//4378
f 4322//4394 4979//5051 5783//5855 4964//5036
f 4979//5051 4320//4392 4976//5048 5783//5855
f 5783//5855 4976//5048 4309//4381 4938//5010
f 4964//5036 5783//5855 4938//5010 4307//4379
f 4314//4386 4980//5052 5784//5856 4966//5038
f 4980//5052 4319//4391 4974//5046 5784//5856
f 5784//5856 4974//5046 4317//4389 4970//5042
f 4966//5038 5784//5856 4970//5042 4315//4387
f 4318//4390 4977//5049 5785//5857 4973//5045
f 4977//5049 4320//4392 4981//5053 5785//5857
f 5785//5857 4981//5053 4314//4386 4969//5041
f 4973//5045 5785//5857 4969//5041 4316//4388
f 4314//4386 4982//5054 5786//5858 4980//5052
f 4982//5054 4323//4395 4962//5034 5786//5858
f 5786//5858 4962//5034 4321//4393 4978//5050
f 4980//5052 5786//5858 4978//5050 4319//4391
f 4322//4394 4963//5035 5787//5859 4979//5051
f 4963//5035 4323//4395 4982//5054 5787//5859
f 5787//5859 4982//5054 4314//4386 4981//5053
f 4979//5051 5787//5859 4981//5053 4320//4392
f 4254//4326 4947//5019 5788//5860 4983//5055
f 4947//5019 4255//4327 4984//5056 5788//5860
f 5788//5860 4984//5056 4279//4351 4883//4955
f 4983//5055 5788//5860 4883//4955 4292//4364
f 4280//4352 4985//5057 5789//5861 4884//4956
f 4985//5057 4256//4328 4952//5024 5789//5861
f 5789//5861 4952//5024 4254//4326 4983//5055
f 4884//4956 5789//5861 4983//5055 4292//4364
f 4255//4327 4941//5013 5790//5862 4984//5056
f 4941//5013 4257//4329 4986//5058 5790//5862
f 5790//5862 4986//5058 4326//4398 4987//5059
f 4984//5056 5790//5862 4987//5059 4279//4351
f 4327//4399 4989//5061 5791//5863 4988//5060
f 4989//5061 4258//4330 4946//5018 5791//5863
f 5791//5863 4946//5018 4256//4328 4985//5057
f 4988//5060 5791//5863 4985//5057 4280//4352
f 4257//4329 4933//5005 5792//5864 4986//5058
f 4933//5005 4259//4331 4990//5062 5792//5864
f 5792//5864 4990//5062 4328//4400 4991//5063
f 4986//5058 5792//5864 4991//5063 4326//4398
f 4329//4401 4993//5065 5793//5865 4992//5064
f 4993//5065 4260//4332 4940//5012 5793//5865
f 5793//5865 4940//5012 4258//4330 4989//5061
f 4992//5064 5793//5865 4989//5061 4327//4399
f 4259//4331 4920//4992 5794//5866 4990//5062
f 4920//4992 4302//4374 4912//4984 5794//5866
f 5794//5866 4912//4984 4281//4353 4994//5066
f 4990//5062 5794//5866 4994//5066 4328//4400
f 4282//4354 4917//4989 5795//5867 4995//5067
f 4917//4989 4303//4375 4926//4998 5795//5867
f 5795//5867 4926//4998 4260//4332 4993//5065
f 4995//5067 5795//5867 4993//5065 4329//4401
f 4196//4268 4996//5068 5796//5868 4777//4849
f 4996//5068 4324//4396 4997//5069 5796//5868
f 5796//5868 4997//5069 4328//4400 4994//5066
f 4777//4849 5796//5868 4994//5066 4281//4353
f 4329//4401 4998//5070 5797//5869 4995//5067
f 4998//5070 4325//4397 4999//5071 5797//5869
f 5797//5869 4999//5071 4197//4269 4780//4852
f 4995//5067 5797//5869 4780//4852 4282//4354
f 4324//4396 5000//5072 5798//5870 4997//5069
f 5000//5072 4330//4402 5001//5073 5798//5870
f 5798//5870 5001//5073 4326//4398 4991//5063
f 4997//5069 5798//5870 4991//5063 4328//4400
f 4327//4399 5002//5074 5799//5871 4992//5064
f 5002//5074 4331//4403 5003//5075 5799//5871
f 5799//5871 5003//5075 4325//4397 4998//5070
f 4992//5064 5799//5871 4998//5070 4329//4401
f 4194//4266 4782//4854 5800//5872 5004//5076
f 4782//4854 4279//4351 4987//5059 5800//5872
f 5800//5872 4987//5059 4326//4398 5001//5073
f 5004//5076 5800//5872 5001//5073 4330//4402
f 4327//4399 4988//5060 5801//5873 5002//5074
f 4988//5060 4280//4352 4789//4861 5801//5873
f 5801//5873 4789//4861 4195//4267 5005//5077
f 5002//5074 5801//5873 5005//5077 4331//4403
f 4246//4318 4931//5003 5802//5874 5006//5078
f 4931//5003 4245//4317 5007//5079 5802//5874
f 5802//5874 5007//5079 4187//4259 5008//5080
f 5006//5078 5802//5874 5008//5080 4337//4409
f 4187//4259 5007//5079 5803//5875 5009//5081
f 5007//5079 4245//4317 4932//5004 5803//5875
f 5803//5875 4932//5004 4247//4319 5010//5082
f 5009//5081 5803//5875 5010//5082 4338//4410
f 4248//4320 4909//4981 5804//5876 5011//5083
f 4909//4981 4246//4318 5006//5078 5804//5876
f 5804//5876 5006//5078 4337//4409 5012//5084
f 5011//5083 5804//5876 5012//5084 4335//4407
f 4338//4410 5010//5082 5805//5877 5013//5085
f 5010//5082 4247//4319 4910//4982 5805//5877
f 5805//5877 4910//4982 4249//4321 5014//5086
f 5013//5085 5805//5877 5014//5086 4336//4408
f 4250//4322 4905//4977 5806//5878 5015//5087
f 4905//4977 4248//4320 5011//5083 5806//5878
f 5806//5878 5011//5083 4335//4407 5016//5088
f 5015//5087 5806//5878 5016//5088 4333//4405
f 4336//4408 5014//5086 5807//5879 5017//5089
f 5014//5086 4249//4321 4906//4978 5807//5879
f 5807//5879 4906//4978 4251//4323 5018//5090
f 5017//5089 5807//5879 5018//5090 4334//4406
f 4252//4324 4900//4972 5808//5880 5019//5091
f 4900//4972 4250//4322 5015//5087 5808//5880
f 5808//5880 5015//5087 4333//4405 5020//5092
f 5019//5091 5808//5880 5020//5092 4332//4404
f 4334//4406 5018//5090 5809//5881 5021//5093
f 5018//5090 4251//4323 4902//4974 5809//5881
f 5809//5881 4902//4974 4252//4324 5019//5091
f 5021//5093 5809//5881 5019//5091 4332//4404
f 4332//4404 5020//5092 5810//5882 5022//5094
f 5020//5092 4333//4405 5023//5095 5810//5882
f 5810//5882 5023//5095 4344//4416 5024//5096
f 5022//5094 5810//5882 5024//5096 4346//4418
f 4345//4417 5026//5098 5811//5883 5025//5097
f 5026//5098 4334//4406 5021//5093 5811//5883
f 5811//5883 5021//5093 4332//4404 5022//5094
f 5025//5097 5811//5883 5022//5094 4346//4418
f 4333//4405 5016//5088 5812//5884 5023//5095
f 5016//5088 4335//4407 5027//5099 5812//5884
f 5812//5884 5027//5099 4342//4414 5028//5100
f 5023//5095 5812//5884 5028//5100 4344//4416
f 4343//4415 5030//5102 5813//5885 5029//5101
f 5030//5102 4336//4408 5017//5089 5813//5885
f 5813//5885 5017//5089 4334//4406 5026//5098
f 5029//5101 5813//5885 5026//5098 4345//4417
f 4335//4407 5012//5084 5814//5886 5027//5099
f 5012//5084 4337//4409 5031//5103 5814//5886
f 5814//5886 5031//5103 4340//4412 5032//5104
f 5027//5099 5814//5886 5032//5104 4342//4414
f 4341//4413 5034//5106 5815//5887 5033//5105
f 5034//5106 4338//4410 5013//5085 5815//5887
f 5815//5887 5013//5085 4336//4408 5030//5102
f 5033//5105 5815//5887 5030//5102 4343//4415
f 4337//4409 5008//5080 5816//5888 5031//5103
f 5008//5080 4187//4259 5035//5107 5816//5888
f 5816//5888 5035//5107 4339//4411 5036//5108
f 5031//5103 5816//5888 5036//5108 4340//4412
f 4339//4411 5035//5107 5817//5889 5037//5109
f 5035//5107 4187//4259 5009//5081 5817//5889
f 5817//5889 5009//5081 4338//4410 5034//5106
f 5037//5109 5817//5889 5034//5106 4341//4413
f 4339//4411 5038//5110 5818//5890 5036//5108
f 5038//5110 4346//4418 5024//5096 5818//5890
f 5818//5890 5024//5096 4344//4416 5039//5111
f 5036//5108 5818//5890 5039//5111 4340//4412
f 4345//4417 5025//5097 5819//5891 5040//5112
f 5025//5097 4346//4418 5038//5110 5819//5891
f 5819//5891 5038//5110 4339//4411 5037//5109
f 5040//5112 5819//5891 5037//5109 4341//4413
f 4340//4412 5039//5111 5820//5892 5032//5104
f 4344//4416 5028//5100 5820//5892 5039//5111
f 4342//4414 5032//5104 5820//5892 5028//5100
f 4343//4415 5029//5101 5821//5893 5033//5105
f 4345//4417 5040//5112 5821//5893 5029//5101
f 4341//4413 5033//5105 5821//5893 5040//5112
f 4298//4370 4897//4969 5822//5894 5041//5113
f 4897//4969 4296//4368 5042//5114 5822//5894
f 5822//5894 5042//5114 4349//4421 5043//5115
f 5041//5113 5822//5894 5043//5115 4347//4419
f 4350//4422 5045//5117 5823//5895 5044//5116
f 5045//5117 4297//4369 4898//4970 5823//5895
f 5823//5895 4898//4970 4299//4371 5046//5118
f 5044//5116 5823//5895 5046//5118 4348//4420
f 4227//4299 4891//4963 5824//5896 5047//5119
f 4891//4963 4298//4370 5041//5113 5824//5896
f 5824//5896 5041//5113 4347//4419 5048//5120
f 5047//5119 5824//5896 5048//5120 4369//4441
f 4348//4420 5046//5118 5825//5897 5049//5121
f 5046//5118 4299//4371 4895//4967 5825//5897
f 5825//5897 4895//4967 4228//4300 5050//5122
f 5049//5121 5825//5897 5050//5122 4370//4442
f 4225//4297 4887//4959 5826//5898 5051//5123
f 4887//4959 4227//4299 5047//5119 5826//5898
f 5826//5898 5047//5119 4369//4441 5052//5124
f 5051//5123 5826//5898 5052//5124 4371//4443
f 4370//4442 5050//5122 5827//5899 5053//5125
f 5050//5122 4228//4300 4890//4962 5827//5899
f 5827//5899 4890//4962 4226//4298 5054//5126
f 5053//5125 5827//5899 5054//5126 4372//4444
f 4296//4368 4881//4953 5828//5900 5042//5114
f 4881//4953 4229//4301 5055//5127 5828//5900
f 5828//5900 5055//5127 4367//4439 5056//5128
f 5042//5114 5828//5900 5056//5128 4349//4421
f 4368//4440 5058//5130 5829//5901 5057//5129
f 5058//5130 4230//4302 4886//4958 5829//5901
f 5829//5901 4886//4958 4297//4369 5045//5117
f 5057//5129 5829//5901 5045//5117 4350//4422
f 4229//4301 4877//4949 5830//5902 5055//5127
f 4877//4949 4231//4303 5059//5131 5830//5902
f 5830//5902 5059//5131 4365//4437 5060//5132
f 5055//5127 5830//5902 5060//5132 4367//4439
f 4366//4438 5062//5134 5831//5903 5061//5133
f 5062//5134 4232//4304 4880//4952 5831//5903
f 5831//5903 4880//4952 4230//4302 5058//5130
f 5061//5133 5831//5903 5058//5130 4368//4440
f 4231//4303 4873//4945 5832//5904 5059//5131
f 4873//4945 4233//4305 5063//5135 5832//5904
f 5832//5904 5063//5135 4363//4435 5064//5136
f 5059//5131 5832//5904 5064//5136 4365//4437
f 4364//4436 5066//5138 5833//5905 5065//5137
f 5066//5138 4234//4306 4876//4948 5833//5905
f 5833//5905 4876//4948 4232//4304 5062//5134
f 5065//5137 5833//5905 5062//5134 4366//4438
f 4233//4305 4869//4941 5834//5906 5063//5135
f 4869//4941 4235//4307 5067//5139 5834//5906
f 5834//5906 5067//5139 4361//4433 5068//5140
f 5063//5135 5834//5906 5068//5140 4363//4435
f 4362//4434 5070//5142 5835//5907 5069//5141
f 5070//5142 4236//4308 4872//4944 5835//5907
f 5835//5907 4872//4944 4234//4306 5066//5138
f 5069//5141 5835//5907 5066//5138 4364//4436
f 4235//4307 4865//4937 5836//5908 5067//5139
f 4865//4937 4237//4309 5071//5143 5836//5908
f 5836//5908 5071//5143 4359//4431 5072//5144
f 5067//5139 5836//5908 5072//5144 4361//4433
f 4360//4432 5074//5146 5837//5909 5073//5145
f 5074//5146 4238//4310 4868//4940 5837//5909
f 5837//5909 4868//4940 4236//4308 5070//5142
f 5073//5145 5837//5909 5070//5142 4362//4434
f 4237//4309 4861//4933 5838//5910 5071//5143
f 4861//4933 4239//4311 5075//5147 5838//5910
f 5838//5910 5075//5147 4357//4429 5076//5148
f 5071//5143 5838//5910 5076//5148 4359//4431
f 4358//4430 5078//5150 5839//5911 5077//5149
f 5078//5150 4240//4312 4864//4936 5839//5911
f 5839//5911 4864//4936 4238//4310 5074//5146
f 5077//5149 5839//5911 5074//5146 4360//4432
f 4239//4311 4857//4929 5840//5912 5075//5147
f 4857//4929 4241//4313 5079//5151 5840//5912
f 5840//5912 5079//5151 4355//4427 5080//5152
f 5075//5147 5840//5912 5080//5152 4357//4429
f 4356//4428 5082//5154 5841//5913 5081//5153
f 5082//5154 4242//4314 4860//4932 5841//5913
f 5841//5913 4860//4932 4240//4312 5078//5150
f 5081//5153 5841//5913 5078//5150 4358//4430
f 4241//4313 4853//4925 5842//5914 5079//5151
f 4853//4925 4294//4366 5083//5155 5842//5914
f 5842//5914 5083//5155 4351//4423 5084//5156
f 5079//5151 5842//5914 5084//5156 4355//4427
f 4352//4424 5086//5158 5843//5915 5085//5157
f 5086//5158 4295//4367 4856//4928 5843//5915
f 5843//5915 4856//4928 4242//4314 5082//5154
f 5085//5157 5843//5915 5082//5154 4356//4428
f 4294//4366 4849//4921 5844//5916 5083//5155
f 4849//4921 4243//4315 5087//5159 5844//5916
f 5844//5916 5087//5159 4353//4425 5088//5160
f 5083//5155 5844//5916 5088//5160 4351//4423
f 4354//4426 5090//5162 5845//5917 5089//5161
f 5090//5162 4244//4316 4852//4924 5845//5917
f 5845//5917 4852//4924 4295//4367 5086//5158
f 5089//5161 5845//5917 5086//5158 4352//4424
f 4243//4315 4844//4916 5846//5918 5087//5159
f 4844//4916 4225//4297 5051//5123 5846//5918
f 5846//5918 5051//5123 4371//4443 5091//5163
f 5087//5159 5846//5918 5091//5163 4353//4425
f 4372//4444 5054//5126 5847//5919 5092//5164
f 5054//5126 4226//4298 4847//4919 5847//5919
f 5847//5919 4847//4919 4244//4316 5090//5162
f 5092//5164 5847//5919 5090//5162 4354//4426
f 4353//4425 5091//5163 5848//5920 5093//5165
f 5091//5163 4371//4443 5094//5166 5848//5920
f 5848//5920 5094//5166 4373//4445 5095//5167
f 5093//5165 5848//5920 5095//5167 4391//4463
f 4374//4446 5097//5169 5849//5921 5096//5168
f 5097//5169 4372//4444 5092//5164 5849//5921
f 5849//5921 5092//5164 4354//4426 5098//5170
f 5096//5168 5849//5921 5098//5170 4392//4464
f 4351//4423 5088//5160 5850//5922 5099//5171
f 5088//5160 4353//4425 5093//5165 5850//5922
f 5850//5922 5093//5165 4391//4463 5100//5172
f 5099//5171 5850//5922 5100//5172 4393//4465
f 4392//4464 5098//5170 5851//5923 5101//5173
f 5098//5170 4354//4426 5089//5161 5851//5923
f 5851//5923 5089//5161 4352//4424 5102//5174
f 5101//5173 5851//5923 5102//5174 4394//4466
f 4355//4427 5084//5156 5852//5924 5103//5175
f 5084//5156 4351//4423 5099//5171 5852//5924
f 5852//5924 5099//5171 4393//4465 5104//5176
f 5103//5175 5852//5924 5104//5176 4389//4461
f 4394//4466 5102//5174 5853//5925 5105//5177
f 5102//5174 4352//4424 5085//5157 5853//5925
f 5853//5925 5085//5157 4356//4428 5106//5178
f 5105//5177 5853//5925 5106//5178 4390//4462
f 4357//4429 5080//5152 5854//5926 5107//5179
f 5080//5152 4355//4427 5103//5175 5854//5926
f 5854//5926 5103//5175 4389//4461 5108//5180
f 5107//5179 5854//5926 5108//5180 4387//4459
f 4390//4462 5106//5178 5855//5927 5109//5181
f 5106//5178 4356//4428 5081//5153 5855//5927
f 5855//5927 5081//5153 4358//4430 5110//5182
f 5109//5181 5855//5927 5110//5182 4388//4460
f 4359//4431 5076//5148 5856//5928 5111//5183
f 5076//5148 4357//4429 5107//5179 5856//5928
f 5856//5928 5107//5179 4387//4459 5112//5184
f 5111//5183 5856//5928 5112//5184 4385//4457
f 4388//4460 5110//5182 5857//5929 5113//5185
f 5110//5182 4358//4430 5077//5149 5857//5929
f 5857//5929 5077//5149 4360//4432 5114//5186
f 5113//5185 5857//5929 5114//5186 4386//4458
f 4361//4433 5072//5144 5858//5930 5115//5187
f 5072//5144 4359//4431 5111//5183 5858//5930
f 5858//5930 5111//5183 4385//4457 5116//5188
f 5115//5187 5858//5930 5116//5188 4383//4455
f 4386//4458 5114//5186 5859//5931 5117//5189
f 5114//5186 4360//4432 5073//5145 5859//5931
f 5859//5931 5073//5145 4362//4434 5118//5190
f 5117//5189 5859//5931 5118//5190 4384//4456
f 4363//4435 5068//5140 5860//5932 5119//5191
f 5068//5140 4361//4433 5115//5187 5860//5932
f 5860//5932 5115//5187 4383//4455 5120//5192
f 5119//5191 5860//5932 5120//5192 4381//4453
f 4384//4456 5118//5190 5861//5933 5121//5193
f 5118//5190 4362//4434 5069//5141 5861//5933
f 5861//5933 5069//5141 4364//4436 5122//5194
f 5121//5193 5861//5933 5122//5194 4382//4454
f 4365//4437 5064//5136 5862//5934 5123//5195
f 5064//5136 4363//4435 5119//5191 5862//5934
f 5862//5934 5119//5191 4381//4453 5124//5196
f 5123//5195 5862//5934 5124//5196 4379//4451
f 4382//4454 5122//5194 5863//5935 5125//5197
f 5122//5194 4364//4436 5065//5137 5863//5935
f 5863//5935 5065//5137 4366//4438 5126//5198
f 5125//5197 5863//5935 5126//5198 4380//4452
f 4367//4439 5060//5132 5864//5936 5127//5199
f 5060//5132 4365//4437 5123//5195 5864//5936
f 5864//5936 5123//5195 4379//4451 5128//5200
f 5127//5199 5864//5936 5128//5200 4377//4449
f 4380//4452 5126//5198 5865//5937 5129//5201
f 5126//5198 4366//4438 5061//5133 5865//5937
f 5865//5937 5061//5133 4368//4440 5130//5202
f 5129//5201 5865//5937 5130//5202 4378//4450
f 4349//4421 5056//5128 5866//5938 5131//5203
f 5056//5128 4367//4439 5127//5199 5866//5938
f 5866//5938 5127//5199 4377//4449 5132//5204
f 5131//5203 5866//5938 5132//5204 4395//4467
f 4378//4450 5130//5202 5867//5939 5133//5205
f 5130//5202 4368//4440 5057//5129 5867//5939
f 5867//5939 5057//5129 4350//4422 5134//5206
f 5133//5205 5867//5939 5134//5206 4396//4468
f 4371//4443 5052//5124 5868//5940 5094//5166
f 5052//5124 4369//4441 5135//5207 5868//5940
f 5868//5940 5135//5207 4375//4447 5136//5208
f 5094//5166 5868//5940 5136//5208 4373//4445
f 4376//4448 5138//5210 5869//5941 5137//5209
f 5138//5210 4370//4442 5053//5125 5869//5941
f 5869//5941 5053//5125 4372//4444 5097//5169
f 5137//5209 5869//5941 5097//5169 4374//4446
f 4369//4441 5048//5120 5870//5942 5135//5207
f 5048//5120 4347//4419 5139//5211 5870//5942
f 5870//5942 5139//5211 4397//4469 5140//5212
f 5135//5207 5870//5942 5140//5212 4375//4447
f 4398//4470 5142//5214 5871//5943 5141//5213
f 5142//5214 4348//4420 5049//5121 5871//5943
f 5871//5943 5049//5121 4370//4442 5138//5210
f 5141//5213 5871//5943 5138//5210 4376//4448
f 4347//4419 5043//5115 5872//5944 5139//5211
f 5043//5115 4349//4421 5131//5203 5872//5944
f 5872//5944 5131//5203 4395//4467 5143//5215
f 5139//5211 5872//5944 5143//5215 4397//4469
f 4396//4468 5134//5206 5873//5945 5144//5216
f 5134//5206 4350//4422 5044//5116 5873//5945
f 5873//5945 5044//5116 4348//4420 5142//5214
f 5144//5216 5873//5945 5142//5214 4398//4470
f 4182//4254 4838//4910 5874//5946 5145//5217
f 4838//4910 4223//4295 5146//5218 5874//5946
f 5874//5946 5146//5218 4399//4471 5147//5219
f 5145//5217 5874//5946 5147//5219 4188//4260
f 4400//4472 5149//5221 5875//5947 5148//5220
f 5149//5221 4224//4296 4842//4914 5875//5947
f 5875//5947 4842//4914 4182//4254 5145//5217
f 5148//5220 5875//5947 5145//5217 4188//4260
f 4223//4295 4832//4904 5876//5948 5146//5218
f 4832//4904 4221//4293 5150//5222 5876//5948
f 5876//5948 5150//5222 4401//4473 5151//5223
f 5146//5218 5876//5948 5151//5223 4399//4471
f 4402//4474 5153//5225 5877//5949 5152//5224
f 5153//5225 4222//4294 4837//4909 5877//5949
f 5877//5949 4837//4909 4224//4296 5149//5221
f 5152//5224 5877//5949 5149//5221 4400//4472
f 4221//4293 4826//4898 5878//5950 5150//5222
f 4826//4898 4219//4291 5154//5226 5878//5950
f 5878//5950 5154//5226 4403//4475 5155//5227
f 5150//5222 5878//5950 5155//5227 4401//4473
f 4404//4476 5157//5229 5879//5951 5156//5228
f 5157//5229 4220//4292 4831//4903 5879//5951
f 5879//5951 4831//4903 4222//4294 5153//5225
f 5156//5228 5879//5951 5153//5225 4402//4474
f 4219//4291 4820//4892 5880//5952 5154//5226
f 4820//4892 4217//4289 5158//5230 5880//5952
f 5880//5952 5158//5230 4405//4477 5159//5231
f 5154//5226 5880//5952 5159//5231 4403//4475
f 4406//4478 5161//5233 5881//5953 5160//5232
f 5161//5233 4218//4290 4825//4897 5881//5953
f 5881//5953 4825//4897 4220//4292 5157//5229
f 5160//5232 5881//5953 5157//5229 4404//4476
f 4217//4289 4814//4886 5882//5954 5158//5230
f 4814//4886 4215//4287 5162//5234 5882//5954
f 5882//5954 5162//5234 4407//4479 5163//5235
f 5158//5230 5882//5954 5163//5235 4405//4477
f 4408//4480 5165//5237 5883//5955 5164//5236
f 5165//5237 4216//4288 4819//4891 5883//5955
f 5883//5955 4819//4891 4218//4290 5161//5233
f 5164//5236 5883//5955 5161//5233 4406//4478
f 4215//4287 4808//4880 5884//5956 5162//5234
f 4808//4880 4213//4285 5166//5238 5884//5956
f 5884//5956 5166//5238 4409//4481 5167//5239
f 5162//5234 5884//5956 5167//5239 4407//4479
f 4410//4482 5169//5241 5885//5957 5168//5240
f 5169//5241 4214//4286 4813//4885 5885//5957
f 5885//5957 4813//4885 4216//4288 5165//5237
f 5168//5240 5885//5957 5165//5237 4408//4480
f 4213//4285 4802//4874 5886//5958 5166//5238
f 4802//4874 4211//4283 5170//5242 5886//5958
f 5886//5958 5170//5242 4411//4483 5171//5243
f 5166//5238 5886//5958 5171//5243 4409//4481
f 4412//4484 5173//5245 5887//5959 5172//5244
f 5173//5245 4212//4284 4807//4879 5887//5959
f 5887//5959 4807//4879 4214//4286 5169//5241
f 5172//5244 5887//5959 5169//5241 4410//4482
f 4211//4283 4796//4868 5888//5960 5170//5242
f 4796//4868 4209//4281 5174//5246 5888//5960
f 5888//5960 5174//5246 4413//4485 5175//5247
f 5170//5242 5888//5960 5175//5247 4411//4483
f 4414//4486 5177//5249 5889//5961 5176//5248
f 5177//5249 4210//4282 4801//4873 5889//5961
f 5889//5961 4801//4873 4212//4284 5173//5245
f 5176//5248 5889//5961 5173//5245 4412//4484
f 4209//4281 4790//4862 5890//5962 5174//5246
f 4790//4862 4207//4279 5178//5250 5890//5962
f 5890//5962 5178//5250 4415//4487 5179//5251
f 5174//5246 5890//5962 5179//5251 4413//4485
f 4416//4488 5181//5253 5891//5963 5180//5252
f 5181//5253 4208//4280 4795//4867 5891//5963
f 5891//5963 4795//4867 4210//4282 5177//5249
f 5180//5252 5891//5963 5177//5249 4414//4486
f 4423//4495 5183//5255 5892//5964 5182//5254
f 5183//5255 4424//4496 5184//5256 5892//5964
f 5892//5964 5184//5256 4443//4515 5185//5257
f 5182//5254 5892//5964 5185//5257 4453//4525
f 4444//4516 5187//5259 5893//5965 5186//5258
f 5187//5259 4424//4496 5183//5255 5893//5965
f 5893//5965 5183//5255 4423//4495 5188//5260
f 5186//5258 5893//5965 5188//5260 4454//4526
f 4422//4494 5190//5262 5894//5966 5189//5261
f 5190//5262 4423//4495 5182//5254 5894//5966
f 5894//5966 5182//5254 4453//4525 5191//5263
f 5189//5261 5894//5966 5191//5263 4451//4523
f 4454//4526 5188//5260 5895//5967 5192//5264
f 5188//5260 4423//4495 5190//5262 5895//5967
f 5895//5967 5190//5262 4422//4494 5193//5265
f 5192//5264 5895//5967 5193//5265 4452//4524
f 4421//4493 5195//5267 5896//5968 5194//5266
f 5195//5267 4422//4494 5189//5261 5896//5968
f 5896//5968 5189//5261 4451//4523 5196//5268
f 5194//5266 5896//5968 5196//5268 4455//4527
f 4452//4524 5193//5265 5897//5969 5197//5269
f 5193//5265 4422//4494 5195//5267 5897//5969
f 5897//5969 5195//5267 4421//4493 5198//5270
f 5197//5269 5897//5969 5198//5270 4456//4528
f 4204//4276 4751//4823 5898//5970 5199//5271
f 4751//4823 4206//4278 5200//5272 5898//5970
f 5898//5970 5200//5272 4421//4493 5194//5266
f 5199//5271 5898//5970 5194//5266 4455//4527
f 4421//4493 5200//5272 5899//5971 5198//5270
f 5200//5272 4206//4278 4757//4829 5899//5971
f 5899//5971 4757//4829 4205//4277 5201//5273
f 5198//5270 5899//5971 5201//5273 4456//4528
f 4202//4274 4758//4830 5900//5972 5202//5274
f 4758//4830 4204//4276 5199//5271 5900//5972
f 5900//5972 5199//5271 4455//4527 5203//5275
f 5202//5274 5900//5972 5203//5275 4449//4521
f 4456//4528 5201//5273 5901//5973 5204//5276
f 5201//5273 4205//4277 4763//4835 5901//5973
f 5901//5973 4763//4835 4203//4275 5205//5277
f 5204//5276 5901//5973 5205//5277 4450//4522
f 4200//4272 4764//4836 5902//5974 5206//5278
f 4764//4836 4202//4274 5202//5274 5902//5974
f 5902//5974 5202//5274 4449//4521 5207//5279
f 5206//5278 5902//5974 5207//5279 4445//4517
f 4450//4522 5205//5277 5903//5975 5208//5280
f 5205//5277 4203//4275 4769//4841 5903//5975
f 5903//5975 4769//4841 4201//4273 5209//5281
f 5208//5280 5903//5975 5209//5281 4446//4518
f 4198//4270 4770//4842 5904//5976 5210//5282
f 4770//4842 4200//4272 5206//5278 5904//5976
f 5904//5976 5206//5278 4445//4517 5211//5283
f 5210//5282 5904//5976 5211//5283 4447//4519
f 4446//4518 5209//5281 5905//5977 5212//5284
f 5209//5281 4201//4273 4775//4847 5905//5977
f 5905//5977 4775//4847 4199//4271 5213//5285
f 5212//5284 5905//5977 5213//5285 4448//4520
f 4445//4517 5214//5286 5906//5978 5211//5283
f 5214//5286 4451//4523 5191//5263 5906//5978
f 5906//5978 5191//5263 4453//4525 5215//5287
f 5211//5283 5906//5978 5215//5287 4447//4519
f 4454//4526 5192//5264 5907//5979 5216//5288
f 5192//5264 4452//4524 5217//5289 5907//5979
f 5907//5979 5217//5289 4446//4518 5212//5284
f 5216//5288 5907//5979 5212//5284 4448//4520
f 4445//4517 5207//5279 5908//5980 5214//5286
f 5207//5279 4449//4521 5203//5275 5908//5980
f 5908//5980 5203//5275 4455//4527 5196//5268
f 5214//5286 5908//5980 5196//5268 4451//4523
f 4456//4528 5204//5276 5909//5981 5197//5269
f 5204//5276 4450//4522 5208//5280 5909//5981
f 5909//5981 5208//5280 4446//4518 5217//5289
f 5197//5269 5909//5981 5217//5289 4452//4524
f 4441//4513 5219//5291 5910//5982 5218//5290
f 5219//5291 4447//4519 5215//5287 5910//5982
f 5910//5982 5215//5287 4453//4525 5185//5257
f 5218//5290 5910//5982 5185//5257 4443//4515
f 4454//4526 5216//5288 5911//5983 5186//5258
f 5216//5288 4448//4520 5220//5292 5911//5983
f 5911//5983 5220//5292 4442//4514 5221//5293
f 5186//5258 5911//5983 5221//5293 4444//4516
f 4196//4268 4776//4848 5912//5984 5222//5294
f 4776//4848 4198//4270 5210//5282 5912//5984
f 5912//5984 5210//5282 4447//4519 5219//5291
f 5222//5294 5912//5984 5219//5291 4441//4513
f 4448//4520 5213//5285 5913//5985 5220//5292
f 5213//5285 4199//4271 4781//4853 5913//5985
f 5913//5985 4781//4853 4197//4269 5223//5295
f 5220//5292 5913//5985 5223//5295 4442//4514
f 4324//4396 5224//5296 5914//5986 5000//5072
f 5224//5296 4457//4529 5225//5297 5914//5986
f 5914//5986 5225//5297 4459//4531 5226//5298
f 5000//5072 5914//5986 5226//5298 4330//4402
f 4460//4532 5228//5300 5915//5987 5227//5299
f 5228//5300 4458//4530 5229//5301 5915//5987
f 5915//5987 5229//5301 4325//4397 5003//5075
f 5227//5299 5915//5987 5003//5075 4331//4403
f 4196//4268 5222//5294 5916//5988 4996//5068
f 5222//5294 4441//4513 5230//5302 5916//5988
f 5916//5988 5230//5302 4457//4529 5224//5296
f 4996//5068 5916//5988 5224//5296 4324//4396
f 4458//4530 5231//5303 5917//5989 5229//5301
f 5231//5303 4442//4514 5223//5295 5917//5989
f 5917//5989 5223//5295 4197//4269 4999//5071
f 5229//5301 5917//5989 4999//5071 4325//4397
f 4194//4266 5004//5076 5918//5990 5232//5304
f 5004//5076 4330//4402 5226//5298 5918//5990
f 5918//5990 5226//5298 4459//4531 5233//5305
f 5232//5304 5918//5990 5233//5305 4461//4533
f 4460//4532 5227//5299 5919//5991 5234//5306
f 5227//5299 4331//4403 5005//5077 5919//5991
f 5919//5991 5005//5077 4195//4267 5235//5307
f 5234//5306 5919//5991 5235//5307 4462//4534
f 4194//4266 5232//5304 5920//5992 4783//4855
f 5232//5304 4461//4533 5236//5308 5920//5992
f 5920//5992 5236//5308 4415//4487 5178//5250
f 4783//4855 5920//5992 5178//5250 4207//4279
f 4416//4488 5237//5309 5921//5993 5181//5253
f 5237//5309 4462//4534 5235//5307 5921//5993
f 5921//5993 5235//5307 4195//4267 4788//4860
f 5181//5253 5921//5993 4788//4860 4208//4280
f 4192//4264 5239//5311 5922//5994 5238//5310
f 5239//5311 4439//4511 5240//5312 5922//5994
f 5922//5994 5240//5312 4467//4539 5241//5313
f 5238//5310 5922//5994 5241//5313 4419//4491
f 4468//4540 5243//5315 5923//5995 5242//5314
f 5243//5315 4440//4512 5244//5316 5923//5995
f 5923//5995 5244//5316 4192//4264 5238//5310
f 5242//5314 5923//5995 5238//5310 4419//4491
f 4419//4491 5241//5313 5924//5996 5245//5317
f 5241//5313 4467//4539 5246//5318 5924//5996
f 5924//5996 5246//5318 4465//4537 5247//5319
f 5245//5317 5924//5996 5247//5319 4193//4265
f 4466//4538 5249//5321 5925//5997 5248//5320
f 5249//5321 4468//4540 5242//5314 5925//5997
f 5925//5997 5242//5314 4419//4491 5245//5317
f 5248//5320 5925//5997 5245//5317 4193//4265
f 4193//4265 5247//5319 5926//5998 5250//5322
f 5247//5319 4465//4537 5251//5323 5926//5998
f 5926//5998 5251//5323 4463//4535 5252//5324
f 5250//5322 5926//5998 5252//5324 4420//4492
f 4464//4536 5254//5326 5927//5999 5253//5325
f 5254//5326 4466//4538 5248//5320 5927//5999
f 5927//5999 5248//5320 4193//4265 5250//5322
f 5253//5325 5927//5999 5250//5322 4420//4492
f 4420//4492 5252//5324 5928//6000 5255//5327
f 5252//5324 4463//4535 5256//5328 5928//6000
f 5928//6000 5256//5328 4443//4515 5184//5256
f 5255//5327 5928//6000 5184//5256 4424//4496
f 4444//4516 5257//5329 5929//6001 5187//5259
f 5257//5329 4464//4536 5253//5325 5929//6001
f 5929//6001 5253//5325 4420//4492 5255//5327
f 5187//5259 5929//6001 5255//5327 4424//4496
f 4441//4513 5218//5290 5930//6002 5230//5302
f 5218//5290 4443//4515 5256//5328 5930//6002
f 5930//6002 5256//5328 4463//4535 5258//5330
f 5230//5302 5930//6002 5258//5330 4457//4529
f 4464//4536 5257//5329 5931//6003 5259//5331
f 5257//5329 4444//4516 5221//5293 5931//6003
f 5931//6003 5221//5293 4442//4514 5231//5303
f 5259//5331 5931//6003 5231//5303 4458//4530
f 4411//4483 5175//5247 5932//6004 5260//5332
f 5175//5247 4413//4485 5261//5333 5932//6004
f 5932//6004 5261//5333 4433//4505 5262//5334
f 5260//5332 5932//6004 5262//5334 4425//4497
f 4434//4506 5264//5336 5933//6005 5263//5335
f 5264//5336 4414//4486 5176//5248 5933//6005
f 5933//6005 5176//5248 4412//4484 5265//5337
f 5263//5335 5933//6005 5265//5337 4426//4498
f 4191//4263 5267//5339 5934//6006 5266//5338
f 5267//5339 4431//4503 5268//5340 5934//6006
f 5934//6006 5268//5340 4439//4511 5239//5311
f 5266//5338 5934//6006 5239//5311 4192//4264
f 4440//4512 5269//5341 5935//6007 5244//5316
f 5269//5341 4432//4504 5270//5342 5935//6007
f 5935//6007 5270//5342 4191//4263 5266//5338
f 5244//5316 5935//6007 5266//5338 4192//4264
f 4417//4489 5272//5344 5936//6008 5271//5343
f 5272//5344 4473//4545 5273//5345 5936//6008
f 5936//6008 5273//5345 4471//4543 5274//5346
f 5271//5343 5936//6008 5274//5346 4418//4490
f 4472//4544 5276//5348 5937//6009 5275//5347
f 5276//5348 4474//4546 5277//5349 5937//6009
f 5937//6009 5277//5349 4417//4489 5271//5343
f 5275//5347 5937//6009 5271//5343 4418//4490
f 4418//4490 5274//5346 5938//6010 5278//5350
f 5274//5346 4471//4543 5279//5351 5938//6010
f 5938//6010 5279//5351 4469//4541 5280//5352
f 5278//5350 5938//6010 5280//5352 4190//4262
f 4470//4542 5282//5354 5939//6011 5281//5353
f 5282//5354 4472//4544 5275//5347 5939//6011
f 5939//6011 5275//5347 4418//4490 5278//5350
f 5281//5353 5939//6011 5278//5350 4190//4262
f 4190//4262 5280//5352 5940//6012 5283//5355
f 5280//5352 4469//4541 5284//5356 5940//6012
f 5940//6012 5284//5356 4431//4503 5267//5339
f 5283//5355 5940//6012 5267//5339 4191//4263
f 4432//4504 5285//5357 5941//6013 5270//5342
f 5285//5357 4470//4542 5281//5353 5941//6013
f 5941//6013 5281//5353 4190//4262 5283//5355
f 5270//5342 5941//6013 5283//5355 4191//4263
f 4407//4479 5167//5239 5942//6014 5286//5358
f 5167//5239 4409//4481 5287//5359 5942//6014
f 5942//6014 5287//5359 4477//4549 5288//5360
f 5286//5358 5942//6014 5288//5360 4479//4551
f 4478//4550 5290//5362 5943//6015 5289//5361
f 5290//5362 4410//4482 5168//5240 5943//6015
f 5943//6015 5168//5240 4408//4480 5291//5363
f 5289//5361 5943//6015 5291//5363 4480//4552
f 4479//4551 5288//5360 5944//6016 5292//5364
f 5288//5360 4477//4549 5293//5365 5944//6016
f 5944//6016 5293//5365 4483//4555 5294//5366
f 5292//5364 5944//6016 5294//5366 4481//4553
f 4484//4556 5296//5368 5945//6017 5295//5367
f 5296//5368 4478//4550 5289//5361 5945//6017
f 5945//6017 5289//5361 4480//4552 5297//5369
f 5295//5367 5945//6017 5297//5369 4482//4554
f 4481//4553 5294//5366 5946//6018 5298//5370
f 5294//5366 4483//4555 5299//5371 5946//6018
f 5946//6018 5299//5371 4485//4557 5300//5372
f 5298//5370 5946//6018 5300//5372 4487//4559
f 4486//4558 5302//5374 5947//6019 5301//5373
f 5302//5374 4484//4556 5295//5367 5947//6019
f 5947//6019 5295//5367 4482//4554 5303//5375
f 5301//5373 5947//6019 5303//5375 4488//4560
f 4487//4559 5300//5372 5948//6020 5304//5376
f 5300//5372 4485//4557 5305//5377 5948//6020
f 5948//6020 5305//5377 4491//4563 5306//5378
f 5304//5376 5948//6020 5306//5378 4489//4561
f 4492//4564 5308//5380 5949//6021 5307//5379
f 5308//5380 4486//4558 5301//5373 5949//6021
f 5949//6021 5301//5373 4488//4560 5309//5381
f 5307//5379 5949//6021 5309//5381 4490//4562
f 4429//4501 5311//5383 5950//6022 5310//5382
f 5311//5383 4493//4565 5312//5384 5950//6022
f 5950//6022 5312//5384 4489//4561 5306//5378
f 5310//5382 5950//6022 5306//5378 4491//4563
f 4490//4562 5313//5385 5951//6023 5307//5379
f 5313//5385 4494//4566 5314//5386 5951//6023
f 5951//6023 5314//5386 4430//4502 5315//5387
f 5307//5379 5951//6023 5315//5387 4492//4564
f 4431//4503 5284//5356 5952//6024 5316//5388
f 5284//5356 4469//4541 5317//5389 5952//6024
f 5952//6024 5317//5389 4489//4561 5312//5384
f 5316//5388 5952//6024 5312//5384 4493//4565
f 4490//4562 5318//5390 5953//6025 5313//5385
f 5318//5390 4470//4542 5285//5357 5953//6025
f 5953//6025 5285//5357 4432//4504 5319//5391
f 5313//5385 5953//6025 5319//5391 4494//4566
f 4469//4541 5279//5351 5954//6026 5317//5389
f 5279//5351 4471//4543 5320//5392 5954//6026
f 5954//6026 5320//5392 4487//4559 5304//5376
f 5317//5389 5954//6026 5304//5376 4489//4561
f 4488//4560 5321//5393 5955//6027 5309//5381
f 5321//5393 4472//4544 5282//5354 5955//6027
f 5955//6027 5282//5354 4470//4542 5318//5390
f 5309//5381 5955//6027 5318//5390 4490//4562
f 4471//4543 5273//5345 5956//6028 5320//5392
f 5273//5345 4473//4545 5322//5394 5956//6028
f 5956//6028 5322//5394 4481//4553 5298//5370
f 5320//5392 5956//6028 5298//5370 4487//4559
f 4482//4554 5323//5395 5957//6029 5303//5375
f 5323//5395 4474//4546 5276//5348 5957//6029
f 5957//6029 5276//5348 4472//4544 5321//5393
f 5303//5375 5957//6029 5321//5393 4488//4560
f 4473//4545 5324//5396 5958//6030 5322//5394
f 5324//5396 4475//4547 5325//5397 5958//6030
f 5958//6030 5325//5397 4479//4551 5292//5364
f 5322//5394 5958//6030 5292//5364 4481//4553
f 4480//4552 5326//5398 5959//6031 5297//5369
f 5326//5398 4476//4548 5327//5399 5959//6031
f 5959//6031 5327//5399 4474//4546 5323//5395
f 5297//5369 5959//6031 5323//5395 4482//4554
f 4405//4477 5163//5235 5960//6032 5328//5400
f 5163//5235 4407//4479 5286//5358 5960//6032
f 5960//6032 5286//5358 4479//4551 5325//5397
f 5328//5400 5960//6032 5325//5397 4475//4547
f 4480//4552 5291//5363 5961//6033 5326//5398
f 5291//5363 4408//4480 5164//5236 5961//6033
f 5961//6033 5164//5236 4406//4478 5329//5401
f 5326//5398 5961//6033 5329//5401 4476//4548
f 4189//4261 5331//5403 5962//6034 5330//5402
f 5331//5403 4475//4547 5324//5396 5962//6034
f 5962//6034 5324//5396 4473//4545 5272//5344
f 5330//5402 5962//6034 5272//5344 4417//4489
f 4474//4546 5327//5399 5963//6035 5277//5349
f 5327//5399 4476//4548 5332//5404 5963//6035
f 5963//6035 5332//5404 4189//4261 5330//5402
f 5277//5349 5963//6035 5330//5402 4417//4489
f 4399//4471 5151//5223 5964//6036 5333//5405
f 5151//5223 4401//4473 5155//5227 5964//6036
f 5964//6036 5155//5227 4403//4475 5159//5231
f 5333//5405 5964//6036 5159//5231 4405//4477
f 4404//4476 5156//5228 5965//6037 5160//5232
f 5156//5228 4402//4474 5152//5224 5965//6037
f 5965//6037 5152//5224 4400//4472 5334//5406
f 5160//5232 5965//6037 5334//5406 4406//4478
f 4399//4471 5333//5405 5966//6038 5335//5407
f 5333//5405 4405//4477 5328//5400 5966//6038
f 5966//6038 5328//5400 4475//4547 5331//5403
f 5335//5407 5966//6038 5331//5403 4189//4261
f 4476//4548 5329//5401 5967//6039 5332//5404
f 5329//5401 4406//4478 5334//5406 5967//6039
f 5967//6039 5334//5406 4400//4472 5336//5408
f 5332//5404 5967//6039 5336//5408 4189//4261
f 4188//4260 5147//5219 5968//6040 5337//5409
f 4399//4471 5335//5407 5968//6040 5147//5219
f 4189//4261 5337//5409 5968//6040 5335//5407
f 4189//4261 5336//5408 5969//6041 5337//5409
f 4400//4472 5148//5220 5969//6041 5336//5408
f 4188//4260 5337//5409 5969//6041 5148//5220
f 4409//4481 5171//5243 5970//6042 5287//5359
f 5171//5243 4411//4483 5260//5332 5970//6042
f 5970//6042 5260//5332 4425//4497 5338//5410
f 5287//5359 5970//6042 5338//5410 4477//4549
f 4426//4498 5265//5337 5971//6043 5339//5411
f 5265//5337 4412//4484 5172//5244 5971//6043
f 5971//6043 5172//5244 4410//4482 5290//5362
f 5339//5411 5971//6043 5290//5362 4478//4550
f 4425//4497 5340//5412 5972//6044 5338//5410
f 5340//5412 4427//4499 5341//5413 5972//6044
f 5972//6044 5341//5413 4483//4555 5293//5365
f 5338//5410 5972//6044 5293//5365 4477//4549
f 4484//4556 5342//5414 5973//6045 5296//5368
f 5342//5414 4428//4500 5343//5415 5973//6045
f 5973//6045 5343//5415 4426//4498 5339//5411
f 5296//5368 5973//6045 5339//5411 4478//4550
f 4427//4499 5344//5416 5974//6046 5341//5413
f 5344//5416 4497//4569 5345//5417 5974//6046
f 5974//6046 5345//5417 4485//4557 5299//5371
f 5341//5413 5974//6046 5299//5371 4483//4555
f 4486//4558 5346//5418 5975//6047 5302//5374
f 5346//5418 4498//4570 5347//5419 5975//6047
f 5975//6047 5347//5419 4428//4500 5342//5414
f 5302//5374 5975//6047 5342//5414 4484//4556
f 4429//4501 5310//5382 5976//6048 5348//5420
f 5310//5382 4491//4563 5305//5377 5976//6048
f 5976//6048 5305//5377 4485//4557 5345//5417
f 5348//5420 5976//6048 5345//5417 4497//4569
f 4486//4558 5308//5380 5977//6049 5346//5418
f 5308//5380 4492//4564 5315//5387 5977//6049
f 5977//6049 5315//5387 4430//4502 5349//5421
f 5346//5418 5977//6049 5349//5421 4498//4570
f 4463//4535 5251//5323 5978//6050 5350//5422
f 5251//5323 4465//4537 5351//5423 5978//6050
f 5978//6050 5351//5423 4501//4573 5352//5424
f 5350//5422 5978//6050 5352//5424 4499//4571
f 4502//4574 5354//5426 5979//6051 5353//5425
f 5354//5426 4466//4538 5254//5326 5979//6051
f 5979//6051 5254//5326 4464//4536 5355//5427
f 5353//5425 5979//6051 5355//5427 4500//4572
f 4433//4505 5357//5429 5980//6052 5356//5428
f 5357//5429 4499//4571 5352//5424 5980//6052
f 5980//6052 5352//5424 4501//4573 5358//5430
f 5356//5428 5980//6052 5358//5430 4435//4507
f 4502//4574 5353//5425 5981//6053 5359//5431
f 5353//5425 4500//4572 5360//5432 5981//6053
f 5981//6053 5360//5432 4434//4506 5361//5433
f 5359//5431 5981//6053 5361//5433 4436//4508
f 4413//4485 5179//5251 5982//6054 5261//5333
f 5179//5251 4415//4487 5362//5434 5982//6054
f 5982//6054 5362//5434 4499//4571 5357//5429
f 5261//5333 5982//6054 5357//5429 4433//4505
f 4500//4572 5363//5435 5983//6055 5360//5432
f 5363//5435 4416//4488 5180//5252 5983//6055
f 5983//6055 5180//5252 4414//4486 5264//5336
f 5360//5432 5983//6055 5264//5336 4434//4506
f 4415//4487 5364//5436 5984//6056 5362//5434
f 5364//5436 4459//4531 5225//5297 5984//6056
f 5984//6056 5225//5297 4457//4529 5365//5437
f 5362//5434 5984//6056 5365//5437 4499//4571
f 4458//4530 5228//5300 5985//6057 5366//5438
f 5228//5300 4460//4532 5367//5439 5985//6057
f 5985//6057 5367//5439 4416//4488 5363//5435
f 5366//5438 5985//6057 5363//5435 4500//4572
f 4457//4529 5258//5330 5986//6058 5365//5437
f 4463//4535 5350//5422 5986//6058 5258//5330
f 4499//4571 5365//5437 5986//6058 5350//5422
f 4500//4572 5355//5427 5987//6059 5366//5438
f 4464//4536 5259//5331 5987//6059 5355//5427
f 4458//4530 5366//5438 5987//6059 5259//5331
f 4415//4487 5236//5308 5988//6060 5364//5436
f 4461//4533 5233//5305 5988//6060 5236//5308
f 4459//4531 5364//5436 5988//6060 5233//5305
f 4460//4532 5234//5306 5989//6061 5367//5439
f 4462//4534 5237//5309 5989//6061 5234//5306
f 4416//4488 5367//5439 5989//6061 5237//5309
f 4429//4501 5368//5440 5990//6062 5311//5383
f 5368//5440 4437//4509 5369//5441 5990//6062
f 5990//6062 5369//5441 4495//4567 5370//5442
f 5311//5383 5990//6062 5370//5442 4493//4565
f 4496//4568 5372//5444 5991//6063 5371//5443
f 5372//5444 4438//4510 5373//5445 5991//6063
f 5991//6063 5373//5445 4430//4502 5314//5386
f 5371//5443 5991//6063 5314//5386 4494//4566
f 4431//4503 5316//5388 5992//6064 5268//5340
f 5316//5388 4493//4565 5370//5442 5992//6064
f 5992//6064 5370//5442 4495//4567 5374//5446
f 5268//5340 5992//6064 5374//5446 4439//4511
f 4496//4568 5371//5443 5993//6065 5375//5447
f 5371//5443 4494//4566 5319//5391 5993//6065
f 5993//6065 5319//5391 4432//4504 5269//5341
f 5375//5447 5993//6065 5269//5341 4440//4512
f 4435//4507 5358//5430 5994//6066 5376//5448
f 5358//5430 4501//4573 5377//5449 5994//6066
f 5994//6066 5377//5449 4495//4567 5369//5441
f 5376//5448 5994//6066 5369//5441 4437//4509
f 4496//4568 5378//5450 5995//6067 5372//5444
f 5378//5450 4502//4574 5359//5431 5995//6067
f 5995//6067 5359//5431 4436//4508 5379//5451
f 5372//5444 5995//6067 5379//5451 4438//4510
f 4465//4537 5246//5318 5996//6068 5351//5423
f 5246//5318 4467//4539 5380//5452 5996//6068
f 5996//6068 5380//5452 4495//4567 5377//5449
f 5351//5423 5996//6068 5377//5449 4501//4573
f 4496//4568 5381//5453 5997//6069 5378//5450
f 5381//5453 4468//4540 5249//5321 5997//6069
f 5997//6069 5249//5321 4466//4538 5354//5426
f 5378//5450 5997//6069 5354//5426 4502//4574
f 4439//4511 5374//5446 5998//6070 5240//5312
f 4495//4567 5380//5452 5998//6070 5374//5446
f 4467//4539 5240//5312 5998//6070 5380//5452
f 4468//4540 5381//5453 5999//6071 5243//5315
f 4496//4568 5375//5447 5999//6071 5381//5453
f 4440//4512 5243//5315 5999//6071 5375//5447
f 4515//4587 5383//5455 6000//6072 5382//5454
f 5383//5455 4503//4575 5384//5456 6000//6072
f 6000//6072 5384//5456 4529//4601 5385//5457
f 5382//5454 6000//6072 5385//5457 4517//4589
f 4530//4602 5387//5459 6001//6073 5386//5458
f 5387//5459 4504//4576 5388//5460 6001//6073
f 6001//6073 5388//5460 4516//4588 5389//5461
f 5386//5458 6001//6073 5389//5461 4518//4590
f 4515//4587 5382//5454 6002//6074 5390//5462
f 5382//5454 4517//4589 5391//5463 6002//6074
f 6002//6074 5391//5463 4519//4591 5392//5464
f 5390//5462 6002//6074 5392//5464 4513//4585
f 4520//4592 5394//5466 6003//6075 5393//5465
f 5394//5466 4518//4590 5389//5461 6003//6075
f 6003//6075 5389//5461 4516//4588 5395//5467
f 5393//5465 6003//6075 5395//5467 4514//4586
f 4513//4585 5392//5464 6004//6076 5396//5468
f 5392//5464 4519//4591 5397//5469 6004//6076
f 6004//6076 5397//5469 4521//4593 5398//5470
f 5396//5468 6004//6076 5398//5470 4511//4583
f 4522//4594 5400//5472 6005//6077 5399//5471
f 5400//5472 4520//4592 5393//5465 6005//6077
f 6005//6077 5393//5465 4514//4586 5401//5473
f 5399//5471 6005//6077 5401//5473 4512//4584
f 4511//4583 5398//5470 6006//6078 5402//5474
f 5398//5470 4521//4593 5403//5475 6006//6078
f 6006//6078 5403//5475 4523//4595 5404//5476
f 5402//5474 6006//6078 5404//5476 4509//4581
f 4524//4596 5406//5478 6007//6079 5405//5477
f 5406//5478 4522//4594 5399//5471 6007//6079
f 6007//6079 5399//5471 4512//4584 5407//5479
f 5405//5477 6007//6079 5407//5479 4510//4582
f 4509//4581 5404//5476 6008//6080 5408//5480
f 5404//5476 4523//4595 5409//5481 6008//6080
f 6008//6080 5409//5481 4525//4597 5410//5482
f 5408//5480 6008//6080 5410//5482 4507//4579
f 4526//4598 5412//5484 6009//6081 5411//5483
f 5412//5484 4524//4596 5405//5477 6009//6081
f 6009//6081 5405//5477 4510//4582 5413//5485
f 5411//5483 6009//6081 5413//5485 4508//4580
f 4507//4579 5410//5482 6010//6082 5414//5486
f 5410//5482 4525//4597 5415//5487 6010//6082
f 6010//6082 5415//5487 4527//4599 5416//5488
f 5414//5486 6010//6082 5416//5488 4505//4577
f 4528//4600 5418//5490 6011//6083 5417//5489
f 5418//5490 4526//4598 5411//5483 6011//6083
f 6011//6083 5411//5483 4508//4580 5419//5491
f 5417//5489 6011//6083 5419//5491 4506//4578
f 4525//4597 5420//5492 6012//6084 5415//5487
f 5420//5492 4535//4607 5421//5493 6012//6084
f 6012//6084 5421//5493 4533//4605 5422//5494
f 5415//5487 6012//6084 5422//5494 4527//4599
f 4534//4606 5424//5496 6013//6085 5423//5495
f 5424//5496 4536//4608 5425//5497 6013//6085
f 6013//6085 5425//5497 4526//4598 5418//5490
f 5423//5495 6013//6085 5418//5490 4528//4600
f 4523//4595 5426//5498 6014//6086 5409//5481
f 5426//5498 4537//4609 5427//5499 6014//6086
f 6014//6086 5427//5499 4535//4607 5420//5492
f 5409//5481 6014//6086 5420//5492 4525//4597
f 4536//4608 5428//5500 6015//6087 5425//5497
f 5428//5500 4538//4610 5429//5501 6015//6087
f 6015//6087 5429//5501 4524//4596 5412//5484
f 5425//5497 6015//6087 5412//5484 4526//4598
f 4521//4593 5430//5502 6016//6088 5403//5475
f 5430//5502 4539//4611 5431//5503 6016//6088
f 6016//6088 5431//5503 4537//4609 5426//5498
f 5403//5475 6016//6088 5426//5498 4523//4595
f 4538//4610 5432//5504 6017//6089 5429//5501
f 5432//5504 4540//4612 5433//5505 6017//6089
f 6017//6089 5433//5505 4522//4594 5406//5478
f 5429//5501 6017//6089 5406//5478 4524//4596
f 4519//4591 5434//5506 6018//6090 5397//5469
f 5434//5506 4541//4613 5435//5507 6018//6090
f 6018//6090 5435//5507 4539//4611 5430//5502
f 5397//5469 6018//6090 5430//5502 4521//4593
f 4540//4612 5436//5508 6019//6091 5433//5505
f 5436//5508 4542//4614 5437//5509 6019//6091
f 6019//6091 5437//5509 4520//4592 5400//5472
f 5433//5505 6019//6091 5400//5472 4522//4594
f 4517//4589 5438//5510 6020//6092 5391//5463
f 5438//5510 4543//4615 5439//5511 6020//6092
f 6020//6092 5439//5511 4541//4613 5434//5506
f 5391//5463 6020//6092 5434//5506 4519//4591
f 4542//4614 5440//5512 6021//6093 5437//5509
f 5440//5512 4544//4616 5441//5513 6021//6093
f 6021//6093 5441//5513 4518//4590 5394//5466
f 5437//5509 6021//6093 5394//5466 4520//4592
f 4517//4589 5385//5457 6022//6094 5438//5510
f 5385//5457 4529//4601 5442//5514 6022//6094
f 6022//6094 5442//5514 4531//4603 5443//5515
f 5438//5510 6022//6094 5443//5515 4543//4615
f 4532//4604 5445//5517 6023//6095 5444//5516
f 5445//5517 4530//4602 5386//5458 6023//6095
f 6023//6095 5386//5458 4518//4590 5441//5513
f 5444//5516 6023//6095 5441//5513 4544//4616
f 4433//4505 5356//5428 6024//6096 5446//5518
f 5356//5428 4435//4507 5447//5519 6024//6096
f 6024//6096 5447//5519 4559//4631 5448//5520
f 5446//5518 6024//6096 5448//5520 4557//4629
f 4560//4632 5450//5522 6025//6097 5449//5521
f 5450//5522 4436//4508 5361//5433 6025//6097
f 6025//6097 5361//5433 4434//4506 5451//5523
f 5449//5521 6025//6097 5451//5523 4558//4630
f 4435//4507 5452//5524 6026//6098 5447//5519
f 5452//5524 4505//4577 5416//5488 6026//6098
f 6026//6098 5416//5488 4527//4599 5453//5525
f 5447//5519 6026//6098 5453//5525 4559//4631
f 4528//4600 5417//5489 6027//6099 5454//5526
f 5417//5489 4506//4578 5455//5527 6027//6099
f 6027//6099 5455//5527 4436//4508 5450//5522
f 5454//5526 6027//6099 5450//5522 4560//4632
f 4425//4497 5262//5334 6028//6100 5340//5412
f 5262//5334 4433//4505 5446//5518 6028//6100
f 6028//6100 5446//5518 4557//4629 5456//5528
f 5340//5412 6028//6100 5456//5528 4427//4499
f 4558//4630 5451//5523 6029//6101 5457//5529
f 5451//5523 4434//4506 5263//5335 6029//6101
f 6029//6101 5263//5335 4426//4498 5343//5415
f 5457//5529 6029//6101 5343//5415 4428//4500
f 4497//4569 5459//5531 6030//6102 5458//5530
f 5459//5531 4545//4617 5460//5532 6030//6102
f 6030//6102 5460//5532 4529//4601 5384//5456
f 5458//5530 6030//6102 5384//5456 4503//4575
f 4530//4602 5461//5533 6031//6103 5387//5459
f 5461//5533 4546//4618 5462//5534 6031//6103
f 6031//6103 5462//5534 4498//4570 5463//5535
f 5387//5459 6031//6103 5463//5535 4504//4576
f 4527//4599 5422//5494 6032//6104 5453//5525
f 5422//5494 4533//4605 5464//5536 6032//6104
f 6032//6104 5464//5536 4555//4627 5465//5537
f 5453//5525 6032//6104 5465//5537 4559//4631
f 4556//4628 5467//5539 6033//6105 5466//5538
f 5467//5539 4534//4606 5423//5495 6033//6105
f 6033//6105 5423//5495 4528//4600 5454//5526
f 5466//5538 6033//6105 5454//5526 4560//4632
f 4553//4625 5469//5541 6034//6106 5468//5540
f 5469//5541 4561//4633 5470//5542 6034//6106
f 6034//6106 5470//5542 4559//4631 5465//5537
f 5468//5540 6034//6106 5465//5537 4555//4627
f 4560//4632 5471//5543 6035//6107 5466//5538
f 5471//5543 4562//4634 5472//5544 6035//6107
f 6035//6107 5472//5544 4554//4626 5473//5545
f 5466//5538 6035//6107 5473//5545 4556//4628
f 4549//4621 5475//5547 6036//6108 5474//5546
f 5475//5547 4561//4633 5469//5541 6036//6108
f 6036//6108 5469//5541 4553//4625 5476//5548
f 5474//5546 6036//6108 5476//5548 4551//4623
f 4554//4626 5472//5544 6037//6109 5477//5549
f 5472//5544 4562//4634 5478//5550 6037//6109
f 6037//6109 5478//5550 4550//4622 5479//5551
f 5477//5549 6037//6109 5479//5551 4552//4624
f 4547//4619 5481//5553 6038//6110 5480//5552
f 5481//5553 4563//4635 5482//5554 6038//6110
f 6038//6110 5482//5554 4561//4633 5475//5547
f 5480//5552 6038//6110 5475//5547 4549//4621
f 4562//4634 5483//5555 6039//6111 5478//5550
f 5483//5555 4564//4636 5484//5556 6039//6111
f 6039//6111 5484//5556 4548//4620 5485//5557
f 5478//5550 6039//6111 5485//5557 4550//4622
f 4545//4617 5487//5559 6040//6112 5486//5558
f 5487//5559 4563//4635 5481//5553 6040//6112
f 6040//6112 5481//5553 4547//4619 5488//5560
f 5486//5558 6040//6112 5488//5560 4565//4637
f 4548//4620 5484//5556 6041//6113 5489//5561
f 5484//5556 4564//4636 5490//5562 6041//6113
f 6041//6113 5490//5562 4546//4618 5491//5563
f 5489//5561 6041//6113 5491//5563 4566//4638
f 4529//4601 5460//5532 6042//6114 5442//5514
f 5460//5532 4545//4617 5486//5558 6042//6114
f 6042//6114 5486//5558 4565//4637 5492//5564
f 5442//5514 6042//6114 5492//5564 4531//4603
f 4566//4638 5491//5563 6043//6115 5493//5565
f 5491//5563 4546//4618 5461//5533 6043//6115
f 6043//6115 5461//5533 4530//4602 5445//5517
f 5493//5565 6043//6115 5445//5517 4532//4604
f 4427//4499 5494//5566 6044//6116 5344//5416
f 5494//5566 4563//4635 5487//5559 6044//6116
f 6044//6116 5487//5559 4545//4617 5459//5531
f 5344//5416 6044//6116 5459//5531 4497//4569
f 4546//4618 5490//5562 6045//6117 5462//5534
f 5490//5562 4564//4636 5495//5567 6045//6117
f 6045//6117 5495//5567 4428//4500 5347//5419
f 5462//5534 6045//6117 5347//5419 4498//4570
f 4427//4499 5456//5528 6046//6118 5494//5566
f 5456//5528 4557//4629 5496//5568 6046//6118
f 6046//6118 5496//5568 4561//4633 5482//5554
f 5494//5566 6046//6118 5482//5554 4563//4635
f 4562//4634 5497//5569 6047//6119 5483//5555
f 5497//5569 4558//4630 5457//5529 6047//6119
f 6047//6119 5457//5529 4428//4500 5495//5567
f 5483//5555 6047//6119 5495//5567 4564//4636
f 4557//4629 5448//5520 6048//6120 5496//5568
f 4559//4631 5470//5542 6048//6120 5448//5520
f 4561//4633 5496//5568 6048//6120 5470//5542
f 4562//4634 5471//5543 6049//6121 5497//5569
f 4560//4632 5449//5521 6049//6121 5471//5543
f 4558//4630 5497//5569 6049//6121 5449//5521
f 4531//4603 5492//5564 6050//6122 5498//5570
f 5492//5564 4565//4637 5499//5571 6050//6122
f 6050//6122 5499//5571 4567//4639 5500//5572
f 5498//5570 6050//6122 5500//5572 4591//4663
f 4568//4640 5502//5574 6051//6123 5501//5573
f 5502//5574 4566//4638 5493//5565 6051//6123
f 6051//6123 5493//5565 4532//4604 5503//5575
f 5501//5573 6051//6123 5503//5575 4592//4664
f 4565//4637 5488//5560 6052//6124 5499//5571
f 5488//5560 4547//4619 5504//5576 6052//6124
f 6052//6124 5504//5576 4577//4649 5505//5577
f 5499//5571 6052//6124 5505//5577 4567//4639
f 4578//4650 5507//5579 6053//6125 5506//5578
f 5507//5579 4548//4620 5489//5561 6053//6125
f 6053//6125 5489//5561 4566//4638 5502//5574
f 5506//5578 6053//6125 5502//5574 4568//4640
f 4547//4619 5480//5552 6054//6126 5504//5576
f 5480//5552 4549//4621 5508//5580 6054//6126
f 6054//6126 5508//5580 4575//4647 5509//5581
f 5504//5576 6054//6126 5509//5581 4577//4649
f 4576//4648 5511//5583 6055//6127 5510//5582
f 5511//5583 4550//4622 5485//5557 6055//6127
f 6055//6127 5485//5557 4548//4620 5507//5579
f 5510//5582 6055//6127 5507//5579 4578//4650
f 4549//4621 5474//5546 6056//6128 5508//5580
f 5474//5546 4551//4623 5512//5584 6056//6128
f 6056//6128 5512//5584 4573//4645 5513//5585
f 5508//5580 6056//6128 5513//5585 4575//4647
f 4574//4646 5515//5587 6057//6129 5514//5586
f 5515//5587 4552//4624 5479//5551 6057//6129
f 6057//6129 5479//5551 4550//4622 5511//5583
f 5514//5586 6057//6129 5511//5583 4576//4648
f 4551//4623 5476//5548 6058//6130 5512//5584
f 5476//5548 4553//4625 5516//5588 6058//6130
f 6058//6130 5516//5588 4571//4643 5517//5589
f 5512//5584 6058//6130 5517//5589 4573//4645
f 4572//4644 5519//5591 6059//6131 5518//5590
f 5519//5591 4554//4626 5477//5549 6059//6131
f 6059//6131 5477//5549 4552//4624 5515//5587
f 5518//5590 6059//6131 5515//5587 4574//4646
f 4553//4625 5468//5540 6060//6132 5516//5588
f 5468//5540 4555//4627 5520//5592 6060//6132
f 6060//6132 5520//5592 4569//4641 5521//5593
f 5516//5588 6060//6132 5521//5593 4571//4643
f 4570//4642 5523//5595 6061//6133 5522//5594
f 5523//5595 4556//4628 5473//5545 6061//6133
f 6061//6133 5473//5545 4554//4626 5519//5591
f 5522//5594 6061//6133 5519//5591 4572//4644
f 4555//4627 5464//5536 6062//6134 5520//5592
f 5464//5536 4533//4605 5524//5596 6062//6134
f 6062//6134 5524//5596 4589//4661 5525//5597
f 5520//5592 6062//6134 5525//5597 4569//4641
f 4590//4662 5527//5599 6063//6135 5526//5598
f 5527//5599 4534//4606 5467//5539 6063//6135
f 6063//6135 5467//5539 4556//4628 5523//5595
f 5526//5598 6063//6135 5523//5595 4570//4642
f 4543//4615 5443//5515 6064//6136 5528//5600
f 5443//5515 4531//4603 5498//5570 6064//6136
f 6064//6136 5498//5570 4591//4663 5529//5601
f 5528//5600 6064//6136 5529//5601 4579//4651
f 4592//4664 5503//5575 6065//6137 5530//5602
f 5503//5575 4532//4604 5444//5516 6065//6137
f 6065//6137 5444//5516 4544//4616 5531//5603
f 5530//5602 6065//6137 5531//5603 4580//4652
f 4541//4613 5439//5511 6066//6138 5532//5604
f 5439//5511 4543//4615 5528//5600 6066//6138
f 6066//6138 5528//5600 4579//4651 5533//5605
f 5532//5604 6066//6138 5533//5605 4581//4653
f 4580//4652 5531//5603 6067//6139 5534//5606
f 5531//5603 4544//4616 5440//5512 6067//6139
f 6067//6139 5440//5512 4542//4614 5535//5607
f 5534//5606 6067//6139 5535//5607 4582//4654
f 4539//4611 5435//5507 6068//6140 5536//5608
f 5435//5507 4541//4613 5532//5604 6068//6140
f 6068//6140 5532//5604 4581//4653 5537//5609
f 5536//5608 6068//6140 5537//5609 4583//4655
f 4582//4654 5535//5607 6069//6141 5538//5610
f 5535//5607 4542//4614 5436//5508 6069//6141
f 6069//6141 5436//5508 4540//4612 5539//5611
f 5538//5610 6069//6141 5539//5611 4584//4656
f 4537//4609 5431//5503 6070//6142 5540//5612
f 5431//5503 4539//4611 5536//5608 6070//6142
f 6070//6142 5536//5608 4583//4655 5541//5613
f 5540//5612 6070//6142 5541//5613 4585//4657
f 4584//4656 5539//5611 6071//6143 5542//5614
f 5539//5611 4540//4612 5432//5504 6071//6143
f 6071//6143 5432//5504 4538//4610 5543//5615
f 5542//5614 6071//6143 5543//5615 4586//4658
f 4535//4607 5427//5499 6072//6144 5544//5616
f 5427//5499 4537//4609 5540//5612 6072//6144
f 6072//6144 5540//5612 4585//4657 5545//5617
f 5544//5616 6072//6144 5545//5617 4587//4659
f 4586//4658 5543//5615 6073//6145 5546//5618
f 5543//5615 4538//4610 5428//5500 6073//6145
f 6073//6145 5428//5500 4536//4608 5547//5619
f 5546//5618 6073//6145 5547//5619 4588//4660
f 4533//4605 5421//5493 6074//6146 5524//5596
f 5421//5493 4535//4607 5544//5616 6074//6146
f 6074//6146 5544//5616 4587//4659 5548//5620
f 5524//5596 6074//6146 5548//5620 4589//4661
f 4588//4660 5547//5619 6075//6147 5549//5621
f 5547//5619 4536//4608 5424//5496 6075//6147
f 6075//6147 5424//5496 4534//4606 5527//5599
f 5549//5621 6075//6147 5527//5599 4590//4662
f 4573//4645 5517//5589 6076//6148 5550//5622
f 5517//5589 4571//4643 5551//5623 6076//6148
f 6076//6148 5551//5623 4595//4667 5552//5624
f 5550//5622 6076//6148 5552//5624 4593//4665
f 4596//4668 5554//5626 6077//6149 5553//5625
f 5554//5626 4572//4644 5518//5590 6077//6149
f 6077//6149 5518//5590 4574//4646 5555//5627
f 5553//5625 6077//6149 5555//5627 4594//4666
f 4593//4665 5552//5624 6078//6150 5556//5628
f 5552//5624 4595//4667 5557//5629 6078//6150
f 6078//6150 5557//5629 4597//4669 5558//5630
f 5556//5628 6078//6150 5558//5630 4599//4671
f 4598//4670 5560//5632 6079//6151 5559//5631
f 5560//5632 4596//4668 5553//5625 6079//6151
f 6079//6151 5553//5625 4594//4666 5561//5633
f 5559//5631 6079//6151 5561//5633 4600//4672
f 4599//4671 5558//5630 6080//6152 5562//5634
f 5558//5630 4597//4669 5563//5635 6080//6152
f 6080//6152 5563//5635 4603//4675 5564//5636
f 5562//5634 6080//6152 5564//5636 4601//4673
f 4604//4676 5566//5638 6081//6153 5565//5637
f 5566//5638 4598//4670 5559//5631 6081//6153
f 6081//6153 5559//5631 4600//4672 5567//5639
f 5565//5637 6081//6153 5567//5639 4602//4674
f 4601//4673 5564//5636 6082//6154 5568//5640
f 5564//5636 4603//4675 5569//5641 6082//6154
f 6082//6154 5569//5641 4605//4677 5570//5642
f 5568//5640 6082//6154 5570//5642 4607//4679
f 4606//4678 5572//5644 6083//6155 5571//5643
f 5572//5644 4604//4676 5565//5637 6083//6155
f 6083//6155 5565//5637 4602//4674 5573//5645
f 5571//5643 6083//6155 5573//5645 4608//4680
f 4579//4651 5529//5601 6084//6156 5574//5646
f 5529//5601 4591//4663 5575//5647 6084//6156
f 6084//6156 5575//5647 4601//4673 5568//5640
f 5574//5646 6084//6156 5568//5640 4607//4679
f 4602//4674 5576//5648 6085//6157 5573//5645
f 5576//5648 4592//4664 5530//5602 6085//6157
f 6085//6157 5530//5602 4580//4652 5577//5649
f 5573//5645 6085//6157 5577//5649 4608//4680
f 4567//4639 5578//5650 6086//6158 5500//5572
f 5578//5650 4599//4671 5562//5634 6086//6158
f 6086//6158 5562//5634 4601//4673 5575//5647
f 5500//5572 6086//6158 5575//5647 4591//4663
f 4602//4674 5567//5639 6087//6159 5576//5648
f 5567//5639 4600//4672 5579//5651 6087//6159
f 6087//6159 5579//5651 4568//4640 5501//5573
f 5576//5648 6087//6159 5501//5573 4592//4664
f 4567//4639 5505//5577 6088//6160 5578//5650
f 5505//5577 4577//4649 5580//5652 6088//6160
f 6088//6160 5580//5652 4593//4665 5556//5628
f 5578//5650 6088//6160 5556//5628 4599//4671
f 4594//4666 5581//5653 6089//6161 5561//5633
f 5581//5653 4578//4650 5506//5578 6089//6161
f 6089//6161 5506//5578 4568//4640 5579//5651
f 5561//5633 6089//6161 5579//5651 4600//4672
f 4573//4645 5550//5622 6090//6162 5513//5585
f 5550//5622 4593//4665 5580//5652 6090//6162
f 6090//6162 5580//5652 4577//4649 5509//5581
f 5513//5585 6090//6162 5509//5581 4575//4647
f 4578//4650 5581//5653 6091//6163 5510//5582
f 5581//5653 4594//4666 5555//5627 6091//6163
f 6091//6163 5555//5627 4574//4646 5514//5586
f 5510//5582 6091//6163 5514//5586 4576//4648
f 4569//4641 5525//5597 6092//6164 5521//5593
f 5525//5597 4589//4661 5582//5654 6092//6164
f 6092//6164 5582//5654 4595//4667 5551//5623
f 5521//5593 6092//6164 5551//5623 4571//4643
f 4596//4668 5583//5655 6093//6165 5554//5626
f 5583//5655 4590//4662 5526//5598 6093//6165
f 6093//6165 5526//5598 4570//4642 5522//5594
f 5554//5626 6093//6165 5522//5594 4572//4644
f 4587//4659 5584//5656 6094//6166 5548//5620
f 5584//5656 4597//4669 5557//5629 6094//6166
f 6094//6166 5557//5629 4595//4667 5582//5654
f 5548//5620 6094//6166 5582//5654 4589//4661
f 4596//4668 5560//5632 6095//6167 5583//5655
f 5560//5632 4598//4670 5585//5657 6095//6167
f 6095//6167 5585//5657 4588//4660 5549//5621
f 5583//5655 6095//6167 5549//5621 4590//4662
f 4585//4657 5586//5658 6096//6168 5545//5617
f 5586//5658 4603//4675 5563//5635 6096//6168
f 6096//6168 5563//5635 4597//4669 5584//5656
f 5545//5617 6096//6168 5584//5656 4587//4659
f 4598//4670 5566//5638 6097//6169 5585//5657
f 5566//5638 4604//4676 5587//5659 6097//6169
f 6097//6169 5587//5659 4586//4658 5546//5618
f 5585//5657 6097//6169 5546//5618 4588//4660
f 4583//4655 5588//5660 6098//6170 5541//5613
f 5588//5660 4605//4677 5569//5641 6098//6170
f 6098//6170 5569//5641 4603//4675 5586//5658
f 5541//5613 6098//6170 5586//5658 4585//4657
f 4604//4676 5572//5644 6099//6171 5587//5659
f 5572//5644 4606//4678 5589//5661 6099//6171
f 6099//6171 5589//5661 4584//4656 5542//5614
f 5587//5659 6099//6171 5542//5614 4586//4658
f 4581//4653 5590//5662 6100//6172 5537//5609
f 5590//5662 4607//4679 5570//5642 6100//6172
f 6100//6172 5570//5642 4605//4677 5588//5660
f 5537//5609 6100//6172 5588//5660 4583//4655
f 4606//4678 5571//5643 6101//6173 5589//5661
f 5571//5643 4608//4680 5591//5663 6101//6173
f 6101//6173 5591//5663 4582//4654 5538//5610
f 5589//5661 6101//6173 5538//5610 4584//4656
f 4579//4651 5574//5646 6102//6174 5533//5605
f 4607//4679 5590//5662 6102//6174 5574//5646
f 4581//4653 5533//5605 6102//6174 5590//5662
f 4582//4654 5591//5663 6103//6175 5534//5606
f 4608//4680 5577//5649 6103//6175 5591//5663
f 4580//4652 5534//5606 6103//6175 5577//5649
f 4507//4579 5414//5486 6104//6176 5592//5664
f 5414//5486 4505//4577 5593//5665 6104//6176
f 6104//6176 5593//5665 4619//4691 5594//5666
f 5592//5664 6104//6176 5594//5666 4617//4689
f 4620//4692 5596//5668 6105//6177 5595//5667
f 5596//5668 4506//4578 5419//5491 6105//6177
f 6105//6177 5419//5491 4508//4580 5597//5669
f 5595//5667 6105//6177 5597//5669 4618//4690
f 4509//4581 5408//5480 6106//6178 5598//5670
f 5408//5480 4507//4579 5592//5664 6106//6178
f 6106//6178 5592//5664 4617//4689 5599//5671
f 5598//5670 6106//6178 5599//5671 4615//4687
f 4618//4690 5597//5669 6107//6179 5600//5672
f 5597//5669 4508//4580 5413//5485 6107//6179
f 6107//6179 5413//5485 4510//4582 5601//5673
f 5600//5672 6107//6179 5601//5673 4616//4688
f 4511//4583 5402//5474 6108//6180 5602//5674
f 5402//5474 4509//4581 5598//5670 6108//6180
f 6108//6180 5598//5670 4615//4687 5603//5675
f 5602//5674 6108//6180 5603//5675 4613//4685
f 4616//4688 5601//5673 6109//6181 5604//5676
f 5601//5673 4510//4582 5407//5479 6109//6181
f 6109//6181 5407//5479 4512//4584 5605//5677
f 5604//5676 6109//6181 5605//5677 4614//4686
f 4513//4585 5396//5468 6110//6182 5606//5678
f 5396//5468 4511//4583 5602//5674 6110//6182
f 6110//6182 5602//5674 4613//4685 5607//5679
f 5606//5678 6110//6182 5607//5679 4611//4683
f 4614//4686 5605//5677 6111//6183 5608//5680
f 5605//5677 4512//4584 5401//5473 6111//6183
f 6111//6183 5401//5473 4514//4586 5609//5681
f 5608//5680 6111//6183 5609//5681 4612//4684
f 4515//4587 5390//5462 6112//6184 5610//5682
f 5390//5462 4513//4585 5606//5678 6112//6184
f 6112//6184 5606//5678 4611//4683 5611//5683
f 5610//5682 6112//6184 5611//5683 4609//4681
f 4612//4684 5609//5681 6113//6185 5612//5684
f 5609//5681 4514//4586 5395//5467 6113//6185
f 6113//6185 5395//5467 4516//4588 5613//5685
f 5612//5684 6113//6185 5613//5685 4610//4682
f 4503//4575 5383//5455 6114//6186 5614//5686
f 5383//5455 4515//4587 5610//5682 6114//6186
f 6114//6186 5610//5682 4609//4681 5615//5687
f 5614//5686 6114//6186 5615//5687 4621//4693
f 4610//4682 5613//5685 6115//6187 5616//5688
f 5613//5685 4516//4588 5388//5460 6115//6187
f 6115//6187 5388//5460 4504//4576 5617//5689
f 5616//5688 6115//6187 5617//5689 4622//4694
f 4609//4681 5618//5690 6116//6188 5615//5687
f 5618//5690 4617//4689 5594//5666 6116//6188
f 6116//6188 5594//5666 4619//4691 5619//5691
f 5615//5687 6116//6188 5619//5691 4621//4693
f 4620//4692 5595//5667 6117//6189 5620//5692
f 5595//5667 4618//4690 5621//5693 6117//6189
f 6117//6189 5621//5693 4610//4682 5616//5688
f 5620//5692 6117//6189 5616//5688 4622//4694
f 4609//4681 5611//5683 6118//6190 5618//5690
f 5611//5683 4611//4683 5622//5694 6118//6190
f 6118//6190 5622//5694 4615//4687 5599//5671
f 5618//5690 6118//6190 5599//5671 4617//4689
f 4616//4688 5623//5695 6119//6191 5600//5672
f 5623//5695 4612//4684 5612//5684 6119//6191
f 6119//6191 5612//5684 4610//4682 5621//5693
f 5600//5672 6119//6191 5621//5693 4618//4690
f 4611//4683 5607//5679 6120//6192 5622//5694
f 4613//4685 5603//5675 6120//6192 5607//5679
f 4615//4687 5622//5694 6120//6192 5603//5675
f 4616//4688 5604//5676 6121//6193 5623//5695
f 4614//4686 5608//5680 6121//6193 5604//5676
f 4612//4684 5623//5695 6121//6193 5608//5680
f 4429//4501 5348//5420 6122//6194 5624//5696
f 5348//5420 4497//4569 5458//5530 6122//6194
f 6122//6194 5458//5530 4503//4575 5614//5686
f 5624//5696 6122//6194 5614//5686 4621//4693
f 4504//4576 5463//5535 6123//6195 5617//5689
f 5463//5535 4498//4570 5349//5421 6123//6195
f 6123//6195 5349//5421 4430//4502 5625//5697
f 5617//5689 6123//6195 5625//5697 4622//4694
f 4429//4501 5624//5696 6124//6196 5368//5440
f 5624//5696 4621//4693 5619//5691 6124//6196
f 6124//6196 5619//5691 4619//4691 5626//5698
f 5368//5440 6124//6196 5626//5698 4437//4509
f 4620//4692 5620//5692 6125//6197 5627//5699
f 5620//5692 4622//4694 5625//5697 6125//6197
f 6125//6197 5625//5697 4430//4502 5373//5445
f 5627//5699 6125//6197 5373//5445 4438//4510
f 4435//4507 5376//5448 6126//6198 5452//5524
f 5376//5448 4437//4509 5626//5698 6126//6198
f 6126//6198 5626//5698 4619//4691 5593//5665
f 5452//5524 6126//6198 5593//5665 4505//4577
f 4620//4692 5627//5699 6127//6199 5596//5668
f 5627//5699 4438//4510 5379//5451 6127//6199
f 6127//6199 5379//5451 4436//4508 5455//5527
f 5596//5668 6127//6199 5455//5527 4506//4578
