# Blender 5.2.0 LTS
# www.blender.org
o MetalBall
v 2.000000 0.000000 0.000000
v 2.723607 0.552781 0.525725
v 1.723612 0.552780 0.850649
v 1.105574 0.552784 0.000000
v 1.723612 0.552780 -0.850649
v 2.723607 0.552781 -0.525725
v 2.276388 1.447220 0.850649
v 1.276393 1.447219 0.525725
v 1.276393 1.447219 -0.525725
v 2.276388 1.447220 -0.850649
v 2.894426 1.447216 0.000000
v 2.000000 2.000000 0.000000
v 1.742064 0.449315 0.793860
v 1.767179 0.342481 0.716563
v 1.799312 0.239597 0.617666
v 1.837544 0.149346 0.499995
v 1.879587 0.079045 0.370598
v 1.922393 0.032050 0.238853
v 1.963152 0.007135 0.113408
v 2.096471 0.007135 0.070089
v 2.203181 0.032050 0.147618
v 2.315251 0.079045 0.229040
v 2.425323 0.149346 0.309011
v 2.525420 0.239597 0.381735
v 2.609547 0.342481 0.442856
v 2.675300 0.449315 0.490628
v 2.638453 0.523013 0.604038
v 2.531941 0.497698 0.681712
v 2.405008 0.480428 0.752338
v 2.262869 0.474262 0.809012
v 2.114564 0.480428 0.846711
v 1.970361 0.497698 0.864184
v 1.838535 0.523012 0.863951
v 2.771771 0.523013 -0.420539
v 2.812729 0.497699 -0.295238
v 2.840673 0.480429 -0.152694
v 2.850648 0.474264 0.000000
v 2.840673 0.480429 0.152694
v 2.812729 0.497699 0.295238
v 2.771771 0.523013 0.420539
v 2.096471 0.007135 -0.070089
v 2.203181 0.032050 -0.147618
v 2.315251 0.079045 -0.229040
v 2.425323 0.149346 -0.309011
v 2.525420 0.239597 -0.381735
v 2.609547 0.342481 -0.442856
v 2.675300 0.449315 -0.490628
v 1.165284 0.449319 0.000000
v 1.246558 0.342485 0.000000
v 1.350544 0.239601 0.000000
v 1.474270 0.149348 0.000000
v 1.610327 0.079047 0.000000
v 1.748853 0.032051 0.000000
v 1.880755 0.007135 0.000000
v 1.622817 0.523012 0.793861
v 1.516029 0.497698 0.716565
v 1.409634 0.480428 0.617668
v 1.311811 0.474264 0.499997
v 1.230128 0.480430 0.370600
v 1.168949 0.497701 0.238853
v 1.128435 0.523016 0.113408
v 1.742064 0.449315 -0.793860
v 1.767179 0.342481 -0.716563
v 1.799312 0.239597 -0.617666
v 1.837544 0.149346 -0.499995
v 1.879587 0.079045 -0.370598
v 1.922393 0.032050 -0.238853
v 1.963152 0.007135 -0.113408
v 1.128435 0.523016 -0.113408
v 1.168949 0.497701 -0.238853
v 1.230128 0.480430 -0.370600
v 1.311811 0.474264 -0.499997
v 1.409634 0.480428 -0.617668
v 1.516029 0.497698 -0.716565
v 1.622817 0.523012 -0.793861
v 1.838535 0.523012 -0.863951
v 1.970361 0.497698 -0.864184
v 2.114564 0.480427 -0.846711
v 2.262869 0.474262 -0.809012
v 2.405009 0.480428 -0.752338
v 2.531941 0.497698 -0.681712
v 2.638453 0.523013 -0.604038
v 2.931188 1.357738 0.070089
v 2.956626 1.251149 0.147618
v 2.964711 1.129893 0.229041
v 2.951058 1.000000 0.309013
v 2.915098 0.870107 0.381737
v 2.860698 0.748849 0.442858
v 2.794547 0.642259 0.490629
v 2.794547 0.642259 -0.490629
v 2.860698 0.748849 -0.442858
v 2.915098 0.870107 -0.381737
v 2.951058 1.000000 -0.309013
v 2.964711 1.129893 -0.229041
v 2.956626 1.251149 -0.147618
v 2.931188 1.357738 -0.070089
v 2.221089 1.357741 0.907271
v 2.155215 1.251152 0.955422
v 2.080276 1.129894 0.988273
v 2.000000 1.000000 1.000000
v 1.919724 0.870106 0.988273
v 1.844785 0.748848 0.955422
v 1.778911 0.642259 0.907271
v 2.712150 0.642259 0.604039
v 2.687159 0.748848 0.681715
v 2.645839 0.870106 0.752343
v 2.587785 1.000000 0.809017
v 2.515945 1.129894 0.846716
v 2.436007 1.251152 0.864188
v 2.354409 1.357742 0.863953
v 1.205453 1.357741 0.490629
v 1.139302 1.251151 0.442858
v 1.084902 1.129893 0.381737
v 1.048942 1.000000 0.309013
v 1.035289 0.870107 0.229041
v 1.043374 0.748851 0.147618
v 1.068812 0.642262 0.070089
v 1.645591 0.642258 0.863953
v 1.563993 0.748848 0.864188
v 1.484054 0.870106 0.846716
v 1.412214 1.000000 0.809017
v 1.354161 1.129894 0.752342
v 1.312841 1.251152 0.681715
v 1.287850 1.357741 0.604039
v 1.287850 1.357741 -0.604039
v 1.312841 1.251152 -0.681715
v 1.354161 1.129894 -0.752343
v 1.412215 1.000000 -0.809017
v 1.484054 0.870106 -0.846716
v 1.563993 0.748848 -0.864188
v 1.645591 0.642258 -0.863953
v 1.068812 0.642262 -0.070089
v 1.043374 0.748851 -0.147618
v 1.035289 0.870107 -0.229041
v 1.048942 1.000000 -0.309013
v 1.084902 1.129893 -0.381737
v 1.139302 1.251151 -0.442858
v 1.205453 1.357741 -0.490629
v 2.354409 1.357742 -0.863953
v 2.436007 1.251152 -0.864188
v 2.515946 1.129894 -0.846716
v 2.587786 1.000000 -0.809017
v 2.645839 0.870106 -0.752342
v 2.687159 0.748848 -0.681715
v 2.712150 0.642259 -0.604039
v 1.778911 0.642259 -0.907271
v 1.844785 0.748848 -0.955422
v 1.919724 0.870106 -0.988273
v 2.000000 1.000000 -1.000000
v 2.080276 1.129894 -0.988273
v 2.155215 1.251152 -0.955422
v 2.221089 1.357741 -0.907271
v 2.871565 1.476984 0.113408
v 2.831051 1.502299 0.238853
v 2.769872 1.519570 0.370600
v 2.688189 1.525736 0.499997
v 2.590366 1.519572 0.617668
v 2.483971 1.502302 0.716565
v 2.377183 1.476988 0.793861
v 2.161465 1.476988 0.863951
v 2.029639 1.502302 0.864184
v 1.885436 1.519572 0.846711
v 1.737131 1.525738 0.809012
v 1.594992 1.519572 0.752338
v 1.468059 1.502302 0.681712
v 1.361547 1.476987 0.604038
v 1.228229 1.476987 0.420539
v 1.187271 1.502301 0.295238
v 1.159327 1.519571 0.152694
v 1.149352 1.525736 -0.000000
v 1.159327 1.519571 -0.152694
v 1.187271 1.502301 -0.295238
v 1.228229 1.476987 -0.420539
v 1.361547 1.476987 -0.604038
v 1.468059 1.502302 -0.681712
v 1.594992 1.519572 -0.752338
v 1.737131 1.525738 -0.809012
v 1.885436 1.519572 -0.846711
v 2.029639 1.502302 -0.864184
v 2.161465 1.476988 -0.863951
v 2.377183 1.476988 -0.793861
v 2.483971 1.502302 -0.716565
v 2.590366 1.519572 -0.617668
v 2.688190 1.525736 -0.499997
v 2.769872 1.519570 -0.370600
v 2.831051 1.502299 -0.238853
v 2.871565 1.476984 -0.113408
v 2.036848 1.992865 0.113408
v 2.077607 1.967950 0.238853
v 2.120413 1.920955 0.370598
v 2.162456 1.850654 0.499995
v 2.200688 1.760403 0.617666
v 2.232821 1.657519 0.716563
v 2.257936 1.550685 0.793860
v 2.834716 1.550681 0.000000
v 2.753442 1.657515 0.000000
v 2.649456 1.760399 0.000000
v 2.525730 1.850652 0.000000
v 2.389673 1.920953 0.000000
v 2.251147 1.967949 0.000000
v 2.119245 1.992865 0.000000
v 1.903529 1.992865 0.070089
v 1.796819 1.967950 0.147618
v 1.684749 1.920955 0.229040
v 1.574677 1.850654 0.309011
v 1.474580 1.760403 0.381735
v 1.390453 1.657519 0.442856
v 1.324700 1.550685 0.490628
v 1.903529 1.992865 -0.070089
v 1.796819 1.967950 -0.147618
v 1.684749 1.920955 -0.229040
v 1.574677 1.850654 -0.309011
v 1.474580 1.760403 -0.381735
v 1.390453 1.657519 -0.442856
v 1.324700 1.550685 -0.490628
v 2.036848 1.992865 -0.113408
v 2.077607 1.967950 -0.238853
v 2.120413 1.920955 -0.370598
v 2.162456 1.850654 -0.499995
v 2.200688 1.760403 -0.617666
v 2.232821 1.657519 -0.716563
v 2.257936 1.550685 -0.793860
v 2.166198 1.978672 -0.120749
v 2.307167 1.943208 -0.126518
v 2.215245 1.943209 -0.253036
v 2.451375 1.882854 -0.129731
v 2.361800 1.894429 -0.262863
v 2.262862 1.882855 -0.389192
v 2.587783 1.798549 -0.129731
v 2.506729 1.819912 -0.266403
v 2.409951 1.819913 -0.399604
v 2.305013 1.798552 -0.518924
v 2.706258 1.696558 -0.126519
v 2.638194 1.723610 -0.262864
v 2.550008 1.733353 -0.399605
v 2.447209 1.723612 -0.525728
v 2.338568 1.696561 -0.632593
v 2.801022 1.586331 -0.120750
v 2.747366 1.614342 -0.253038
v 2.672087 1.629942 -0.389194
v 2.577830 1.629943 -0.518926
v 2.471599 1.614344 -0.632594
v 2.362366 1.586334 -0.724502
v 1.936517 1.978672 -0.195376
v 1.974592 1.943209 -0.331227
v 1.825862 1.943209 -0.282901
v 2.016098 1.882855 -0.469369
v 1.861803 1.894430 -0.425319
v 1.711084 1.882855 -0.370262
v 2.058249 1.798552 -0.599101
v 1.903221 1.819914 -0.564248
v 1.746634 1.819914 -0.513369
v 1.600728 1.798552 -0.450440
v 2.097915 1.696561 -0.710785
v 1.947210 1.723612 -0.688185
v 1.789912 1.733355 -0.646571
v 1.638196 1.723612 -0.587778
v 1.502991 1.696561 -0.517479
v 2.132684 1.586334 -0.799129
v 1.990291 1.614345 -0.788978
v 1.837537 1.629944 -0.759458
v 1.685029 1.629944 -0.709904
v 1.544098 1.614344 -0.643998
v 1.422934 1.586334 -0.568513
v 1.794568 1.978672 0.000000
v 1.677132 1.943208 -0.078192
v 1.677132 1.943208 0.078192
v 1.558577 1.882855 -0.160354
v 1.552790 1.894429 0.000000
v 1.558577 1.882855 0.160354
v 1.448221 1.798551 -0.240532
v 1.433461 1.819912 -0.082322
v 1.433461 1.819912 0.082322
v 1.448221 1.798551 0.240532
v 1.354260 1.696561 -0.312768
v 1.329183 1.723611 -0.162457
v 1.320152 1.733353 0.000000
v 1.329183 1.723611 0.162457
v 1.354260 1.696560 0.312768
v 1.280985 1.586334 -0.373135
v 1.246637 1.614343 -0.234576
v 1.227508 1.629942 -0.080177
v 1.227508 1.629942 0.080177
v 1.246637 1.614343 0.234576
v 1.280985 1.586334 0.373135
v 1.936517 1.978672 0.195376
v 1.825862 1.943209 0.282901
v 1.974592 1.943209 0.331227
v 1.711084 1.882855 0.370262
v 1.861803 1.894430 0.425319
v 2.016098 1.882855 0.469369
v 1.600728 1.798552 0.450440
v 1.746634 1.819914 0.513369
v 1.903221 1.819914 0.564248
v 2.058250 1.798552 0.599101
v 1.502991 1.696561 0.517479
v 1.638196 1.723612 0.587778
v 1.789912 1.733355 0.646571
v 1.947210 1.723612 0.688185
v 2.097915 1.696561 0.710785
v 1.422934 1.586334 0.568513
v 1.544098 1.614345 0.643998
v 1.685029 1.629944 0.709904
v 1.837537 1.629944 0.759458
v 1.990292 1.614345 0.788978
v 2.132684 1.586334 0.799129
v 2.166198 1.978672 0.120749
v 2.215245 1.943209 0.253036
v 2.307167 1.943208 0.126518
v 2.262862 1.882855 0.389192
v 2.361800 1.894429 0.262863
v 2.451375 1.882854 0.129731
v 2.305013 1.798552 0.518924
v 2.409951 1.819913 0.399604
v 2.506729 1.819912 0.266403
v 2.587783 1.798549 0.129731
v 2.338568 1.696561 0.632593
v 2.447209 1.723612 0.525728
v 2.550008 1.733353 0.399605
v 2.638194 1.723610 0.262864
v 2.706258 1.696558 0.126519
v 2.362366 1.586334 0.724502
v 2.471599 1.614344 0.632594
v 2.577830 1.629943 0.518926
v 2.672087 1.629942 0.389194
v 2.747366 1.614342 0.253038
v 2.801022 1.586331 0.120750
v 2.903740 1.380897 -0.195376
v 2.921508 1.266063 -0.282902
v 2.854992 1.399094 -0.331229
v 2.918856 1.136410 -0.370264
v 2.861804 1.276396 -0.425322
v 2.782446 1.409229 -0.469371
v 2.892805 1.000000 -0.450443
v 2.846660 1.140059 -0.513372
v 2.776630 1.280118 -0.564251
v 2.688190 1.409230 -0.599104
v 2.845290 0.866968 -0.517481
v 2.809019 1.000000 -0.587782
v 2.749882 1.140059 -0.646576
v 2.670820 1.276397 -0.688189
v 2.579226 1.399096 -0.710788
v 2.782501 0.746067 -0.568515
v 2.753368 0.866968 -0.644002
v 2.704293 1.000000 -0.709909
v 2.636088 1.136411 -0.759463
v 2.553820 1.266065 -0.788982
v 2.465085 1.380900 -0.799132
v 2.093451 1.380900 -0.919882
v 2.015700 1.266064 -0.963827
v 1.949184 1.399096 -0.915500
v 1.931795 1.136410 -0.988302
v 1.861802 1.276397 -0.951055
v 1.795385 1.409230 -0.889193
v 1.847491 1.000000 -0.988302
v 1.773382 1.140059 -0.963861
v 1.703352 1.280118 -0.912981
v 1.642876 1.409230 -0.839639
v 1.769052 0.866967 -0.963829
v 1.690984 1.000000 -0.951057
v 1.616793 1.140059 -0.912982
v 1.552785 1.276397 -0.850649
v 1.502988 1.399096 -0.770520
v 1.701115 0.746066 -0.919883
v 1.620320 0.866967 -0.915503
v 1.542473 1.000000 -0.889196
v 1.474268 1.136410 -0.839642
v 1.420771 1.266065 -0.770522
v 1.383698 1.380900 -0.689266
v 1.154018 1.380899 -0.373136
v 1.088196 1.266063 -0.312769
v 1.113604 1.399095 -0.234577
v 1.038992 1.136410 -0.240533
v 1.052787 1.276396 -0.162458
v 1.091098 1.409229 -0.080178
v 1.012941 1.000000 -0.160355
v 1.013285 1.140059 -0.082322
v 1.040034 1.280117 0.000000
v 1.091098 1.409229 0.080178
v 1.011977 0.866969 -0.078192
v 1.000000 1.000001 0.000000
v 1.013285 1.140059 0.082323
v 1.052787 1.276397 0.162458
v 1.113605 1.399095 0.234577
v 1.032778 0.746069 0.000000
v 1.011977 0.866970 0.078193
v 1.012941 1.000001 0.160356
v 1.038992 1.136411 0.240534
v 1.088197 1.266065 0.312769
v 1.154018 1.380900 0.373136
v 1.383698 1.380900 0.689266
v 1.420771 1.266065 0.770521
v 1.502988 1.399096 0.770520
v 1.474267 1.136410 0.839641
v 1.552784 1.276397 0.850649
v 1.642876 1.409230 0.839639
v 1.542473 0.999999 0.889196
v 1.616792 1.140059 0.912982
v 1.703351 1.280118 0.912981
v 1.795384 1.409230 0.889193
v 1.620319 0.866967 0.915502
v 1.690983 0.999999 0.951056
v 1.773381 1.140059 0.963861
v 1.861801 1.276397 0.951055
v 1.949183 1.399096 0.915500
v 1.701115 0.746066 0.919883
v 1.769052 0.866967 0.963828
v 1.847491 1.000000 0.988302
v 1.931795 1.136410 0.988302
v 2.015699 1.266064 0.963827
v 2.093451 1.380900 0.919882
v 2.465085 1.380900 0.799132
v 2.553820 1.266064 0.788983
v 2.579226 1.399096 0.710788
v 2.636088 1.136410 0.759463
v 2.670820 1.276396 0.688190
v 2.688190 1.409229 0.599104
v 2.704293 0.999999 0.709909
v 2.749882 1.140058 0.646576
v 2.776630 1.280117 0.564252
v 2.782446 1.409228 0.469372
v 2.753368 0.866966 0.644002
v 2.809019 0.999998 0.587783
v 2.846659 1.140057 0.513373
v 2.861804 1.276394 0.425323
v 2.854992 1.399093 0.331230
v 2.782501 0.746065 0.568515
v 2.845289 0.866966 0.517482
v 2.892805 0.999998 0.450444
v 2.918856 1.136407 0.370266
v 2.921508 1.266061 0.282904
v 2.903740 1.380896 0.195377
v 2.298886 1.253934 -0.919883
v 2.379681 1.133033 -0.915502
v 2.230948 1.133033 -0.963828
v 2.457527 1.000000 -0.889196
v 2.309017 1.000000 -0.951056
v 2.152509 1.000000 -0.988302
v 2.525733 0.863589 -0.839641
v 2.383208 0.859940 -0.912982
v 2.226619 0.859940 -0.963861
v 2.068205 0.863590 -0.988302
v 2.579229 0.733935 -0.770521
v 2.447216 0.723602 -0.850648
v 2.296648 0.719881 -0.912980
v 2.138199 0.723602 -0.951055
v 1.984300 0.733935 -0.963827
v 2.616302 0.619100 -0.689265
v 2.497012 0.600903 -0.770520
v 2.357124 0.590769 -0.839639
v 2.204615 0.590770 -0.889192
v 2.050817 0.600903 -0.915500
v 1.906549 0.619100 -0.919881
v 1.217499 1.253934 -0.568515
v 1.246632 1.133032 -0.644002
v 1.154710 1.133032 -0.517482
v 1.295707 1.000000 -0.709910
v 1.190982 1.000000 -0.587783
v 1.107195 1.000000 -0.450444
v 1.363913 0.863589 -0.759464
v 1.250119 0.859941 -0.646577
v 1.153341 0.859941 -0.513374
v 1.081144 0.863590 -0.370265
v 1.446181 0.733935 -0.788983
v 1.329181 0.723603 -0.688191
v 1.223372 0.719882 -0.564253
v 1.138197 0.723604 -0.425324
v 1.078493 0.733937 -0.282904
v 1.534916 0.619100 -0.799132
v 1.420776 0.600904 -0.710789
v 1.311811 0.590770 -0.599106
v 1.217555 0.590771 -0.469374
v 1.145009 0.600906 -0.331231
v 1.096261 0.619103 -0.195378
v 1.217499 1.253934 0.568515
v 1.154710 1.133032 0.517482
v 1.246632 1.133032 0.644002
v 1.107195 1.000000 0.450444
v 1.190982 1.000000 0.587783
v 1.295707 1.000000 0.709910
v 1.081144 0.863590 0.370265
v 1.153341 0.859941 0.513374
v 1.250119 0.859941 0.646577
v 1.363913 0.863589 0.759464
v 1.078492 0.733937 0.282904
v 1.138197 0.723604 0.425324
v 1.223371 0.719882 0.564253
v 1.329181 0.723603 0.688191
v 1.446181 0.733935 0.788983
v 1.096261 0.619103 0.195378
v 1.145009 0.600906 0.331231
v 1.217555 0.590771 0.469374
v 1.311811 0.590770 0.599106
v 1.420776 0.600904 0.710789
v 1.534916 0.619100 0.799132
v 2.298886 1.253934 0.919883
v 2.230948 1.133032 0.963828
v 2.379681 1.133033 0.915502
v 2.152509 1.000000 0.988302
v 2.309017 1.000000 0.951056
v 2.457527 1.000000 0.889196
v 2.068206 0.863590 0.988302
v 2.226619 0.859940 0.963861
v 2.383207 0.859940 0.912982
v 2.525733 0.863589 0.839641
v 1.984300 0.733935 0.963827
v 2.138199 0.723603 0.951055
v 2.296648 0.719881 0.912980
v 2.447216 0.723602 0.850648
v 2.579229 0.733935 0.770521
v 1.906549 0.619100 0.919882
v 2.050817 0.600903 0.915500
v 2.204615 0.590770 0.889192
v 2.357124 0.590770 0.839639
v 2.497012 0.600903 0.770520
v 2.616302 0.619100 0.689266
v 2.967222 1.253931 0.000000
v 2.988023 1.133031 0.078192
v 2.988023 1.133031 -0.078192
v 2.987059 1.000000 0.160355
v 3.000000 1.000000 0.000000
v 2.987059 1.000000 -0.160355
v 2.961008 0.863590 0.240533
v 2.986715 0.859941 0.082322
v 2.986715 0.859941 -0.082322
v 2.961008 0.863590 -0.240533
v 2.911804 0.733936 0.312769
v 2.947213 0.723604 0.162458
v 2.959966 0.719883 0.000000
v 2.947213 0.723604 -0.162458
v 2.911804 0.733936 -0.312769
v 2.845982 0.619101 0.373136
v 2.886395 0.600905 0.234576
v 2.908902 0.590771 0.080178
v 2.908902 0.590771 -0.080178
v 2.886395 0.600905 -0.234576
v 2.845982 0.619101 -0.373136
v 2.577066 0.413666 -0.568513
v 2.497009 0.303439 -0.517479
v 2.455902 0.385656 -0.643999
v 2.399272 0.201448 -0.450441
v 2.361804 0.276388 -0.587779
v 2.314970 0.370057 -0.709905
v 2.288916 0.117145 -0.370263
v 2.253366 0.180087 -0.513370
v 2.210087 0.266646 -0.646572
v 2.162463 0.370057 -0.759459
v 2.174138 0.056791 -0.282902
v 2.138197 0.105571 -0.425321
v 2.096779 0.180088 -0.564250
v 2.052789 0.276389 -0.688186
v 2.009708 0.385656 -0.788979
v 2.063482 0.021329 -0.195377
v 2.025407 0.056792 -0.331229
v 1.983901 0.117146 -0.469371
v 1.941750 0.201450 -0.599103
v 1.902085 0.303440 -0.710786
v 1.867316 0.413666 -0.799129
v 1.637633 0.413666 -0.724501
v 1.661431 0.303439 -0.632593
v 1.528399 0.385656 -0.632593
v 1.694986 0.201448 -0.518923
v 1.552789 0.276388 -0.525727
v 1.422168 0.370057 -0.518924
v 1.737138 0.117145 -0.389192
v 1.590048 0.180087 -0.399603
v 1.449991 0.266647 -0.399603
v 1.327912 0.370058 -0.389192
v 1.784755 0.056791 -0.253036
v 1.638199 0.105571 -0.262863
v 1.493270 0.180088 -0.266402
v 1.361805 0.276391 -0.262863
v 1.252633 0.385659 -0.253036
v 1.833802 0.021329 -0.120749
v 1.692832 0.056792 -0.126518
v 1.548625 0.117147 -0.129730
v 1.412216 0.201451 -0.129730
v 1.293742 0.303443 -0.126518
v 1.198978 0.413670 -0.120749
v 1.198978 0.413670 0.120750
v 1.293742 0.303442 0.126518
v 1.252633 0.385659 0.253037
v 1.412216 0.201451 0.129731
v 1.361805 0.276391 0.262864
v 1.327912 0.370059 0.389193
v 1.548625 0.117147 0.129731
v 1.493270 0.180089 0.266403
v 1.449991 0.266648 0.399605
v 1.422168 0.370058 0.518925
v 1.692832 0.056792 0.126519
v 1.638199 0.105572 0.262864
v 1.590048 0.180088 0.399605
v 1.552789 0.276390 0.525729
v 1.528399 0.385657 0.632594
v 1.833802 0.021329 0.120750
v 1.784754 0.056792 0.253038
v 1.737137 0.117146 0.389194
v 1.694985 0.201450 0.518925
v 1.661430 0.303440 0.632594
v 1.637633 0.413667 0.724502
v 2.719015 0.413666 -0.373135
v 2.753364 0.385657 -0.234576
v 2.645740 0.303440 -0.312768
v 2.772492 0.370058 -0.080177
v 2.670817 0.276389 -0.162457
v 2.551780 0.201449 -0.240532
v 2.772493 0.370058 0.080178
v 2.679849 0.266647 0.000000
v 2.566540 0.180088 -0.082322
v 2.441423 0.117146 -0.160354
v 2.753364 0.385657 0.234576
v 2.670818 0.276390 0.162458
v 2.566540 0.180089 0.082323
v 2.447211 0.105572 0.000001
v 2.322869 0.056792 -0.078191
v 2.719016 0.413667 0.373136
v 2.645741 0.303441 0.312769
v 2.551781 0.201450 0.240533
v 2.441424 0.117146 0.160356
v 2.322870 0.056792 0.078193
v 2.205432 0.021329 0.000001
v 1.867316 0.413666 0.799129
v 1.902085 0.303439 0.710785
v 2.009709 0.385656 0.788978
v 1.941751 0.201448 0.599101
v 2.052790 0.276388 0.688185
v 2.162463 0.370056 0.759458
v 1.983903 0.117145 0.469370
v 2.096780 0.180087 0.564249
v 2.210089 0.266646 0.646572
v 2.314971 0.370057 0.709905
v 2.025409 0.056791 0.331228
v 2.138199 0.105571 0.425321
v 2.253368 0.180088 0.513370
v 2.361805 0.276389 0.587779
v 2.455903 0.385656 0.643999
v 2.063483 0.021329 0.195377
v 2.174140 0.056792 0.282902
v 2.288918 0.117146 0.370264
v 2.399274 0.201450 0.450441
v 2.497010 0.303440 0.517480
v 2.577067 0.413667 0.568513
vn -0.0000 -1.0000 -0.0000
vn 0.7236 -0.4472 0.5257
vn -0.2764 -0.4472 0.8506
vn -0.8944 -0.4472 -0.0000
vn -0.2764 -0.4472 -0.8506
vn 0.7236 -0.4472 -0.5257
vn 0.2764 0.4472 0.8506
vn -0.7236 0.4472 0.5257
vn -0.7236 0.4472 -0.5257
vn 0.2764 0.4472 -0.8506
vn 0.8944 0.4472 -0.0000
vn -0.0000 1.0000 -0.0000
vn -0.2575 -0.5530 0.7924
vn -0.2324 -0.6591 0.7152
vn -0.2004 -0.7612 0.6168
vn -0.1625 -0.8507 0.5000
vn -0.1207 -0.9205 0.3716
vn -0.0782 -0.9674 0.2408
vn -0.0377 -0.9925 0.1161
vn 0.0987 -0.9925 0.0717
vn 0.2048 -0.9674 0.1488
vn 0.3161 -0.9205 0.2297
vn 0.4253 -0.8507 0.3090
vn 0.5247 -0.7612 0.3812
vn 0.6084 -0.6591 0.4420
vn 0.6740 -0.5530 0.4897
vn 0.6363 -0.4776 0.6058
vn 0.5302 -0.5026 0.6828
vn 0.4040 -0.5197 0.7528
vn 0.2629 -0.5257 0.8090
vn 0.1157 -0.5197 0.8465
vn -0.0275 -0.5026 0.8641
vn -0.1587 -0.4776 0.8641
vn 0.7728 -0.4776 -0.4180
vn 0.8133 -0.5026 -0.2932
vn 0.8408 -0.5197 -0.1516
vn 0.8506 -0.5257 -0.0000
vn 0.8408 -0.5197 0.1516
vn 0.8133 -0.5026 0.2932
vn 0.7728 -0.4776 0.4180
vn 0.0987 -0.9925 -0.0717
vn 0.2048 -0.9674 -0.1488
vn 0.3161 -0.9205 -0.2297
vn 0.4253 -0.8507 -0.3090
vn 0.5247 -0.7612 -0.3812
vn 0.6084 -0.6591 -0.4420
vn 0.6740 -0.5530 -0.4897
vn -0.8332 -0.5530 -0.0000
vn -0.7520 -0.6591 -0.0000
vn -0.6486 -0.7612 -0.0000
vn -0.5257 -0.8507 -0.0000
vn -0.3907 -0.9205 -0.0000
vn -0.2532 -0.9674 -0.0000
vn -0.1220 -0.9925 -0.0000
vn -0.3795 -0.4776 0.7924
vn -0.4856 -0.5026 0.7152
vn -0.5912 -0.5197 0.6168
vn -0.6882 -0.5257 0.5000
vn -0.7693 -0.5197 0.3716
vn -0.8303 -0.5026 0.2408
vn -0.8709 -0.4776 0.1161
vn -0.2575 -0.5530 -0.7924
vn -0.2324 -0.6591 -0.7152
vn -0.2004 -0.7612 -0.6168
vn -0.1625 -0.8507 -0.5000
vn -0.1207 -0.9205 -0.3716
vn -0.0782 -0.9674 -0.2408
vn -0.0377 -0.9925 -0.1161
vn -0.8709 -0.4776 -0.1161
vn -0.8303 -0.5026 -0.2408
vn -0.7693 -0.5197 -0.3716
vn -0.6882 -0.5257 -0.5000
vn -0.5912 -0.5197 -0.6168
vn -0.4856 -0.5026 -0.7152
vn -0.3795 -0.4776 -0.7924
vn -0.1587 -0.4776 -0.8641
vn -0.0275 -0.5026 -0.8641
vn 0.1157 -0.5197 -0.8465
vn 0.2629 -0.5257 -0.8090
vn 0.4040 -0.5197 -0.7528
vn 0.5302 -0.5026 -0.6828
vn 0.6363 -0.4776 -0.6058
vn 0.9319 0.3556 0.0717
vn 0.9569 0.2494 0.1488
vn 0.9647 0.1289 0.2297
vn 0.9511 -0.0000 0.3090
vn 0.9155 -0.1289 0.3812
vn 0.8616 -0.2494 0.4420
vn 0.7961 -0.3556 0.4897
vn 0.7961 -0.3556 -0.4897
vn 0.8616 -0.2494 -0.4420
vn 0.9155 -0.1289 -0.3812
vn 0.9511 -0.0000 -0.3090
vn 0.9647 0.1289 -0.2297
vn 0.9569 0.2494 -0.1488
vn 0.9319 0.3556 -0.0717
vn 0.2198 0.3556 0.9084
vn 0.1541 0.2494 0.9560
vn 0.0797 0.1289 0.9884
vn -0.0000 -0.0000 1.0000
vn -0.0797 -0.1289 0.9884
vn -0.1541 -0.2494 0.9560
vn -0.2198 -0.3556 0.9084
vn 0.7118 -0.3556 0.6058
vn 0.6867 -0.2494 0.6829
vn 0.6455 -0.1289 0.7528
vn 0.5878 -0.0000 0.8090
vn 0.5165 0.1289 0.8465
vn 0.4372 0.2494 0.8641
vn 0.3562 0.3556 0.8641
vn -0.7961 0.3556 0.4897
vn -0.8616 0.2494 0.4420
vn -0.9155 0.1289 0.3812
vn -0.9511 -0.0000 0.3090
vn -0.9647 -0.1289 0.2297
vn -0.9569 -0.2494 0.1488
vn -0.9319 -0.3556 0.0717
vn -0.3562 -0.3556 0.8641
vn -0.4372 -0.2494 0.8641
vn -0.5165 -0.1289 0.8465
vn -0.5878 -0.0000 0.8090
vn -0.6455 0.1289 0.7528
vn -0.6867 0.2494 0.6829
vn -0.7118 0.3556 0.6058
vn -0.7118 0.3556 -0.6058
vn -0.6867 0.2494 -0.6829
vn -0.6455 0.1289 -0.7528
vn -0.5878 -0.0000 -0.8090
vn -0.5165 -0.1289 -0.8465
vn -0.4372 -0.2494 -0.8641
vn -0.3562 -0.3556 -0.8641
vn -0.9319 -0.3556 -0.0717
vn -0.9569 -0.2494 -0.1488
vn -0.9647 -0.1289 -0.2297
vn -0.9511 -0.0000 -0.3090
vn -0.9155 0.1289 -0.3812
vn -0.8616 0.2494 -0.4420
vn -0.7961 0.3556 -0.4897
vn 0.3562 0.3556 -0.8641
vn 0.4372 0.2494 -0.8641
vn 0.5165 0.1289 -0.8465
vn 0.5878 -0.0000 -0.8090
vn 0.6455 -0.1289 -0.7528
vn 0.6867 -0.2494 -0.6829
vn 0.7118 -0.3556 -0.6058
vn -0.2198 -0.3556 -0.9084
vn -0.1541 -0.2494 -0.9560
vn -0.0797 -0.1289 -0.9884
vn -0.0000 -0.0000 -1.0000
vn 0.0797 0.1289 -0.9884
vn 0.1541 0.2494 -0.9560
vn 0.2198 0.3556 -0.9084
vn 0.8709 0.4776 0.1161
vn 0.8303 0.5026 0.2408
vn 0.7693 0.5197 0.3716
vn 0.6882 0.5257 0.5000
vn 0.5912 0.5197 0.6168
vn 0.4856 0.5026 0.7152
vn 0.3795 0.4776 0.7924
vn 0.1587 0.4776 0.8641
vn 0.0275 0.5026 0.8641
vn -0.1157 0.5197 0.8465
vn -0.2629 0.5257 0.8090
vn -0.4040 0.5197 0.7528
vn -0.5302 0.5026 0.6828
vn -0.6363 0.4776 0.6058
vn -0.7728 0.4776 0.4180
vn -0.8133 0.5026 0.2932
vn -0.8408 0.5197 0.1515
vn -0.8506 0.5257 -0.0000
vn -0.8408 0.5197 -0.1516
vn -0.8133 0.5026 -0.2932
vn -0.7728 0.4776 -0.4180
vn -0.6363 0.4776 -0.6058
vn -0.5302 0.5026 -0.6828
vn -0.4040 0.5197 -0.7528
vn -0.2629 0.5257 -0.8090
vn -0.1157 0.5197 -0.8465
vn 0.0275 0.5026 -0.8641
vn 0.1587 0.4776 -0.8641
vn 0.3795 0.4776 -0.7924
vn 0.4856 0.5026 -0.7152
vn 0.5912 0.5197 -0.6168
vn 0.6882 0.5257 -0.5000
vn 0.7693 0.5197 -0.3716
vn 0.8303 0.5026 -0.2408
vn 0.8709 0.4776 -0.1161
vn 0.0377 0.9925 0.1161
vn 0.0782 0.9674 0.2408
vn 0.1207 0.9205 0.3716
vn 0.1625 0.8507 0.5000
vn 0.2004 0.7612 0.6168
vn 0.2324 0.6591 0.7152
vn 0.2575 0.5530 0.7924
vn 0.8332 0.5530 -0.0000
vn 0.7520 0.6591 -0.0000
vn 0.6486 0.7612 -0.0000
vn 0.5257 0.8507 -0.0000
vn 0.3907 0.9205 -0.0000
vn 0.2532 0.9674 -0.0000
vn 0.1220 0.9925 -0.0000
vn -0.0987 0.9925 0.0717
vn -0.2048 0.9674 0.1488
vn -0.3161 0.9205 0.2297
vn -0.4253 0.8507 0.3090
vn -0.5247 0.7612 0.3812
vn -0.6084 0.6591 0.4420
vn -0.6740 0.5530 0.4897
vn -0.0987 0.9925 -0.0717
vn -0.2048 0.9674 -0.1488
vn -0.3161 0.9205 -0.2297
vn -0.4253 0.8507 -0.3090
vn -0.5247 0.7612 -0.3812
vn -0.6084 0.6591 -0.4420
vn -0.6740 0.5530 -0.4897
vn 0.0377 0.9925 -0.1161
vn 0.0782 0.9674 -0.2408
vn 0.1207 0.9205 -0.3716
vn 0.1625 0.8507 -0.5000
vn 0.2004 0.7612 -0.6168
vn 0.2324 0.6591 -0.7152
vn 0.2575 0.5530 -0.7924
vn 0.1698 0.9777 -0.1233
vn 0.3095 0.9421 -0.1293
vn 0.2186 0.9421 -0.2544
vn 0.4520 0.8821 -0.1326
vn 0.3635 0.8934 -0.2641
vn 0.2658 0.8821 -0.3889
vn 0.5868 0.7988 -0.1326
vn 0.5066 0.8196 -0.2676
vn 0.4110 0.8196 -0.3991
vn 0.3074 0.7988 -0.5171
vn 0.7042 0.6981 -0.1293
vn 0.6365 0.7247 -0.2641
vn 0.5493 0.7342 -0.3991
vn 0.4479 0.7247 -0.5237
vn 0.3406 0.6981 -0.6298
vn 0.7986 0.5891 -0.1233
vn 0.7449 0.6168 -0.2544
vn 0.6701 0.6322 -0.3889
vn 0.5770 0.6322 -0.5171
vn 0.4721 0.6168 -0.6298
vn 0.3641 0.5891 -0.7214
vn -0.0648 0.9777 -0.1996
vn -0.0273 0.9421 -0.3343
vn -0.1744 0.9421 -0.2865
vn 0.0136 0.8821 -0.4709
vn -0.1389 0.8934 -0.4274
vn -0.2878 0.8821 -0.3730
vn 0.0552 0.7988 -0.5991
vn -0.0980 0.8196 -0.5645
vn -0.2525 0.8196 -0.5142
vn -0.3968 0.7988 -0.4522
vn 0.0947 0.6981 -0.7097
vn -0.0545 0.7247 -0.6869
vn -0.2098 0.7342 -0.6457
vn -0.3597 0.7247 -0.5878
vn -0.4937 0.6981 -0.5185
vn 0.1295 0.5891 -0.7976
vn -0.0118 0.6168 -0.7870
vn -0.1628 0.6322 -0.7575
vn -0.3135 0.6322 -0.7085
vn -0.4531 0.6168 -0.6436
vn -0.5736 0.5891 -0.5692
vn -0.2098 0.9777 -0.0000
vn -0.3264 0.9421 -0.0773
vn -0.3264 0.9421 0.0773
vn -0.4436 0.8821 -0.1584
vn -0.4493 0.8934 -0.0000
vn -0.4436 0.8821 0.1584
vn -0.5527 0.7988 -0.2376
vn -0.5671 0.8196 -0.0812
vn -0.5671 0.8196 0.0812
vn -0.5527 0.7988 0.2377
vn -0.6457 0.6981 -0.3093
vn -0.6702 0.7247 -0.1604
vn -0.6789 0.7342 -0.0000
vn -0.6702 0.7247 0.1604
vn -0.6457 0.6981 0.3093
vn -0.7186 0.5891 -0.3696
vn -0.7521 0.6168 -0.2320
vn -0.7707 0.6322 -0.0792
vn -0.7707 0.6322 0.0792
vn -0.7521 0.6168 0.2320
vn -0.7186 0.5891 0.3696
vn -0.0648 0.9777 0.1996
vn -0.1744 0.9421 0.2865
vn -0.0273 0.9421 0.3343
vn -0.2878 0.8821 0.3730
vn -0.1389 0.8934 0.4274
vn 0.0136 0.8821 0.4709
vn -0.3968 0.7988 0.4522
vn -0.2525 0.8196 0.5142
vn -0.0980 0.8196 0.5645
vn 0.0552 0.7988 0.5991
vn -0.4937 0.6981 0.5185
vn -0.3597 0.7247 0.5878
vn -0.2098 0.7342 0.6457
vn -0.0545 0.7247 0.6869
vn 0.0947 0.6981 0.7097
vn -0.5736 0.5891 0.5692
vn -0.4531 0.6168 0.6436
vn -0.3135 0.6322 0.7085
vn -0.1628 0.6322 0.7575
vn -0.0118 0.6168 0.7870
vn 0.1295 0.5891 0.7976
vn 0.1698 0.9777 0.1233
vn 0.2186 0.9421 0.2544
vn 0.3095 0.9421 0.1293
vn 0.2658 0.8821 0.3889
vn 0.3635 0.8934 0.2641
vn 0.4520 0.8821 0.1326
vn 0.3074 0.7988 0.5171
vn 0.4110 0.8196 0.3991
vn 0.5066 0.8196 0.2676
vn 0.5868 0.7988 0.1326
vn 0.3406 0.6981 0.6298
vn 0.4479 0.7247 0.5237
vn 0.5493 0.7342 0.3991
vn 0.6365 0.7247 0.2641
vn 0.7042 0.6981 0.1293
vn 0.3641 0.5891 0.7214
vn 0.4721 0.6168 0.6298
vn 0.5770 0.6322 0.5171
vn 0.6701 0.6322 0.3889
vn 0.7449 0.6168 0.2544
vn 0.7986 0.5891 0.1233
vn 0.9035 0.3793 -0.1996
vn 0.9206 0.2653 -0.2865
vn 0.8548 0.3969 -0.3343
vn 0.9177 0.1371 -0.3730
vn 0.8611 0.2753 -0.4274
vn 0.7829 0.4066 -0.4709
vn 0.8919 0.0023 -0.4522
vn 0.8460 0.1407 -0.5142
vn 0.7769 0.2789 -0.5645
vn 0.6898 0.4066 -0.5991
vn 0.8452 -0.1294 -0.5185
vn 0.8090 0.0024 -0.5878
vn 0.7505 0.1407 -0.6457
vn 0.6725 0.2753 -0.6869
vn 0.5821 0.3969 -0.7097
vn 0.7834 -0.2496 -0.5692
vn 0.7543 -0.1294 -0.6436
vn 0.7057 0.0023 -0.7085
vn 0.6383 0.1371 -0.7575
vn 0.5570 0.2653 -0.7870
vn 0.4690 0.3793 -0.7976
vn 0.0894 0.3793 -0.9210
vn 0.0120 0.2653 -0.9641
vn -0.0538 0.3969 -0.9163
vn -0.0711 0.1371 -0.9880
vn -0.1403 0.2753 -0.9511
vn -0.2059 0.4066 -0.8901
vn -0.1544 0.0023 -0.9880
vn -0.2276 0.1407 -0.9635
vn -0.2968 0.2789 -0.9133
vn -0.3566 0.4066 -0.8411
vn -0.2319 -0.1294 -0.9641
vn -0.3090 0.0024 -0.9511
vn -0.3822 0.1407 -0.9133
vn -0.4455 0.2753 -0.8519
vn -0.4951 0.3969 -0.7729
vn -0.2992 -0.2496 -0.9210
vn -0.3790 -0.1294 -0.9163
vn -0.4558 0.0023 -0.8901
vn -0.5232 0.1371 -0.8411
vn -0.5764 0.2653 -0.7729
vn -0.6137 0.3793 -0.6925
vn -0.8483 0.3793 -0.3696
vn -0.9132 0.2653 -0.3093
vn -0.8881 0.3969 -0.2320
vn -0.9616 0.1371 -0.2377
vn -0.9479 0.2753 -0.1604
vn -0.9101 0.4066 -0.0792
vn -0.9874 0.0023 -0.1584
vn -0.9867 0.1407 -0.0812
vn -0.9603 0.2789 -0.0000
vn -0.9101 0.4066 0.0792
vn -0.9886 -0.1294 -0.0773
vn -1.0000 0.0024 -0.0000
vn -0.9867 0.1407 0.0812
vn -0.9479 0.2753 0.1604
vn -0.8881 0.3969 0.2320
vn -0.9684 -0.2496 -0.0000
vn -0.9886 -0.1294 0.0773
vn -0.9874 0.0023 0.1584
vn -0.9616 0.1371 0.2377
vn -0.9132 0.2653 0.3093
vn -0.8483 0.3793 0.3696
vn -0.6137 0.3793 0.6925
vn -0.5764 0.2653 0.7729
vn -0.4951 0.3969 0.7729
vn -0.5232 0.1371 0.8411
vn -0.4455 0.2753 0.8519
vn -0.3566 0.4066 0.8411
vn -0.4558 0.0023 0.8901
vn -0.3822 0.1407 0.9133
vn -0.2968 0.2789 0.9133
vn -0.2059 0.4066 0.8901
vn -0.3790 -0.1294 0.9163
vn -0.3090 0.0024 0.9511
vn -0.2276 0.1407 0.9635
vn -0.1403 0.2753 0.9511
vn -0.0538 0.3969 0.9163
vn -0.2992 -0.2496 0.9210
vn -0.2319 -0.1294 0.9641
vn -0.1544 0.0023 0.9880
vn -0.0711 0.1371 0.9880
vn 0.0120 0.2653 0.9641
vn 0.0894 0.3793 0.9210
vn 0.4690 0.3793 0.7976
vn 0.5570 0.2653 0.7870
vn 0.5821 0.3969 0.7097
vn 0.6383 0.1371 0.7575
vn 0.6725 0.2753 0.6869
vn 0.6898 0.4066 0.5991
vn 0.7057 0.0023 0.7085
vn 0.7505 0.1407 0.6457
vn 0.7769 0.2789 0.5645
vn 0.7829 0.4066 0.4709
vn 0.7543 -0.1294 0.6436
vn 0.8090 0.0024 0.5878
vn 0.8460 0.1407 0.5142
vn 0.8611 0.2753 0.4274
vn 0.8548 0.3969 0.3343
vn 0.7834 -0.2496 0.5692
vn 0.8452 -0.1294 0.5185
vn 0.8919 0.0023 0.4522
vn 0.9177 0.1371 0.3730
vn 0.9206 0.2653 0.2865
vn 0.9035 0.3793 0.1996
vn 0.2992 0.2496 -0.9210
vn 0.3790 0.1294 -0.9163
vn 0.2319 0.1294 -0.9641
vn 0.4558 -0.0023 -0.8901
vn 0.3090 -0.0024 -0.9511
vn 0.1544 -0.0023 -0.9880
vn 0.5232 -0.1371 -0.8411
vn 0.3822 -0.1407 -0.9133
vn 0.2276 -0.1407 -0.9635
vn 0.0711 -0.1371 -0.9880
vn 0.5764 -0.2653 -0.7729
vn 0.4455 -0.2753 -0.8519
vn 0.2968 -0.2789 -0.9133
vn 0.1403 -0.2753 -0.9511
vn -0.0120 -0.2653 -0.9641
vn 0.6137 -0.3793 -0.6925
vn 0.4951 -0.3969 -0.7729
vn 0.3566 -0.4066 -0.8411
vn 0.2059 -0.4066 -0.8901
vn 0.0538 -0.3969 -0.9163
vn -0.0894 -0.3793 -0.9210
vn -0.7834 0.2496 -0.5692
vn -0.7543 0.1294 -0.6436
vn -0.8452 0.1294 -0.5185
vn -0.7057 -0.0023 -0.7085
vn -0.8090 -0.0024 -0.5878
vn -0.8919 -0.0023 -0.4522
vn -0.6383 -0.1371 -0.7575
vn -0.7505 -0.1407 -0.6457
vn -0.8460 -0.1407 -0.5142
vn -0.9177 -0.1371 -0.3730
vn -0.5570 -0.2653 -0.7870
vn -0.6725 -0.2753 -0.6869
vn -0.7769 -0.2789 -0.5645
vn -0.8611 -0.2753 -0.4274
vn -0.9206 -0.2653 -0.2865
vn -0.4690 -0.3793 -0.7976
vn -0.5821 -0.3969 -0.7097
vn -0.6898 -0.4066 -0.5991
vn -0.7829 -0.4066 -0.4709
vn -0.8548 -0.3969 -0.3343
vn -0.9035 -0.3793 -0.1996
vn -0.7834 0.2496 0.5692
vn -0.8452 0.1294 0.5185
vn -0.7543 0.1294 0.6436
vn -0.8919 -0.0023 0.4522
vn -0.8090 -0.0024 0.5878
vn -0.7057 -0.0023 0.7085
vn -0.9177 -0.1371 0.3730
vn -0.8460 -0.1407 0.5142
vn -0.7505 -0.1407 0.6457
vn -0.6383 -0.1371 0.7575
vn -0.9206 -0.2653 0.2865
vn -0.8611 -0.2753 0.4274
vn -0.7769 -0.2789 0.5645
vn -0.6725 -0.2753 0.6869
vn -0.5570 -0.2653 0.7870
vn -0.9035 -0.3793 0.1996
vn -0.8548 -0.3969 0.3343
vn -0.7829 -0.4066 0.4709
vn -0.6898 -0.4066 0.5991
vn -0.5821 -0.3969 0.7097
vn -0.4690 -0.3793 0.7976
vn 0.2992 0.2496 0.9210
vn 0.2319 0.1294 0.9641
vn 0.3790 0.1294 0.9163
vn 0.1544 -0.0023 0.9880
vn 0.3090 -0.0024 0.9511
vn 0.4558 -0.0023 0.8901
vn 0.0711 -0.1371 0.9880
vn 0.2276 -0.1407 0.9635
vn 0.3822 -0.1407 0.9133
vn 0.5232 -0.1371 0.8411
vn -0.0120 -0.2653 0.9641
vn 0.1403 -0.2753 0.9511
vn 0.2968 -0.2789 0.9133
vn 0.4455 -0.2753 0.8519
vn 0.5764 -0.2653 0.7729
vn -0.0894 -0.3793 0.9210
vn 0.0538 -0.3969 0.9163
vn 0.2059 -0.4066 0.8901
vn 0.3566 -0.4066 0.8411
vn 0.4951 -0.3969 0.7729
vn 0.6137 -0.3793 0.6925
vn 0.9684 0.2496 -0.0000
vn 0.9886 0.1294 0.0773
vn 0.9886 0.1294 -0.0773
vn 0.9874 -0.0023 0.1584
vn 1.0000 -0.0024 -0.0000
vn 0.9874 -0.0023 -0.1584
vn 0.9616 -0.1371 0.2377
vn 0.9867 -0.1407 0.0812
vn 0.9867 -0.1407 -0.0812
vn 0.9616 -0.1371 -0.2377
vn 0.9132 -0.2653 0.3093
vn 0.9479 -0.2753 0.1604
vn 0.9603 -0.2789 -0.0000
vn 0.9479 -0.2753 -0.1604
vn 0.9132 -0.2653 -0.3093
vn 0.8483 -0.3793 0.3696
vn 0.8881 -0.3969 0.2320
vn 0.9101 -0.4066 0.0792
vn 0.9101 -0.4066 -0.0792
vn 0.8881 -0.3969 -0.2320
vn 0.8483 -0.3793 -0.3696
vn 0.5736 -0.5891 -0.5692
vn 0.4937 -0.6981 -0.5185
vn 0.4531 -0.6168 -0.6436
vn 0.3968 -0.7988 -0.4522
vn 0.3597 -0.7247 -0.5878
vn 0.3135 -0.6322 -0.7085
vn 0.2878 -0.8821 -0.3730
vn 0.2525 -0.8196 -0.5142
vn 0.2098 -0.7342 -0.6457
vn 0.1628 -0.6322 -0.7575
vn 0.1744 -0.9421 -0.2865
vn 0.1389 -0.8934 -0.4274
vn 0.0980 -0.8196 -0.5645
vn 0.0545 -0.7247 -0.6869
vn 0.0118 -0.6168 -0.7870
vn 0.0648 -0.9777 -0.1996
vn 0.0273 -0.9421 -0.3343
vn -0.0136 -0.8821 -0.4709
vn -0.0552 -0.7988 -0.5991
vn -0.0947 -0.6981 -0.7097
vn -0.1295 -0.5891 -0.7976
vn -0.3641 -0.5891 -0.7214
vn -0.3406 -0.6981 -0.6298
vn -0.4721 -0.6168 -0.6298
vn -0.3074 -0.7988 -0.5171
vn -0.4479 -0.7247 -0.5237
vn -0.5770 -0.6322 -0.5171
vn -0.2658 -0.8821 -0.3889
vn -0.4110 -0.8196 -0.3991
vn -0.5493 -0.7342 -0.3991
vn -0.6701 -0.6322 -0.3889
vn -0.2186 -0.9421 -0.2544
vn -0.3635 -0.8934 -0.2641
vn -0.5066 -0.8196 -0.2676
vn -0.6365 -0.7247 -0.2641
vn -0.7449 -0.6168 -0.2544
vn -0.1698 -0.9777 -0.1233
vn -0.3095 -0.9421 -0.1293
vn -0.4520 -0.8821 -0.1326
vn -0.5868 -0.7988 -0.1326
vn -0.7042 -0.6981 -0.1293
vn -0.7986 -0.5891 -0.1233
vn -0.7986 -0.5891 0.1233
vn -0.7042 -0.6981 0.1293
vn -0.7449 -0.6168 0.2544
vn -0.5868 -0.7988 0.1326
vn -0.6365 -0.7247 0.2641
vn -0.6701 -0.6322 0.3889
vn -0.4520 -0.8821 0.1326
vn -0.5066 -0.8196 0.2676
vn -0.5493 -0.7342 0.3991
vn -0.5770 -0.6322 0.5171
vn -0.3095 -0.9421 0.1293
vn -0.3635 -0.8934 0.2641
vn -0.4110 -0.8196 0.3991
vn -0.4479 -0.7247 0.5237
vn -0.4721 -0.6168 0.6298
vn -0.1698 -0.9777 0.1233
vn -0.2186 -0.9421 0.2544
vn -0.2658 -0.8821 0.3889
vn -0.3074 -0.7988 0.5171
vn -0.3406 -0.6981 0.6298
vn -0.3641 -0.5891 0.7214
vn 0.7186 -0.5891 -0.3696
vn 0.7521 -0.6168 -0.2320
vn 0.6457 -0.6981 -0.3093
vn 0.7707 -0.6322 -0.0792
vn 0.6702 -0.7247 -0.1604
vn 0.5527 -0.7988 -0.2376
vn 0.7707 -0.6322 0.0792
vn 0.6789 -0.7342 -0.0000
vn 0.5671 -0.8196 -0.0812
vn 0.4436 -0.8821 -0.1584
vn 0.7521 -0.6168 0.2320
vn 0.6702 -0.7247 0.1604
vn 0.5671 -0.8196 0.0812
vn 0.4493 -0.8934 -0.0000
vn 0.3264 -0.9421 -0.0773
vn 0.7186 -0.5891 0.3696
vn 0.6457 -0.6981 0.3093
vn 0.5527 -0.7988 0.2377
vn 0.4436 -0.8821 0.1584
vn 0.3264 -0.9421 0.0773
vn 0.2098 -0.9777 -0.0000
vn -0.1295 -0.5891 0.7976
vn -0.0947 -0.6981 0.7097
vn 0.0118 -0.6168 0.7870
vn -0.0552 -0.7988 0.5991
vn 0.0545 -0.7247 0.6869
vn 0.1628 -0.6322 0.7575
vn -0.0136 -0.8821 0.4709
vn 0.0980 -0.8196 0.5645
vn 0.2098 -0.7342 0.6457
vn 0.3135 -0.6322 0.7085
vn 0.0273 -0.9421 0.3343
vn 0.1389 -0.8934 0.4274
vn 0.2525 -0.8196 0.5142
vn 0.3597 -0.7247 0.5878
vn 0.4531 -0.6168 0.6436
vn 0.0648 -0.9777 0.1996
vn 0.1744 -0.9421 0.2865
vn 0.2878 -0.8821 0.3730
vn 0.3968 -0.7988 0.4522
vn 0.4937 -0.6981 0.5185
vn 0.5736 -0.5891 0.5692
s 1
f 1//1 20//20 19//19
f 2//2 26//26 40//40
f 1//1 19//19 54//54
f 1//1 54//54 68//68
f 1//1 68//68 41//41
f 2//2 40//40 89//89
f 3//3 33//33 103//103
f 4//4 61//61 117//117
f 5//5 75//75 131//131
f 6//6 82//82 145//145
f 2//2 89//89 104//104
f 3//3 103//103 118//118
f 4//4 117//117 132//132
f 5//5 131//131 146//146
f 6//6 145//145 90//90
f 7//7 159//159 194//194
f 8//8 166//166 208//208
f 9//9 173//173 215//215
f 10//10 180//180 222//222
f 11//11 187//187 195//195
f 201//201 216//216 12//12
f 200//200 223//223 201//201
f 199//199 224//224 200//200
f 198//198 226//226 199//199
f 197//197 229//229 198//198
f 196//196 233//233 197//197
f 195//195 238//238 196//196
f 201//201 223//223 216//216
f 223//223 217//217 216//216
f 200//200 224//224 223//223
f 224//224 225//225 223//223
f 223//223 225//225 217//217
f 225//225 218//218 217//217
f 199//199 226//226 224//224
f 226//226 227//227 224//224
f 224//224 227//227 225//225
f 227//227 228//228 225//225
f 225//225 228//228 218//218
f 228//228 219//219 218//218
f 198//198 229//229 226//226
f 229//229 230//230 226//226
f 226//226 230//230 227//227
f 230//230 231//231 227//227
f 227//227 231//231 228//228
f 231//231 232//232 228//228
f 228//228 232//232 219//219
f 232//232 220//220 219//219
f 197//197 233//233 229//229
f 233//233 234//234 229//229
f 229//229 234//234 230//230
f 234//234 235//235 230//230
f 230//230 235//235 231//231
f 235//235 236//236 231//231
f 231//231 236//236 232//232
f 236//236 237//237 232//232
f 232//232 237//237 220//220
f 237//237 221//221 220//220
f 196//196 238//238 233//233
f 238//238 239//239 233//233
f 233//233 239//239 234//234
f 239//239 240//240 234//234
f 234//234 240//240 235//235
f 240//240 241//241 235//235
f 235//235 241//241 236//236
f 241//241 242//242 236//236
f 236//236 242//242 237//237
f 242//242 243//243 237//237
f 237//237 243//243 221//221
f 243//243 222//222 221//221
f 195//195 187//187 238//238
f 187//187 186//186 238//238
f 238//238 186//186 239//239
f 186//186 185//185 239//239
f 239//239 185//185 240//240
f 185//185 184//184 240//240
f 240//240 184//184 241//241
f 184//184 183//183 241//241
f 241//241 183//183 242//242
f 183//183 182//182 242//242
f 242//242 182//182 243//243
f 182//182 181//181 243//243
f 243//243 181//181 222//222
f 181//181 10//10 222//222
f 216//216 209//209 12//12
f 217//217 244//244 216//216
f 218//218 245//245 217//217
f 219//219 247//247 218//218
f 220//220 250//250 219//219
f 221//221 254//254 220//220
f 222//222 259//259 221//221
f 216//216 244//244 209//209
f 244//244 210//210 209//209
f 217//217 245//245 244//244
f 245//245 246//246 244//244
f 244//244 246//246 210//210
f 246//246 211//211 210//210
f 218//218 247//247 245//245
f 247//247 248//248 245//245
f 245//245 248//248 246//246
f 248//248 249//249 246//246
f 246//246 249//249 211//211
f 249//249 212//212 211//211
f 219//219 250//250 247//247
f 250//250 251//251 247//247
f 247//247 251//251 248//248
f 251//251 252//252 248//248
f 248//248 252//252 249//249
f 252//252 253//253 249//249
f 249//249 253//253 212//212
f 253//253 213//213 212//212
f 220//220 254//254 250//250
f 254//254 255//255 250//250
f 250//250 255//255 251//251
f 255//255 256//256 251//251
f 251//251 256//256 252//252
f 256//256 257//257 252//252
f 252//252 257//257 253//253
f 257//257 258//258 253//253
f 253//253 258//258 213//213
f 258//258 214//214 213//213
f 221//221 259//259 254//254
f 259//259 260//260 254//254
f 254//254 260//260 255//255
f 260//260 261//261 255//255
f 255//255 261//261 256//256
f 261//261 262//262 256//256
f 256//256 262//262 257//257
f 262//262 263//263 257//257
f 257//257 263//263 258//258
f 263//263 264//264 258//258
f 258//258 264//264 214//214
f 264//264 215//215 214//214
f 222//222 180//180 259//259
f 180//180 179//179 259//259
f 259//259 179//179 260//260
f 179//179 178//178 260//260
f 260//260 178//178 261//261
f 178//178 177//177 261//261
f 261//261 177//177 262//262
f 177//177 176//176 262//262
f 262//262 176//176 263//263
f 176//176 175//175 263//263
f 263//263 175//175 264//264
f 175//175 174//174 264//264
f 264//264 174//174 215//215
f 174//174 9//9 215//215
f 209//209 202//202 12//12
f 210//210 265//265 209//209
f 211//211 266//266 210//210
f 212//212 268//268 211//211
f 213//213 271//271 212//212
f 214//214 275//275 213//213
f 215//215 280//280 214//214
f 209//209 265//265 202//202
f 265//265 203//203 202//202
f 210//210 266//266 265//265
f 266//266 267//267 265//265
f 265//265 267//267 203//203
f 267//267 204//204 203//203
f 211//211 268//268 266//266
f 268//268 269//269 266//266
f 266//266 269//269 267//267
f 269//269 270//270 267//267
f 267//267 270//270 204//204
f 270//270 205//205 204//204
f 212//212 271//271 268//268
f 271//271 272//272 268//268
f 268//268 272//272 269//269
f 272//272 273//273 269//269
f 269//269 273//273 270//270
f 273//273 274//274 270//270
f 270//270 274//274 205//205
f 274//274 206//206 205//205
f 213//213 275//275 271//271
f 275//275 276//276 271//271
f 271//271 276//276 272//272
f 276//276 277//277 272//272
f 272//272 277//277 273//273
f 277//277 278//278 273//273
f 273//273 278//278 274//274
f 278//278 279//279 274//274
f 274//274 279//279 206//206
f 279//279 207//207 206//206
f 214//214 280//280 275//275
f 280//280 281//281 275//275
f 275//275 281//281 276//276
f 281//281 282//282 276//276
f 276//276 282//282 277//277
f 282//282 283//283 277//277
f 277//277 283//283 278//278
f 283//283 284//284 278//278
f 278//278 284//284 279//279
f 284//284 285//285 279//279
f 279//279 285//285 207//207
f 285//285 208//208 207//207
f 215//215 173//173 280//280
f 173//173 172//172 280//280
f 280//280 172//172 281//281
f 172//172 171//171 281//281
f 281//281 171//171 282//282
f 171//171 170//170 282//282
f 282//282 170//170 283//283
f 170//170 169//169 283//283
f 283//283 169//169 284//284
f 169//169 168//168 284//284
f 284//284 168//168 285//285
f 168//168 167//167 285//285
f 285//285 167//167 208//208
f 167//167 8//8 208//208
f 202//202 188//188 12//12
f 203//203 286//286 202//202
f 204//204 287//287 203//203
f 205//205 289//289 204//204
f 206//206 292//292 205//205
f 207//207 296//296 206//206
f 208//208 301//301 207//207
f 202//202 286//286 188//188
f 286//286 189//189 188//188
f 203//203 287//287 286//286
f 287//287 288//288 286//286
f 286//286 288//288 189//189
f 288//288 190//190 189//189
f 204//204 289//289 287//287
f 289//289 290//290 287//287
f 287//287 290//290 288//288
f 290//290 291//291 288//288
f 288//288 291//291 190//190
f 291//291 191//191 190//190
f 205//205 292//292 289//289
f 292//292 293//293 289//289
f 289//289 293//293 290//290
f 293//293 294//294 290//290
f 290//290 294//294 291//291
f 294//294 295//295 291//291
f 291//291 295//295 191//191
f 295//295 192//192 191//191
f 206//206 296//296 292//292
f 296//296 297//297 292//292
f 292//292 297//297 293//293
f 297//297 298//298 293//293
f 293//293 298//298 294//294
f 298//298 299//299 294//294
f 294//294 299//299 295//295
f 299//299 300//300 295//295
f 295//295 300//300 192//192
f 300//300 193//193 192//192
f 207//207 301//301 296//296
f 301//301 302//302 296//296
f 296//296 302//302 297//297
f 302//302 303//303 297//297
f 297//297 303//303 298//298
f 303//303 304//304 298//298
f 298//298 304//304 299//299
f 304//304 305//305 299//299
f 299//299 305//305 300//300
f 305//305 306//306 300//300
f 300//300 306//306 193//193
f 306//306 194//194 193//193
f 208//208 166//166 301//301
f 166//166 165//165 301//301
f 301//301 165//165 302//302
f 165//165 164//164 302//302
f 302//302 164//164 303//303
f 164//164 163//163 303//303
f 303//303 163//163 304//304
f 163//163 162//162 304//304
f 304//304 162//162 305//305
f 162//162 161//161 305//305
f 305//305 161//161 306//306
f 161//161 160//160 306//306
f 306//306 160//160 194//194
f 160//160 7//7 194//194
f 188//188 201//201 12//12
f 189//189 307//307 188//188
f 190//190 308//308 189//189
f 191//191 310//310 190//190
f 192//192 313//313 191//191
f 193//193 317//317 192//192
f 194//194 322//322 193//193
f 188//188 307//307 201//201
f 307//307 200//200 201//201
f 189//189 308//308 307//307
f 308//308 309//309 307//307
f 307//307 309//309 200//200
f 309//309 199//199 200//200
f 190//190 310//310 308//308
f 310//310 311//311 308//308
f 308//308 311//311 309//309
f 311//311 312//312 309//309
f 309//309 312//312 199//199
f 312//312 198//198 199//199
f 191//191 313//313 310//310
f 313//313 314//314 310//310
f 310//310 314//314 311//311
f 314//314 315//315 311//311
f 311//311 315//315 312//312
f 315//315 316//316 312//312
f 312//312 316//316 198//198
f 316//316 197//197 198//198
f 192//192 317//317 313//313
f 317//317 318//318 313//313
f 313//313 318//318 314//314
f 318//318 319//319 314//314
f 314//314 319//319 315//315
f 319//319 320//320 315//315
f 315//315 320//320 316//316
f 320//320 321//321 316//316
f 316//316 321//321 197//197
f 321//321 196//196 197//197
f 193//193 322//322 317//317
f 322//322 323//323 317//317
f 317//317 323//323 318//318
f 323//323 324//324 318//318
f 318//318 324//324 319//319
f 324//324 325//325 319//319
f 319//319 325//325 320//320
f 325//325 326//326 320//320
f 320//320 326//326 321//321
f 326//326 327//327 321//321
f 321//321 327//327 196//196
f 327//327 195//195 196//196
f 194//194 159//159 322//322
f 159//159 158//158 322//322
f 322//322 158//158 323//323
f 158//158 157//157 323//323
f 323//323 157//157 324//324
f 157//157 156//156 324//324
f 324//324 156//156 325//325
f 156//156 155//155 325//325
f 325//325 155//155 326//326
f 155//155 154//154 326//326
f 326//326 154//154 327//327
f 154//154 153//153 327//327
f 327//327 153//153 195//195
f 153//153 11//11 195//195
f 96//96 187//187 11//11
f 95//95 328//328 96//96
f 94//94 329//329 95//95
f 93//93 331//331 94//94
f 92//92 334//334 93//93
f 91//91 338//338 92//92
f 90//90 343//343 91//91
f 96//96 328//328 187//187
f 328//328 186//186 187//187
f 95//95 329//329 328//328
f 329//329 330//330 328//328
f 328//328 330//330 186//186
f 330//330 185//185 186//186
f 94//94 331//331 329//329
f 331//331 332//332 329//329
f 329//329 332//332 330//330
f 332//332 333//333 330//330
f 330//330 333//333 185//185
f 333//333 184//184 185//185
f 93//93 334//334 331//331
f 334//334 335//335 331//331
f 331//331 335//335 332//332
f 335//335 336//336 332//332
f 332//332 336//336 333//333
f 336//336 337//337 333//333
f 333//333 337//337 184//184
f 337//337 183//183 184//184
f 92//92 338//338 334//334
f 338//338 339//339 334//334
f 334//334 339//339 335//335
f 339//339 340//340 335//335
f 335//335 340//340 336//336
f 340//340 341//341 336//336
f 336//336 341//341 337//337
f 341//341 342//342 337//337
f 337//337 342//342 183//183
f 342//342 182//182 183//183
f 91//91 343//343 338//338
f 343//343 344//344 338//338
f 338//338 344//344 339//339
f 344//344 345//345 339//339
f 339//339 345//345 340//340
f 345//345 346//346 340//340
f 340//340 346//346 341//341
f 346//346 347//347 341//341
f 341//341 347//347 342//342
f 347//347 348//348 342//342
f 342//342 348//348 182//182
f 348//348 181//181 182//182
f 90//90 145//145 343//343
f 145//145 144//144 343//343
f 343//343 144//144 344//344
f 144//144 143//143 344//344
f 344//344 143//143 345//345
f 143//143 142//142 345//345
f 345//345 142//142 346//346
f 142//142 141//141 346//346
f 346//346 141//141 347//347
f 141//141 140//140 347//347
f 347//347 140//140 348//348
f 140//140 139//139 348//348
f 348//348 139//139 181//181
f 139//139 10//10 181//181
f 152//152 180//180 10//10
f 151//151 349//349 152//152
f 150//150 350//350 151//151
f 149//149 352//352 150//150
f 148//148 355//355 149//149
f 147//147 359//359 148//148
f 146//146 364//364 147//147
f 152//152 349//349 180//180
f 349//349 179//179 180//180
f 151//151 350//350 349//349
f 350//350 351//351 349//349
f 349//349 351//351 179//179
f 351//351 178//178 179//179
f 150//150 352//352 350//350
f 352//352 353//353 350//350
f 350//350 353//353 351//351
f 353//353 354//354 351//351
f 351//351 354//354 178//178
f 354//354 177//177 178//178
f 149//149 355//355 352//352
f 355//355 356//356 352//352
f 352//352 356//356 353//353
f 356//356 357//357 353//353
f 353//353 357//357 354//354
f 357//357 358//358 354//354
f 354//354 358//358 177//177
f 358//358 176//176 177//177
f 148//148 359//359 355//355
f 359//359 360//360 355//355
f 355//355 360//360 356//356
f 360//360 361//361 356//356
f 356//356 361//361 357//357
f 361//361 362//362 357//357
f 357//357 362//362 358//358
f 362//362 363//363 358//358
f 358//358 363//363 176//176
f 363//363 175//175 176//176
f 147//147 364//364 359//359
f 364//364 365//365 359//359
f 359//359 365//365 360//360
f 365//365 366//366 360//360
f 360//360 366//366 361//361
f 366//366 367//367 361//361
f 361//361 367//367 362//362
f 367//367 368//368 362//362
f 362//362 368//368 363//363
f 368//368 369//369 363//363
f 363//363 369//369 175//175
f 369//369 174//174 175//175
f 146//146 131//131 364//364
f 131//131 130//130 364//364
f 364//364 130//130 365//365
f 130//130 129//129 365//365
f 365//365 129//129 366//366
f 129//129 128//128 366//366
f 366//366 128//128 367//367
f 128//128 127//127 367//367
f 367//367 127//127 368//368
f 127//127 126//126 368//368
f 368//368 126//126 369//369
f 126//126 125//125 369//369
f 369//369 125//125 174//174
f 125//125 9//9 174//174
f 138//138 173//173 9//9
f 137//137 370//370 138//138
f 136//136 371//371 137//137
f 135//135 373//373 136//136
f 134//134 376//376 135//135
f 133//133 380//380 134//134
f 132//132 385//385 133//133
f 138//138 370//370 173//173
f 370//370 172//172 173//173
f 137//137 371//371 370//370
f 371//371 372//372 370//370
f 370//370 372//372 172//172
f 372//372 171//171 172//172
f 136//136 373//373 371//371
f 373//373 374//374 371//371
f 371//371 374//374 372//372
f 374//374 375//375 372//372
f 372//372 375//375 171//171
f 375//375 170//170 171//171
f 135//135 376//376 373//373
f 376//376 377//377 373//373
f 373//373 377//377 374//374
f 377//377 378//378 374//374
f 374//374 378//378 375//375
f 378//378 379//379 375//375
f 375//375 379//379 170//170
f 379//379 169//169 170//170
f 134//134 380//380 376//376
f 380//380 381//381 376//376
f 376//376 381//381 377//377
f 381//381 382//382 377//377
f 377//377 382//382 378//378
f 382//382 383//383 378//378
f 378//378 383//383 379//379
f 383//383 384//384 379//379
f 379//379 384//384 169//169
f 384//384 168//168 169//169
f 133//133 385//385 380//380
f 385//385 386//386 380//380
f 380//380 386//386 381//381
f 386//386 387//387 381//381
f 381//381 387//387 382//382
f 387//387 388//388 382//382
f 382//382 388//388 383//383
f 388//388 389//389 383//383
f 383//383 389//389 384//384
f 389//389 390//390 384//384
f 384//384 390//390 168//168
f 390//390 167//167 168//168
f 132//132 117//117 385//385
f 117//117 116//116 385//385
f 385//385 116//116 386//386
f 116//116 115//115 386//386
f 386//386 115//115 387//387
f 115//115 114//114 387//387
f 387//387 114//114 388//388
f 114//114 113//113 388//388
f 388//388 113//113 389//389
f 113//113 112//112 389//389
f 389//389 112//112 390//390
f 112//112 111//111 390//390
f 390//390 111//111 167//167
f 111//111 8//8 167//167
f 124//124 166//166 8//8
f 123//123 391//391 124//124
f 122//122 392//392 123//123
f 121//121 394//394 122//122
f 120//120 397//397 121//121
f 119//119 401//401 120//120
f 118//118 406//406 119//119
f 124//124 391//391 166//166
f 391//391 165//165 166//166
f 123//123 392//392 391//391
f 392//392 393//393 391//391
f 391//391 393//393 165//165
f 393//393 164//164 165//165
f 122//122 394//394 392//392
f 394//394 395//395 392//392
f 392//392 395//395 393//393
f 395//395 396//396 393//393
f 393//393 396//396 164//164
f 396//396 163//163 164//164
f 121//121 397//397 394//394
f 397//397 398//398 394//394
f 394//394 398//398 395//395
f 398//398 399//399 395//395
f 395//395 399//399 396//396
f 399//399 400//400 396//396
f 396//396 400//400 163//163
f 400//400 162//162 163//163
f 120//120 401//401 397//397
f 401//401 402//402 397//397
f 397//397 402//402 398//398
f 402//402 403//403 398//398
f 398//398 403//403 399//399
f 403//403 404//404 399//399
f 399//399 404//404 400//400
f 404//404 405//405 400//400
f 400//400 405//405 162//162
f 405//405 161//161 162//162
f 119//119 406//406 401//401
f 406//406 407//407 401//401
f 401//401 407//407 402//402
f 407//407 408//408 402//402
f 402//402 408//408 403//403
f 408//408 409//409 403//403
f 403//403 409//409 404//404
f 409//409 410//410 404//404
f 404//404 410//410 405//405
f 410//410 411//411 405//405
f 405//405 411//411 161//161
f 411//411 160//160 161//161
f 118//118 103//103 406//406
f 103//103 102//102 406//406
f 406//406 102//102 407//407
f 102//102 101//101 407//407
f 407//407 101//101 408//408
f 101//101 100//100 408//408
f 408//408 100//100 409//409
f 100//100 99//99 409//409
f 409//409 99//99 410//410
f 99//99 98//98 410//410
f 410//410 98//98 411//411
f 98//98 97//97 411//411
f 411//411 97//97 160//160
f 97//97 7//7 160//160
f 110//110 159//159 7//7
f 109//109 412//412 110//110
f 108//108 413//413 109//109
f 107//107 415//415 108//108
f 106//106 418//418 107//107
f 105//105 422//422 106//106
f 104//104 427//427 105//105
f 110//110 412//412 159//159
f 412//412 158//158 159//159
f 109//109 413//413 412//412
f 413//413 414//414 412//412
f 412//412 414//414 158//158
f 414//414 157//157 158//158
f 108//108 415//415 413//413
f 415//415 416//416 413//413
f 413//413 416//416 414//414
f 416//416 417//417 414//414
f 414//414 417//417 157//157
f 417//417 156//156 157//157
f 107//107 418//418 415//415
f 418//418 419//419 415//415
f 415//415 419//419 416//416
f 419//419 420//420 416//416
f 416//416 420//420 417//417
f 420//420 421//421 417//417
f 417//417 421//421 156//156
f 421//421 155//155 156//156
f 106//106 422//422 418//418
f 422//422 423//423 418//418
f 418//418 423//423 419//419
f 423//423 424//424 419//419
f 419//419 424//424 420//420
f 424//424 425//425 420//420
f 420//420 425//425 421//421
f 425//425 426//426 421//421
f 421//421 426//426 155//155
f 426//426 154//154 155//155
f 105//105 427//427 422//422
f 427//427 428//428 422//422
f 422//422 428//428 423//423
f 428//428 429//429 423//423
f 423//423 429//429 424//424
f 429//429 430//430 424//424
f 424//424 430//430 425//425
f 430//430 431//431 425//425
f 425//425 431//431 426//426
f 431//431 432//432 426//426
f 426//426 432//432 154//154
f 432//432 153//153 154//154
f 104//104 89//89 427//427
f 89//89 88//88 427//427
f 427//427 88//88 428//428
f 88//88 87//87 428//428
f 428//428 87//87 429//429
f 87//87 86//86 429//429
f 429//429 86//86 430//430
f 86//86 85//85 430//430
f 430//430 85//85 431//431
f 85//85 84//84 431//431
f 431//431 84//84 432//432
f 84//84 83//83 432//432
f 432//432 83//83 153//153
f 83//83 11//11 153//153
f 139//139 152//152 10//10
f 140//140 433//433 139//139
f 141//141 434//434 140//140
f 142//142 436//436 141//141
f 143//143 439//439 142//142
f 144//144 443//443 143//143
f 145//145 448//448 144//144
f 139//139 433//433 152//152
f 433//433 151//151 152//152
f 140//140 434//434 433//433
f 434//434 435//435 433//433
f 433//433 435//435 151//151
f 435//435 150//150 151//151
f 141//141 436//436 434//434
f 436//436 437//437 434//434
f 434//434 437//437 435//435
f 437//437 438//438 435//435
f 435//435 438//438 150//150
f 438//438 149//149 150//150
f 142//142 439//439 436//436
f 439//439 440//440 436//436
f 436//436 440//440 437//437
f 440//440 441//441 437//437
f 437//437 441//441 438//438
f 441//441 442//442 438//438
f 438//438 442//442 149//149
f 442//442 148//148 149//149
f 143//143 443//443 439//439
f 443//443 444//444 439//439
f 439//439 444//444 440//440
f 444//444 445//445 440//440
f 440//440 445//445 441//441
f 445//445 446//446 441//441
f 441//441 446//446 442//442
f 446//446 447//447 442//442
f 442//442 447//447 148//148
f 447//447 147//147 148//148
f 144//144 448//448 443//443
f 448//448 449//449 443//443
f 443//443 449//449 444//444
f 449//449 450//450 444//444
f 444//444 450//450 445//445
f 450//450 451//451 445//445
f 445//445 451//451 446//446
f 451//451 452//452 446//446
f 446//446 452//452 447//447
f 452//452 453//453 447//447
f 447//447 453//453 147//147
f 453//453 146//146 147//147
f 145//145 82//82 448//448
f 82//82 81//81 448//448
f 448//448 81//81 449//449
f 81//81 80//80 449//449
f 449//449 80//80 450//450
f 80//80 79//79 450//450
f 450//450 79//79 451//451
f 79//79 78//78 451//451
f 451//451 78//78 452//452
f 78//78 77//77 452//452
f 452//452 77//77 453//453
f 77//77 76//76 453//453
f 453//453 76//76 146//146
f 76//76 5//5 146//146
f 125//125 138//138 9//9
f 126//126 454//454 125//125
f 127//127 455//455 126//126
f 128//128 457//457 127//127
f 129//129 460//460 128//128
f 130//130 464//464 129//129
f 131//131 469//469 130//130
f 125//125 454//454 138//138
f 454//454 137//137 138//138
f 126//126 455//455 454//454
f 455//455 456//456 454//454
f 454//454 456//456 137//137
f 456//456 136//136 137//137
f 127//127 457//457 455//455
f 457//457 458//458 455//455
f 455//455 458//458 456//456
f 458//458 459//459 456//456
f 456//456 459//459 136//136
f 459//459 135//135 136//136
f 128//128 460//460 457//457
f 460//460 461//461 457//457
f 457//457 461//461 458//458
f 461//461 462//462 458//458
f 458//458 462//462 459//459
f 462//462 463//463 459//459
f 459//459 463//463 135//135
f 463//463 134//134 135//135
f 129//129 464//464 460//460
f 464//464 465//465 460//460
f 460//460 465//465 461//461
f 465//465 466//466 461//461
f 461//461 466//466 462//462
f 466//466 467//467 462//462
f 462//462 467//467 463//463
f 467//467 468//468 463//463
f 463//463 468//468 134//134
f 468//468 133//133 134//134
f 130//130 469//469 464//464
f 469//469 470//470 464//464
f 464//464 470//470 465//465
f 470//470 471//471 465//465
f 465//465 471//471 466//466
f 471//471 472//472 466//466
f 466//466 472//472 467//467
f 472//472 473//473 467//467
f 467//467 473//473 468//468
f 473//473 474//474 468//468
f 468//468 474//474 133//133
f 474//474 132//132 133//133
f 131//131 75//75 469//469
f 75//75 74//74 469//469
f 469//469 74//74 470//470
f 74//74 73//73 470//470
f 470//470 73//73 471//471
f 73//73 72//72 471//471
f 471//471 72//72 472//472
f 72//72 71//71 472//472
f 472//472 71//71 473//473
f 71//71 70//70 473//473
f 473//473 70//70 474//474
f 70//70 69//69 474//474
f 474//474 69//69 132//132
f 69//69 4//4 132//132
f 111//111 124//124 8//8
f 112//112 475//475 111//111
f 113//113 476//476 112//112
f 114//114 478//478 113//113
f 115//115 481//481 114//114
f 116//116 485//485 115//115
f 117//117 490//490 116//116
f 111//111 475//475 124//124
f 475//475 123//123 124//124
f 112//112 476//476 475//475
f 476//476 477//477 475//475
f 475//475 477//477 123//123
f 477//477 122//122 123//123
f 113//113 478//478 476//476
f 478//478 479//479 476//476
f 476//476 479//479 477//477
f 479//479 480//480 477//477
f 477//477 480//480 122//122
f 480//480 121//121 122//122
f 114//114 481//481 478//478
f 481//481 482//482 478//478
f 478//478 482//482 479//479
f 482//482 483//483 479//479
f 479//479 483//483 480//480
f 483//483 484//484 480//480
f 480//480 484//484 121//121
f 484//484 120//120 121//121
f 115//115 485//485 481//481
f 485//485 486//486 481//481
f 481//481 486//486 482//482
f 486//486 487//487 482//482
f 482//482 487//487 483//483
f 487//487 488//488 483//483
f 483//483 488//488 484//484
f 488//488 489//489 484//484
f 484//484 489//489 120//120
f 489//489 119//119 120//120
f 116//116 490//490 485//485
f 490//490 491//491 485//485
f 485//485 491//491 486//486
f 491//491 492//492 486//486
f 486//486 492//492 487//487
f 492//492 493//493 487//487
f 487//487 493//493 488//488
f 493//493 494//494 488//488
f 488//488 494//494 489//489
f 494//494 495//495 489//489
f 489//489 495//495 119//119
f 495//495 118//118 119//119
f 117//117 61//61 490//490
f 61//61 60//60 490//490
f 490//490 60//60 491//491
f 60//60 59//59 491//491
f 491//491 59//59 492//492
f 59//59 58//58 492//492
f 492//492 58//58 493//493
f 58//58 57//57 493//493
f 493//493 57//57 494//494
f 57//57 56//56 494//494
f 494//494 56//56 495//495
f 56//56 55//55 495//495
f 495//495 55//55 118//118
f 55//55 3//3 118//118
f 97//97 110//110 7//7
f 98//98 496//496 97//97
f 99//99 497//497 98//98
f 100//100 499//499 99//99
f 101//101 502//502 100//100
f 102//102 506//506 101//101
f 103//103 511//511 102//102
f 97//97 496//496 110//110
f 496//496 109//109 110//110
f 98//98 497//497 496//496
f 497//497 498//498 496//496
f 496//496 498//498 109//109
f 498//498 108//108 109//109
f 99//99 499//499 497//497
f 499//499 500//500 497//497
f 497//497 500//500 498//498
f 500//500 501//501 498//498
f 498//498 501//501 108//108
f 501//501 107//107 108//108
f 100//100 502//502 499//499
f 502//502 503//503 499//499
f 499//499 503//503 500//500
f 503//503 504//504 500//500
f 500//500 504//504 501//501
f 504//504 505//505 501//501
f 501//501 505//505 107//107
f 505//505 106//106 107//107
f 101//101 506//506 502//502
f 506//506 507//507 502//502
f 502//502 507//507 503//503
f 507//507 508//508 503//503
f 503//503 508//508 504//504
f 508//508 509//509 504//504
f 504//504 509//509 505//505
f 509//509 510//510 505//505
f 505//505 510//510 106//106
f 510//510 105//105 106//106
f 102//102 511//511 506//506
f 511//511 512//512 506//506
f 506//506 512//512 507//507
f 512//512 513//513 507//507
f 507//507 513//513 508//508
f 513//513 514//514 508//508
f 508//508 514//514 509//509
f 514//514 515//515 509//509
f 509//509 515//515 510//510
f 515//515 516//516 510//510
f 510//510 516//516 105//105
f 516//516 104//104 105//105
f 103//103 33//33 511//511
f 33//33 32//32 511//511
f 511//511 32//32 512//512
f 32//32 31//31 512//512
f 512//512 31//31 513//513
f 31//31 30//30 513//513
f 513//513 30//30 514//514
f 30//30 29//29 514//514
f 514//514 29//29 515//515
f 29//29 28//28 515//515
f 515//515 28//28 516//516
f 28//28 27//27 516//516
f 516//516 27//27 104//104
f 27//27 2//2 104//104
f 83//83 96//96 11//11
f 84//84 517//517 83//83
f 85//85 518//518 84//84
f 86//86 520//520 85//85
f 87//87 523//523 86//86
f 88//88 527//527 87//87
f 89//89 532//532 88//88
f 83//83 517//517 96//96
f 517//517 95//95 96//96
f 84//84 518//518 517//517
f 518//518 519//519 517//517
f 517//517 519//519 95//95
f 519//519 94//94 95//95
f 85//85 520//520 518//518
f 520//520 521//521 518//518
f 518//518 521//521 519//519
f 521//521 522//522 519//519
f 519//519 522//522 94//94
f 522//522 93//93 94//94
f 86//86 523//523 520//520
f 523//523 524//524 520//520
f 520//520 524//524 521//521
f 524//524 525//525 521//521
f 521//521 525//525 522//522
f 525//525 526//526 522//522
f 522//522 526//526 93//93
f 526//526 92//92 93//93
f 87//87 527//527 523//523
f 527//527 528//528 523//523
f 523//523 528//528 524//524
f 528//528 529//529 524//524
f 524//524 529//529 525//525
f 529//529 530//530 525//525
f 525//525 530//530 526//526
f 530//530 531//531 526//526
f 526//526 531//531 92//92
f 531//531 91//91 92//92
f 88//88 532//532 527//527
f 532//532 533//533 527//527
f 527//527 533//533 528//528
f 533//533 534//534 528//528
f 528//528 534//534 529//529
f 534//534 535//535 529//529
f 529//529 535//535 530//530
f 535//535 536//536 530//530
f 530//530 536//536 531//531
f 536//536 537//537 531//531
f 531//531 537//537 91//91
f 537//537 90//90 91//91
f 89//89 40//40 532//532
f 40//40 39//39 532//532
f 532//532 39//39 533//533
f 39//39 38//38 533//533
f 533//533 38//38 534//534
f 38//38 37//37 534//534
f 534//534 37//37 535//535
f 37//37 36//36 535//535
f 535//535 36//36 536//536
f 36//36 35//35 536//536
f 536//536 35//35 537//537
f 35//35 34//34 537//537
f 537//537 34//34 90//90
f 34//34 6//6 90//90
f 47//47 82//82 6//6
f 46//46 538//538 47//47
f 45//45 539//539 46//46
f 44//44 541//541 45//45
f 43//43 544//544 44//44
f 42//42 548//548 43//43
f 41//41 553//553 42//42
f 47//47 538//538 82//82
f 538//538 81//81 82//82
f 46//46 539//539 538//538
f 539//539 540//540 538//538
f 538//538 540//540 81//81
f 540//540 80//80 81//81
f 45//45 541//541 539//539
f 541//541 542//542 539//539
f 539//539 542//542 540//540
f 542//542 543//543 540//540
f 540//540 543//543 80//80
f 543//543 79//79 80//80
f 44//44 544//544 541//541
f 544//544 545//545 541//541
f 541//541 545//545 542//542
f 545//545 546//546 542//542
f 542//542 546//546 543//543
f 546//546 547//547 543//543
f 543//543 547//547 79//79
f 547//547 78//78 79//79
f 43//43 548//548 544//544
f 548//548 549//549 544//544
f 544//544 549//549 545//545
f 549//549 550//550 545//545
f 545//545 550//550 546//546
f 550//550 551//551 546//546
f 546//546 551//551 547//547
f 551//551 552//552 547//547
f 547//547 552//552 78//78
f 552//552 77//77 78//78
f 42//42 553//553 548//548
f 553//553 554//554 548//548
f 548//548 554//554 549//549
f 554//554 555//555 549//549
f 549//549 555//555 550//550
f 555//555 556//556 550//550
f 550//550 556//556 551//551
f 556//556 557//557 551//551
f 551//551 557//557 552//552
f 557//557 558//558 552//552
f 552//552 558//558 77//77
f 558//558 76//76 77//77
f 41//41 68//68 553//553
f 68//68 67//67 553//553
f 553//553 67//67 554//554
f 67//67 66//66 554//554
f 554//554 66//66 555//555
f 66//66 65//65 555//555
f 555//555 65//65 556//556
f 65//65 64//64 556//556
f 556//556 64//64 557//557
f 64//64 63//63 557//557
f 557//557 63//63 558//558
f 63//63 62//62 558//558
f 558//558 62//62 76//76
f 62//62 5//5 76//76
f 62//62 75//75 5//5
f 63//63 559//559 62//62
f 64//64 560//560 63//63
f 65//65 562//562 64//64
f 66//66 565//565 65//65
f 67//67 569//569 66//66
f 68//68 574//574 67//67
f 62//62 559//559 75//75
f 559//559 74//74 75//75
f 63//63 560//560 559//559
f 560//560 561//561 559//559
f 559//559 561//561 74//74
f 561//561 73//73 74//74
f 64//64 562//562 560//560
f 562//562 563//563 560//560
f 560//560 563//563 561//561
f 563//563 564//564 561//561
f 561//561 564//564 73//73
f 564//564 72//72 73//73
f 65//65 565//565 562//562
f 565//565 566//566 562//562
f 562//562 566//566 563//563
f 566//566 567//567 563//563
f 563//563 567//567 564//564
f 567//567 568//568 564//564
f 564//564 568//568 72//72
f 568//568 71//71 72//72
f 66//66 569//569 565//565
f 569//569 570//570 565//565
f 565//565 570//570 566//566
f 570//570 571//571 566//566
f 566//566 571//571 567//567
f 571//571 572//572 567//567
f 567//567 572//572 568//568
f 572//572 573//573 568//568
f 568//568 573//573 71//71
f 573//573 70//70 71//71
f 67//67 574//574 569//569
f 574//574 575//575 569//569
f 569//569 575//575 570//570
f 575//575 576//576 570//570
f 570//570 576//576 571//571
f 576//576 577//577 571//571
f 571//571 577//577 572//572
f 577//577 578//578 572//572
f 572//572 578//578 573//573
f 578//578 579//579 573//573
f 573//573 579//579 70//70
f 579//579 69//69 70//70
f 68//68 54//54 574//574
f 54//54 53//53 574//574
f 574//574 53//53 575//575
f 53//53 52//52 575//575
f 575//575 52//52 576//576
f 52//52 51//51 576//576
f 576//576 51//51 577//577
f 51//51 50//50 577//577
f 577//577 50//50 578//578
f 50//50 49//49 578//578
f 578//578 49//49 579//579
f 49//49 48//48 579//579
f 579//579 48//48 69//69
f 48//48 4//4 69//69
f 48//48 61//61 4//4
f 49//49 580//580 48//48
f 50//50 581//581 49//49
f 51//51 583//583 50//50
f 52//52 586//586 51//51
f 53//53 590//590 52//52
f 54//54 595//595 53//53
f 48//48 580//580 61//61
f 580//580 60//60 61//61
f 49//49 581//581 580//580
f 581//581 582//582 580//580
f 580//580 582//582 60//60
f 582//582 59//59 60//60
f 50//50 583//583 581//581
f 583//583 584//584 581//581
f 581//581 584//584 582//582
f 584//584 585//585 582//582
f 582//582 585//585 59//59
f 585//585 58//58 59//59
f 51//51 586//586 583//583
f 586//586 587//587 583//583
f 583//583 587//587 584//584
f 587//587 588//588 584//584
f 584//584 588//588 585//585
f 588//588 589//589 585//585
f 585//585 589//589 58//58
f 589//589 57//57 58//58
f 52//52 590//590 586//586
f 590//590 591//591 586//586
f 586//586 591//591 587//587
f 591//591 592//592 587//587
f 587//587 592//592 588//588
f 592//592 593//593 588//588
f 588//588 593//593 589//589
f 593//593 594//594 589//589
f 589//589 594//594 57//57
f 594//594 56//56 57//57
f 53//53 595//595 590//590
f 595//595 596//596 590//590
f 590//590 596//596 591//591
f 596//596 597//597 591//591
f 591//591 597//597 592//592
f 597//597 598//598 592//592
f 592//592 598//598 593//593
f 598//598 599//599 593//593
f 593//593 599//599 594//594
f 599//599 600//600 594//594
f 594//594 600//600 56//56
f 600//600 55//55 56//56
f 54//54 19//19 595//595
f 19//19 18//18 595//595
f 595//595 18//18 596//596
f 18//18 17//17 596//596
f 596//596 17//17 597//597
f 17//17 16//16 597//597
f 597//597 16//16 598//598
f 16//16 15//15 598//598
f 598//598 15//15 599//599
f 15//15 14//14 599//599
f 599//599 14//14 600//600
f 14//14 13//13 600//600
f 600//600 13//13 55//55
f 13//13 3//3 55//55
f 34//34 47//47 6//6
f 35//35 601//601 34//34
f 36//36 602//602 35//35
f 37//37 604//604 36//36
f 38//38 607//607 37//37
f 39//39 611//611 38//38
f 40//40 616//616 39//39
f 34//34 601//601 47//47
f 601//601 46//46 47//47
f 35//35 602//602 601//601
f 602//602 603//603 601//601
f 601//601 603//603 46//46
f 603//603 45//45 46//46
f 36//36 604//604 602//602
f 604//604 605//605 602//602
f 602//602 605//605 603//603
f 605//605 606//606 603//603
f 603//603 606//606 45//45
f 606//606 44//44 45//45
f 37//37 607//607 604//604
f 607//607 608//608 604//604
f 604//604 608//608 605//605
f 608//608 609//609 605//605
f 605//605 609//609 606//606
f 609//609 610//610 606//606
f 606//606 610//610 44//44
f 610//610 43//43 44//44
f 38//38 611//611 607//607
f 611//611 612//612 607//607
f 607//607 612//612 608//608
f 612//612 613//613 608//608
f 608//608 613//613 609//609
f 613//613 614//614 609//609
f 609//609 614//614 610//610
f 614//614 615//615 610//610
f 610//610 615//615 43//43
f 615//615 42//42 43//43
f 39//39 616//616 611//611
f 616//616 617//617 611//611
f 611//611 617//617 612//612
f 617//617 618//618 612//612
f 612//612 618//618 613//613
f 618//618 619//619 613//613
f 613//613 619//619 614//614
f 619//619 620//620 614//614
f 614//614 620//620 615//615
f 620//620 621//621 615//615
f 615//615 621//621 42//42
f 621//621 41//41 42//42
f 40//40 26//26 616//616
f 26//26 25//25 616//616
f 616//616 25//25 617//617
f 25//25 24//24 617//617
f 617//617 24//24 618//618
f 24//24 23//23 618//618
f 618//618 23//23 619//619
f 23//23 22//22 619//619
f 619//619 22//22 620//620
f 22//22 21//21 620//620
f 620//620 21//21 621//621
f 21//21 20//20 621//621
f 621//621 20//20 41//41
f 20//20 1//1 41//41
f 13//13 33//33 3//3
f 14//14 622//622 13//13
f 15//15 623//623 14//14
f 16//16 625//625 15//15
f 17//17 628//628 16//16
f 18//18 632//632 17//17
f 19//19 637//637 18//18
f 13//13 622//622 33//33
f 622//622 32//32 33//33
f 14//14 623//623 622//622
f 623//623 624//624 622//622
f 622//622 624//624 32//32
f 624//624 31//31 32//32
f 15//15 625//625 623//623
f 625//625 626//626 623//623
f 623//623 626//626 624//624
f 626//626 627//627 624//624
f 624//624 627//627 31//31
f 627//627 30//30 31//31
f 16//16 628//628 625//625
f 628//628 629//629 625//625
f 625//625 629//629 626//626
f 629//629 630//630 626//626
f 626//626 630//630 627//627
f 630//630 631//631 627//627
f 627//627 631//631 30//30
f 631//631 29//29 30//30
f 17//17 632//632 628//628
f 632//632 633//633 628//628
f 628//628 633//633 629//629
f 633//633 634//634 629//629
f 629//629 634//634 630//630
f 634//634 635//635 630//630
f 630//630 635//635 631//631
f 635//635 636//636 631//631
f 631//631 636//636 29//29
f 636//636 28//28 29//29
f 18//18 637//637 632//632
f 637//637 638//638 632//632
f 632//632 638//638 633//633
f 638//638 639//639 633//633
f 633//633 639//639 634//634
f 639//639 640//640 634//634
f 634//634 640//640 635//635
f 640//640 641//641 635//635
f 635//635 641//641 636//636
f 641//641 642//642 636//636
f 636//636 642//642 28//28
f 642//642 27//27 28//28
f 19//19 20//20 637//637
f 20//20 21//21 637//637
f 637//637 21//21 638//638
f 21//21 22//22 638//638
f 638//638 22//22 639//639
f 22//22 23//23 639//639
f 639//639 23//23 640//640
f 23//23 24//24 640//640
f 640//640 24//24 641//641
f 24//24 25//25 641//641
f 641//641 25//25 642//642
f 25//25 26//26 642//642
f 642//642 26//26 27//27
f 26//26 2//2 27//27
o BlueBall
v -2.000000 -0.000000 0.000000
v -1.276393 0.552780 0.525725
v -2.276388 0.552780 0.850649
v -2.894426 0.552784 0.000000
v -2.276388 0.552780 -0.850649
v -1.276393 0.552780 -0.525725
v -1.723612 1.447220 0.850649
v -2.723607 1.447219 0.525725
v -2.723607 1.447219 -0.525725
v -1.723612 1.447220 -0.850649
v -1.105574 1.447216 0.000000
v -2.000000 2.000000 0.000000
v -2.257936 0.449315 0.793860
v -2.232821 0.342481 0.716563
v -2.200688 0.239597 0.617666
v -2.162456 0.149346 0.499995
v -2.120413 0.079045 0.370598
v -2.077607 0.032050 0.238853
v -2.036848 0.007135 0.113408
v -1.903529 0.007135 0.070089
v -1.796819 0.032050 0.147618
v -1.684749 0.079045 0.229040
v -1.574677 0.149346 0.309011
v -1.474580 0.239597 0.381735
v -1.390453 0.342481 0.442856
v -1.324700 0.449315 0.490628
v -1.361547 0.523013 0.604038
v -1.468059 0.497698 0.681712
v -1.594992 0.480428 0.752338
v -1.737131 0.474262 0.809012
v -1.885436 0.480427 0.846711
v -2.029639 0.497698 0.864184
v -2.161465 0.523012 0.863951
v -1.228229 0.523013 -0.420539
v -1.187271 0.497699 -0.295238
v -1.159327 0.480429 -0.152694
v -1.149352 0.474264 0.000000
v -1.159327 0.480429 0.152694
v -1.187271 0.497699 0.295238
v -1.228229 0.523013 0.420539
v -1.903529 0.007135 -0.070089
v -1.796819 0.032050 -0.147618
v -1.684749 0.079045 -0.229040
v -1.574677 0.149346 -0.309011
v -1.474580 0.239597 -0.381735
v -1.390453 0.342481 -0.442856
v -1.324700 0.449315 -0.490628
v -2.834716 0.449319 0.000000
v -2.753442 0.342485 0.000000
v -2.649456 0.239601 0.000000
v -2.525730 0.149348 0.000000
v -2.389673 0.079047 0.000000
v -2.251147 0.032051 0.000000
v -2.119245 0.007135 0.000000
v -2.377183 0.523012 0.793861
v -2.483971 0.497698 0.716565
v -2.590366 0.480428 0.617668
v -2.688190 0.474264 0.499997
v -2.769872 0.480430 0.370600
v -2.831051 0.497701 0.238853
v -2.871565 0.523016 0.113408
v -2.257936 0.449315 -0.793860
v -2.232821 0.342481 -0.716563
v -2.200688 0.239597 -0.617666
v -2.162456 0.149346 -0.499995
v -2.120413 0.079045 -0.370598
v -2.077607 0.032050 -0.238853
v -2.036848 0.007135 -0.113408
v -2.871565 0.523016 -0.113408
v -2.831051 0.497701 -0.238853
v -2.769872 0.480430 -0.370600
v -2.688189 0.474264 -0.499997
v -2.590366 0.480428 -0.617668
v -2.483971 0.497698 -0.716565
v -2.377183 0.523012 -0.793861
v -2.161465 0.523012 -0.863951
v -2.029639 0.497698 -0.864184
v -1.885436 0.480427 -0.846711
v -1.737131 0.474262 -0.809012
v -1.594992 0.480428 -0.752338
v -1.468059 0.497698 -0.681712
v -1.361547 0.523013 -0.604038
v -1.068812 1.357738 0.070089
v -1.043374 1.251149 0.147618
v -1.035289 1.129893 0.229041
v -1.048942 1.000000 0.309013
v -1.084902 0.870107 0.381737
v -1.139302 0.748849 0.442858
v -1.205453 0.642259 0.490629
v -1.205453 0.642259 -0.490629
v -1.139302 0.748849 -0.442858
v -1.084902 0.870107 -0.381737
v -1.048942 1.000000 -0.309013
v -1.035289 1.129893 -0.229041
v -1.043374 1.251149 -0.147618
v -1.068812 1.357738 -0.070089
v -1.778911 1.357741 0.907271
v -1.844785 1.251151 0.955422
v -1.919724 1.129893 0.988273
v -2.000000 1.000000 1.000000
v -2.080276 0.870106 0.988273
v -2.155215 0.748848 0.955422
v -2.221089 0.642259 0.907271
v -1.287850 0.642259 0.604039
v -1.312841 0.748848 0.681715
v -1.354161 0.870106 0.752343
v -1.412215 1.000000 0.809017
v -1.484054 1.129894 0.846716
v -1.563993 1.251152 0.864188
v -1.645591 1.357741 0.863953
v -2.794547 1.357741 0.490629
v -2.860698 1.251151 0.442858
v -2.915098 1.129893 0.381737
v -2.951058 1.000000 0.309013
v -2.964711 0.870107 0.229041
v -2.956626 0.748850 0.147618
v -2.931188 0.642262 0.070089
v -2.354409 0.642258 0.863953
v -2.436007 0.748848 0.864188
v -2.515946 0.870106 0.846716
v -2.587786 1.000000 0.809017
v -2.645839 1.129894 0.752342
v -2.687159 1.251152 0.681715
v -2.712150 1.357741 0.604039
v -2.712150 1.357741 -0.604039
v -2.687159 1.251152 -0.681715
v -2.645839 1.129894 -0.752343
v -2.587785 1.000000 -0.809017
v -2.515945 0.870106 -0.846716
v -2.436007 0.748848 -0.864188
v -2.354409 0.642258 -0.863953
v -2.931188 0.642262 -0.070089
v -2.956626 0.748850 -0.147618
v -2.964711 0.870107 -0.229041
v -2.951058 1.000000 -0.309013
v -2.915098 1.129893 -0.381737
v -2.860698 1.251151 -0.442858
v -2.794547 1.357741 -0.490629
v -1.645591 1.357741 -0.863953
v -1.563993 1.251152 -0.864188
v -1.484054 1.129894 -0.846716
v -1.412214 1.000000 -0.809017
v -1.354161 0.870106 -0.752342
v -1.312841 0.748848 -0.681715
v -1.287850 0.642259 -0.604039
v -2.221089 0.642259 -0.907271
v -2.155215 0.748848 -0.955422
v -2.080276 0.870106 -0.988273
v -2.000000 1.000000 -1.000000
v -1.919724 1.129893 -0.988273
v -1.844785 1.251151 -0.955422
v -1.778911 1.357741 -0.907271
v -1.128435 1.476984 0.113408
v -1.168949 1.502299 0.238853
v -1.230128 1.519570 0.370600
v -1.311811 1.525736 0.499997
v -1.409634 1.519572 0.617668
v -1.516029 1.502302 0.716565
v -1.622817 1.476988 0.793861
v -1.838535 1.476988 0.863951
v -1.970361 1.502302 0.864184
v -2.114564 1.519572 0.846711
v -2.262869 1.525738 0.809012
v -2.405009 1.519572 0.752338
v -2.531941 1.502302 0.681712
v -2.638453 1.476987 0.604038
v -2.771771 1.476987 0.420539
v -2.812729 1.502301 0.295238
v -2.840673 1.519571 0.152694
v -2.850648 1.525736 -0.000000
v -2.840673 1.519571 -0.152694
v -2.812729 1.502301 -0.295238
v -2.771771 1.476987 -0.420539
v -2.638453 1.476987 -0.604038
v -2.531941 1.502302 -0.681712
v -2.405008 1.519572 -0.752338
v -2.262869 1.525738 -0.809012
v -2.114564 1.519572 -0.846711
v -1.970361 1.502302 -0.864184
v -1.838535 1.476988 -0.863951
v -1.622817 1.476988 -0.793861
v -1.516029 1.502302 -0.716565
v -1.409634 1.519572 -0.617668
v -1.311811 1.525736 -0.499997
v -1.230128 1.519570 -0.370600
v -1.168949 1.502299 -0.238853
v -1.128435 1.476984 -0.113408
v -1.963152 1.992865 0.113408
v -1.922393 1.967950 0.238853
v -1.879587 1.920955 0.370598
v -1.837544 1.850654 0.499995
v -1.799312 1.760403 0.617666
v -1.767179 1.657519 0.716563
v -1.742064 1.550685 0.793860
v -1.165284 1.550681 0.000000
v -1.246558 1.657515 0.000000
v -1.350544 1.760399 0.000000
v -1.474270 1.850652 0.000000
v -1.610327 1.920953 0.000000
v -1.748853 1.967949 0.000000
v -1.880755 1.992865 0.000000
v -2.096471 1.992865 0.070089
v -2.203181 1.967950 0.147618
v -2.315251 1.920955 0.229040
v -2.425323 1.850654 0.309011
v -2.525420 1.760403 0.381735
v -2.609547 1.657519 0.442856
v -2.675300 1.550685 0.490628
v -2.096471 1.992865 -0.070089
v -2.203181 1.967950 -0.147618
v -2.315251 1.920955 -0.229040
v -2.425323 1.850654 -0.309011
v -2.525420 1.760403 -0.381735
v -2.609547 1.657519 -0.442856
v -2.675300 1.550685 -0.490628
v -1.963152 1.992865 -0.113408
v -1.922393 1.967950 -0.238853
v -1.879587 1.920955 -0.370598
v -1.837544 1.850654 -0.499995
v -1.799312 1.760403 -0.617666
v -1.767179 1.657519 -0.716563
v -1.742064 1.550685 -0.793860
v -1.833802 1.978672 -0.120749
v -1.692833 1.943208 -0.126518
v -1.784755 1.943209 -0.253036
v -1.548625 1.882854 -0.129731
v -1.638200 1.894429 -0.262863
v -1.737138 1.882855 -0.389192
v -1.412217 1.798549 -0.129731
v -1.493271 1.819912 -0.266403
v -1.590049 1.819913 -0.399604
v -1.694986 1.798552 -0.518924
v -1.293742 1.696558 -0.126519
v -1.361806 1.723610 -0.262864
v -1.449992 1.733353 -0.399605
v -1.552791 1.723612 -0.525728
v -1.661432 1.696561 -0.632593
v -1.198978 1.586331 -0.120750
v -1.252634 1.614342 -0.253038
v -1.327913 1.629942 -0.389194
v -1.422170 1.629943 -0.518926
v -1.528401 1.614344 -0.632594
v -1.637634 1.586334 -0.724502
v -2.063483 1.978672 -0.195376
v -2.025408 1.943209 -0.331227
v -2.174138 1.943209 -0.282901
v -1.983902 1.882855 -0.469369
v -2.138197 1.894430 -0.425319
v -2.288916 1.882855 -0.370262
v -1.941750 1.798552 -0.599101
v -2.096779 1.819914 -0.564248
v -2.253366 1.819913 -0.513369
v -2.399272 1.798552 -0.450440
v -1.902085 1.696561 -0.710785
v -2.052789 1.723612 -0.688185
v -2.210088 1.733355 -0.646571
v -2.361804 1.723612 -0.587778
v -2.497009 1.696561 -0.517479
v -1.867316 1.586334 -0.799129
v -2.009708 1.614345 -0.788978
v -2.162463 1.629944 -0.759458
v -2.314971 1.629944 -0.709904
v -2.455902 1.614344 -0.643998
v -2.577066 1.586334 -0.568513
v -2.205431 1.978671 0.000000
v -2.322868 1.943208 -0.078192
v -2.322868 1.943208 0.078192
v -2.441423 1.882855 -0.160354
v -2.447210 1.894429 0.000000
v -2.441423 1.882855 0.160354
v -2.551779 1.798551 -0.240532
v -2.566539 1.819912 -0.082322
v -2.566539 1.819912 0.082322
v -2.551779 1.798551 0.240532
v -2.645740 1.696560 -0.312768
v -2.670817 1.723611 -0.162457
v -2.679848 1.733353 0.000000
v -2.670817 1.723611 0.162457
v -2.645740 1.696560 0.312768
v -2.719016 1.586334 -0.373135
v -2.753363 1.614343 -0.234576
v -2.772492 1.629942 -0.080177
v -2.772492 1.629942 0.080177
v -2.753363 1.614343 0.234576
v -2.719016 1.586334 0.373135
v -2.063483 1.978672 0.195376
v -2.174138 1.943209 0.282901
v -2.025408 1.943209 0.331227
v -2.288916 1.882855 0.370262
v -2.138197 1.894430 0.425319
v -1.983902 1.882855 0.469369
v -2.399272 1.798552 0.450440
v -2.253366 1.819913 0.513369
v -2.096779 1.819914 0.564248
v -1.941750 1.798552 0.599101
v -2.497009 1.696561 0.517479
v -2.361804 1.723612 0.587778
v -2.210088 1.733355 0.646571
v -2.052789 1.723612 0.688185
v -1.902085 1.696561 0.710785
v -2.577066 1.586334 0.568513
v -2.455902 1.614344 0.643998
v -2.314971 1.629944 0.709904
v -2.162463 1.629944 0.759458
v -2.009708 1.614345 0.788978
v -1.867316 1.586334 0.799129
v -1.833802 1.978672 0.120749
v -1.784755 1.943209 0.253036
v -1.692833 1.943208 0.126518
v -1.737138 1.882855 0.389192
v -1.638200 1.894429 0.262863
v -1.548625 1.882854 0.129731
v -1.694986 1.798552 0.518924
v -1.590049 1.819913 0.399604
v -1.493271 1.819912 0.266403
v -1.412217 1.798549 0.129731
v -1.661432 1.696561 0.632593
v -1.552791 1.723612 0.525728
v -1.449992 1.733353 0.399605
v -1.361806 1.723610 0.262864
v -1.293742 1.696558 0.126519
v -1.637634 1.586334 0.724502
v -1.528401 1.614344 0.632594
v -1.422170 1.629943 0.518926
v -1.327913 1.629942 0.389194
v -1.252634 1.614342 0.253038
v -1.198978 1.586331 0.120750
v -1.096260 1.380897 -0.195376
v -1.078492 1.266063 -0.282902
v -1.145008 1.399094 -0.331229
v -1.081144 1.136410 -0.370264
v -1.138196 1.276396 -0.425322
v -1.217554 1.409229 -0.469371
v -1.107195 1.000000 -0.450443
v -1.153340 1.140059 -0.513372
v -1.223370 1.280118 -0.564251
v -1.311810 1.409230 -0.599104
v -1.154710 0.866968 -0.517481
v -1.190981 1.000000 -0.587782
v -1.250118 1.140059 -0.646576
v -1.329180 1.276397 -0.688189
v -1.420774 1.399096 -0.710788
v -1.217499 0.746066 -0.568515
v -1.246632 0.866967 -0.644002
v -1.295707 1.000000 -0.709909
v -1.363912 1.136411 -0.759463
v -1.446180 1.266065 -0.788982
v -1.534915 1.380900 -0.799132
v -1.906549 1.380900 -0.919882
v -1.984300 1.266064 -0.963827
v -2.050816 1.399096 -0.915500
v -2.068205 1.136410 -0.988302
v -2.138198 1.276397 -0.951055
v -2.204615 1.409230 -0.889193
v -2.152508 1.000000 -0.988302
v -2.226618 1.140059 -0.963861
v -2.296648 1.280118 -0.912981
v -2.357124 1.409230 -0.839639
v -2.230948 0.866967 -0.963829
v -2.309016 0.999999 -0.951057
v -2.383207 1.140059 -0.912982
v -2.447215 1.276397 -0.850649
v -2.497012 1.399096 -0.770520
v -2.298885 0.746066 -0.919883
v -2.379680 0.866967 -0.915503
v -2.457527 1.000000 -0.889196
v -2.525732 1.136410 -0.839642
v -2.579229 1.266065 -0.770522
v -2.616302 1.380900 -0.689266
v -2.845982 1.380899 -0.373136
v -2.911804 1.266063 -0.312769
v -2.886396 1.399095 -0.234577
v -2.961008 1.136409 -0.240533
v -2.947213 1.276396 -0.162458
v -2.908902 1.409228 -0.080178
v -2.987059 1.000000 -0.160355
v -2.986715 1.140059 -0.082322
v -2.959966 1.280117 0.000000
v -2.908902 1.409229 0.080178
v -2.988023 0.866969 -0.078192
v -3.000000 1.000001 0.000000
v -2.986715 1.140059 0.082323
v -2.947213 1.276397 0.162458
v -2.886395 1.399095 0.234577
v -2.967222 0.746069 0.000000
v -2.988023 0.866970 0.078193
v -2.987059 1.000001 0.160356
v -2.961008 1.136411 0.240534
v -2.911803 1.266065 0.312769
v -2.845982 1.380900 0.373136
v -2.616302 1.380900 0.689266
v -2.579229 1.266064 0.770521
v -2.497012 1.399096 0.770520
v -2.525733 1.136410 0.839641
v -2.447216 1.276397 0.850649
v -2.357124 1.409230 0.839639
v -2.457527 0.999999 0.889196
v -2.383208 1.140059 0.912982
v -2.296649 1.280118 0.912981
v -2.204616 1.409230 0.889193
v -2.379681 0.866967 0.915502
v -2.309017 0.999999 0.951056
v -2.226619 1.140059 0.963861
v -2.138199 1.276397 0.951055
v -2.050817 1.399096 0.915500
v -2.298886 0.746066 0.919883
v -2.230948 0.866967 0.963828
v -2.152509 0.999999 0.988302
v -2.068206 1.136410 0.988302
v -1.984301 1.266064 0.963827
v -1.906549 1.380900 0.919882
v -1.534915 1.380900 0.799132
v -1.446180 1.266064 0.788983
v -1.420774 1.399096 0.710788
v -1.363912 1.136410 0.759463
v -1.329180 1.276396 0.688190
v -1.311810 1.409229 0.599104
v -1.295707 0.999999 0.709909
v -1.250118 1.140058 0.646576
v -1.223370 1.280116 0.564252
v -1.217554 1.409228 0.469372
v -1.246632 0.866966 0.644002
v -1.190981 0.999998 0.587783
v -1.153341 1.140057 0.513373
v -1.138196 1.276394 0.425323
v -1.145008 1.399093 0.331230
v -1.217499 0.746065 0.568515
v -1.154711 0.866966 0.517482
v -1.107195 0.999998 0.450444
v -1.081144 1.136407 0.370266
v -1.078492 1.266061 0.282904
v -1.096260 1.380896 0.195377
v -1.701114 1.253934 -0.919883
v -1.620319 1.133033 -0.915502
v -1.769052 1.133032 -0.963828
v -1.542473 1.000000 -0.889196
v -1.690983 1.000000 -0.951056
v -1.847491 1.000000 -0.988302
v -1.474267 0.863589 -0.839641
v -1.616793 0.859940 -0.912982
v -1.773381 0.859940 -0.963861
v -1.931795 0.863590 -0.988302
v -1.420771 0.733935 -0.770521
v -1.552784 0.723602 -0.850648
v -1.703352 0.719881 -0.912980
v -1.861801 0.723602 -0.951055
v -2.015699 0.733935 -0.963827
v -1.383698 0.619100 -0.689265
v -1.502988 0.600903 -0.770520
v -1.642876 0.590769 -0.839639
v -1.795385 0.590769 -0.889192
v -1.949183 0.600903 -0.915500
v -2.093451 0.619100 -0.919881
v -2.782501 1.253933 -0.568515
v -2.753368 1.133032 -0.644002
v -2.845290 1.133032 -0.517482
v -2.704293 1.000000 -0.709910
v -2.809018 1.000000 -0.587783
v -2.892805 1.000000 -0.450444
v -2.636087 0.863589 -0.759464
v -2.749881 0.859941 -0.646577
v -2.846659 0.859941 -0.513374
v -2.918856 0.863590 -0.370265
v -2.553819 0.733935 -0.788983
v -2.670819 0.723603 -0.688191
v -2.776628 0.719882 -0.564253
v -2.861803 0.723604 -0.425324
v -2.921507 0.733937 -0.282904
v -2.465084 0.619100 -0.799132
v -2.579224 0.600904 -0.710789
v -2.688189 0.590770 -0.599106
v -2.782445 0.590771 -0.469374
v -2.854991 0.600905 -0.331231
v -2.903739 0.619102 -0.195378
v -2.782501 1.253933 0.568515
v -2.845290 1.133032 0.517482
v -2.753368 1.133032 0.644002
v -2.892805 1.000000 0.450444
v -2.809018 1.000000 0.587783
v -2.704293 1.000000 0.709910
v -2.918856 0.863590 0.370265
v -2.846659 0.859941 0.513374
v -2.749881 0.859941 0.646577
v -2.636087 0.863589 0.759464
v -2.921508 0.733937 0.282904
v -2.861803 0.723604 0.425324
v -2.776628 0.719882 0.564253
v -2.670819 0.723603 0.688191
v -2.553819 0.733935 0.788983
v -2.903739 0.619102 0.195378
v -2.854991 0.600905 0.331231
v -2.782445 0.590771 0.469374
v -2.688189 0.590770 0.599106
v -2.579224 0.600904 0.710789
v -2.465084 0.619100 0.799132
v -1.701114 1.253934 0.919883
v -1.769052 1.133032 0.963828
v -1.620319 1.133033 0.915502
v -1.847491 1.000000 0.988302
v -1.690983 1.000000 0.951056
v -1.542473 1.000000 0.889196
v -1.931795 0.863590 0.988302
v -1.773381 0.859940 0.963861
v -1.616793 0.859940 0.912982
v -1.474268 0.863589 0.839641
v -2.015699 0.733935 0.963827
v -1.861801 0.723602 0.951055
v -1.703352 0.719881 0.912980
v -1.552784 0.723602 0.850648
v -1.420771 0.733935 0.770521
v -2.093451 0.619100 0.919882
v -1.949183 0.600903 0.915500
v -1.795385 0.590770 0.889192
v -1.642876 0.590769 0.839639
v -1.502988 0.600903 0.770520
v -1.383698 0.619100 0.689266
v -1.032778 1.253931 0.000000
v -1.011977 1.133031 0.078192
v -1.011977 1.133031 -0.078192
v -1.012941 1.000000 0.160355
v -1.000000 1.000000 0.000000
v -1.012941 1.000000 -0.160355
v -1.038992 0.863590 0.240533
v -1.013285 0.859941 0.082322
v -1.013285 0.859941 -0.082322
v -1.038992 0.863590 -0.240533
v -1.088196 0.733936 0.312769
v -1.052787 0.723604 0.162458
v -1.040034 0.719883 0.000000
v -1.052787 0.723604 -0.162458
v -1.088196 0.733936 -0.312769
v -1.154018 0.619101 0.373136
v -1.113605 0.600905 0.234576
v -1.091098 0.590771 0.080178
v -1.091098 0.590771 -0.080178
v -1.113605 0.600905 -0.234576
v -1.154018 0.619101 -0.373136
v -1.422934 0.413666 -0.568513
v -1.502991 0.303439 -0.517479
v -1.544098 0.385656 -0.643999
v -1.600728 0.201448 -0.450441
v -1.638196 0.276388 -0.587779
v -1.685029 0.370057 -0.709905
v -1.711084 0.117145 -0.370263
v -1.746634 0.180087 -0.513370
v -1.789913 0.266646 -0.646572
v -1.837537 0.370057 -0.759459
v -1.825862 0.056791 -0.282902
v -1.861803 0.105571 -0.425321
v -1.903221 0.180088 -0.564250
v -1.947211 0.276389 -0.688186
v -1.990292 0.385656 -0.788979
v -1.936518 0.021328 -0.195377
v -1.974593 0.056792 -0.331229
v -2.016099 0.117146 -0.469371
v -2.058250 0.201450 -0.599103
v -2.097915 0.303440 -0.710786
v -2.132684 0.413666 -0.799129
v -2.362367 0.413666 -0.724501
v -2.338569 0.303439 -0.632593
v -2.471601 0.385656 -0.632593
v -2.305014 0.201448 -0.518923
v -2.447211 0.276388 -0.525727
v -2.577832 0.370057 -0.518924
v -2.262862 0.117145 -0.389192
v -2.409952 0.180087 -0.399603
v -2.550009 0.266647 -0.399603
v -2.672088 0.370058 -0.389192
v -2.215245 0.056791 -0.253036
v -2.361801 0.105571 -0.262863
v -2.506730 0.180088 -0.266402
v -2.638195 0.276390 -0.262863
v -2.747367 0.385659 -0.253036
v -2.166198 0.021329 -0.120749
v -2.307168 0.056792 -0.126518
v -2.451375 0.117146 -0.129730
v -2.587784 0.201451 -0.129730
v -2.706258 0.303443 -0.126518
v -2.801022 0.413670 -0.120749
v -2.801022 0.413670 0.120750
v -2.706258 0.303442 0.126518
v -2.747367 0.385659 0.253037
v -2.587784 0.201451 0.129731
v -2.638195 0.276391 0.262864
v -2.672088 0.370058 0.389193
v -2.451375 0.117147 0.129731
v -2.506730 0.180089 0.266403
v -2.550009 0.266648 0.399605
v -2.577832 0.370058 0.518925
v -2.307168 0.056792 0.126519
v -2.361801 0.105572 0.262864
v -2.409952 0.180088 0.399605
v -2.447211 0.276389 0.525729
v -2.471601 0.385656 0.632594
v -2.166198 0.021329 0.120750
v -2.215246 0.056792 0.253038
v -2.262863 0.117146 0.389194
v -2.305015 0.201450 0.518925
v -2.338569 0.303440 0.632594
v -2.362367 0.413666 0.724502
v -1.280985 0.413666 -0.373135
v -1.246637 0.385657 -0.234576
v -1.354260 0.303440 -0.312768
v -1.227507 0.370058 -0.080177
v -1.329183 0.276389 -0.162457
v -1.448220 0.201449 -0.240532
v -1.227507 0.370058 0.080178
v -1.320151 0.266647 0.000000
v -1.433460 0.180088 -0.082322
v -1.558577 0.117145 -0.160354
v -1.246636 0.385657 0.234576
v -1.329182 0.276390 0.162458
v -1.433460 0.180088 0.082323
v -1.552789 0.105571 0.000001
v -1.677131 0.056792 -0.078191
v -1.280984 0.413667 0.373136
v -1.354259 0.303441 0.312769
v -1.448219 0.201450 0.240533
v -1.558576 0.117146 0.160356
v -1.677130 0.056792 0.078193
v -1.794568 0.021329 0.000001
v -2.132684 0.413666 0.799129
v -2.097914 0.303439 0.710785
v -1.990291 0.385656 0.788978
v -2.058249 0.201448 0.599101
v -1.947210 0.276388 0.688185
v -1.837537 0.370056 0.759458
v -2.016098 0.117145 0.469370
v -1.903220 0.180087 0.564249
v -1.789911 0.266646 0.646572
v -1.685029 0.370057 0.709905
v -1.974591 0.056791 0.331228
v -1.861801 0.105571 0.425321
v -1.746632 0.180088 0.513370
v -1.638195 0.276389 0.587779
v -1.544097 0.385656 0.643999
v -1.936517 0.021328 0.195377
v -1.825860 0.056792 0.282902
v -1.711082 0.117146 0.370264
v -1.600726 0.201450 0.450441
v -1.502989 0.303440 0.517480
v -1.422933 0.413667 0.568513
vn -0.0000 -1.0000 -0.0000
vn 0.7236 -0.4472 0.5257
vn -0.2764 -0.4472 0.8506
vn -0.8944 -0.4472 -0.0000
vn -0.2764 -0.4472 -0.8506
vn 0.7236 -0.4472 -0.5257
vn 0.2764 0.4472 0.8506
vn -0.7236 0.4472 0.5257
vn -0.7236 0.4472 -0.5257
vn 0.2764 0.4472 -0.8506
vn 0.8944 0.4472 -0.0000
vn -0.0000 1.0000 -0.0000
vn -0.2583 -0.5487 0.7951
vn -0.2331 -0.6563 0.7175
vn -0.2009 -0.7599 0.6182
vn -0.1625 -0.8507 0.5000
vn -0.1202 -0.9212 0.3699
vn -0.0771 -0.9683 0.2374
vn -0.0361 -0.9931 0.1112
vn 0.0946 -0.9931 0.0687
vn 0.2020 -0.9683 0.1467
vn 0.3147 -0.9212 0.2286
vn 0.4253 -0.8507 0.3090
vn 0.5259 -0.7599 0.3821
vn 0.6104 -0.6563 0.4435
vn 0.6764 -0.5487 0.4914
vn 0.6402 -0.4765 0.6026
vn 0.5332 -0.5021 0.6809
vn 0.4057 -0.5195 0.7520
vn 0.2629 -0.5257 0.8090
vn 0.1138 -0.5195 0.8468
vn -0.0312 -0.5021 0.8643
vn -0.1638 -0.4765 0.8638
vn 0.7709 -0.4765 -0.4227
vn 0.8123 -0.5021 -0.2967
vn 0.8406 -0.5195 -0.1534
vn 0.8506 -0.5257 -0.0000
vn 0.8406 -0.5195 0.1534
vn 0.8123 -0.5021 0.2967
vn 0.7709 -0.4765 0.4227
vn 0.0946 -0.9931 -0.0687
vn 0.2020 -0.9683 -0.1467
vn 0.3147 -0.9212 -0.2286
vn 0.4253 -0.8507 -0.3090
vn 0.5259 -0.7599 -0.3821
vn 0.6104 -0.6563 -0.4435
vn 0.6764 -0.5487 -0.4914
vn -0.8360 -0.5487 -0.0000
vn -0.7545 -0.6563 -0.0000
vn -0.6500 -0.7599 -0.0000
vn -0.5257 -0.8507 -0.0000
vn -0.3890 -0.9212 -0.0000
vn -0.2496 -0.9683 -0.0000
vn -0.1169 -0.9931 -0.0000
vn -0.3752 -0.4765 0.7951
vn -0.4828 -0.5021 0.7175
vn -0.5898 -0.5195 0.6182
vn -0.6882 -0.5257 0.5000
vn -0.7702 -0.5195 0.3699
vn -0.8316 -0.5021 0.2374
vn -0.8721 -0.4765 0.1112
vn -0.2583 -0.5487 -0.7951
vn -0.2331 -0.6563 -0.7175
vn -0.2009 -0.7599 -0.6182
vn -0.1625 -0.8507 -0.5000
vn -0.1202 -0.9212 -0.3699
vn -0.0771 -0.9683 -0.2374
vn -0.0361 -0.9931 -0.1112
vn -0.8721 -0.4765 -0.1112
vn -0.8316 -0.5021 -0.2374
vn -0.7702 -0.5195 -0.3699
vn -0.6882 -0.5257 -0.5000
vn -0.5898 -0.5195 -0.6182
vn -0.4828 -0.5021 -0.7175
vn -0.3752 -0.4765 -0.7951
vn -0.1638 -0.4765 -0.8638
vn -0.0312 -0.5021 -0.8643
vn 0.1138 -0.5195 -0.8468
vn 0.2629 -0.5257 -0.8090
vn 0.4057 -0.5195 -0.7520
vn 0.5332 -0.5021 -0.6809
vn 0.6402 -0.4765 -0.6026
vn 0.9306 0.3596 0.0687
vn 0.9564 0.2524 0.1467
vn 0.9647 0.1305 0.2286
vn 0.9511 -0.0000 0.3090
vn 0.9149 -0.1305 0.3821
vn 0.8600 -0.2524 0.4435
vn 0.7932 -0.3596 0.4914
vn 0.7932 -0.3596 -0.4914
vn 0.8600 -0.2524 -0.4435
vn 0.9149 -0.1305 -0.3821
vn 0.9511 -0.0000 -0.3090
vn 0.9647 0.1305 -0.2286
vn 0.9564 0.2524 -0.1467
vn 0.9306 0.3596 -0.0687
vn 0.2222 0.3596 0.9063
vn 0.1560 0.2524 0.9550
vn 0.0807 0.1305 0.9882
vn -0.0000 -0.0000 1.0000
vn -0.0807 -0.1305 0.9882
vn -0.1560 -0.2524 0.9550
vn -0.2222 -0.3596 0.9063
vn 0.7125 -0.3596 0.6026
vn 0.6875 -0.2524 0.6809
vn 0.6461 -0.1305 0.7520
vn 0.5878 -0.0000 0.8090
vn 0.5156 0.1305 0.8469
vn 0.4351 0.2524 0.8643
vn 0.3529 0.3596 0.8638
vn -0.7932 0.3596 0.4914
vn -0.8600 0.2524 0.4435
vn -0.9149 0.1305 0.3821
vn -0.9511 -0.0000 0.3090
vn -0.9647 -0.1305 0.2286
vn -0.9564 -0.2524 0.1467
vn -0.9306 -0.3596 0.0687
vn -0.3529 -0.3596 0.8638
vn -0.4351 -0.2524 0.8643
vn -0.5156 -0.1305 0.8469
vn -0.5878 -0.0000 0.8090
vn -0.6461 0.1305 0.7520
vn -0.6875 0.2524 0.6809
vn -0.7125 0.3596 0.6026
vn -0.7125 0.3596 -0.6026
vn -0.6875 0.2524 -0.6809
vn -0.6461 0.1305 -0.7520
vn -0.5878 -0.0000 -0.8090
vn -0.5156 -0.1305 -0.8469
vn -0.4351 -0.2524 -0.8643
vn -0.3529 -0.3596 -0.8638
vn -0.9306 -0.3596 -0.0687
vn -0.9564 -0.2524 -0.1467
vn -0.9647 -0.1305 -0.2286
vn -0.9511 -0.0000 -0.3090
vn -0.9149 0.1305 -0.3821
vn -0.8600 0.2524 -0.4435
vn -0.7932 0.3596 -0.4914
vn 0.3529 0.3596 -0.8638
vn 0.4351 0.2524 -0.8643
vn 0.5156 0.1305 -0.8469
vn 0.5878 -0.0000 -0.8090
vn 0.6461 -0.1305 -0.7520
vn 0.6875 -0.2524 -0.6809
vn 0.7125 -0.3596 -0.6026
vn -0.2222 -0.3596 -0.9063
vn -0.1560 -0.2524 -0.9550
vn -0.0807 -0.1305 -0.9882
vn -0.0000 -0.0000 -1.0000
vn 0.0807 0.1305 -0.9882
vn 0.1560 0.2524 -0.9550
vn 0.2222 0.3596 -0.9063
vn 0.8721 0.4765 0.1112
vn 0.8316 0.5021 0.2374
vn 0.7702 0.5195 0.3699
vn 0.6882 0.5257 0.5000
vn 0.5898 0.5195 0.6182
vn 0.4828 0.5021 0.7175
vn 0.3752 0.4765 0.7951
vn 0.1638 0.4765 0.8638
vn 0.0312 0.5021 0.8643
vn -0.1138 0.5195 0.8468
vn -0.2629 0.5257 0.8090
vn -0.4057 0.5195 0.7520
vn -0.5332 0.5021 0.6809
vn -0.6402 0.4765 0.6026
vn -0.7709 0.4765 0.4227
vn -0.8123 0.5021 0.2967
vn -0.8406 0.5195 0.1534
vn -0.8506 0.5257 -0.0000
vn -0.8406 0.5195 -0.1534
vn -0.8123 0.5021 -0.2967
vn -0.7709 0.4765 -0.4227
vn -0.6402 0.4765 -0.6026
vn -0.5332 0.5021 -0.6809
vn -0.4057 0.5195 -0.7520
vn -0.2629 0.5257 -0.8090
vn -0.1138 0.5195 -0.8468
vn 0.0312 0.5021 -0.8643
vn 0.1638 0.4765 -0.8638
vn 0.3752 0.4765 -0.7951
vn 0.4828 0.5021 -0.7175
vn 0.5898 0.5195 -0.6182
vn 0.6882 0.5257 -0.5000
vn 0.7702 0.5195 -0.3699
vn 0.8316 0.5021 -0.2374
vn 0.8721 0.4765 -0.1112
vn 0.0361 0.9931 0.1112
vn 0.0771 0.9683 0.2374
vn 0.1202 0.9212 0.3699
vn 0.1625 0.8507 0.5000
vn 0.2009 0.7599 0.6182
vn 0.2331 0.6563 0.7175
vn 0.2583 0.5487 0.7951
vn 0.8360 0.5487 -0.0000
vn 0.7545 0.6563 -0.0000
vn 0.6500 0.7599 -0.0000
vn 0.5257 0.8507 -0.0000
vn 0.3890 0.9212 -0.0000
vn 0.2496 0.9683 -0.0000
vn 0.1169 0.9931 -0.0000
vn -0.0946 0.9931 0.0687
vn -0.2020 0.9683 0.1467
vn -0.3147 0.9212 0.2286
vn -0.4253 0.8507 0.3090
vn -0.5259 0.7599 0.3821
vn -0.6104 0.6563 0.4435
vn -0.6764 0.5487 0.4914
vn -0.0946 0.9931 -0.0687
vn -0.2020 0.9683 -0.1467
vn -0.3147 0.9212 -0.2286
vn -0.4253 0.8507 -0.3090
vn -0.5259 0.7599 -0.3821
vn -0.6104 0.6563 -0.4435
vn -0.6764 0.5487 -0.4914
vn 0.0361 0.9931 -0.1112
vn 0.0771 0.9683 -0.2374
vn 0.1202 0.9212 -0.3699
vn 0.1625 0.8507 -0.5000
vn 0.2009 0.7599 -0.6182
vn 0.2331 0.6563 -0.7175
vn 0.2583 0.5487 -0.7951
vn 0.1698 0.9777 -0.1233
vn 0.3095 0.9421 -0.1293
vn 0.2186 0.9421 -0.2544
vn 0.4520 0.8821 -0.1326
vn 0.3635 0.8934 -0.2641
vn 0.2658 0.8821 -0.3889
vn 0.5868 0.7988 -0.1326
vn 0.5066 0.8196 -0.2676
vn 0.4110 0.8196 -0.3991
vn 0.3074 0.7988 -0.5171
vn 0.7042 0.6981 -0.1293
vn 0.6365 0.7247 -0.2641
vn 0.5493 0.7342 -0.3991
vn 0.4479 0.7247 -0.5237
vn 0.3406 0.6981 -0.6298
vn 0.7986 0.5891 -0.1233
vn 0.7448 0.6168 -0.2544
vn 0.6701 0.6322 -0.3889
vn 0.5770 0.6322 -0.5171
vn 0.4721 0.6168 -0.6298
vn 0.3641 0.5891 -0.7214
vn -0.0648 0.9777 -0.1996
vn -0.0273 0.9421 -0.3343
vn -0.1744 0.9421 -0.2865
vn 0.0136 0.8821 -0.4709
vn -0.1389 0.8934 -0.4274
vn -0.2878 0.8821 -0.3730
vn 0.0552 0.7988 -0.5991
vn -0.0980 0.8196 -0.5645
vn -0.2525 0.8196 -0.5142
vn -0.3968 0.7988 -0.4522
vn 0.0946 0.6981 -0.7097
vn -0.0545 0.7247 -0.6869
vn -0.2098 0.7342 -0.6457
vn -0.3597 0.7247 -0.5878
vn -0.4937 0.6981 -0.5185
vn 0.1295 0.5891 -0.7976
vn -0.0118 0.6168 -0.7870
vn -0.1628 0.6322 -0.7575
vn -0.3135 0.6322 -0.7085
vn -0.4531 0.6168 -0.6436
vn -0.5736 0.5891 -0.5692
vn -0.2098 0.9777 -0.0000
vn -0.3264 0.9421 -0.0773
vn -0.3264 0.9421 0.0773
vn -0.4436 0.8821 -0.1584
vn -0.4494 0.8934 -0.0000
vn -0.4436 0.8821 0.1584
vn -0.5527 0.7988 -0.2376
vn -0.5671 0.8196 -0.0812
vn -0.5671 0.8196 0.0812
vn -0.5527 0.7988 0.2376
vn -0.6457 0.6981 -0.3093
vn -0.6702 0.7247 -0.1604
vn -0.6789 0.7342 -0.0000
vn -0.6702 0.7247 0.1604
vn -0.6457 0.6981 0.3093
vn -0.7186 0.5891 -0.3696
vn -0.7521 0.6168 -0.2320
vn -0.7707 0.6322 -0.0792
vn -0.7707 0.6322 0.0792
vn -0.7521 0.6168 0.2320
vn -0.7186 0.5891 0.3696
vn -0.0648 0.9777 0.1996
vn -0.1744 0.9421 0.2865
vn -0.0273 0.9421 0.3343
vn -0.2878 0.8821 0.3730
vn -0.1389 0.8934 0.4274
vn 0.0136 0.8821 0.4709
vn -0.3968 0.7988 0.4522
vn -0.2525 0.8196 0.5142
vn -0.0980 0.8196 0.5645
vn 0.0552 0.7988 0.5991
vn -0.4937 0.6981 0.5185
vn -0.3597 0.7247 0.5878
vn -0.2098 0.7342 0.6457
vn -0.0545 0.7247 0.6869
vn 0.0946 0.6981 0.7097
vn -0.5736 0.5891 0.5692
vn -0.4531 0.6168 0.6436
vn -0.3135 0.6322 0.7085
vn -0.1628 0.6322 0.7575
vn -0.0118 0.6168 0.7870
vn 0.1295 0.5891 0.7976
vn 0.1698 0.9777 0.1233
vn 0.2186 0.9421 0.2544
vn 0.3095 0.9421 0.1293
vn 0.2658 0.8821 0.3889
vn 0.3635 0.8934 0.2641
vn 0.4520 0.8821 0.1326
vn 0.3074 0.7988 0.5171
vn 0.4110 0.8196 0.3991
vn 0.5066 0.8196 0.2676
vn 0.5868 0.7988 0.1326
vn 0.3406 0.6981 0.6298
vn 0.4479 0.7247 0.5237
vn 0.5493 0.7342 0.3991
vn 0.6365 0.7247 0.2641
vn 0.7042 0.6981 0.1293
vn 0.3641 0.5891 0.7214
vn 0.4721 0.6168 0.6298
vn 0.5770 0.6322 0.5171
vn 0.6701 0.6322 0.3889
vn 0.7448 0.6168 0.2544
vn 0.7986 0.5891 0.1233
vn 0.9035 0.3793 -0.1996
vn 0.9206 0.2653 -0.2865
vn 0.8548 0.3969 -0.3343
vn 0.9177 0.1371 -0.3730
vn 0.8611 0.2753 -0.4274
vn 0.7829 0.4066 -0.4709
vn 0.8919 0.0023 -0.4522
vn 0.8460 0.1407 -0.5142
vn 0.7769 0.2789 -0.5645
vn 0.6898 0.4066 -0.5991
vn 0.8452 -0.1294 -0.5185
vn 0.8090 0.0024 -0.5878
vn 0.7505 0.1407 -0.6457
vn 0.6726 0.2753 -0.6869
vn 0.5821 0.3969 -0.7097
vn 0.7834 -0.2496 -0.5692
vn 0.7543 -0.1294 -0.6436
vn 0.7057 0.0023 -0.7085
vn 0.6383 0.1371 -0.7575
vn 0.5570 0.2653 -0.7870
vn 0.4690 0.3793 -0.7976
vn 0.0894 0.3793 -0.9210
vn 0.0120 0.2653 -0.9641
vn -0.0538 0.3969 -0.9163
vn -0.0711 0.1371 -0.9880
vn -0.1403 0.2753 -0.9511
vn -0.2059 0.4066 -0.8901
vn -0.1544 0.0023 -0.9880
vn -0.2276 0.1407 -0.9635
vn -0.2968 0.2789 -0.9133
vn -0.3566 0.4066 -0.8411
vn -0.2319 -0.1294 -0.9641
vn -0.3090 0.0024 -0.9511
vn -0.3822 0.1407 -0.9133
vn -0.4455 0.2753 -0.8519
vn -0.4951 0.3969 -0.7729
vn -0.2992 -0.2496 -0.9210
vn -0.3790 -0.1294 -0.9163
vn -0.4558 0.0023 -0.8901
vn -0.5232 0.1371 -0.8411
vn -0.5764 0.2653 -0.7729
vn -0.6136 0.3793 -0.6925
vn -0.8483 0.3793 -0.3696
vn -0.9132 0.2653 -0.3093
vn -0.8881 0.3969 -0.2320
vn -0.9616 0.1371 -0.2376
vn -0.9479 0.2753 -0.1604
vn -0.9102 0.4066 -0.0792
vn -0.9874 0.0023 -0.1584
vn -0.9867 0.1407 -0.0812
vn -0.9603 0.2789 -0.0000
vn -0.9102 0.4066 0.0792
vn -0.9886 -0.1294 -0.0773
vn -1.0000 0.0024 -0.0000
vn -0.9867 0.1407 0.0812
vn -0.9479 0.2753 0.1604
vn -0.8881 0.3969 0.2320
vn -0.9684 -0.2496 -0.0000
vn -0.9886 -0.1294 0.0773
vn -0.9874 0.0023 0.1584
vn -0.9616 0.1371 0.2376
vn -0.9132 0.2653 0.3093
vn -0.8483 0.3793 0.3696
vn -0.6136 0.3793 0.6925
vn -0.5764 0.2653 0.7729
vn -0.4951 0.3969 0.7729
vn -0.5232 0.1371 0.8411
vn -0.4455 0.2753 0.8519
vn -0.3566 0.4066 0.8411
vn -0.4558 0.0023 0.8901
vn -0.3822 0.1407 0.9133
vn -0.2968 0.2789 0.9133
vn -0.2059 0.4066 0.8901
vn -0.3790 -0.1294 0.9163
vn -0.3090 0.0024 0.9511
vn -0.2276 0.1407 0.9635
vn -0.1403 0.2753 0.9511
vn -0.0538 0.3969 0.9163
vn -0.2992 -0.2496 0.9210
vn -0.2319 -0.1294 0.9641
vn -0.1544 0.0023 0.9880
vn -0.0711 0.1371 0.9880
vn 0.0120 0.2653 0.9641
vn 0.0894 0.3793 0.9210
vn 0.4690 0.3793 0.7976
vn 0.5570 0.2653 0.7870
vn 0.5821 0.3969 0.7097
vn 0.6383 0.1371 0.7575
vn 0.6726 0.2753 0.6869
vn 0.6898 0.4066 0.5991
vn 0.7057 0.0023 0.7085
vn 0.7505 0.1407 0.6457
vn 0.7769 0.2789 0.5645
vn 0.7829 0.4066 0.4709
vn 0.7543 -0.1294 0.6436
vn 0.8090 0.0024 0.5878
vn 0.8460 0.1407 0.5142
vn 0.8611 0.2753 0.4274
vn 0.8548 0.3969 0.3343
vn 0.7834 -0.2496 0.5692
vn 0.8452 -0.1294 0.5185
vn 0.8919 0.0023 0.4522
vn 0.9177 0.1371 0.3730
vn 0.9206 0.2653 0.2865
vn 0.9035 0.3793 0.1996
vn 0.2992 0.2496 -0.9210
vn 0.3790 0.1294 -0.9163
vn 0.2319 0.1294 -0.9641
vn 0.4558 -0.0023 -0.8901
vn 0.3090 -0.0024 -0.9511
vn 0.1544 -0.0023 -0.9880
vn 0.5232 -0.1371 -0.8411
vn 0.3822 -0.1407 -0.9133
vn 0.2276 -0.1407 -0.9635
vn 0.0711 -0.1371 -0.9880
vn 0.5764 -0.2653 -0.7729
vn 0.4455 -0.2753 -0.8519
vn 0.2968 -0.2789 -0.9133
vn 0.1403 -0.2753 -0.9511
vn -0.0120 -0.2653 -0.9641
vn 0.6136 -0.3793 -0.6925
vn 0.4951 -0.3969 -0.7729
vn 0.3566 -0.4066 -0.8411
vn 0.2059 -0.4066 -0.8901
vn 0.0538 -0.3969 -0.9163
vn -0.0894 -0.3793 -0.9210
vn -0.7834 0.2496 -0.5692
vn -0.7543 0.1294 -0.6436
vn -0.8452 0.1294 -0.5185
vn -0.7057 -0.0023 -0.7085
vn -0.8090 -0.0024 -0.5878
vn -0.8919 -0.0023 -0.4522
vn -0.6383 -0.1371 -0.7575
vn -0.7505 -0.1407 -0.6457
vn -0.8460 -0.1407 -0.5142
vn -0.9177 -0.1371 -0.3730
vn -0.5570 -0.2653 -0.7870
vn -0.6726 -0.2753 -0.6869
vn -0.7769 -0.2789 -0.5645
vn -0.8611 -0.2753 -0.4274
vn -0.9206 -0.2653 -0.2865
vn -0.4690 -0.3793 -0.7976
vn -0.5821 -0.3969 -0.7097
vn -0.6898 -0.4066 -0.5991
vn -0.7829 -0.4066 -0.4709
vn -0.8548 -0.3969 -0.3343
vn -0.9035 -0.3793 -0.1996
vn -0.7834 0.2496 0.5692
vn -0.8452 0.1294 0.5185
vn -0.7543 0.1294 0.6436
vn -0.8919 -0.0023 0.4522
vn -0.8090 -0.0024 0.5878
vn -0.7057 -0.0023 0.7085
vn -0.9177 -0.1371 0.3730
vn -0.8460 -0.1407 0.5142
vn -0.7505 -0.1407 0.6457
vn -0.6383 -0.1371 0.7575
vn -0.9206 -0.2653 0.2865
vn -0.8611 -0.2753 0.4274
vn -0.7769 -0.2789 0.5645
vn -0.6726 -0.2753 0.6869
vn -0.5570 -0.2653 0.7870
vn -0.9035 -0.3793 0.1996
vn -0.8548 -0.3969 0.3343
vn -0.7829 -0.4066 0.4709
vn -0.6898 -0.4066 0.5991
vn -0.5821 -0.3969 0.7097
vn -0.4690 -0.3793 0.7976
vn 0.2992 0.2496 0.9210
vn 0.2319 0.1294 0.9641
vn 0.3790 0.1294 0.9163
vn 0.1544 -0.0023 0.9880
vn 0.3090 -0.0024 0.9511
vn 0.4558 -0.0023 0.8901
vn 0.0711 -0.1371 0.9880
vn 0.2276 -0.1407 0.9635
vn 0.3822 -0.1407 0.9133
vn 0.5232 -0.1371 0.8411
vn -0.0120 -0.2653 0.9641
vn 0.1403 -0.2753 0.9511
vn 0.2968 -0.2789 0.9133
vn 0.4455 -0.2753 0.8519
vn 0.5764 -0.2653 0.7729
vn -0.0894 -0.3793 0.9210
vn 0.0538 -0.3969 0.9163
vn 0.2059 -0.4066 0.8901
vn 0.3566 -0.4066 0.8411
vn 0.4951 -0.3969 0.7729
vn 0.6136 -0.3793 0.6925
vn 0.9684 0.2496 -0.0000
vn 0.9886 0.1294 0.0773
vn 0.9886 0.1294 -0.0773
vn 0.9874 -0.0023 0.1584
vn 1.0000 -0.0024 -0.0000
vn 0.9874 -0.0023 -0.1584
vn 0.9616 -0.1371 0.2376
vn 0.9867 -0.1407 0.0812
vn 0.9867 -0.1407 -0.0812
vn 0.9616 -0.1371 -0.2376
vn 0.9132 -0.2653 0.3093
vn 0.9479 -0.2753 0.1604
vn 0.9603 -0.2789 -0.0000
vn 0.9479 -0.2753 -0.1604
vn 0.9132 -0.2653 -0.3093
vn 0.8483 -0.3793 0.3696
vn 0.8881 -0.3969 0.2320
vn 0.9102 -0.4066 0.0792
vn 0.9102 -0.4066 -0.0792
vn 0.8881 -0.3969 -0.2320
vn 0.8483 -0.3793 -0.3696
vn 0.5736 -0.5891 -0.5692
vn 0.4937 -0.6981 -0.5185
vn 0.4531 -0.6168 -0.6436
vn 0.3968 -0.7988 -0.4522
vn 0.3597 -0.7247 -0.5878
vn 0.3135 -0.6322 -0.7085
vn 0.2878 -0.8821 -0.3730
vn 0.2525 -0.8196 -0.5142
vn 0.2098 -0.7342 -0.6457
vn 0.1628 -0.6322 -0.7575
vn 0.1744 -0.9421 -0.2865
vn 0.1389 -0.8934 -0.4274
vn 0.0980 -0.8196 -0.5645
vn 0.0545 -0.7247 -0.6869
vn 0.0118 -0.6168 -0.7870
vn 0.0648 -0.9777 -0.1996
vn 0.0273 -0.9421 -0.3343
vn -0.0136 -0.8821 -0.4709
vn -0.0552 -0.7988 -0.5991
vn -0.0946 -0.6981 -0.7097
vn -0.1295 -0.5891 -0.7976
vn -0.3641 -0.5891 -0.7214
vn -0.3406 -0.6981 -0.6298
vn -0.4721 -0.6168 -0.6298
vn -0.3074 -0.7988 -0.5171
vn -0.4479 -0.7247 -0.5237
vn -0.5770 -0.6322 -0.5171
vn -0.2658 -0.8821 -0.3889
vn -0.4110 -0.8196 -0.3991
vn -0.5493 -0.7342 -0.3991
vn -0.6701 -0.6322 -0.3889
vn -0.2186 -0.9421 -0.2544
vn -0.3635 -0.8934 -0.2641
vn -0.5066 -0.8196 -0.2676
vn -0.6365 -0.7247 -0.2641
vn -0.7448 -0.6168 -0.2544
vn -0.1698 -0.9777 -0.1233
vn -0.3095 -0.9421 -0.1293
vn -0.4520 -0.8821 -0.1326
vn -0.5868 -0.7988 -0.1326
vn -0.7042 -0.6981 -0.1293
vn -0.7986 -0.5891 -0.1233
vn -0.7986 -0.5891 0.1233
vn -0.7042 -0.6981 0.1293
vn -0.7448 -0.6168 0.2544
vn -0.5868 -0.7988 0.1326
vn -0.6365 -0.7247 0.2641
vn -0.6701 -0.6322 0.3889
vn -0.4520 -0.8821 0.1326
vn -0.5066 -0.8196 0.2676
vn -0.5493 -0.7342 0.3991
vn -0.5770 -0.6322 0.5171
vn -0.3095 -0.9421 0.1293
vn -0.3635 -0.8934 0.2641
vn -0.4110 -0.8196 0.3991
vn -0.4479 -0.7247 0.5237
vn -0.4721 -0.6168 0.6298
vn -0.1698 -0.9777 0.1233
vn -0.2186 -0.9421 0.2544
vn -0.2658 -0.8821 0.3889
vn -0.3074 -0.7988 0.5171
vn -0.3406 -0.6981 0.6298
vn -0.3641 -0.5891 0.7214
vn 0.7186 -0.5891 -0.3696
vn 0.7521 -0.6168 -0.2320
vn 0.6457 -0.6981 -0.3093
vn 0.7707 -0.6322 -0.0792
vn 0.6702 -0.7247 -0.1604
vn 0.5527 -0.7988 -0.2376
vn 0.7707 -0.6322 0.0792
vn 0.6789 -0.7342 -0.0000
vn 0.5671 -0.8196 -0.0812
vn 0.4436 -0.8821 -0.1584
vn 0.7521 -0.6168 0.2320
vn 0.6702 -0.7247 0.1604
vn 0.5671 -0.8196 0.0812
vn 0.4494 -0.8934 -0.0000
vn 0.3264 -0.9421 -0.0773
vn 0.7186 -0.5891 0.3696
vn 0.6457 -0.6981 0.3093
vn 0.5527 -0.7988 0.2376
vn 0.4436 -0.8821 0.1584
vn 0.3264 -0.9421 0.0773
vn 0.2098 -0.9777 -0.0000
vn -0.1295 -0.5891 0.7976
vn -0.0946 -0.6981 0.7097
vn 0.0118 -0.6168 0.7870
vn -0.0552 -0.7988 0.5991
vn 0.0545 -0.7247 0.6869
vn 0.1628 -0.6322 0.7575
vn -0.0136 -0.8821 0.4709
vn 0.0980 -0.8196 0.5645
vn 0.2098 -0.7342 0.6457
vn 0.3135 -0.6322 0.7085
vn 0.0273 -0.9421 0.3343
vn 0.1389 -0.8934 0.4274
vn 0.2525 -0.8196 0.5142
vn 0.3597 -0.7247 0.5878
vn 0.4531 -0.6168 0.6436
vn 0.0648 -0.9777 0.1996
vn 0.1744 -0.9421 0.2865
vn 0.2878 -0.8821 0.3730
vn 0.3968 -0.7988 0.4522
vn 0.4937 -0.6981 0.5185
vn 0.5736 -0.5891 0.5692
s 1
f 643//643 662//662 661//661
f 644//644 668//668 682//682
f 643//643 661//661 696//696
f 643//643 696//696 710//710
f 643//643 710//710 683//683
f 644//644 682//682 731//731
f 645//645 675//675 745//745
f 646//646 703//703 759//759
f 647//647 717//717 773//773
f 648//648 724//724 787//787
f 644//644 731//731 746//746
f 645//645 745//745 760//760
f 646//646 759//759 774//774
f 647//647 773//773 788//788
f 648//648 787//787 732//732
f 649//649 801//801 836//836
f 650//650 808//808 850//850
f 651//651 815//815 857//857
f 652//652 822//822 864//864
f 653//653 829//829 837//837
f 843//843 858//858 654//654
f 842//842 865//865 843//843
f 841//841 866//866 842//842
f 840//840 868//868 841//841
f 839//839 871//871 840//840
f 838//838 875//875 839//839
f 837//837 880//880 838//838
f 843//843 865//865 858//858
f 865//865 859//859 858//858
f 842//842 866//866 865//865
f 866//866 867//867 865//865
f 865//865 867//867 859//859
f 867//867 860//860 859//859
f 841//841 868//868 866//866
f 868//868 869//869 866//866
f 866//866 869//869 867//867
f 869//869 870//870 867//867
f 867//867 870//870 860//860
f 870//870 861//861 860//860
f 840//840 871//871 868//868
f 871//871 872//872 868//868
f 868//868 872//872 869//869
f 872//872 873//873 869//869
f 869//869 873//873 870//870
f 873//873 874//874 870//870
f 870//870 874//874 861//861
f 874//874 862//862 861//861
f 839//839 875//875 871//871
f 875//875 876//876 871//871
f 871//871 876//876 872//872
f 876//876 877//877 872//872
f 872//872 877//877 873//873
f 877//877 878//878 873//873
f 873//873 878//878 874//874
f 878//878 879//879 874//874
f 874//874 879//879 862//862
f 879//879 863//863 862//862
f 838//838 880//880 875//875
f 880//880 881//881 875//875
f 875//875 881//881 876//876
f 881//881 882//882 876//876
f 876//876 882//882 877//877
f 882//882 883//883 877//877
f 877//877 883//883 878//878
f 883//883 884//884 878//878
f 878//878 884//884 879//879
f 884//884 885//885 879//879
f 879//879 885//885 863//863
f 885//885 864//864 863//863
f 837//837 829//829 880//880
f 829//829 828//828 880//880
f 880//880 828//828 881//881
f 828//828 827//827 881//881
f 881//881 827//827 882//882
f 827//827 826//826 882//882
f 882//882 826//826 883//883
f 826//826 825//825 883//883
f 883//883 825//825 884//884
f 825//825 824//824 884//884
f 884//884 824//824 885//885
f 824//824 823//823 885//885
f 885//885 823//823 864//864
f 823//823 652//652 864//864
f 858//858 851//851 654//654
f 859//859 886//886 858//858
f 860//860 887//887 859//859
f 861//861 889//889 860//860
f 862//862 892//892 861//861
f 863//863 896//896 862//862
f 864//864 901//901 863//863
f 858//858 886//886 851//851
f 886//886 852//852 851//851
f 859//859 887//887 886//886
f 887//887 888//888 886//886
f 886//886 888//888 852//852
f 888//888 853//853 852//852
f 860//860 889//889 887//887
f 889//889 890//890 887//887
f 887//887 890//890 888//888
f 890//890 891//891 888//888
f 888//888 891//891 853//853
f 891//891 854//854 853//853
f 861//861 892//892 889//889
f 892//892 893//893 889//889
f 889//889 893//893 890//890
f 893//893 894//894 890//890
f 890//890 894//894 891//891
f 894//894 895//895 891//891
f 891//891 895//895 854//854
f 895//895 855//855 854//854
f 862//862 896//896 892//892
f 896//896 897//897 892//892
f 892//892 897//897 893//893
f 897//897 898//898 893//893
f 893//893 898//898 894//894
f 898//898 899//899 894//894
f 894//894 899//899 895//895
f 899//899 900//900 895//895
f 895//895 900//900 855//855
f 900//900 856//856 855//855
f 863//863 901//901 896//896
f 901//901 902//902 896//896
f 896//896 902//902 897//897
f 902//902 903//903 897//897
f 897//897 903//903 898//898
f 903//903 904//904 898//898
f 898//898 904//904 899//899
f 904//904 905//905 899//899
f 899//899 905//905 900//900
f 905//905 906//906 900//900
f 900//900 906//906 856//856
f 906//906 857//857 856//856
f 864//864 822//822 901//901
f 822//822 821//821 901//901
f 901//901 821//821 902//902
f 821//821 820//820 902//902
f 902//902 820//820 903//903
f 820//820 819//819 903//903
f 903//903 819//819 904//904
f 819//819 818//818 904//904
f 904//904 818//818 905//905
f 818//818 817//817 905//905
f 905//905 817//817 906//906
f 817//817 816//816 906//906
f 906//906 816//816 857//857
f 816//816 651//651 857//857
f 851//851 844//844 654//654
f 852//852 907//907 851//851
f 853//853 908//908 852//852
f 854//854 910//910 853//853
f 855//855 913//913 854//854
f 856//856 917//917 855//855
f 857//857 922//922 856//856
f 851//851 907//907 844//844
f 907//907 845//845 844//844
f 852//852 908//908 907//907
f 908//908 909//909 907//907
f 907//907 909//909 845//845
f 909//909 846//846 845//845
f 853//853 910//910 908//908
f 910//910 911//911 908//908
f 908//908 911//911 909//909
f 911//911 912//912 909//909
f 909//909 912//912 846//846
f 912//912 847//847 846//846
f 854//854 913//913 910//910
f 913//913 914//914 910//910
f 910//910 914//914 911//911
f 914//914 915//915 911//911
f 911//911 915//915 912//912
f 915//915 916//916 912//912
f 912//912 916//916 847//847
f 916//916 848//848 847//847
f 855//855 917//917 913//913
f 917//917 918//918 913//913
f 913//913 918//918 914//914
f 918//918 919//919 914//914
f 914//914 919//919 915//915
f 919//919 920//920 915//915
f 915//915 920//920 916//916
f 920//920 921//921 916//916
f 916//916 921//921 848//848
f 921//921 849//849 848//848
f 856//856 922//922 917//917
f 922//922 923//923 917//917
f 917//917 923//923 918//918
f 923//923 924//924 918//918
f 918//918 924//924 919//919
f 924//924 925//925 919//919
f 919//919 925//925 920//920
f 925//925 926//926 920//920
f 920//920 926//926 921//921
f 926//926 927//927 921//921
f 921//921 927//927 849//849
f 927//927 850//850 849//849
f 857//857 815//815 922//922
f 815//815 814//814 922//922
f 922//922 814//814 923//923
f 814//814 813//813 923//923
f 923//923 813//813 924//924
f 813//813 812//812 924//924
f 924//924 812//812 925//925
f 812//812 811//811 925//925
f 925//925 811//811 926//926
f 811//811 810//810 926//926
f 926//926 810//810 927//927
f 810//810 809//809 927//927
f 927//927 809//809 850//850
f 809//809 650//650 850//850
f 844//844 830//830 654//654
f 845//845 928//928 844//844
f 846//846 929//929 845//845
f 847//847 931//931 846//846
f 848//848 934//934 847//847
f 849//849 938//938 848//848
f 850//850 943//943 849//849
f 844//844 928//928 830//830
f 928//928 831//831 830//830
f 845//845 929//929 928//928
f 929//929 930//930 928//928
f 928//928 930//930 831//831
f 930//930 832//832 831//831
f 846//846 931//931 929//929
f 931//931 932//932 929//929
f 929//929 932//932 930//930
f 932//932 933//933 930//930
f 930//930 933//933 832//832
f 933//933 833//833 832//832
f 847//847 934//934 931//931
f 934//934 935//935 931//931
f 931//931 935//935 932//932
f 935//935 936//936 932//932
f 932//932 936//936 933//933
f 936//936 937//937 933//933
f 933//933 937//937 833//833
f 937//937 834//834 833//833
f 848//848 938//938 934//934
f 938//938 939//939 934//934
f 934//934 939//939 935//935
f 939//939 940//940 935//935
f 935//935 940//940 936//936
f 940//940 941//941 936//936
f 936//936 941//941 937//937
f 941//941 942//942 937//937
f 937//937 942//942 834//834
f 942//942 835//835 834//834
f 849//849 943//943 938//938
f 943//943 944//944 938//938
f 938//938 944//944 939//939
f 944//944 945//945 939//939
f 939//939 945//945 940//940
f 945//945 946//946 940//940
f 940//940 946//946 941//941
f 946//946 947//947 941//941
f 941//941 947//947 942//942
f 947//947 948//948 942//942
f 942//942 948//948 835//835
f 948//948 836//836 835//835
f 850//850 808//808 943//943
f 808//808 807//807 943//943
f 943//943 807//807 944//944
f 807//807 806//806 944//944
f 944//944 806//806 945//945
f 806//806 805//805 945//945
f 945//945 805//805 946//946
f 805//805 804//804 946//946
f 946//946 804//804 947//947
f 804//804 803//803 947//947
f 947//947 803//803 948//948
f 803//803 802//802 948//948
f 948//948 802//802 836//836
f 802//802 649//649 836//836
f 830//830 843//843 654//654
f 831//831 949//949 830//830
f 832//832 950//950 831//831
f 833//833 952//952 832//832
f 834//834 955//955 833//833
f 835//835 959//959 834//834
f 836//836 964//964 835//835
f 830//830 949//949 843//843
f 949//949 842//842 843//843
f 831//831 950//950 949//949
f 950//950 951//951 949//949
f 949//949 951//951 842//842
f 951//951 841//841 842//842
f 832//832 952//952 950//950
f 952//952 953//953 950//950
f 950//950 953//953 951//951
f 953//953 954//954 951//951
f 951//951 954//954 841//841
f 954//954 840//840 841//841
f 833//833 955//955 952//952
f 955//955 956//956 952//952
f 952//952 956//956 953//953
f 956//956 957//957 953//953
f 953//953 957//957 954//954
f 957//957 958//958 954//954
f 954//954 958//958 840//840
f 958//958 839//839 840//840
f 834//834 959//959 955//955
f 959//959 960//960 955//955
f 955//955 960//960 956//956
f 960//960 961//961 956//956
f 956//956 961//961 957//957
f 961//961 962//962 957//957
f 957//957 962//962 958//958
f 962//962 963//963 958//958
f 958//958 963//963 839//839
f 963//963 838//838 839//839
f 835//835 964//964 959//959
f 964//964 965//965 959//959
f 959//959 965//965 960//960
f 965//965 966//966 960//960
f 960//960 966//966 961//961
f 966//966 967//967 961//961
f 961//961 967//967 962//962
f 967//967 968//968 962//962
f 962//962 968//968 963//963
f 968//968 969//969 963//963
f 963//963 969//969 838//838
f 969//969 837//837 838//838
f 836//836 801//801 964//964
f 801//801 800//800 964//964
f 964//964 800//800 965//965
f 800//800 799//799 965//965
f 965//965 799//799 966//966
f 799//799 798//798 966//966
f 966//966 798//798 967//967
f 798//798 797//797 967//967
f 967//967 797//797 968//968
f 797//797 796//796 968//968
f 968//968 796//796 969//969
f 796//796 795//795 969//969
f 969//969 795//795 837//837
f 795//795 653//653 837//837
f 738//738 829//829 653//653
f 737//737 970//970 738//738
f 736//736 971//971 737//737
f 735//735 973//973 736//736
f 734//734 976//976 735//735
f 733//733 980//980 734//734
f 732//732 985//985 733//733
f 738//738 970//970 829//829
f 970//970 828//828 829//829
f 737//737 971//971 970//970
f 971//971 972//972 970//970
f 970//970 972//972 828//828
f 972//972 827//827 828//828
f 736//736 973//973 971//971
f 973//973 974//974 971//971
f 971//971 974//974 972//972
f 974//974 975//975 972//972
f 972//972 975//975 827//827
f 975//975 826//826 827//827
f 735//735 976//976 973//973
f 976//976 977//977 973//973
f 973//973 977//977 974//974
f 977//977 978//978 974//974
f 974//974 978//978 975//975
f 978//978 979//979 975//975
f 975//975 979//979 826//826
f 979//979 825//825 826//826
f 734//734 980//980 976//976
f 980//980 981//981 976//976
f 976//976 981//981 977//977
f 981//981 982//982 977//977
f 977//977 982//982 978//978
f 982//982 983//983 978//978
f 978//978 983//983 979//979
f 983//983 984//984 979//979
f 979//979 984//984 825//825
f 984//984 824//824 825//825
f 733//733 985//985 980//980
f 985//985 986//986 980//980
f 980//980 986//986 981//981
f 986//986 987//987 981//981
f 981//981 987//987 982//982
f 987//987 988//988 982//982
f 982//982 988//988 983//983
f 988//988 989//989 983//983
f 983//983 989//989 984//984
f 989//989 990//990 984//984
f 984//984 990//990 824//824
f 990//990 823//823 824//824
f 732//732 787//787 985//985
f 787//787 786//786 985//985
f 985//985 786//786 986//986
f 786//786 785//785 986//986
f 986//986 785//785 987//987
f 785//785 784//784 987//987
f 987//987 784//784 988//988
f 784//784 783//783 988//988
f 988//988 783//783 989//989
f 783//783 782//782 989//989
f 989//989 782//782 990//990
f 782//782 781//781 990//990
f 990//990 781//781 823//823
f 781//781 652//652 823//823
f 794//794 822//822 652//652
f 793//793 991//991 794//794
f 792//792 992//992 793//793
f 791//791 994//994 792//792
f 790//790 997//997 791//791
f 789//789 1001//1001 790//790
f 788//788 1006//1006 789//789
f 794//794 991//991 822//822
f 991//991 821//821 822//822
f 793//793 992//992 991//991
f 992//992 993//993 991//991
f 991//991 993//993 821//821
f 993//993 820//820 821//821
f 792//792 994//994 992//992
f 994//994 995//995 992//992
f 992//992 995//995 993//993
f 995//995 996//996 993//993
f 993//993 996//996 820//820
f 996//996 819//819 820//820
f 791//791 997//997 994//994
f 997//997 998//998 994//994
f 994//994 998//998 995//995
f 998//998 999//999 995//995
f 995//995 999//999 996//996
f 999//999 1000//1000 996//996
f 996//996 1000//1000 819//819
f 1000//1000 818//818 819//819
f 790//790 1001//1001 997//997
f 1001//1001 1002//1002 997//997
f 997//997 1002//1002 998//998
f 1002//1002 1003//1003 998//998
f 998//998 1003//1003 999//999
f 1003//1003 1004//1004 999//999
f 999//999 1004//1004 1000//1000
f 1004//1004 1005//1005 1000//1000
f 1000//1000 1005//1005 818//818
f 1005//1005 817//817 818//818
f 789//789 1006//1006 1001//1001
f 1006//1006 1007//1007 1001//1001
f 1001//1001 1007//1007 1002//1002
f 1007//1007 1008//1008 1002//1002
f 1002//1002 1008//1008 1003//1003
f 1008//1008 1009//1009 1003//1003
f 1003//1003 1009//1009 1004//1004
f 1009//1009 1010//1010 1004//1004
f 1004//1004 1010//1010 1005//1005
f 1010//1010 1011//1011 1005//1005
f 1005//1005 1011//1011 817//817
f 1011//1011 816//816 817//817
f 788//788 773//773 1006//1006
f 773//773 772//772 1006//1006
f 1006//1006 772//772 1007//1007
f 772//772 771//771 1007//1007
f 1007//1007 771//771 1008//1008
f 771//771 770//770 1008//1008
f 1008//1008 770//770 1009//1009
f 770//770 769//769 1009//1009
f 1009//1009 769//769 1010//1010
f 769//769 768//768 1010//1010
f 1010//1010 768//768 1011//1011
f 768//768 767//767 1011//1011
f 1011//1011 767//767 816//816
f 767//767 651//651 816//816
f 780//780 815//815 651//651
f 779//779 1012//1012 780//780
f 778//778 1013//1013 779//779
f 777//777 1015//1015 778//778
f 776//776 1018//1018 777//777
f 775//775 1022//1022 776//776
f 774//774 1027//1027 775//775
f 780//780 1012//1012 815//815
f 1012//1012 814//814 815//815
f 779//779 1013//1013 1012//1012
f 1013//1013 1014//1014 1012//1012
f 1012//1012 1014//1014 814//814
f 1014//1014 813//813 814//814
f 778//778 1015//1015 1013//1013
f 1015//1015 1016//1016 1013//1013
f 1013//1013 1016//1016 1014//1014
f 1016//1016 1017//1017 1014//1014
f 1014//1014 1017//1017 813//813
f 1017//1017 812//812 813//813
f 777//777 1018//1018 1015//1015
f 1018//1018 1019//1019 1015//1015
f 1015//1015 1019//1019 1016//1016
f 1019//1019 1020//1020 1016//1016
f 1016//1016 1020//1020 1017//1017
f 1020//1020 1021//1021 1017//1017
f 1017//1017 1021//1021 812//812
f 1021//1021 811//811 812//812
f 776//776 1022//1022 1018//1018
f 1022//1022 1023//1023 1018//1018
f 1018//1018 1023//1023 1019//1019
f 1023//1023 1024//1024 1019//1019
f 1019//1019 1024//1024 1020//1020
f 1024//1024 1025//1025 1020//1020
f 1020//1020 1025//1025 1021//1021
f 1025//1025 1026//1026 1021//1021
f 1021//1021 1026//1026 811//811
f 1026//1026 810//810 811//811
f 775//775 1027//1027 1022//1022
f 1027//1027 1028//1028 1022//1022
f 1022//1022 1028//1028 1023//1023
f 1028//1028 1029//1029 1023//1023
f 1023//1023 1029//1029 1024//1024
f 1029//1029 1030//1030 1024//1024
f 1024//1024 1030//1030 1025//1025
f 1030//1030 1031//1031 1025//1025
f 1025//1025 1031//1031 1026//1026
f 1031//1031 1032//1032 1026//1026
f 1026//1026 1032//1032 810//810
f 1032//1032 809//809 810//810
f 774//774 759//759 1027//1027
f 759//759 758//758 1027//1027
f 1027//1027 758//758 1028//1028
f 758//758 757//757 1028//1028
f 1028//1028 757//757 1029//1029
f 757//757 756//756 1029//1029
f 1029//1029 756//756 1030//1030
f 756//756 755//755 1030//1030
f 1030//1030 755//755 1031//1031
f 755//755 754//754 1031//1031
f 1031//1031 754//754 1032//1032
f 754//754 753//753 1032//1032
f 1032//1032 753//753 809//809
f 753//753 650//650 809//809
f 766//766 808//808 650//650
f 765//765 1033//1033 766//766
f 764//764 1034//1034 765//765
f 763//763 1036//1036 764//764
f 762//762 1039//1039 763//763
f 761//761 1043//1043 762//762
f 760//760 1048//1048 761//761
f 766//766 1033//1033 808//808
f 1033//1033 807//807 808//808
f 765//765 1034//1034 1033//1033
f 1034//1034 1035//1035 1033//1033
f 1033//1033 1035//1035 807//807
f 1035//1035 806//806 807//807
f 764//764 1036//1036 1034//1034
f 1036//1036 1037//1037 1034//1034
f 1034//1034 1037//1037 1035//1035
f 1037//1037 1038//1038 1035//1035
f 1035//1035 1038//1038 806//806
f 1038//1038 805//805 806//806
f 763//763 1039//1039 1036//1036
f 1039//1039 1040//1040 1036//1036
f 1036//1036 1040//1040 1037//1037
f 1040//1040 1041//1041 1037//1037
f 1037//1037 1041//1041 1038//1038
f 1041//1041 1042//1042 1038//1038
f 1038//1038 1042//1042 805//805
f 1042//1042 804//804 805//805
f 762//762 1043//1043 1039//1039
f 1043//1043 1044//1044 1039//1039
f 1039//1039 1044//1044 1040//1040
f 1044//1044 1045//1045 1040//1040
f 1040//1040 1045//1045 1041//1041
f 1045//1045 1046//1046 1041//1041
f 1041//1041 1046//1046 1042//1042
f 1046//1046 1047//1047 1042//1042
f 1042//1042 1047//1047 804//804
f 1047//1047 803//803 804//804
f 761//761 1048//1048 1043//1043
f 1048//1048 1049//1049 1043//1043
f 1043//1043 1049//1049 1044//1044
f 1049//1049 1050//1050 1044//1044
f 1044//1044 1050//1050 1045//1045
f 1050//1050 1051//1051 1045//1045
f 1045//1045 1051//1051 1046//1046
f 1051//1051 1052//1052 1046//1046
f 1046//1046 1052//1052 1047//1047
f 1052//1052 1053//1053 1047//1047
f 1047//1047 1053//1053 803//803
f 1053//1053 802//802 803//803
f 760//760 745//745 1048//1048
f 745//745 744//744 1048//1048
f 1048//1048 744//744 1049//1049
f 744//744 743//743 1049//1049
f 1049//1049 743//743 1050//1050
f 743//743 742//742 1050//1050
f 1050//1050 742//742 1051//1051
f 742//742 741//741 1051//1051
f 1051//1051 741//741 1052//1052
f 741//741 740//740 1052//1052
f 1052//1052 740//740 1053//1053
f 740//740 739//739 1053//1053
f 1053//1053 739//739 802//802
f 739//739 649//649 802//802
f 752//752 801//801 649//649
f 751//751 1054//1054 752//752
f 750//750 1055//1055 751//751
f 749//749 1057//1057 750//750
f 748//748 1060//1060 749//749
f 747//747 1064//1064 748//748
f 746//746 1069//1069 747//747
f 752//752 1054//1054 801//801
f 1054//1054 800//800 801//801
f 751//751 1055//1055 1054//1054
f 1055//1055 1056//1056 1054//1054
f 1054//1054 1056//1056 800//800
f 1056//1056 799//799 800//800
f 750//750 1057//1057 1055//1055
f 1057//1057 1058//1058 1055//1055
f 1055//1055 1058//1058 1056//1056
f 1058//1058 1059//1059 1056//1056
f 1056//1056 1059//1059 799//799
f 1059//1059 798//798 799//799
f 749//749 1060//1060 1057//1057
f 1060//1060 1061//1061 1057//1057
f 1057//1057 1061//1061 1058//1058
f 1061//1061 1062//1062 1058//1058
f 1058//1058 1062//1062 1059//1059
f 1062//1062 1063//1063 1059//1059
f 1059//1059 1063//1063 798//798
f 1063//1063 797//797 798//798
f 748//748 1064//1064 1060//1060
f 1064//1064 1065//1065 1060//1060
f 1060//1060 1065//1065 1061//1061
f 1065//1065 1066//1066 1061//1061
f 1061//1061 1066//1066 1062//1062
f 1066//1066 1067//1067 1062//1062
f 1062//1062 1067//1067 1063//1063
f 1067//1067 1068//1068 1063//1063
f 1063//1063 1068//1068 797//797
f 1068//1068 796//796 797//797
f 747//747 1069//1069 1064//1064
f 1069//1069 1070//1070 1064//1064
f 1064//1064 1070//1070 1065//1065
f 1070//1070 1071//1071 1065//1065
f 1065//1065 1071//1071 1066//1066
f 1071//1071 1072//1072 1066//1066
f 1066//1066 1072//1072 1067//1067
f 1072//1072 1073//1073 1067//1067
f 1067//1067 1073//1073 1068//1068
f 1073//1073 1074//1074 1068//1068
f 1068//1068 1074//1074 796//796
f 1074//1074 795//795 796//796
f 746//746 731//731 1069//1069
f 731//731 730//730 1069//1069
f 1069//1069 730//730 1070//1070
f 730//730 729//729 1070//1070
f 1070//1070 729//729 1071//1071
f 729//729 728//728 1071//1071
f 1071//1071 728//728 1072//1072
f 728//728 727//727 1072//1072
f 1072//1072 727//727 1073//1073
f 727//727 726//726 1073//1073
f 1073//1073 726//726 1074//1074
f 726//726 725//725 1074//1074
f 1074//1074 725//725 795//795
f 725//725 653//653 795//795
f 781//781 794//794 652//652
f 782//782 1075//1075 781//781
f 783//783 1076//1076 782//782
f 784//784 1078//1078 783//783
f 785//785 1081//1081 784//784
f 786//786 1085//1085 785//785
f 787//787 1090//1090 786//786
f 781//781 1075//1075 794//794
f 1075//1075 793//793 794//794
f 782//782 1076//1076 1075//1075
f 1076//1076 1077//1077 1075//1075
f 1075//1075 1077//1077 793//793
f 1077//1077 792//792 793//793
f 783//783 1078//1078 1076//1076
f 1078//1078 1079//1079 1076//1076
f 1076//1076 1079//1079 1077//1077
f 1079//1079 1080//1080 1077//1077
f 1077//1077 1080//1080 792//792
f 1080//1080 791//791 792//792
f 784//784 1081//1081 1078//1078
f 1081//1081 1082//1082 1078//1078
f 1078//1078 1082//1082 1079//1079
f 1082//1082 1083//1083 1079//1079
f 1079//1079 1083//1083 1080//1080
f 1083//1083 1084//1084 1080//1080
f 1080//1080 1084//1084 791//791
f 1084//1084 790//790 791//791
f 785//785 1085//1085 1081//1081
f 1085//1085 1086//1086 1081//1081
f 1081//1081 1086//1086 1082//1082
f 1086//1086 1087//1087 1082//1082
f 1082//1082 1087//1087 1083//1083
f 1087//1087 1088//1088 1083//1083
f 1083//1083 1088//1088 1084//1084
f 1088//1088 1089//1089 1084//1084
f 1084//1084 1089//1089 790//790
f 1089//1089 789//789 790//790
f 786//786 1090//1090 1085//1085
f 1090//1090 1091//1091 1085//1085
f 1085//1085 1091//1091 1086//1086
f 1091//1091 1092//1092 1086//1086
f 1086//1086 1092//1092 1087//1087
f 1092//1092 1093//1093 1087//1087
f 1087//1087 1093//1093 1088//1088
f 1093//1093 1094//1094 1088//1088
f 1088//1088 1094//1094 1089//1089
f 1094//1094 1095//1095 1089//1089
f 1089//1089 1095//1095 789//789
f 1095//1095 788//788 789//789
f 787//787 724//724 1090//1090
f 724//724 723//723 1090//1090
f 1090//1090 723//723 1091//1091
f 723//723 722//722 1091//1091
f 1091//1091 722//722 1092//1092
f 722//722 721//721 1092//1092
f 1092//1092 721//721 1093//1093
f 721//721 720//720 1093//1093
f 1093//1093 720//720 1094//1094
f 720//720 719//719 1094//1094
f 1094//1094 719//719 1095//1095
f 719//719 718//718 1095//1095
f 1095//1095 718//718 788//788
f 718//718 647//647 788//788
f 767//767 780//780 651//651
f 768//768 1096//1096 767//767
f 769//769 1097//1097 768//768
f 770//770 1099//1099 769//769
f 771//771 1102//1102 770//770
f 772//772 1106//1106 771//771
f 773//773 1111//1111 772//772
f 767//767 1096//1096 780//780
f 1096//1096 779//779 780//780
f 768//768 1097//1097 1096//1096
f 1097//1097 1098//1098 1096//1096
f 1096//1096 1098//1098 779//779
f 1098//1098 778//778 779//779
f 769//769 1099//1099 1097//1097
f 1099//1099 1100//1100 1097//1097
f 1097//1097 1100//1100 1098//1098
f 1100//1100 1101//1101 1098//1098
f 1098//1098 1101//1101 778//778
f 1101//1101 777//777 778//778
f 770//770 1102//1102 1099//1099
f 1102//1102 1103//1103 1099//1099
f 1099//1099 1103//1103 1100//1100
f 1103//1103 1104//1104 1100//1100
f 1100//1100 1104//1104 1101//1101
f 1104//1104 1105//1105 1101//1101
f 1101//1101 1105//1105 777//777
f 1105//1105 776//776 777//777
f 771//771 1106//1106 1102//1102
f 1106//1106 1107//1107 1102//1102
f 1102//1102 1107//1107 1103//1103
f 1107//1107 1108//1108 1103//1103
f 1103//1103 1108//1108 1104//1104
f 1108//1108 1109//1109 1104//1104
f 1104//1104 1109//1109 1105//1105
f 1109//1109 1110//1110 1105//1105
f 1105//1105 1110//1110 776//776
f 1110//1110 775//775 776//776
f 772//772 1111//1111 1106//1106
f 1111//1111 1112//1112 1106//1106
f 1106//1106 1112//1112 1107//1107
f 1112//1112 1113//1113 1107//1107
f 1107//1107 1113//1113 1108//1108
f 1113//1113 1114//1114 1108//1108
f 1108//1108 1114//1114 1109//1109
f 1114//1114 1115//1115 1109//1109
f 1109//1109 1115//1115 1110//1110
f 1115//1115 1116//1116 1110//1110
f 1110//1110 1116//1116 775//775
f 1116//1116 774//774 775//775
f 773//773 717//717 1111//1111
f 717//717 716//716 1111//1111
f 1111//1111 716//716 1112//1112
f 716//716 715//715 1112//1112
f 1112//1112 715//715 1113//1113
f 715//715 714//714 1113//1113
f 1113//1113 714//714 1114//1114
f 714//714 713//713 1114//1114
f 1114//1114 713//713 1115//1115
f 713//713 712//712 1115//1115
f 1115//1115 712//712 1116//1116
f 712//712 711//711 1116//1116
f 1116//1116 711//711 774//774
f 711//711 646//646 774//774
f 753//753 766//766 650//650
f 754//754 1117//1117 753//753
f 755//755 1118//1118 754//754
f 756//756 1120//1120 755//755
f 757//757 1123//1123 756//756
f 758//758 1127//1127 757//757
f 759//759 1132//1132 758//758
f 753//753 1117//1117 766//766
f 1117//1117 765//765 766//766
f 754//754 1118//1118 1117//1117
f 1118//1118 1119//1119 1117//1117
f 1117//1117 1119//1119 765//765
f 1119//1119 764//764 765//765
f 755//755 1120//1120 1118//1118
f 1120//1120 1121//1121 1118//1118
f 1118//1118 1121//1121 1119//1119
f 1121//1121 1122//1122 1119//1119
f 1119//1119 1122//1122 764//764
f 1122//1122 763//763 764//764
f 756//756 1123//1123 1120//1120
f 1123//1123 1124//1124 1120//1120
f 1120//1120 1124//1124 1121//1121
f 1124//1124 1125//1125 1121//1121
f 1121//1121 1125//1125 1122//1122
f 1125//1125 1126//1126 1122//1122
f 1122//1122 1126//1126 763//763
f 1126//1126 762//762 763//763
f 757//757 1127//1127 1123//1123
f 1127//1127 1128//1128 1123//1123
f 1123//1123 1128//1128 1124//1124
f 1128//1128 1129//1129 1124//1124
f 1124//1124 1129//1129 1125//1125
f 1129//1129 1130//1130 1125//1125
f 1125//1125 1130//1130 1126//1126
f 1130//1130 1131//1131 1126//1126
f 1126//1126 1131//1131 762//762
f 1131//1131 761//761 762//762
f 758//758 1132//1132 1127//1127
f 1132//1132 1133//1133 1127//1127
f 1127//1127 1133//1133 1128//1128
f 1133//1133 1134//1134 1128//1128
f 1128//1128 1134//1134 1129//1129
f 1134//1134 1135//1135 1129//1129
f 1129//1129 1135//1135 1130//1130
f 1135//1135 1136//1136 1130//1130
f 1130//1130 1136//1136 1131//1131
f 1136//1136 1137//1137 1131//1131
f 1131//1131 1137//1137 761//761
f 1137//1137 760//760 761//761
f 759//759 703//703 1132//1132
f 703//703 702//702 1132//1132
f 1132//1132 702//702 1133//1133
f 702//702 701//701 1133//1133
f 1133//1133 701//701 1134//1134
f 701//701 700//700 1134//1134
f 1134//1134 700//700 1135//1135
f 700//700 699//699 1135//1135
f 1135//1135 699//699 1136//1136
f 699//699 698//698 1136//1136
f 1136//1136 698//698 1137//1137
f 698//698 697//697 1137//1137
f 1137//1137 697//697 760//760
f 697//697 645//645 760//760
f 739//739 752//752 649//649
f 740//740 1138//1138 739//739
f 741//741 1139//1139 740//740
f 742//742 1141//1141 741//741
f 743//743 1144//1144 742//742
f 744//744 1148//1148 743//743
f 745//745 1153//1153 744//744
f 739//739 1138//1138 752//752
f 1138//1138 751//751 752//752
f 740//740 1139//1139 1138//1138
f 1139//1139 1140//1140 1138//1138
f 1138//1138 1140//1140 751//751
f 1140//1140 750//750 751//751
f 741//741 1141//1141 1139//1139
f 1141//1141 1142//1142 1139//1139
f 1139//1139 1142//1142 1140//1140
f 1142//1142 1143//1143 1140//1140
f 1140//1140 1143//1143 750//750
f 1143//1143 749//749 750//750
f 742//742 1144//1144 1141//1141
f 1144//1144 1145//1145 1141//1141
f 1141//1141 1145//1145 1142//1142
f 1145//1145 1146//1146 1142//1142
f 1142//1142 1146//1146 1143//1143
f 1146//1146 1147//1147 1143//1143
f 1143//1143 1147//1147 749//749
f 1147//1147 748//748 749//749
f 743//743 1148//1148 1144//1144
f 1148//1148 1149//1149 1144//1144
f 1144//1144 1149//1149 1145//1145
f 1149//1149 1150//1150 1145//1145
f 1145//1145 1150//1150 1146//1146
f 1150//1150 1151//1151 1146//1146
f 1146//1146 1151//1151 1147//1147
f 1151//1151 1152//1152 1147//1147
f 1147//1147 1152//1152 748//748
f 1152//1152 747//747 748//748
f 744//744 1153//1153 1148//1148
f 1153//1153 1154//1154 1148//1148
f 1148//1148 1154//1154 1149//1149
f 1154//1154 1155//1155 1149//1149
f 1149//1149 1155//1155 1150//1150
f 1155//1155 1156//1156 1150//1150
f 1150//1150 1156//1156 1151//1151
f 1156//1156 1157//1157 1151//1151
f 1151//1151 1157//1157 1152//1152
f 1157//1157 1158//1158 1152//1152
f 1152//1152 1158//1158 747//747
f 1158//1158 746//746 747//747
f 745//745 675//675 1153//1153
f 675//675 674//674 1153//1153
f 1153//1153 674//674 1154//1154
f 674//674 673//673 1154//1154
f 1154//1154 673//673 1155//1155
f 673//673 672//672 1155//1155
f 1155//1155 672//672 1156//1156
f 672//672 671//671 1156//1156
f 1156//1156 671//671 1157//1157
f 671//671 670//670 1157//1157
f 1157//1157 670//670 1158//1158
f 670//670 669//669 1158//1158
f 1158//1158 669//669 746//746
f 669//669 644//644 746//746
f 725//725 738//738 653//653
f 726//726 1159//1159 725//725
f 727//727 1160//1160 726//726
f 728//728 1162//1162 727//727
f 729//729 1165//1165 728//728
f 730//730 1169//1169 729//729
f 731//731 1174//1174 730//730
f 725//725 1159//1159 738//738
f 1159//1159 737//737 738//738
f 726//726 1160//1160 1159//1159
f 1160//1160 1161//1161 1159//1159
f 1159//1159 1161//1161 737//737
f 1161//1161 736//736 737//737
f 727//727 1162//1162 1160//1160
f 1162//1162 1163//1163 1160//1160
f 1160//1160 1163//1163 1161//1161
f 1163//1163 1164//1164 1161//1161
f 1161//1161 1164//1164 736//736
f 1164//1164 735//735 736//736
f 728//728 1165//1165 1162//1162
f 1165//1165 1166//1166 1162//1162
f 1162//1162 1166//1166 1163//1163
f 1166//1166 1167//1167 1163//1163
f 1163//1163 1167//1167 1164//1164
f 1167//1167 1168//1168 1164//1164
f 1164//1164 1168//1168 735//735
f 1168//1168 734//734 735//735
f 729//729 1169//1169 1165//1165
f 1169//1169 1170//1170 1165//1165
f 1165//1165 1170//1170 1166//1166
f 1170//1170 1171//1171 1166//1166
f 1166//1166 1171//1171 1167//1167
f 1171//1171 1172//1172 1167//1167
f 1167//1167 1172//1172 1168//1168
f 1172//1172 1173//1173 1168//1168
f 1168//1168 1173//1173 734//734
f 1173//1173 733//733 734//734
f 730//730 1174//1174 1169//1169
f 1174//1174 1175//1175 1169//1169
f 1169//1169 1175//1175 1170//1170
f 1175//1175 1176//1176 1170//1170
f 1170//1170 1176//1176 1171//1171
f 1176//1176 1177//1177 1171//1171
f 1171//1171 1177//1177 1172//1172
f 1177//1177 1178//1178 1172//1172
f 1172//1172 1178//1178 1173//1173
f 1178//1178 1179//1179 1173//1173
f 1173//1173 1179//1179 733//733
f 1179//1179 732//732 733//733
f 731//731 682//682 1174//1174
f 682//682 681//681 1174//1174
f 1174//1174 681//681 1175//1175
f 681//681 680//680 1175//1175
f 1175//1175 680//680 1176//1176
f 680//680 679//679 1176//1176
f 1176//1176 679//679 1177//1177
f 679//679 678//678 1177//1177
f 1177//1177 678//678 1178//1178
f 678//678 677//677 1178//1178
f 1178//1178 677//677 1179//1179
f 677//677 676//676 1179//1179
f 1179//1179 676//676 732//732
f 676//676 648//648 732//732
f 689//689 724//724 648//648
f 688//688 1180//1180 689//689
f 687//687 1181//1181 688//688
f 686//686 1183//1183 687//687
f 685//685 1186//1186 686//686
f 684//684 1190//1190 685//685
f 683//683 1195//1195 684//684
f 689//689 1180//1180 724//724
f 1180//1180 723//723 724//724
f 688//688 1181//1181 1180//1180
f 1181//1181 1182//1182 1180//1180
f 1180//1180 1182//1182 723//723
f 1182//1182 722//722 723//723
f 687//687 1183//1183 1181//1181
f 1183//1183 1184//1184 1181//1181
f 1181//1181 1184//1184 1182//1182
f 1184//1184 1185//1185 1182//1182
f 1182//1182 1185//1185 722//722
f 1185//1185 721//721 722//722
f 686//686 1186//1186 1183//1183
f 1186//1186 1187//1187 1183//1183
f 1183//1183 1187//1187 1184//1184
f 1187//1187 1188//1188 1184//1184
f 1184//1184 1188//1188 1185//1185
f 1188//1188 1189//1189 1185//1185
f 1185//1185 1189//1189 721//721
f 1189//1189 720//720 721//721
f 685//685 1190//1190 1186//1186
f 1190//1190 1191//1191 1186//1186
f 1186//1186 1191//1191 1187//1187
f 1191//1191 1192//1192 1187//1187
f 1187//1187 1192//1192 1188//1188
f 1192//1192 1193//1193 1188//1188
f 1188//1188 1193//1193 1189//1189
f 1193//1193 1194//1194 1189//1189
f 1189//1189 1194//1194 720//720
f 1194//1194 719//719 720//720
f 684//684 1195//1195 1190//1190
f 1195//1195 1196//1196 1190//1190
f 1190//1190 1196//1196 1191//1191
f 1196//1196 1197//1197 1191//1191
f 1191//1191 1197//1197 1192//1192
f 1197//1197 1198//1198 1192//1192
f 1192//1192 1198//1198 1193//1193
f 1198//1198 1199//1199 1193//1193
f 1193//1193 1199//1199 1194//1194
f 1199//1199 1200//1200 1194//1194
f 1194//1194 1200//1200 719//719
f 1200//1200 718//718 719//719
f 683//683 710//710 1195//1195
f 710//710 709//709 1195//1195
f 1195//1195 709//709 1196//1196
f 709//709 708//708 1196//1196
f 1196//1196 708//708 1197//1197
f 708//708 707//707 1197//1197
f 1197//1197 707//707 1198//1198
f 707//707 706//706 1198//1198
f 1198//1198 706//706 1199//1199
f 706//706 705//705 1199//1199
f 1199//1199 705//705 1200//1200
f 705//705 704//704 1200//1200
f 1200//1200 704//704 718//718
f 704//704 647//647 718//718
f 704//704 717//717 647//647
f 705//705 1201//1201 704//704
f 706//706 1202//1202 705//705
f 707//707 1204//1204 706//706
f 708//708 1207//1207 707//707
f 709//709 1211//1211 708//708
f 710//710 1216//1216 709//709
f 704//704 1201//1201 717//717
f 1201//1201 716//716 717//717
f 705//705 1202//1202 1201//1201
f 1202//1202 1203//1203 1201//1201
f 1201//1201 1203//1203 716//716
f 1203//1203 715//715 716//716
f 706//706 1204//1204 1202//1202
f 1204//1204 1205//1205 1202//1202
f 1202//1202 1205//1205 1203//1203
f 1205//1205 1206//1206 1203//1203
f 1203//1203 1206//1206 715//715
f 1206//1206 714//714 715//715
f 707//707 1207//1207 1204//1204
f 1207//1207 1208//1208 1204//1204
f 1204//1204 1208//1208 1205//1205
f 1208//1208 1209//1209 1205//1205
f 1205//1205 1209//1209 1206//1206
f 1209//1209 1210//1210 1206//1206
f 1206//1206 1210//1210 714//714
f 1210//1210 713//713 714//714
f 708//708 1211//1211 1207//1207
f 1211//1211 1212//1212 1207//1207
f 1207//1207 1212//1212 1208//1208
f 1212//1212 1213//1213 1208//1208
f 1208//1208 1213//1213 1209//1209
f 1213//1213 1214//1214 1209//1209
f 1209//1209 1214//1214 1210//1210
f 1214//1214 1215//1215 1210//1210
f 1210//1210 1215//1215 713//713
f 1215//1215 712//712 713//713
f 709//709 1216//1216 1211//1211
f 1216//1216 1217//1217 1211//1211
f 1211//1211 1217//1217 1212//1212
f 1217//1217 1218//1218 1212//1212
f 1212//1212 1218//1218 1213//1213
f 1218//1218 1219//1219 1213//1213
f 1213//1213 1219//1219 1214//1214
f 1219//1219 1220//1220 1214//1214
f 1214//1214 1220//1220 1215//1215
f 1220//1220 1221//1221 1215//1215
f 1215//1215 1221//1221 712//712
f 1221//1221 711//711 712//712
f 710//710 696//696 1216//1216
f 696//696 695//695 1216//1216
f 1216//1216 695//695 1217//1217
f 695//695 694//694 1217//1217
f 1217//1217 694//694 1218//1218
f 694//694 693//693 1218//1218
f 1218//1218 693//693 1219//1219
f 693//693 692//692 1219//1219
f 1219//1219 692//692 1220//1220
f 692//692 691//691 1220//1220
f 1220//1220 691//691 1221//1221
f 691//691 690//690 1221//1221
f 1221//1221 690//690 711//711
f 690//690 646//646 711//711
f 690//690 703//703 646//646
f 691//691 1222//1222 690//690
f 692//692 1223//1223 691//691
f 693//693 1225//1225 692//692
f 694//694 1228//1228 693//693
f 695//695 1232//1232 694//694
f 696//696 1237//1237 695//695
f 690//690 1222//1222 703//703
f 1222//1222 702//702 703//703
f 691//691 1223//1223 1222//1222
f 1223//1223 1224//1224 1222//1222
f 1222//1222 1224//1224 702//702
f 1224//1224 701//701 702//702
f 692//692 1225//1225 1223//1223
f 1225//1225 1226//1226 1223//1223
f 1223//1223 1226//1226 1224//1224
f 1226//1226 1227//1227 1224//1224
f 1224//1224 1227//1227 701//701
f 1227//1227 700//700 701//701
f 693//693 1228//1228 1225//1225
f 1228//1228 1229//1229 1225//1225
f 1225//1225 1229//1229 1226//1226
f 1229//1229 1230//1230 1226//1226
f 1226//1226 1230//1230 1227//1227
f 1230//1230 1231//1231 1227//1227
f 1227//1227 1231//1231 700//700
f 1231//1231 699//699 700//700
f 694//694 1232//1232 1228//1228
f 1232//1232 1233//1233 1228//1228
f 1228//1228 1233//1233 1229//1229
f 1233//1233 1234//1234 1229//1229
f 1229//1229 1234//1234 1230//1230
f 1234//1234 1235//1235 1230//1230
f 1230//1230 1235//1235 1231//1231
f 1235//1235 1236//1236 1231//1231
f 1231//1231 1236//1236 699//699
f 1236//1236 698//698 699//699
f 695//695 1237//1237 1232//1232
f 1237//1237 1238//1238 1232//1232
f 1232//1232 1238//1238 1233//1233
f 1238//1238 1239//1239 1233//1233
f 1233//1233 1239//1239 1234//1234
f 1239//1239 1240//1240 1234//1234
f 1234//1234 1240//1240 1235//1235
f 1240//1240 1241//1241 1235//1235
f 1235//1235 1241//1241 1236//1236
f 1241//1241 1242//1242 1236//1236
f 1236//1236 1242//1242 698//698
f 1242//1242 697//697 698//698
f 696//696 661//661 1237//1237
f 661//661 660//660 1237//1237
f 1237//1237 660//660 1238//1238
f 660//660 659//659 1238//1238
f 1238//1238 659//659 1239//1239
f 659//659 658//658 1239//1239
f 1239//1239 658//658 1240//1240
f 658//658 657//657 1240//1240
f 1240//1240 657//657 1241//1241
f 657//657 656//656 1241//1241
f 1241//1241 656//656 1242//1242
f 656//656 655//655 1242//1242
f 1242//1242 655//655 697//697
f 655//655 645//645 697//697
f 676//676 689//689 648//648
f 677//677 1243//1243 676//676
f 678//678 1244//1244 677//677
f 679//679 1246//1246 678//678
f 680//680 1249//1249 679//679
f 681//681 1253//1253 680//680
f 682//682 1258//1258 681//681
f 676//676 1243//1243 689//689
f 1243//1243 688//688 689//689
f 677//677 1244//1244 1243//1243
f 1244//1244 1245//1245 1243//1243
f 1243//1243 1245//1245 688//688
f 1245//1245 687//687 688//688
f 678//678 1246//1246 1244//1244
f 1246//1246 1247//1247 1244//1244
f 1244//1244 1247//1247 1245//1245
f 1247//1247 1248//1248 1245//1245
f 1245//1245 1248//1248 687//687
f 1248//1248 686//686 687//687
f 679//679 1249//1249 1246//1246
f 1249//1249 1250//1250 1246//1246
f 1246//1246 1250//1250 1247//1247
f 1250//1250 1251//1251 1247//1247
f 1247//1247 1251//1251 1248//1248
f 1251//1251 1252//1252 1248//1248
f 1248//1248 1252//1252 686//686
f 1252//1252 685//685 686//686
f 680//680 1253//1253 1249//1249
f 1253//1253 1254//1254 1249//1249
f 1249//1249 1254//1254 1250//1250
f 1254//1254 1255//1255 1250//1250
f 1250//1250 1255//1255 1251//1251
f 1255//1255 1256//1256 1251//1251
f 1251//1251 1256//1256 1252//1252
f 1256//1256 1257//1257 1252//1252
f 1252//1252 1257//1257 685//685
f 1257//1257 684//684 685//685
f 681//681 1258//1258 1253//1253
f 1258//1258 1259//1259 1253//1253
f 1253//1253 1259//1259 1254//1254
f 1259//1259 1260//1260 1254//1254
f 1254//1254 1260//1260 1255//1255
f 1260//1260 1261//1261 1255//1255
f 1255//1255 1261//1261 1256//1256
f 1261//1261 1262//1262 1256//1256
f 1256//1256 1262//1262 1257//1257
f 1262//1262 1263//1263 1257//1257
f 1257//1257 1263//1263 684//684
f 1263//1263 683//683 684//684
f 682//682 668//668 1258//1258
f 668//668 667//667 1258//1258
f 1258//1258 667//667 1259//1259
f 667//667 666//666 1259//1259
f 1259//1259 666//666 1260//1260
f 666//666 665//665 1260//1260
f 1260//1260 665//665 1261//1261
f 665//665 664//664 1261//1261
f 1261//1261 664//664 1262//1262
f 664//664 663//663 1262//1262
f 1262//1262 663//663 1263//1263
f 663//663 662//662 1263//1263
f 1263//1263 662//662 683//683
f 662//662 643//643 683//683
f 655//655 675//675 645//645
f 656//656 1264//1264 655//655
f 657//657 1265//1265 656//656
f 658//658 1267//1267 657//657
f 659//659 1270//1270 658//658
f 660//660 1274//1274 659//659
f 661//661 1279//1279 660//660
f 655//655 1264//1264 675//675
f 1264//1264 674//674 675//675
f 656//656 1265//1265 1264//1264
f 1265//1265 1266//1266 1264//1264
f 1264//1264 1266//1266 674//674
f 1266//1266 673//673 674//674
f 657//657 1267//1267 1265//1265
f 1267//1267 1268//1268 1265//1265
f 1265//1265 1268//1268 1266//1266
f 1268//1268 1269//1269 1266//1266
f 1266//1266 1269//1269 673//673
f 1269//1269 672//672 673//673
f 658//658 1270//1270 1267//1267
f 1270//1270 1271//1271 1267//1267
f 1267//1267 1271//1271 1268//1268
f 1271//1271 1272//1272 1268//1268
f 1268//1268 1272//1272 1269//1269
f 1272//1272 1273//1273 1269//1269
f 1269//1269 1273//1273 672//672
f 1273//1273 671//671 672//672
f 659//659 1274//1274 1270//1270
f 1274//1274 1275//1275 1270//1270
f 1270//1270 1275//1275 1271//1271
f 1275//1275 1276//1276 1271//1271
f 1271//1271 1276//1276 1272//1272
f 1276//1276 1277//1277 1272//1272
f 1272//1272 1277//1277 1273//1273
f 1277//1277 1278//1278 1273//1273
f 1273//1273 1278//1278 671//671
f 1278//1278 670//670 671//671
f 660//660 1279//1279 1274//1274
f 1279//1279 1280//1280 1274//1274
f 1274//1274 1280//1280 1275//1275
f 1280//1280 1281//1281 1275//1275
f 1275//1275 1281//1281 1276//1276
f 1281//1281 1282//1282 1276//1276
f 1276//1276 1282//1282 1277//1277
f 1282//1282 1283//1283 1277//1277
f 1277//1277 1283//1283 1278//1278
f 1283//1283 1284//1284 1278//1278
f 1278//1278 1284//1284 670//670
f 1284//1284 669//669 670//670
f 661//661 662//662 1279//1279
f 662//662 663//663 1279//1279
f 1279//1279 663//663 1280//1280
f 663//663 664//664 1280//1280
f 1280//1280 664//664 1281//1281
f 664//664 665//665 1281//1281
f 1281//1281 665//665 1282//1282
f 665//665 666//666 1282//1282
f 1282//1282 666//666 1283//1283
f 666//666 667//667 1283//1283
f 1283//1283 667//667 1284//1284
f 667//667 668//668 1284//1284
f 1284//1284 668//668 669//669
f 668//668 644//644 669//669
o GlassBall
v 0.000000 0.000000 3.000000
v 0.723607 0.552781 3.525725
v -0.276388 0.552780 3.850649
v -0.894426 0.552784 3.000000
v -0.276388 0.552780 2.149351
v 0.723607 0.552781 2.474275
v 0.276388 1.447220 3.850649
v -0.723607 1.447219 3.525725
v -0.723607 1.447219 2.474275
v 0.276388 1.447220 2.149351
v 0.894426 1.447216 3.000000
v 0.000000 2.000000 3.000000
v -0.257937 0.449315 3.793860
v -0.232822 0.342481 3.716563
v -0.200688 0.239597 3.617666
v -0.162456 0.149346 3.499995
v -0.120413 0.079045 3.370598
v -0.077607 0.032050 3.238853
v -0.036848 0.007135 3.113408
v 0.096471 0.007135 3.070089
v 0.203181 0.032050 3.147618
v 0.315251 0.079045 3.229040
v 0.425323 0.149346 3.309011
v 0.525420 0.239597 3.381735
v 0.609547 0.342481 3.442856
v 0.675300 0.449315 3.490628
v 0.638452 0.523013 3.604038
v 0.531941 0.497698 3.681712
v 0.405008 0.480428 3.752338
v 0.262869 0.474262 3.809012
v 0.114564 0.480428 3.846711
v -0.029639 0.497698 3.864184
v -0.161465 0.523012 3.863951
v 0.771771 0.523013 2.579461
v 0.812729 0.497699 2.704762
v 0.840673 0.480429 2.847306
v 0.850648 0.474264 3.000000
v 0.840673 0.480429 3.152694
v 0.812729 0.497699 3.295238
v 0.771771 0.523013 3.420539
v 0.096471 0.007135 2.929911
v 0.203181 0.032050 2.852382
v 0.315251 0.079045 2.770960
v 0.425323 0.149346 2.690989
v 0.525420 0.239597 2.618265
v 0.609547 0.342481 2.557144
v 0.675300 0.449315 2.509372
v -0.834716 0.449319 3.000000
v -0.753442 0.342485 3.000000
v -0.649456 0.239601 3.000000
v -0.525730 0.149348 3.000000
v -0.389673 0.079047 3.000000
v -0.251147 0.032051 3.000000
v -0.119245 0.007135 3.000000
v -0.377183 0.523012 3.793861
v -0.483971 0.497698 3.716565
v -0.590366 0.480428 3.617668
v -0.688189 0.474264 3.499997
v -0.769872 0.480430 3.370600
v -0.831051 0.497701 3.238853
v -0.871565 0.523016 3.113408
v -0.257937 0.449315 2.206140
v -0.232822 0.342481 2.283437
v -0.200688 0.239597 2.382334
v -0.162456 0.149346 2.500005
v -0.120413 0.079045 2.629402
v -0.077607 0.032050 2.761147
v -0.036848 0.007135 2.886592
v -0.871565 0.523016 2.886592
v -0.831051 0.497701 2.761147
v -0.769872 0.480430 2.629400
v -0.688189 0.474264 2.500003
v -0.590366 0.480428 2.382332
v -0.483971 0.497698 2.283435
v -0.377183 0.523012 2.206139
v -0.161465 0.523012 2.136049
v -0.029639 0.497698 2.135816
v 0.114564 0.480427 2.153289
v 0.262869 0.474262 2.190988
v 0.405008 0.480428 2.247662
v 0.531941 0.497698 2.318288
v 0.638453 0.523013 2.395962
v 0.931188 1.357738 3.070089
v 0.956626 1.251149 3.147618
v 0.964711 1.129893 3.229041
v 0.951058 1.000000 3.309013
v 0.915098 0.870107 3.381737
v 0.860698 0.748849 3.442858
v 0.794547 0.642259 3.490629
v 0.794547 0.642259 2.509371
v 0.860698 0.748849 2.557142
v 0.915098 0.870107 2.618263
v 0.951058 1.000000 2.690987
v 0.964711 1.129893 2.770959
v 0.956626 1.251149 2.852382
v 0.931188 1.357738 2.929911
v 0.221089 1.357741 3.907271
v 0.155215 1.251152 3.955422
v 0.080276 1.129894 3.988273
v -0.000000 1.000000 4.000000
v -0.080276 0.870106 3.988273
v -0.155215 0.748848 3.955422
v -0.221089 0.642259 3.907271
v 0.712150 0.642259 3.604039
v 0.687159 0.748848 3.681715
v 0.645839 0.870106 3.752342
v 0.587786 1.000000 3.809017
v 0.515946 1.129894 3.846716
v 0.436007 1.251152 3.864188
v 0.354409 1.357742 3.863953
v -0.794547 1.357741 3.490629
v -0.860698 1.251151 3.442858
v -0.915098 1.129893 3.381737
v -0.951058 1.000000 3.309013
v -0.964711 0.870107 3.229041
v -0.956626 0.748851 3.147618
v -0.931188 0.642262 3.070089
v -0.354409 0.642258 3.863953
v -0.436007 0.748848 3.864188
v -0.515946 0.870106 3.846716
v -0.587786 1.000000 3.809017
v -0.645839 1.129894 3.752342
v -0.687159 1.251152 3.681715
v -0.712150 1.357741 3.604039
v -0.712150 1.357741 2.395961
v -0.687159 1.251152 2.318285
v -0.645839 1.129894 2.247658
v -0.587786 1.000000 2.190983
v -0.515946 0.870106 2.153284
v -0.436007 0.748848 2.135812
v -0.354409 0.642258 2.136047
v -0.931188 0.642262 2.929911
v -0.956626 0.748851 2.852382
v -0.964711 0.870107 2.770959
v -0.951058 1.000000 2.690987
v -0.915098 1.129893 2.618263
v -0.860698 1.251151 2.557142
v -0.794547 1.357741 2.509371
v 0.354409 1.357742 2.136047
v 0.436007 1.251152 2.135812
v 0.515946 1.129894 2.153284
v 0.587786 1.000000 2.190983
v 0.645839 0.870106 2.247658
v 0.687159 0.748848 2.318285
v 0.712150 0.642259 2.395961
v -0.221089 0.642259 2.092729
v -0.155215 0.748848 2.044578
v -0.080276 0.870106 2.011727
v 0.000000 1.000000 2.000000
v 0.080276 1.129894 2.011727
v 0.155215 1.251152 2.044578
v 0.221089 1.357741 2.092729
v 0.871565 1.476984 3.113408
v 0.831051 1.502299 3.238853
v 0.769872 1.519570 3.370600
v 0.688189 1.525736 3.499997
v 0.590366 1.519572 3.617668
v 0.483971 1.502302 3.716565
v 0.377183 1.476988 3.793861
v 0.161465 1.476988 3.863951
v 0.029639 1.502302 3.864184
v -0.114564 1.519572 3.846711
v -0.262869 1.525738 3.809012
v -0.405008 1.519572 3.752338
v -0.531941 1.502302 3.681712
v -0.638453 1.476987 3.604038
v -0.771771 1.476987 3.420539
v -0.812729 1.502301 3.295238
v -0.840673 1.519571 3.152694
v -0.850648 1.525736 3.000000
v -0.840673 1.519571 2.847306
v -0.812729 1.502301 2.704762
v -0.771771 1.476987 2.579461
v -0.638452 1.476987 2.395962
v -0.531941 1.502302 2.318288
v -0.405008 1.519572 2.247662
v -0.262869 1.525738 2.190988
v -0.114564 1.519572 2.153289
v 0.029639 1.502302 2.135816
v 0.161465 1.476988 2.136049
v 0.377183 1.476988 2.206139
v 0.483971 1.502302 2.283435
v 0.590366 1.519572 2.382332
v 0.688189 1.525736 2.500003
v 0.769872 1.519570 2.629400
v 0.831051 1.502299 2.761147
v 0.871565 1.476984 2.886592
v 0.036848 1.992865 3.113408
v 0.077607 1.967950 3.238853
v 0.120413 1.920955 3.370598
v 0.162456 1.850654 3.499995
v 0.200688 1.760403 3.617666
v 0.232822 1.657519 3.716563
v 0.257937 1.550685 3.793860
v 0.834716 1.550681 3.000000
v 0.753442 1.657515 3.000000
v 0.649456 1.760399 3.000000
v 0.525730 1.850652 3.000000
v 0.389673 1.920953 3.000000
v 0.251147 1.967949 3.000000
v 0.119245 1.992865 3.000000
v -0.096471 1.992865 3.070089
v -0.203181 1.967950 3.147618
v -0.315251 1.920955 3.229040
v -0.425323 1.850654 3.309011
v -0.525420 1.760403 3.381735
v -0.609547 1.657519 3.442856
v -0.675300 1.550685 3.490628
v -0.096471 1.992865 2.929911
v -0.203181 1.967950 2.852382
v -0.315251 1.920955 2.770960
v -0.425323 1.850654 2.690989
v -0.525420 1.760403 2.618265
v -0.609547 1.657519 2.557144
v -0.675300 1.550685 2.509372
v 0.036848 1.992865 2.886592
v 0.077607 1.967950 2.761147
v 0.120413 1.920955 2.629402
v 0.162456 1.850654 2.500005
v 0.200688 1.760403 2.382334
v 0.232822 1.657519 2.283437
v 0.257937 1.550685 2.206140
v 0.166198 1.978672 2.879251
v 0.307167 1.943208 2.873482
v 0.215245 1.943209 2.746964
v 0.451375 1.882854 2.870269
v 0.361800 1.894429 2.737137
v 0.262862 1.882855 2.610808
v 0.587783 1.798549 2.870269
v 0.506729 1.819912 2.733597
v 0.409951 1.819913 2.600396
v 0.305014 1.798552 2.481076
v 0.706258 1.696558 2.873481
v 0.638194 1.723610 2.737136
v 0.550008 1.733353 2.600395
v 0.447209 1.723612 2.474272
v 0.338569 1.696561 2.367407
v 0.801022 1.586331 2.879250
v 0.747366 1.614342 2.746962
v 0.672087 1.629942 2.610806
v 0.577830 1.629943 2.481074
v 0.471599 1.614344 2.367406
v 0.362366 1.586334 2.275498
v -0.063483 1.978672 2.804624
v -0.025408 1.943209 2.668773
v -0.174138 1.943209 2.717099
v 0.016098 1.882855 2.530631
v -0.138197 1.894430 2.574681
v -0.288916 1.882855 2.629738
v 0.058250 1.798552 2.400899
v -0.096779 1.819914 2.435752
v -0.253366 1.819914 2.486631
v -0.399272 1.798552 2.549560
v 0.097915 1.696561 2.289215
v -0.052790 1.723612 2.311815
v -0.210088 1.733355 2.353429
v -0.361804 1.723612 2.412221
v -0.497009 1.696561 2.482521
v 0.132684 1.586334 2.200871
v -0.009708 1.614345 2.211022
v -0.162463 1.629944 2.240542
v -0.314971 1.629944 2.290096
v -0.455902 1.614344 2.356002
v -0.577066 1.586334 2.431487
v -0.205432 1.978672 3.000000
v -0.322868 1.943208 2.921808
v -0.322868 1.943208 3.078192
v -0.441423 1.882855 2.839646
v -0.447210 1.894429 3.000000
v -0.441423 1.882855 3.160354
v -0.551779 1.798551 2.759468
v -0.566539 1.819912 2.917678
v -0.566539 1.819912 3.082322
v -0.551779 1.798551 3.240532
v -0.645740 1.696561 2.687232
v -0.670817 1.723611 2.837543
v -0.679848 1.733353 3.000000
v -0.670817 1.723611 3.162457
v -0.645740 1.696560 3.312768
v -0.719015 1.586334 2.626865
v -0.753363 1.614343 2.765424
v -0.772492 1.629942 2.919823
v -0.772492 1.629942 3.080177
v -0.753363 1.614343 3.234576
v -0.719015 1.586334 3.373135
v -0.063483 1.978672 3.195376
v -0.174138 1.943209 3.282901
v -0.025408 1.943209 3.331227
v -0.288916 1.882855 3.370262
v -0.138197 1.894430 3.425319
v 0.016098 1.882855 3.469369
v -0.399272 1.798552 3.450440
v -0.253366 1.819914 3.513369
v -0.096779 1.819914 3.564248
v 0.058250 1.798552 3.599101
v -0.497009 1.696561 3.517479
v -0.361804 1.723612 3.587779
v -0.210088 1.733355 3.646571
v -0.052790 1.723612 3.688185
v 0.097915 1.696561 3.710785
v -0.577066 1.586334 3.568513
v -0.455902 1.614345 3.643998
v -0.314971 1.629944 3.709904
v -0.162463 1.629944 3.759458
v -0.009708 1.614345 3.788978
v 0.132684 1.586334 3.799129
v 0.166198 1.978672 3.120749
v 0.215245 1.943209 3.253036
v 0.307167 1.943208 3.126518
v 0.262862 1.882855 3.389192
v 0.361800 1.894429 3.262863
v 0.451375 1.882854 3.129731
v 0.305014 1.798552 3.518924
v 0.409951 1.819913 3.399604
v 0.506729 1.819912 3.266403
v 0.587783 1.798549 3.129731
v 0.338569 1.696561 3.632593
v 0.447209 1.723612 3.525728
v 0.550008 1.733353 3.399605
v 0.638194 1.723610 3.262864
v 0.706258 1.696558 3.126519
v 0.362366 1.586334 3.724502
v 0.471599 1.614344 3.632595
v 0.577830 1.629943 3.518926
v 0.672087 1.629942 3.389194
v 0.747366 1.614342 3.253038
v 0.801022 1.586331 3.120750
v 0.903740 1.380897 2.804624
v 0.921508 1.266063 2.717098
v 0.854992 1.399094 2.668771
v 0.918856 1.136410 2.629736
v 0.861804 1.276396 2.574678
v 0.782446 1.409229 2.530629
v 0.892805 1.000000 2.549557
v 0.846660 1.140059 2.486628
v 0.776630 1.280118 2.435749
v 0.688190 1.409230 2.400897
v 0.845290 0.866968 2.482519
v 0.809019 1.000000 2.412218
v 0.749882 1.140059 2.353425
v 0.670821 1.276397 2.311811
v 0.579226 1.399096 2.289212
v 0.782501 0.746067 2.431485
v 0.753368 0.866968 2.355998
v 0.704293 1.000000 2.290091
v 0.636088 1.136411 2.240537
v 0.553820 1.266065 2.211018
v 0.465085 1.380900 2.200869
v 0.093451 1.380900 2.080118
v 0.015700 1.266064 2.036173
v -0.050816 1.399096 2.084500
v -0.068205 1.136410 2.011698
v -0.138198 1.276397 2.048945
v -0.204615 1.409230 2.110807
v -0.152509 1.000000 2.011698
v -0.226618 1.140059 2.036139
v -0.296648 1.280118 2.087019
v -0.357124 1.409230 2.160361
v -0.230948 0.866967 2.036171
v -0.309016 1.000000 2.048943
v -0.383207 1.140059 2.087018
v -0.447215 1.276397 2.149351
v -0.497012 1.399096 2.229480
v -0.298885 0.746066 2.080117
v -0.379680 0.866967 2.084497
v -0.457527 1.000000 2.110804
v -0.525732 1.136410 2.160358
v -0.579229 1.266065 2.229478
v -0.616302 1.380900 2.310734
v -0.845982 1.380899 2.626864
v -0.911804 1.266063 2.687231
v -0.886396 1.399095 2.765423
v -0.961008 1.136410 2.759467
v -0.947213 1.276396 2.837542
v -0.908902 1.409229 2.919822
v -0.987059 1.000000 2.839645
v -0.986715 1.140059 2.917678
v -0.959966 1.280117 3.000000
v -0.908902 1.409229 3.080178
v -0.988023 0.866969 2.921808
v -1.000000 1.000001 3.000000
v -0.986715 1.140059 3.082323
v -0.947213 1.276397 3.162458
v -0.886395 1.399095 3.234577
v -0.967222 0.746069 3.000000
v -0.988023 0.866970 3.078193
v -0.987059 1.000001 3.160356
v -0.961008 1.136411 3.240534
v -0.911803 1.266065 3.312769
v -0.845982 1.380900 3.373136
v -0.616302 1.380900 3.689265
v -0.579229 1.266065 3.770521
v -0.497012 1.399096 3.770520
v -0.525732 1.136410 3.839641
v -0.447216 1.276397 3.850648
v -0.357124 1.409230 3.839639
v -0.457527 0.999999 3.889195
v -0.383208 1.140059 3.912982
v -0.296649 1.280118 3.912981
v -0.204616 1.409230 3.889193
v -0.379681 0.866967 3.915503
v -0.309017 0.999999 3.951056
v -0.226619 1.140059 3.963861
v -0.138199 1.276397 3.951055
v -0.050817 1.399096 3.915500
v -0.298885 0.746066 3.919883
v -0.230948 0.866967 3.963828
v -0.152509 1.000000 3.988302
v -0.068206 1.136410 3.988302
v 0.015699 1.266064 3.963827
v 0.093451 1.380900 3.919882
v 0.465085 1.380900 3.799132
v 0.553820 1.266064 3.788983
v 0.579226 1.399096 3.710788
v 0.636088 1.136410 3.759463
v 0.670820 1.276396 3.688190
v 0.688190 1.409229 3.599104
v 0.704293 0.999999 3.709909
v 0.749882 1.140058 3.646576
v 0.776630 1.280117 3.564252
v 0.782446 1.409228 3.469372
v 0.753368 0.866966 3.644002
v 0.809019 0.999998 3.587783
v 0.846659 1.140057 3.513373
v 0.861804 1.276394 3.425323
v 0.854992 1.399093 3.331230
v 0.782501 0.746065 3.568515
v 0.845289 0.866966 3.517482
v 0.892805 0.999998 3.450444
v 0.918856 1.136407 3.370266
v 0.921508 1.266061 3.282904
v 0.903740 1.380896 3.195377
v 0.298886 1.253934 2.080117
v 0.379681 1.133033 2.084497
v 0.230948 1.133033 2.036171
v 0.457527 1.000000 2.110804
v 0.309017 1.000000 2.048944
v 0.152509 1.000000 2.011698
v 0.525732 0.863589 2.160359
v 0.383207 0.859940 2.087018
v 0.226619 0.859940 2.036139
v 0.068205 0.863590 2.011698
v 0.579229 0.733935 2.229479
v 0.447216 0.723602 2.149352
v 0.296648 0.719881 2.087020
v 0.138199 0.723602 2.048945
v -0.015699 0.733935 2.036173
v 0.616302 0.619100 2.310735
v 0.497012 0.600903 2.229480
v 0.357124 0.590769 2.160361
v 0.204615 0.590770 2.110808
v 0.050817 0.600903 2.084500
v -0.093451 0.619100 2.080119
v -0.782501 1.253934 2.431485
v -0.753368 1.133032 2.355998
v -0.845290 1.133032 2.482518
v -0.704293 1.000000 2.290090
v -0.809018 1.000000 2.412217
v -0.892805 1.000000 2.549556
v -0.636087 0.863589 2.240536
v -0.749881 0.859941 2.353423
v -0.846659 0.859941 2.486626
v -0.918856 0.863590 2.629735
v -0.553819 0.733935 2.211017
v -0.670819 0.723603 2.311809
v -0.776628 0.719882 2.435747
v -0.861803 0.723604 2.574676
v -0.921507 0.733937 2.717096
v -0.465084 0.619100 2.200868
v -0.579224 0.600904 2.289211
v -0.688189 0.590770 2.400894
v -0.782445 0.590771 2.530626
v -0.854991 0.600906 2.668769
v -0.903739 0.619103 2.804622
v -0.782501 1.253934 3.568515
v -0.845290 1.133032 3.517482
v -0.753368 1.133032 3.644002
v -0.892805 1.000000 3.450444
v -0.809018 1.000000 3.587783
v -0.704293 1.000000 3.709910
v -0.918856 0.863590 3.370265
v -0.846659 0.859941 3.513374
v -0.749881 0.859941 3.646577
v -0.636087 0.863589 3.759464
v -0.921508 0.733937 3.282904
v -0.861803 0.723604 3.425324
v -0.776629 0.719882 3.564253
v -0.670819 0.723603 3.688191
v -0.553819 0.733935 3.788983
v -0.903739 0.619103 3.195378
v -0.854991 0.600906 3.331231
v -0.782445 0.590771 3.469374
v -0.688189 0.590770 3.599106
v -0.579224 0.600904 3.710789
v -0.465084 0.619100 3.799132
v 0.298886 1.253934 3.919883
v 0.230948 1.133032 3.963829
v 0.379681 1.133033 3.915503
v 0.152509 1.000000 3.988302
v 0.309017 1.000000 3.951056
v 0.457527 1.000000 3.889196
v 0.068206 0.863590 3.988302
v 0.226619 0.859940 3.963861
v 0.383207 0.859940 3.912982
v 0.525732 0.863589 3.839641
v -0.015699 0.733935 3.963827
v 0.138199 0.723603 3.951055
v 0.296648 0.719881 3.912981
v 0.447216 0.723602 3.850648
v 0.579229 0.733935 3.770521
v -0.093451 0.619100 3.919882
v 0.050817 0.600903 3.915500
v 0.204615 0.590770 3.889192
v 0.357124 0.590770 3.839639
v 0.497012 0.600903 3.770520
v 0.616302 0.619100 3.689265
v 0.967222 1.253931 3.000000
v 0.988023 1.133031 3.078192
v 0.988023 1.133031 2.921808
v 0.987059 1.000000 3.160355
v 1.000000 1.000000 3.000000
v 0.987059 1.000000 2.839645
v 0.961008 0.863590 3.240533
v 0.986715 0.859941 3.082322
v 0.986715 0.859941 2.917678
v 0.961008 0.863590 2.759467
v 0.911804 0.733936 3.312769
v 0.947213 0.723604 3.162457
v 0.959966 0.719883 3.000000
v 0.947213 0.723604 2.837543
v 0.911804 0.733936 2.687231
v 0.845982 0.619101 3.373136
v 0.886396 0.600905 3.234576
v 0.908902 0.590771 3.080178
v 0.908902 0.590771 2.919822
v 0.886396 0.600905 2.765424
v 0.845982 0.619101 2.626864
v 0.577066 0.413666 2.431487
v 0.497009 0.303439 2.482521
v 0.455902 0.385656 2.356001
v 0.399272 0.201448 2.549559
v 0.361804 0.276388 2.412221
v 0.314971 0.370057 2.290095
v 0.288916 0.117145 2.629737
v 0.253366 0.180087 2.486630
v 0.210087 0.266646 2.353428
v 0.162463 0.370057 2.240541
v 0.174138 0.056791 2.717098
v 0.138197 0.105571 2.574679
v 0.096779 0.180088 2.435750
v 0.052789 0.276389 2.311814
v 0.009708 0.385656 2.211021
v 0.063482 0.021329 2.804623
v 0.025407 0.056792 2.668771
v -0.016099 0.117146 2.530629
v -0.058250 0.201450 2.400897
v -0.097915 0.303440 2.289214
v -0.132684 0.413666 2.200871
v -0.362367 0.413666 2.275498
v -0.338569 0.303439 2.367407
v -0.471601 0.385656 2.367407
v -0.305014 0.201448 2.481077
v -0.447211 0.276388 2.474273
v -0.577832 0.370057 2.481076
v -0.262862 0.117145 2.610808
v -0.409952 0.180087 2.600397
v -0.550010 0.266647 2.600397
v -0.672088 0.370058 2.610807
v -0.215245 0.056791 2.746964
v -0.361801 0.105571 2.737137
v -0.506730 0.180088 2.733598
v -0.638195 0.276391 2.737137
v -0.747367 0.385659 2.746964
v -0.166198 0.021329 2.879251
v -0.307168 0.056792 2.873482
v -0.451376 0.117147 2.870270
v -0.587784 0.201451 2.870270
v -0.706258 0.303443 2.873482
v -0.801022 0.413670 2.879251
v -0.801022 0.413670 3.120750
v -0.706258 0.303442 3.126518
v -0.747367 0.385659 3.253036
v -0.587784 0.201451 3.129731
v -0.638195 0.276391 3.262864
v -0.672088 0.370059 3.389193
v -0.451375 0.117147 3.129731
v -0.506730 0.180089 3.266403
v -0.550009 0.266648 3.399605
v -0.577832 0.370058 3.518925
v -0.307168 0.056792 3.126519
v -0.361801 0.105572 3.262864
v -0.409952 0.180088 3.399605
v -0.447211 0.276390 3.525729
v -0.471601 0.385657 3.632594
v -0.166198 0.021329 3.120750
v -0.215246 0.056792 3.253038
v -0.262863 0.117146 3.389194
v -0.305015 0.201450 3.518925
v -0.338569 0.303440 3.632594
v -0.362367 0.413667 3.724502
v 0.719015 0.413666 2.626865
v 0.753363 0.385657 2.765424
v 0.645740 0.303440 2.687232
v 0.772493 0.370058 2.919823
v 0.670817 0.276389 2.837543
v 0.551780 0.201449 2.759468
v 0.772493 0.370058 3.080178
v 0.679849 0.266647 3.000000
v 0.566540 0.180088 2.917678
v 0.441423 0.117146 2.839646
v 0.753364 0.385657 3.234576
v 0.670818 0.276390 3.162458
v 0.566541 0.180089 3.082323
v 0.447211 0.105572 3.000001
v 0.322869 0.056792 2.921809
v 0.719016 0.413667 3.373136
v 0.645741 0.303441 3.312769
v 0.551781 0.201450 3.240533
v 0.441424 0.117146 3.160356
v 0.322870 0.056792 3.078193
v 0.205432 0.021329 3.000000
v -0.132684 0.413666 3.799129
v -0.097915 0.303439 3.710785
v 0.009709 0.385656 3.788978
v -0.058249 0.201448 3.599101
v 0.052790 0.276388 3.688185
v 0.162463 0.370056 3.759458
v -0.016097 0.117145 3.469370
v 0.096780 0.180087 3.564249
v 0.210089 0.266646 3.646572
v 0.314971 0.370057 3.709905
v 0.025409 0.056791 3.331228
v 0.138199 0.105571 3.425321
v 0.253368 0.180088 3.513370
v 0.361805 0.276389 3.587779
v 0.455903 0.385656 3.643999
v 0.063484 0.021329 3.195376
v 0.174140 0.056792 3.282902
v 0.288918 0.117146 3.370264
v 0.399274 0.201450 3.450441
v 0.497011 0.303440 3.517480
v 0.577067 0.413667 3.568513
vn -0.0000 -1.0000 -0.0000
vn 0.7236 -0.4472 0.5257
vn -0.2764 -0.4472 0.8506
vn -0.8944 -0.4472 -0.0000
vn -0.2764 -0.4472 -0.8506
vn 0.7236 -0.4472 -0.5257
vn 0.2764 0.4472 0.8506
vn -0.7236 0.4472 0.5257
vn -0.7236 0.4472 -0.5257
vn 0.2764 0.4472 -0.8506
vn 0.8944 0.4472 -0.0000
vn -0.0000 1.0000 -0.0000
vn -0.2575 -0.5530 0.7924
vn -0.2324 -0.6591 0.7152
vn -0.2004 -0.7612 0.6168
vn -0.1625 -0.8507 0.5000
vn -0.1207 -0.9205 0.3716
vn -0.0782 -0.9674 0.2408
vn -0.0377 -0.9925 0.1161
vn 0.0987 -0.9925 0.0717
vn 0.2048 -0.9674 0.1488
vn 0.3161 -0.9205 0.2297
vn 0.4253 -0.8507 0.3090
vn 0.5247 -0.7612 0.3812
vn 0.6084 -0.6591 0.4420
vn 0.6740 -0.5530 0.4897
vn 0.6363 -0.4776 0.6058
vn 0.5302 -0.5026 0.6828
vn 0.4040 -0.5197 0.7528
vn 0.2629 -0.5257 0.8090
vn 0.1157 -0.5197 0.8465
vn -0.0275 -0.5026 0.8641
vn -0.1587 -0.4776 0.8641
vn 0.7728 -0.4776 -0.4180
vn 0.8133 -0.5026 -0.2932
vn 0.8408 -0.5197 -0.1516
vn 0.8506 -0.5257 -0.0000
vn 0.8408 -0.5197 0.1516
vn 0.8133 -0.5026 0.2932
vn 0.7728 -0.4776 0.4180
vn 0.0987 -0.9925 -0.0717
vn 0.2048 -0.9674 -0.1488
vn 0.3161 -0.9205 -0.2297
vn 0.4253 -0.8507 -0.3090
vn 0.5247 -0.7612 -0.3812
vn 0.6084 -0.6591 -0.4420
vn 0.6740 -0.5530 -0.4897
vn -0.8332 -0.5530 -0.0000
vn -0.7520 -0.6591 -0.0000
vn -0.6486 -0.7612 -0.0000
vn -0.5257 -0.8507 -0.0000
vn -0.3907 -0.9205 -0.0000
vn -0.2532 -0.9674 -0.0000
vn -0.1220 -0.9925 -0.0000
vn -0.3795 -0.4776 0.7924
vn -0.4856 -0.5026 0.7152
vn -0.5912 -0.5197 0.6168
vn -0.6882 -0.5257 0.5000
vn -0.7693 -0.5197 0.3716
vn -0.8303 -0.5026 0.2408
vn -0.8709 -0.4776 0.1161
vn -0.2575 -0.5530 -0.7924
vn -0.2324 -0.6591 -0.7152
vn -0.2004 -0.7612 -0.6168
vn -0.1625 -0.8507 -0.5000
vn -0.1207 -0.9205 -0.3716
vn -0.0782 -0.9674 -0.2408
vn -0.0377 -0.9925 -0.1161
vn -0.8709 -0.4776 -0.1161
vn -0.8303 -0.5026 -0.2408
vn -0.7693 -0.5197 -0.3716
vn -0.6882 -0.5257 -0.5000
vn -0.5912 -0.5197 -0.6168
vn -0.4856 -0.5026 -0.7152
vn -0.3795 -0.4776 -0.7924
vn -0.1587 -0.4776 -0.8641
vn -0.0275 -0.5026 -0.8641
vn 0.1157 -0.5197 -0.8465
vn 0.2629 -0.5257 -0.8090
vn 0.4040 -0.5197 -0.7528
vn 0.5302 -0.5026 -0.6828
vn 0.6363 -0.4776 -0.6058
vn 0.9319 0.3556 0.0717
vn 0.9569 0.2494 0.1488
vn 0.9647 0.1289 0.2297
vn 0.9511 -0.0000 0.3090
vn 0.9155 -0.1289 0.3812
vn 0.8616 -0.2494 0.4420
vn 0.7961 -0.3556 0.4897
vn 0.7961 -0.3556 -0.4897
vn 0.8616 -0.2494 -0.4420
vn 0.9155 -0.1289 -0.3812
vn 0.9511 -0.0000 -0.3090
vn 0.9647 0.1289 -0.2297
vn 0.9569 0.2494 -0.1488
vn 0.9319 0.3556 -0.0717
vn 0.2198 0.3556 0.9084
vn 0.1541 0.2494 0.9560
vn 0.0797 0.1289 0.9884
vn -0.0000 -0.0000 1.0000
vn -0.0797 -0.1289 0.9884
vn -0.1541 -0.2494 0.9560
vn -0.2198 -0.3556 0.9084
vn 0.7118 -0.3556 0.6058
vn 0.6867 -0.2494 0.6829
vn 0.6455 -0.1289 0.7528
vn 0.5878 -0.0000 0.8090
vn 0.5165 0.1289 0.8465
vn 0.4372 0.2494 0.8641
vn 0.3562 0.3556 0.8641
vn -0.7961 0.3556 0.4897
vn -0.8616 0.2494 0.4420
vn -0.9155 0.1289 0.3812
vn -0.9511 -0.0000 0.3090
vn -0.9647 -0.1289 0.2297
vn -0.9569 -0.2494 0.1488
vn -0.9319 -0.3556 0.0717
vn -0.3562 -0.3556 0.8641
vn -0.4372 -0.2494 0.8641
vn -0.5165 -0.1289 0.8465
vn -0.5878 -0.0000 0.8090
vn -0.6455 0.1289 0.7528
vn -0.6867 0.2494 0.6829
vn -0.7118 0.3556 0.6058
vn -0.7118 0.3556 -0.6058
vn -0.6867 0.2494 -0.6829
vn -0.6455 0.1289 -0.7528
vn -0.5878 -0.0000 -0.8090
vn -0.5165 -0.1289 -0.8465
vn -0.4372 -0.2494 -0.8641
vn -0.3562 -0.3556 -0.8641
vn -0.9319 -0.3556 -0.0717
vn -0.9569 -0.2494 -0.1488
vn -0.9647 -0.1289 -0.2297
vn -0.9511 -0.0000 -0.3090
vn -0.9155 0.1289 -0.3812
vn -0.8616 0.2494 -0.4420
vn -0.7961 0.3556 -0.4897
vn 0.3562 0.3556 -0.8641
vn 0.4372 0.2494 -0.8641
vn 0.5165 0.1289 -0.8465
vn 0.5878 -0.0000 -0.8090
vn 0.6455 -0.1289 -0.7528
vn 0.6867 -0.2494 -0.6829
vn 0.7118 -0.3556 -0.6058
vn -0.2198 -0.3556 -0.9084
vn -0.1541 -0.2494 -0.9560
vn -0.0797 -0.1289 -0.9884
vn -0.0000 -0.0000 -1.0000
vn 0.0797 0.1289 -0.9884
vn 0.1541 0.2494 -0.9560
vn 0.2198 0.3556 -0.9084
vn 0.8709 0.4776 0.1161
vn 0.8303 0.5026 0.2408
vn 0.7693 0.5197 0.3716
vn 0.6882 0.5257 0.5000
vn 0.5912 0.5197 0.6168
vn 0.4856 0.5026 0.7152
vn 0.3795 0.4776 0.7924
vn 0.1587 0.4776 0.8641
vn 0.0275 0.5026 0.8641
vn -0.1157 0.5197 0.8465
vn -0.2629 0.5257 0.8090
vn -0.4040 0.5197 0.7528
vn -0.5302 0.5026 0.6828
vn -0.6363 0.4776 0.6058
vn -0.7728 0.4776 0.4180
vn -0.8133 0.5026 0.2932
vn -0.8408 0.5197 0.1515
vn -0.8506 0.5257 -0.0000
vn -0.8408 0.5197 -0.1516
vn -0.8133 0.5026 -0.2932
vn -0.7728 0.4776 -0.4180
vn -0.6363 0.4776 -0.6058
vn -0.5302 0.5026 -0.6828
vn -0.4040 0.5197 -0.7528
vn -0.2629 0.5257 -0.8090
vn -0.1157 0.5197 -0.8465
vn 0.0275 0.5026 -0.8641
vn 0.1587 0.4776 -0.8641
vn 0.3795 0.4776 -0.7924
vn 0.4856 0.5026 -0.7152
vn 0.5912 0.5197 -0.6168
vn 0.6882 0.5257 -0.5000
vn 0.7693 0.5197 -0.3716
vn 0.8303 0.5026 -0.2408
vn 0.8709 0.4776 -0.1161
vn 0.0377 0.9925 0.1161
vn 0.0782 0.9674 0.2408
vn 0.1207 0.9205 0.3716
vn 0.1625 0.8507 0.5000
vn 0.2004 0.7612 0.6168
vn 0.2324 0.6591 0.7152
vn 0.2575 0.5530 0.7924
vn 0.8332 0.5530 -0.0000
vn 0.7520 0.6591 -0.0000
vn 0.6486 0.7612 -0.0000
vn 0.5257 0.8507 -0.0000
vn 0.3907 0.9205 -0.0000
vn 0.2532 0.9674 -0.0000
vn 0.1220 0.9925 -0.0000
vn -0.0987 0.9925 0.0717
vn -0.2048 0.9674 0.1488
vn -0.3161 0.9205 0.2297
vn -0.4253 0.8507 0.3090
vn -0.5247 0.7612 0.3812
vn -0.6084 0.6591 0.4420
vn -0.6740 0.5530 0.4897
vn -0.0987 0.9925 -0.0717
vn -0.2048 0.9674 -0.1488
vn -0.3161 0.9205 -0.2297
vn -0.4253 0.8507 -0.3090
vn -0.5247 0.7612 -0.3812
vn -0.6084 0.6591 -0.4420
vn -0.6740 0.5530 -0.4897
vn 0.0377 0.9925 -0.1161
vn 0.0782 0.9674 -0.2408
vn 0.1207 0.9205 -0.3716
vn 0.1625 0.8507 -0.5000
vn 0.2004 0.7612 -0.6168
vn 0.2324 0.6591 -0.7152
vn 0.2575 0.5530 -0.7924
vn 0.1698 0.9777 -0.1233
vn 0.3095 0.9421 -0.1293
vn 0.2186 0.9421 -0.2544
vn 0.4520 0.8821 -0.1326
vn 0.3635 0.8934 -0.2641
vn 0.2658 0.8821 -0.3889
vn 0.5868 0.7988 -0.1326
vn 0.5066 0.8196 -0.2676
vn 0.4110 0.8196 -0.3991
vn 0.3074 0.7988 -0.5171
vn 0.7042 0.6981 -0.1293
vn 0.6365 0.7247 -0.2641
vn 0.5493 0.7342 -0.3991
vn 0.4479 0.7247 -0.5237
vn 0.3406 0.6981 -0.6298
vn 0.7986 0.5891 -0.1233
vn 0.7449 0.6168 -0.2544
vn 0.6701 0.6322 -0.3889
vn 0.5770 0.6322 -0.5171
vn 0.4721 0.6168 -0.6298
vn 0.3641 0.5891 -0.7214
vn -0.0648 0.9777 -0.1996
vn -0.0273 0.9421 -0.3343
vn -0.1744 0.9421 -0.2865
vn 0.0136 0.8821 -0.4709
vn -0.1389 0.8934 -0.4274
vn -0.2878 0.8821 -0.3730
vn 0.0552 0.7988 -0.5991
vn -0.0980 0.8196 -0.5645
vn -0.2525 0.8196 -0.5142
vn -0.3968 0.7988 -0.4522
vn 0.0947 0.6981 -0.7097
vn -0.0545 0.7247 -0.6869
vn -0.2098 0.7342 -0.6457
vn -0.3597 0.7247 -0.5878
vn -0.4937 0.6981 -0.5185
vn 0.1295 0.5891 -0.7976
vn -0.0118 0.6168 -0.7870
vn -0.1628 0.6322 -0.7575
vn -0.3135 0.6322 -0.7085
vn -0.4531 0.6168 -0.6436
vn -0.5736 0.5891 -0.5692
vn -0.2098 0.9777 -0.0000
vn -0.3264 0.9421 -0.0773
vn -0.3264 0.9421 0.0773
vn -0.4436 0.8821 -0.1584
vn -0.4493 0.8934 -0.0000
vn -0.4436 0.8821 0.1584
vn -0.5527 0.7988 -0.2376
vn -0.5671 0.8196 -0.0812
vn -0.5671 0.8196 0.0812
vn -0.5527 0.7988 0.2377
vn -0.6457 0.6981 -0.3093
vn -0.6702 0.7247 -0.1604
vn -0.6789 0.7342 -0.0000
vn -0.6702 0.7247 0.1604
vn -0.6457 0.6981 0.3093
vn -0.7186 0.5891 -0.3696
vn -0.7521 0.6168 -0.2320
vn -0.7707 0.6322 -0.0792
vn -0.7707 0.6322 0.0792
vn -0.7521 0.6168 0.2320
vn -0.7186 0.5891 0.3696
vn -0.0648 0.9777 0.1996
vn -0.1744 0.9421 0.2865
vn -0.0273 0.9421 0.3343
vn -0.2878 0.8821 0.3730
vn -0.1389 0.8934 0.4274
vn 0.0136 0.8821 0.4709
vn -0.3968 0.7988 0.4522
vn -0.2525 0.8196 0.5142
vn -0.0980 0.8196 0.5645
vn 0.0552 0.7988 0.5991
vn -0.4937 0.6981 0.5185
vn -0.3597 0.7247 0.5878
vn -0.2098 0.7342 0.6457
vn -0.0545 0.7247 0.6869
vn 0.0947 0.6981 0.7097
vn -0.5736 0.5891 0.5692
vn -0.4531 0.6168 0.6436
vn -0.3135 0.6322 0.7085
vn -0.1628 0.6322 0.7575
vn -0.0118 0.6168 0.7870
vn 0.1295 0.5891 0.7976
vn 0.1698 0.9777 0.1233
vn 0.2186 0.9421 0.2544
vn 0.3095 0.9421 0.1293
vn 0.2658 0.8821 0.3889
vn 0.3635 0.8934 0.2641
vn 0.4520 0.8821 0.1326
vn 0.3074 0.7988 0.5171
vn 0.4110 0.8196 0.3991
vn 0.5066 0.8196 0.2676
vn 0.5868 0.7988 0.1326
vn 0.3406 0.6981 0.6298
vn 0.4479 0.7247 0.5237
vn 0.5493 0.7342 0.3991
vn 0.6365 0.7247 0.2641
vn 0.7042 0.6981 0.1293
vn 0.3641 0.5891 0.7214
vn 0.4721 0.6168 0.6298
vn 0.5770 0.6322 0.5171
vn 0.6701 0.6322 0.3889
vn 0.7449 0.6168 0.2544
vn 0.7986 0.5891 0.1233
vn 0.9035 0.3793 -0.1996
vn 0.9206 0.2653 -0.2865
vn 0.8548 0.3969 -0.3343
vn 0.9177 0.1371 -0.3730
vn 0.8611 0.2753 -0.4274
vn 0.7829 0.4066 -0.4709
vn 0.8919 0.0023 -0.4522
vn 0.8460 0.1407 -0.5142
vn 0.7769 0.2789 -0.5645
vn 0.6898 0.4066 -0.5991
vn 0.8452 -0.1294 -0.5185
vn 0.8090 0.0024 -0.5878
vn 0.7505 0.1407 -0.6457
vn 0.6725 0.2753 -0.6869
vn 0.5821 0.3969 -0.7097
vn 0.7834 -0.2496 -0.5692
vn 0.7543 -0.1294 -0.6436
vn 0.7057 0.0023 -0.7085
vn 0.6383 0.1371 -0.7575
vn 0.5570 0.2653 -0.7870
vn 0.4690 0.3793 -0.7976
vn 0.0894 0.3793 -0.9210
vn 0.0120 0.2653 -0.9641
vn -0.0538 0.3969 -0.9163
vn -0.0711 0.1371 -0.9880
vn -0.1403 0.2753 -0.9511
vn -0.2059 0.4066 -0.8901
vn -0.1544 0.0023 -0.9880
vn -0.2276 0.1407 -0.9635
vn -0.2968 0.2789 -0.9133
vn -0.3566 0.4066 -0.8411
vn -0.2319 -0.1294 -0.9641
vn -0.3090 0.0024 -0.9511
vn -0.3822 0.1407 -0.9133
vn -0.4455 0.2753 -0.8519
vn -0.4951 0.3969 -0.7729
vn -0.2992 -0.2496 -0.9210
vn -0.3790 -0.1294 -0.9163
vn -0.4558 0.0023 -0.8901
vn -0.5232 0.1371 -0.8411
vn -0.5764 0.2653 -0.7729
vn -0.6137 0.3793 -0.6925
vn -0.8483 0.3793 -0.3696
vn -0.9132 0.2653 -0.3093
vn -0.8881 0.3969 -0.2320
vn -0.9616 0.1371 -0.2377
vn -0.9479 0.2753 -0.1604
vn -0.9101 0.4066 -0.0792
vn -0.9874 0.0023 -0.1584
vn -0.9867 0.1407 -0.0812
vn -0.9603 0.2789 -0.0000
vn -0.9101 0.4066 0.0792
vn -0.9886 -0.1294 -0.0773
vn -1.0000 0.0024 -0.0000
vn -0.9867 0.1407 0.0812
vn -0.9479 0.2753 0.1604
vn -0.8881 0.3969 0.2320
vn -0.9684 -0.2496 -0.0000
vn -0.9886 -0.1294 0.0773
vn -0.9874 0.0023 0.1584
vn -0.9616 0.1371 0.2377
vn -0.9132 0.2653 0.3093
vn -0.8483 0.3793 0.3696
vn -0.6137 0.3793 0.6925
vn -0.5764 0.2653 0.7729
vn -0.4951 0.3969 0.7729
vn -0.5232 0.1371 0.8411
vn -0.4455 0.2753 0.8519
vn -0.3566 0.4066 0.8411
vn -0.4558 0.0023 0.8901
vn -0.3822 0.1407 0.9133
vn -0.2968 0.2789 0.9133
vn -0.2059 0.4066 0.8901
vn -0.3790 -0.1294 0.9163
vn -0.3090 0.0024 0.9511
vn -0.2276 0.1407 0.9635
vn -0.1403 0.2753 0.9511
vn -0.0538 0.3969 0.9163
vn -0.2992 -0.2496 0.9210
vn -0.2319 -0.1294 0.9641
vn -0.1544 0.0023 0.9880
vn -0.0711 0.1371 0.9880
vn 0.0120 0.2653 0.9641
vn 0.0894 0.3793 0.9210
vn 0.4690 0.3793 0.7976
vn 0.5570 0.2653 0.7870
vn 0.5821 0.3969 0.7097
vn 0.6383 0.1371 0.7575
vn 0.6725 0.2753 0.6869
vn 0.6898 0.4066 0.5991
vn 0.7057 0.0023 0.7085
vn 0.7505 0.1407 0.6457
vn 0.7769 0.2789 0.5645
vn 0.7829 0.4066 0.4709
vn 0.7543 -0.1294 0.6436
vn 0.8090 0.0024 0.5878
vn 0.8460 0.1407 0.5142
vn 0.8611 0.2753 0.4274
vn 0.8548 0.3969 0.3343
vn 0.7834 -0.2496 0.5692
vn 0.8452 -0.1294 0.5185
vn 0.8919 0.0023 0.4522
vn 0.9177 0.1371 0.3730
vn 0.9206 0.2653 0.2865
vn 0.9035 0.3793 0.1996
vn 0.2992 0.2496 -0.9210
vn 0.3790 0.1294 -0.9163
vn 0.2319 0.1294 -0.9641
vn 0.4558 -0.0023 -0.8901
vn 0.3090 -0.0024 -0.9511
vn 0.1544 -0.0023 -0.9880
vn 0.5232 -0.1371 -0.8411
vn 0.3822 -0.1407 -0.9133
vn 0.2276 -0.1407 -0.9635
vn 0.0711 -0.1371 -0.9880
vn 0.5764 -0.2653 -0.7729
vn 0.4455 -0.2753 -0.8519
vn 0.2968 -0.2789 -0.9133
vn 0.1403 -0.2753 -0.9511
vn -0.0120 -0.2653 -0.9641
vn 0.6137 -0.3793 -0.6925
vn 0.4951 -0.3969 -0.7729
vn 0.3566 -0.4066 -0.8411
vn 0.2059 -0.4066 -0.8901
vn 0.0538 -0.3969 -0.9163
vn -0.0894 -0.3793 -0.9210
vn -0.7834 0.2496 -0.5692
vn -0.7543 0.1294 -0.6436
vn -0.8452 0.1294 -0.5185
vn -0.7057 -0.0023 -0.7085
vn -0.8090 -0.0024 -0.5878
vn -0.8919 -0.0023 -0.4522
vn -0.6383 -0.1371 -0.7575
vn -0.7505 -0.1407 -0.6457
vn -0.8460 -0.1407 -0.5142
vn -0.9177 -0.1371 -0.3730
vn -0.5570 -0.2653 -0.7870
vn -0.6725 -0.2753 -0.6869
vn -0.7769 -0.2789 -0.5645
vn -0.8611 -0.2753 -0.4274
vn -0.9206 -0.2653 -0.2865
vn -0.4690 -0.3793 -0.7976
vn -0.5821 -0.3969 -0.7097
vn -0.6898 -0.4066 -0.5991
vn -0.7829 -0.4066 -0.4709
vn -0.8548 -0.3969 -0.3343
vn -0.9035 -0.3793 -0.1996
vn -0.7834 0.2496 0.5692
vn -0.8452 0.1294 0.5185
vn -0.7543 0.1294 0.6436
vn -0.8919 -0.0023 0.4522
vn -0.8090 -0.0024 0.5878
vn -0.7057 -0.0023 0.7085
vn -0.9177 -0.1371 0.3730
vn -0.8460 -0.1407 0.5142
vn -0.7505 -0.1407 0.6457
vn -0.6383 -0.1371 0.7575
vn -0.9206 -0.2653 0.2865
vn -0.8611 -0.2753 0.4274
vn -0.7769 -0.2789 0.5645
vn -0.6725 -0.2753 0.6869
vn -0.5570 -0.2653 0.7870
vn -0.9035 -0.3793 0.1996
vn -0.8548 -0.3969 0.3343
vn -0.7829 -0.4066 0.4709
vn -0.6898 -0.4066 0.5991
vn -0.5821 -0.3969 0.7097
vn -0.4690 -0.3793 0.7976
vn 0.2992 0.2496 0.9210
vn 0.2319 0.1294 0.9641
vn 0.3790 0.1294 0.9163
vn 0.1544 -0.0023 0.9880
vn 0.3090 -0.0024 0.9511
vn 0.4558 -0.0023 0.8901
vn 0.0711 -0.1371 0.9880
vn 0.2276 -0.1407 0.9635
vn 0.3822 -0.1407 0.9133
vn 0.5232 -0.1371 0.8411
vn -0.0120 -0.2653 0.9641
vn 0.1403 -0.2753 0.9511
vn 0.2968 -0.2789 0.9133
vn 0.4455 -0.2753 0.8519
vn 0.5764 -0.2653 0.7729
vn -0.0894 -0.3793 0.9210
vn 0.0538 -0.3969 0.9163
vn 0.2059 -0.4066 0.8901
vn 0.3566 -0.4066 0.8411
vn 0.4951 -0.3969 0.7729
vn 0.6137 -0.3793 0.6925
vn 0.9684 0.2496 -0.0000
vn 0.9886 0.1294 0.0773
vn 0.9886 0.1294 -0.0773
vn 0.9874 -0.0023 0.1584
vn 1.0000 -0.0024 -0.0000
vn 0.9874 -0.0023 -0.1584
vn 0.9616 -0.1371 0.2377
vn 0.9867 -0.1407 0.0812
vn 0.9867 -0.1407 -0.0812
vn 0.9616 -0.1371 -0.2377
vn 0.9132 -0.2653 0.3093
vn 0.9479 -0.2753 0.1604
vn 0.9603 -0.2789 -0.0000
vn 0.9479 -0.2753 -0.1604
vn 0.9132 -0.2653 -0.3093
vn 0.8483 -0.3793 0.3696
vn 0.8881 -0.3969 0.2320
vn 0.9101 -0.4066 0.0792
vn 0.9101 -0.4066 -0.0792
vn 0.8881 -0.3969 -0.2320
vn 0.8483 -0.3793 -0.3696
vn 0.5736 -0.5891 -0.5692
vn 0.4937 -0.6981 -0.5185
vn 0.4531 -0.6168 -0.6436
vn 0.3968 -0.7988 -0.4522
vn 0.3597 -0.7247 -0.5878
vn 0.3135 -0.6322 -0.7085
vn 0.2878 -0.8821 -0.3730
vn 0.2525 -0.8196 -0.5142
vn 0.2098 -0.7342 -0.6457
vn 0.1628 -0.6322 -0.7575
vn 0.1744 -0.9421 -0.2865
vn 0.1389 -0.8934 -0.4274
vn 0.0980 -0.8196 -0.5645
vn 0.0545 -0.7247 -0.6869
vn 0.0118 -0.6168 -0.7870
vn 0.0648 -0.9777 -0.1996
vn 0.0273 -0.9421 -0.3343
vn -0.0136 -0.8821 -0.4709
vn -0.0552 -0.7988 -0.5991
vn -0.0947 -0.6981 -0.7097
vn -0.1295 -0.5891 -0.7976
vn -0.3641 -0.5891 -0.7214
vn -0.3406 -0.6981 -0.6298
vn -0.4721 -0.6168 -0.6298
vn -0.3074 -0.7988 -0.5171
vn -0.4479 -0.7247 -0.5237
vn -0.5770 -0.6322 -0.5171
vn -0.2658 -0.8821 -0.3889
vn -0.4110 -0.8196 -0.3991
vn -0.5493 -0.7342 -0.3991
vn -0.6701 -0.6322 -0.3889
vn -0.2186 -0.9421 -0.2544
vn -0.3635 -0.8934 -0.2641
vn -0.5066 -0.8196 -0.2676
vn -0.6365 -0.7247 -0.2641
vn -0.7449 -0.6168 -0.2544
vn -0.1698 -0.9777 -0.1233
vn -0.3095 -0.9421 -0.1293
vn -0.4520 -0.8821 -0.1326
vn -0.5868 -0.7988 -0.1326
vn -0.7042 -0.6981 -0.1293
vn -0.7986 -0.5891 -0.1233
vn -0.7986 -0.5891 0.1233
vn -0.7042 -0.6981 0.1293
vn -0.7449 -0.6168 0.2544
vn -0.5868 -0.7988 0.1326
vn -0.6365 -0.7247 0.2641
vn -0.6701 -0.6322 0.3889
vn -0.4520 -0.8821 0.1326
vn -0.5066 -0.8196 0.2676
vn -0.5493 -0.7342 0.3991
vn -0.5770 -0.6322 0.5171
vn -0.3095 -0.9421 0.1293
vn -0.3635 -0.8934 0.2641
vn -0.4110 -0.8196 0.3991
vn -0.4479 -0.7247 0.5237
vn -0.4721 -0.6168 0.6298
vn -0.1698 -0.9777 0.1233
vn -0.2186 -0.9421 0.2544
vn -0.2658 -0.8821 0.3889
vn -0.3074 -0.7988 0.5171
vn -0.3406 -0.6981 0.6298
vn -0.3641 -0.5891 0.7214
vn 0.7186 -0.5891 -0.3696
vn 0.7521 -0.6168 -0.2320
vn 0.6457 -0.6981 -0.3093
vn 0.7707 -0.6322 -0.0792
vn 0.6702 -0.7247 -0.1604
vn 0.5527 -0.7988 -0.2376
vn 0.7707 -0.6322 0.0792
vn 0.6789 -0.7342 -0.0000
vn 0.5671 -0.8196 -0.0812
vn 0.4436 -0.8821 -0.1584
vn 0.7521 -0.6168 0.2320
vn 0.6702 -0.7247 0.1604
vn 0.5671 -0.8196 0.0812
vn 0.4493 -0.8934 -0.0000
vn 0.3264 -0.9421 -0.0773
vn 0.7186 -0.5891 0.3696
vn 0.6457 -0.6981 0.3093
vn 0.5527 -0.7988 0.2377
vn 0.4436 -0.8821 0.1584
vn 0.3264 -0.9421 0.0773
vn 0.2098 -0.9777 -0.0000
vn -0.1295 -0.5891 0.7976
vn -0.0947 -0.6981 0.7097
vn 0.0118 -0.6168 0.7870
vn -0.0552 -0.7988 0.5991
vn 0.0545 -0.7247 0.6869
vn 0.1628 -0.6322 0.7575
vn -0.0136 -0.8821 0.4709
vn 0.0980 -0.8196 0.5645
vn 0.2098 -0.7342 0.6457
vn 0.3135 -0.6322 0.7085
vn 0.0273 -0.9421 0.3343
vn 0.1389 -0.8934 0.4274
vn 0.2525 -0.8196 0.5142
vn 0.3597 -0.7247 0.5878
vn 0.4531 -0.6168 0.6436
vn 0.0648 -0.9777 0.1996
vn 0.1744 -0.9421 0.2865
vn 0.2878 -0.8821 0.3730
vn 0.3968 -0.7988 0.4522
vn 0.4937 -0.6981 0.5185
vn 0.5736 -0.5891 0.5692
s 1
f 1285//1285 1304//1304 1303//1303
f 1286//1286 1310//1310 1324//1324
f 1285//1285 1303//1303 1338//1338
f 1285//1285 1338//1338 1352//1352
f 1285//1285 1352//1352 1325//1325
f 1286//1286 1324//1324 1373//1373
f 1287//1287 1317//1317 1387//1387
f 1288//1288 1345//1345 1401//1401
f 1289//1289 1359//1359 1415//1415
f 1290//1290 1366//1366 1429//1429
f 1286//1286 1373//1373 1388//1388
f 1287//1287 1387//1387 1402//1402
f 1288//1288 1401//1401 1416//1416
f 1289//1289 1415//1415 1430//1430
f 1290//1290 1429//1429 1374//1374
f 1291//1291 1443//1443 1478//1478
f 1292//1292 1450//1450 1492//1492
f 1293//1293 1457//1457 1499//1499
f 1294//1294 1464//1464 1506//1506
f 1295//1295 1471//1471 1479//1479
f 1485//1485 1500//1500 1296//1296
f 1484//1484 1507//1507 1485//1485
f 1483//1483 1508//1508 1484//1484
f 1482//1482 1510//1510 1483//1483
f 1481//1481 1513//1513 1482//1482
f 1480//1480 1517//1517 1481//1481
f 1479//1479 1522//1522 1480//1480
f 1485//1485 1507//1507 1500//1500
f 1507//1507 1501//1501 1500//1500
f 1484//1484 1508//1508 1507//1507
f 1508//1508 1509//1509 1507//1507
f 1507//1507 1509//1509 1501//1501
f 1509//1509 1502//1502 1501//1501
f 1483//1483 1510//1510 1508//1508
f 1510//1510 1511//1511 1508//1508
f 1508//1508 1511//1511 1509//1509
f 1511//1511 1512//1512 1509//1509
f 1509//1509 1512//1512 1502//1502
f 1512//1512 1503//1503 1502//1502
f 1482//1482 1513//1513 1510//1510
f 1513//1513 1514//1514 1510//1510
f 1510//1510 1514//1514 1511//1511
f 1514//1514 1515//1515 1511//1511
f 1511//1511 1515//1515 1512//1512
f 1515//1515 1516//1516 1512//1512
f 1512//1512 1516//1516 1503//1503
f 1516//1516 1504//1504 1503//1503
f 1481//1481 1517//1517 1513//1513
f 1517//1517 1518//1518 1513//1513
f 1513//1513 1518//1518 1514//1514
f 1518//1518 1519//1519 1514//1514
f 1514//1514 1519//1519 1515//1515
f 1519//1519 1520//1520 1515//1515
f 1515//1515 1520//1520 1516//1516
f 1520//1520 1521//1521 1516//1516
f 1516//1516 1521//1521 1504//1504
f 1521//1521 1505//1505 1504//1504
f 1480//1480 1522//1522 1517//1517
f 1522//1522 1523//1523 1517//1517
f 1517//1517 1523//1523 1518//1518
f 1523//1523 1524//1524 1518//1518
f 1518//1518 1524//1524 1519//1519
f 1524//1524 1525//1525 1519//1519
f 1519//1519 1525//1525 1520//1520
f 1525//1525 1526//1526 1520//1520
f 1520//1520 1526//1526 1521//1521
f 1526//1526 1527//1527 1521//1521
f 1521//1521 1527//1527 1505//1505
f 1527//1527 1506//1506 1505//1505
f 1479//1479 1471//1471 1522//1522
f 1471//1471 1470//1470 1522//1522
f 1522//1522 1470//1470 1523//1523
f 1470//1470 1469//1469 1523//1523
f 1523//1523 1469//1469 1524//1524
f 1469//1469 1468//1468 1524//1524
f 1524//1524 1468//1468 1525//1525
f 1468//1468 1467//1467 1525//1525
f 1525//1525 1467//1467 1526//1526
f 1467//1467 1466//1466 1526//1526
f 1526//1526 1466//1466 1527//1527
f 1466//1466 1465//1465 1527//1527
f 1527//1527 1465//1465 1506//1506
f 1465//1465 1294//1294 1506//1506
f 1500//1500 1493//1493 1296//1296
f 1501//1501 1528//1528 1500//1500
f 1502//1502 1529//1529 1501//1501
f 1503//1503 1531//1531 1502//1502
f 1504//1504 1534//1534 1503//1503
f 1505//1505 1538//1538 1504//1504
f 1506//1506 1543//1543 1505//1505
f 1500//1500 1528//1528 1493//1493
f 1528//1528 1494//1494 1493//1493
f 1501//1501 1529//1529 1528//1528
f 1529//1529 1530//1530 1528//1528
f 1528//1528 1530//1530 1494//1494
f 1530//1530 1495//1495 1494//1494
f 1502//1502 1531//1531 1529//1529
f 1531//1531 1532//1532 1529//1529
f 1529//1529 1532//1532 1530//1530
f 1532//1532 1533//1533 1530//1530
f 1530//1530 1533//1533 1495//1495
f 1533//1533 1496//1496 1495//1495
f 1503//1503 1534//1534 1531//1531
f 1534//1534 1535//1535 1531//1531
f 1531//1531 1535//1535 1532//1532
f 1535//1535 1536//1536 1532//1532
f 1532//1532 1536//1536 1533//1533
f 1536//1536 1537//1537 1533//1533
f 1533//1533 1537//1537 1496//1496
f 1537//1537 1497//1497 1496//1496
f 1504//1504 1538//1538 1534//1534
f 1538//1538 1539//1539 1534//1534
f 1534//1534 1539//1539 1535//1535
f 1539//1539 1540//1540 1535//1535
f 1535//1535 1540//1540 1536//1536
f 1540//1540 1541//1541 1536//1536
f 1536//1536 1541//1541 1537//1537
f 1541//1541 1542//1542 1537//1537
f 1537//1537 1542//1542 1497//1497
f 1542//1542 1498//1498 1497//1497
f 1505//1505 1543//1543 1538//1538
f 1543//1543 1544//1544 1538//1538
f 1538//1538 1544//1544 1539//1539
f 1544//1544 1545//1545 1539//1539
f 1539//1539 1545//1545 1540//1540
f 1545//1545 1546//1546 1540//1540
f 1540//1540 1546//1546 1541//1541
f 1546//1546 1547//1547 1541//1541
f 1541//1541 1547//1547 1542//1542
f 1547//1547 1548//1548 1542//1542
f 1542//1542 1548//1548 1498//1498
f 1548//1548 1499//1499 1498//1498
f 1506//1506 1464//1464 1543//1543
f 1464//1464 1463//1463 1543//1543
f 1543//1543 1463//1463 1544//1544
f 1463//1463 1462//1462 1544//1544
f 1544//1544 1462//1462 1545//1545
f 1462//1462 1461//1461 1545//1545
f 1545//1545 1461//1461 1546//1546
f 1461//1461 1460//1460 1546//1546
f 1546//1546 1460//1460 1547//1547
f 1460//1460 1459//1459 1547//1547
f 1547//1547 1459//1459 1548//1548
f 1459//1459 1458//1458 1548//1548
f 1548//1548 1458//1458 1499//1499
f 1458//1458 1293//1293 1499//1499
f 1493//1493 1486//1486 1296//1296
f 1494//1494 1549//1549 1493//1493
f 1495//1495 1550//1550 1494//1494
f 1496//1496 1552//1552 1495//1495
f 1497//1497 1555//1555 1496//1496
f 1498//1498 1559//1559 1497//1497
f 1499//1499 1564//1564 1498//1498
f 1493//1493 1549//1549 1486//1486
f 1549//1549 1487//1487 1486//1486
f 1494//1494 1550//1550 1549//1549
f 1550//1550 1551//1551 1549//1549
f 1549//1549 1551//1551 1487//1487
f 1551//1551 1488//1488 1487//1487
f 1495//1495 1552//1552 1550//1550
f 1552//1552 1553//1553 1550//1550
f 1550//1550 1553//1553 1551//1551
f 1553//1553 1554//1554 1551//1551
f 1551//1551 1554//1554 1488//1488
f 1554//1554 1489//1489 1488//1488
f 1496//1496 1555//1555 1552//1552
f 1555//1555 1556//1556 1552//1552
f 1552//1552 1556//1556 1553//1553
f 1556//1556 1557//1557 1553//1553
f 1553//1553 1557//1557 1554//1554
f 1557//1557 1558//1558 1554//1554
f 1554//1554 1558//1558 1489//1489
f 1558//1558 1490//1490 1489//1489
f 1497//1497 1559//1559 1555//1555
f 1559//1559 1560//1560 1555//1555
f 1555//1555 1560//1560 1556//1556
f 1560//1560 1561//1561 1556//1556
f 1556//1556 1561//1561 1557//1557
f 1561//1561 1562//1562 1557//1557
f 1557//1557 1562//1562 1558//1558
f 1562//1562 1563//1563 1558//1558
f 1558//1558 1563//1563 1490//1490
f 1563//1563 1491//1491 1490//1490
f 1498//1498 1564//1564 1559//1559
f 1564//1564 1565//1565 1559//1559
f 1559//1559 1565//1565 1560//1560
f 1565//1565 1566//1566 1560//1560
f 1560//1560 1566//1566 1561//1561
f 1566//1566 1567//1567 1561//1561
f 1561//1561 1567//1567 1562//1562
f 1567//1567 1568//1568 1562//1562
f 1562//1562 1568//1568 1563//1563
f 1568//1568 1569//1569 1563//1563
f 1563//1563 1569//1569 1491//1491
f 1569//1569 1492//1492 1491//1491
f 1499//1499 1457//1457 1564//1564
f 1457//1457 1456//1456 1564//1564
f 1564//1564 1456//1456 1565//1565
f 1456//1456 1455//1455 1565//1565
f 1565//1565 1455//1455 1566//1566
f 1455//1455 1454//1454 1566//1566
f 1566//1566 1454//1454 1567//1567
f 1454//1454 1453//1453 1567//1567
f 1567//1567 1453//1453 1568//1568
f 1453//1453 1452//1452 1568//1568
f 1568//1568 1452//1452 1569//1569
f 1452//1452 1451//1451 1569//1569
f 1569//1569 1451//1451 1492//1492
f 1451//1451 1292//1292 1492//1492
f 1486//1486 1472//1472 1296//1296
f 1487//1487 1570//1570 1486//1486
f 1488//1488 1571//1571 1487//1487
f 1489//1489 1573//1573 1488//1488
f 1490//1490 1576//1576 1489//1489
f 1491//1491 1580//1580 1490//1490
f 1492//1492 1585//1585 1491//1491
f 1486//1486 1570//1570 1472//1472
f 1570//1570 1473//1473 1472//1472
f 1487//1487 1571//1571 1570//1570
f 1571//1571 1572//1572 1570//1570
f 1570//1570 1572//1572 1473//1473
f 1572//1572 1474//1474 1473//1473
f 1488//1488 1573//1573 1571//1571
f 1573//1573 1574//1574 1571//1571
f 1571//1571 1574//1574 1572//1572
f 1574//1574 1575//1575 1572//1572
f 1572//1572 1575//1575 1474//1474
f 1575//1575 1475//1475 1474//1474
f 1489//1489 1576//1576 1573//1573
f 1576//1576 1577//1577 1573//1573
f 1573//1573 1577//1577 1574//1574
f 1577//1577 1578//1578 1574//1574
f 1574//1574 1578//1578 1575//1575
f 1578//1578 1579//1579 1575//1575
f 1575//1575 1579//1579 1475//1475
f 1579//1579 1476//1476 1475//1475
f 1490//1490 1580//1580 1576//1576
f 1580//1580 1581//1581 1576//1576
f 1576//1576 1581//1581 1577//1577
f 1581//1581 1582//1582 1577//1577
f 1577//1577 1582//1582 1578//1578
f 1582//1582 1583//1583 1578//1578
f 1578//1578 1583//1583 1579//1579
f 1583//1583 1584//1584 1579//1579
f 1579//1579 1584//1584 1476//1476
f 1584//1584 1477//1477 1476//1476
f 1491//1491 1585//1585 1580//1580
f 1585//1585 1586//1586 1580//1580
f 1580//1580 1586//1586 1581//1581
f 1586//1586 1587//1587 1581//1581
f 1581//1581 1587//1587 1582//1582
f 1587//1587 1588//1588 1582//1582
f 1582//1582 1588//1588 1583//1583
f 1588//1588 1589//1589 1583//1583
f 1583//1583 1589//1589 1584//1584
f 1589//1589 1590//1590 1584//1584
f 1584//1584 1590//1590 1477//1477
f 1590//1590 1478//1478 1477//1477
f 1492//1492 1450//1450 1585//1585
f 1450//1450 1449//1449 1585//1585
f 1585//1585 1449//1449 1586//1586
f 1449//1449 1448//1448 1586//1586
f 1586//1586 1448//1448 1587//1587
f 1448//1448 1447//1447 1587//1587
f 1587//1587 1447//1447 1588//1588
f 1447//1447 1446//1446 1588//1588
f 1588//1588 1446//1446 1589//1589
f 1446//1446 1445//1445 1589//1589
f 1589//1589 1445//1445 1590//1590
f 1445//1445 1444//1444 1590//1590
f 1590//1590 1444//1444 1478//1478
f 1444//1444 1291//1291 1478//1478
f 1472//1472 1485//1485 1296//1296
f 1473//1473 1591//1591 1472//1472
f 1474//1474 1592//1592 1473//1473
f 1475//1475 1594//1594 1474//1474
f 1476//1476 1597//1597 1475//1475
f 1477//1477 1601//1601 1476//1476
f 1478//1478 1606//1606 1477//1477
f 1472//1472 1591//1591 1485//1485
f 1591//1591 1484//1484 1485//1485
f 1473//1473 1592//1592 1591//1591
f 1592//1592 1593//1593 1591//1591
f 1591//1591 1593//1593 1484//1484
f 1593//1593 1483//1483 1484//1484
f 1474//1474 1594//1594 1592//1592
f 1594//1594 1595//1595 1592//1592
f 1592//1592 1595//1595 1593//1593
f 1595//1595 1596//1596 1593//1593
f 1593//1593 1596//1596 1483//1483
f 1596//1596 1482//1482 1483//1483
f 1475//1475 1597//1597 1594//1594
f 1597//1597 1598//1598 1594//1594
f 1594//1594 1598//1598 1595//1595
f 1598//1598 1599//1599 1595//1595
f 1595//1595 1599//1599 1596//1596
f 1599//1599 1600//1600 1596//1596
f 1596//1596 1600//1600 1482//1482
f 1600//1600 1481//1481 1482//1482
f 1476//1476 1601//1601 1597//1597
f 1601//1601 1602//1602 1597//1597
f 1597//1597 1602//1602 1598//1598
f 1602//1602 1603//1603 1598//1598
f 1598//1598 1603//1603 1599//1599
f 1603//1603 1604//1604 1599//1599
f 1599//1599 1604//1604 1600//1600
f 1604//1604 1605//1605 1600//1600
f 1600//1600 1605//1605 1481//1481
f 1605//1605 1480//1480 1481//1481
f 1477//1477 1606//1606 1601//1601
f 1606//1606 1607//1607 1601//1601
f 1601//1601 1607//1607 1602//1602
f 1607//1607 1608//1608 1602//1602
f 1602//1602 1608//1608 1603//1603
f 1608//1608 1609//1609 1603//1603
f 1603//1603 1609//1609 1604//1604
f 1609//1609 1610//1610 1604//1604
f 1604//1604 1610//1610 1605//1605
f 1610//1610 1611//1611 1605//1605
f 1605//1605 1611//1611 1480//1480
f 1611//1611 1479//1479 1480//1480
f 1478//1478 1443//1443 1606//1606
f 1443//1443 1442//1442 1606//1606
f 1606//1606 1442//1442 1607//1607
f 1442//1442 1441//1441 1607//1607
f 1607//1607 1441//1441 1608//1608
f 1441//1441 1440//1440 1608//1608
f 1608//1608 1440//1440 1609//1609
f 1440//1440 1439//1439 1609//1609
f 1609//1609 1439//1439 1610//1610
f 1439//1439 1438//1438 1610//1610
f 1610//1610 1438//1438 1611//1611
f 1438//1438 1437//1437 1611//1611
f 1611//1611 1437//1437 1479//1479
f 1437//1437 1295//1295 1479//1479
f 1380//1380 1471//1471 1295//1295
f 1379//1379 1612//1612 1380//1380
f 1378//1378 1613//1613 1379//1379
f 1377//1377 1615//1615 1378//1378
f 1376//1376 1618//1618 1377//1377
f 1375//1375 1622//1622 1376//1376
f 1374//1374 1627//1627 1375//1375
f 1380//1380 1612//1612 1471//1471
f 1612//1612 1470//1470 1471//1471
f 1379//1379 1613//1613 1612//1612
f 1613//1613 1614//1614 1612//1612
f 1612//1612 1614//1614 1470//1470
f 1614//1614 1469//1469 1470//1470
f 1378//1378 1615//1615 1613//1613
f 1615//1615 1616//1616 1613//1613
f 1613//1613 1616//1616 1614//1614
f 1616//1616 1617//1617 1614//1614
f 1614//1614 1617//1617 1469//1469
f 1617//1617 1468//1468 1469//1469
f 1377//1377 1618//1618 1615//1615
f 1618//1618 1619//1619 1615//1615
f 1615//1615 1619//1619 1616//1616
f 1619//1619 1620//1620 1616//1616
f 1616//1616 1620//1620 1617//1617
f 1620//1620 1621//1621 1617//1617
f 1617//1617 1621//1621 1468//1468
f 1621//1621 1467//1467 1468//1468
f 1376//1376 1622//1622 1618//1618
f 1622//1622 1623//1623 1618//1618
f 1618//1618 1623//1623 1619//1619
f 1623//1623 1624//1624 1619//1619
f 1619//1619 1624//1624 1620//1620
f 1624//1624 1625//1625 1620//1620
f 1620//1620 1625//1625 1621//1621
f 1625//1625 1626//1626 1621//1621
f 1621//1621 1626//1626 1467//1467
f 1626//1626 1466//1466 1467//1467
f 1375//1375 1627//1627 1622//1622
f 1627//1627 1628//1628 1622//1622
f 1622//1622 1628//1628 1623//1623
f 1628//1628 1629//1629 1623//1623
f 1623//1623 1629//1629 1624//1624
f 1629//1629 1630//1630 1624//1624
f 1624//1624 1630//1630 1625//1625
f 1630//1630 1631//1631 1625//1625
f 1625//1625 1631//1631 1626//1626
f 1631//1631 1632//1632 1626//1626
f 1626//1626 1632//1632 1466//1466
f 1632//1632 1465//1465 1466//1466
f 1374//1374 1429//1429 1627//1627
f 1429//1429 1428//1428 1627//1627
f 1627//1627 1428//1428 1628//1628
f 1428//1428 1427//1427 1628//1628
f 1628//1628 1427//1427 1629//1629
f 1427//1427 1426//1426 1629//1629
f 1629//1629 1426//1426 1630//1630
f 1426//1426 1425//1425 1630//1630
f 1630//1630 1425//1425 1631//1631
f 1425//1425 1424//1424 1631//1631
f 1631//1631 1424//1424 1632//1632
f 1424//1424 1423//1423 1632//1632
f 1632//1632 1423//1423 1465//1465
f 1423//1423 1294//1294 1465//1465
f 1436//1436 1464//1464 1294//1294
f 1435//1435 1633//1633 1436//1436
f 1434//1434 1634//1634 1435//1435
f 1433//1433 1636//1636 1434//1434
f 1432//1432 1639//1639 1433//1433
f 1431//1431 1643//1643 1432//1432
f 1430//1430 1648//1648 1431//1431
f 1436//1436 1633//1633 1464//1464
f 1633//1633 1463//1463 1464//1464
f 1435//1435 1634//1634 1633//1633
f 1634//1634 1635//1635 1633//1633
f 1633//1633 1635//1635 1463//1463
f 1635//1635 1462//1462 1463//1463
f 1434//1434 1636//1636 1634//1634
f 1636//1636 1637//1637 1634//1634
f 1634//1634 1637//1637 1635//1635
f 1637//1637 1638//1638 1635//1635
f 1635//1635 1638//1638 1462//1462
f 1638//1638 1461//1461 1462//1462
f 1433//1433 1639//1639 1636//1636
f 1639//1639 1640//1640 1636//1636
f 1636//1636 1640//1640 1637//1637
f 1640//1640 1641//1641 1637//1637
f 1637//1637 1641//1641 1638//1638
f 1641//1641 1642//1642 1638//1638
f 1638//1638 1642//1642 1461//1461
f 1642//1642 1460//1460 1461//1461
f 1432//1432 1643//1643 1639//1639
f 1643//1643 1644//1644 1639//1639
f 1639//1639 1644//1644 1640//1640
f 1644//1644 1645//1645 1640//1640
f 1640//1640 1645//1645 1641//1641
f 1645//1645 1646//1646 1641//1641
f 1641//1641 1646//1646 1642//1642
f 1646//1646 1647//1647 1642//1642
f 1642//1642 1647//1647 1460//1460
f 1647//1647 1459//1459 1460//1460
f 1431//1431 1648//1648 1643//1643
f 1648//1648 1649//1649 1643//1643
f 1643//1643 1649//1649 1644//1644
f 1649//1649 1650//1650 1644//1644
f 1644//1644 1650//1650 1645//1645
f 1650//1650 1651//1651 1645//1645
f 1645//1645 1651//1651 1646//1646
f 1651//1651 1652//1652 1646//1646
f 1646//1646 1652//1652 1647//1647
f 1652//1652 1653//1653 1647//1647
f 1647//1647 1653//1653 1459//1459
f 1653//1653 1458//1458 1459//1459
f 1430//1430 1415//1415 1648//1648
f 1415//1415 1414//1414 1648//1648
f 1648//1648 1414//1414 1649//1649
f 1414//1414 1413//1413 1649//1649
f 1649//1649 1413//1413 1650//1650
f 1413//1413 1412//1412 1650//1650
f 1650//1650 1412//1412 1651//1651
f 1412//1412 1411//1411 1651//1651
f 1651//1651 1411//1411 1652//1652
f 1411//1411 1410//1410 1652//1652
f 1652//1652 1410//1410 1653//1653
f 1410//1410 1409//1409 1653//1653
f 1653//1653 1409//1409 1458//1458
f 1409//1409 1293//1293 1458//1458
f 1422//1422 1457//1457 1293//1293
f 1421//1421 1654//1654 1422//1422
f 1420//1420 1655//1655 1421//1421
f 1419//1419 1657//1657 1420//1420
f 1418//1418 1660//1660 1419//1419
f 1417//1417 1664//1664 1418//1418
f 1416//1416 1669//1669 1417//1417
f 1422//1422 1654//1654 1457//1457
f 1654//1654 1456//1456 1457//1457
f 1421//1421 1655//1655 1654//1654
f 1655//1655 1656//1656 1654//1654
f 1654//1654 1656//1656 1456//1456
f 1656//1656 1455//1455 1456//1456
f 1420//1420 1657//1657 1655//1655
f 1657//1657 1658//1658 1655//1655
f 1655//1655 1658//1658 1656//1656
f 1658//1658 1659//1659 1656//1656
f 1656//1656 1659//1659 1455//1455
f 1659//1659 1454//1454 1455//1455
f 1419//1419 1660//1660 1657//1657
f 1660//1660 1661//1661 1657//1657
f 1657//1657 1661//1661 1658//1658
f 1661//1661 1662//1662 1658//1658
f 1658//1658 1662//1662 1659//1659
f 1662//1662 1663//1663 1659//1659
f 1659//1659 1663//1663 1454//1454
f 1663//1663 1453//1453 1454//1454
f 1418//1418 1664//1664 1660//1660
f 1664//1664 1665//1665 1660//1660
f 1660//1660 1665//1665 1661//1661
f 1665//1665 1666//1666 1661//1661
f 1661//1661 1666//1666 1662//1662
f 1666//1666 1667//1667 1662//1662
f 1662//1662 1667//1667 1663//1663
f 1667//1667 1668//1668 1663//1663
f 1663//1663 1668//1668 1453//1453
f 1668//1668 1452//1452 1453//1453
f 1417//1417 1669//1669 1664//1664
f 1669//1669 1670//1670 1664//1664
f 1664//1664 1670//1670 1665//1665
f 1670//1670 1671//1671 1665//1665
f 1665//1665 1671//1671 1666//1666
f 1671//1671 1672//1672 1666//1666
f 1666//1666 1672//1672 1667//1667
f 1672//1672 1673//1673 1667//1667
f 1667//1667 1673//1673 1668//1668
f 1673//1673 1674//1674 1668//1668
f 1668//1668 1674//1674 1452//1452
f 1674//1674 1451//1451 1452//1452
f 1416//1416 1401//1401 1669//1669
f 1401//1401 1400//1400 1669//1669
f 1669//1669 1400//1400 1670//1670
f 1400//1400 1399//1399 1670//1670
f 1670//1670 1399//1399 1671//1671
f 1399//1399 1398//1398 1671//1671
f 1671//1671 1398//1398 1672//1672
f 1398//1398 1397//1397 1672//1672
f 1672//1672 1397//1397 1673//1673
f 1397//1397 1396//1396 1673//1673
f 1673//1673 1396//1396 1674//1674
f 1396//1396 1395//1395 1674//1674
f 1674//1674 1395//1395 1451//1451
f 1395//1395 1292//1292 1451//1451
f 1408//1408 1450//1450 1292//1292
f 1407//1407 1675//1675 1408//1408
f 1406//1406 1676//1676 1407//1407
f 1405//1405 1678//1678 1406//1406
f 1404//1404 1681//1681 1405//1405
f 1403//1403 1685//1685 1404//1404
f 1402//1402 1690//1690 1403//1403
f 1408//1408 1675//1675 1450//1450
f 1675//1675 1449//1449 1450//1450
f 1407//1407 1676//1676 1675//1675
f 1676//1676 1677//1677 1675//1675
f 1675//1675 1677//1677 1449//1449
f 1677//1677 1448//1448 1449//1449
f 1406//1406 1678//1678 1676//1676
f 1678//1678 1679//1679 1676//1676
f 1676//1676 1679//1679 1677//1677
f 1679//1679 1680//1680 1677//1677
f 1677//1677 1680//1680 1448//1448
f 1680//1680 1447//1447 1448//1448
f 1405//1405 1681//1681 1678//1678
f 1681//1681 1682//1682 1678//1678
f 1678//1678 1682//1682 1679//1679
f 1682//1682 1683//1683 1679//1679
f 1679//1679 1683//1683 1680//1680
f 1683//1683 1684//1684 1680//1680
f 1680//1680 1684//1684 1447//1447
f 1684//1684 1446//1446 1447//1447
f 1404//1404 1685//1685 1681//1681
f 1685//1685 1686//1686 1681//1681
f 1681//1681 1686//1686 1682//1682
f 1686//1686 1687//1687 1682//1682
f 1682//1682 1687//1687 1683//1683
f 1687//1687 1688//1688 1683//1683
f 1683//1683 1688//1688 1684//1684
f 1688//1688 1689//1689 1684//1684
f 1684//1684 1689//1689 1446//1446
f 1689//1689 1445//1445 1446//1446
f 1403//1403 1690//1690 1685//1685
f 1690//1690 1691//1691 1685//1685
f 1685//1685 1691//1691 1686//1686
f 1691//1691 1692//1692 1686//1686
f 1686//1686 1692//1692 1687//1687
f 1692//1692 1693//1693 1687//1687
f 1687//1687 1693//1693 1688//1688
f 1693//1693 1694//1694 1688//1688
f 1688//1688 1694//1694 1689//1689
f 1694//1694 1695//1695 1689//1689
f 1689//1689 1695//1695 1445//1445
f 1695//1695 1444//1444 1445//1445
f 1402//1402 1387//1387 1690//1690
f 1387//1387 1386//1386 1690//1690
f 1690//1690 1386//1386 1691//1691
f 1386//1386 1385//1385 1691//1691
f 1691//1691 1385//1385 1692//1692
f 1385//1385 1384//1384 1692//1692
f 1692//1692 1384//1384 1693//1693
f 1384//1384 1383//1383 1693//1693
f 1693//1693 1383//1383 1694//1694
f 1383//1383 1382//1382 1694//1694
f 1694//1694 1382//1382 1695//1695
f 1382//1382 1381//1381 1695//1695
f 1695//1695 1381//1381 1444//1444
f 1381//1381 1291//1291 1444//1444
f 1394//1394 1443//1443 1291//1291
f 1393//1393 1696//1696 1394//1394
f 1392//1392 1697//1697 1393//1393
f 1391//1391 1699//1699 1392//1392
f 1390//1390 1702//1702 1391//1391
f 1389//1389 1706//1706 1390//1390
f 1388//1388 1711//1711 1389//1389
f 1394//1394 1696//1696 1443//1443
f 1696//1696 1442//1442 1443//1443
f 1393//1393 1697//1697 1696//1696
f 1697//1697 1698//1698 1696//1696
f 1696//1696 1698//1698 1442//1442
f 1698//1698 1441//1441 1442//1442
f 1392//1392 1699//1699 1697//1697
f 1699//1699 1700//1700 1697//1697
f 1697//1697 1700//1700 1698//1698
f 1700//1700 1701//1701 1698//1698
f 1698//1698 1701//1701 1441//1441
f 1701//1701 1440//1440 1441//1441
f 1391//1391 1702//1702 1699//1699
f 1702//1702 1703//1703 1699//1699
f 1699//1699 1703//1703 1700//1700
f 1703//1703 1704//1704 1700//1700
f 1700//1700 1704//1704 1701//1701
f 1704//1704 1705//1705 1701//1701
f 1701//1701 1705//1705 1440//1440
f 1705//1705 1439//1439 1440//1440
f 1390//1390 1706//1706 1702//1702
f 1706//1706 1707//1707 1702//1702
f 1702//1702 1707//1707 1703//1703
f 1707//1707 1708//1708 1703//1703
f 1703//1703 1708//1708 1704//1704
f 1708//1708 1709//1709 1704//1704
f 1704//1704 1709//1709 1705//1705
f 1709//1709 1710//1710 1705//1705
f 1705//1705 1710//1710 1439//1439
f 1710//1710 1438//1438 1439//1439
f 1389//1389 1711//1711 1706//1706
f 1711//1711 1712//1712 1706//1706
f 1706//1706 1712//1712 1707//1707
f 1712//1712 1713//1713 1707//1707
f 1707//1707 1713//1713 1708//1708
f 1713//1713 1714//1714 1708//1708
f 1708//1708 1714//1714 1709//1709
f 1714//1714 1715//1715 1709//1709
f 1709//1709 1715//1715 1710//1710
f 1715//1715 1716//1716 1710//1710
f 1710//1710 1716//1716 1438//1438
f 1716//1716 1437//1437 1438//1438
f 1388//1388 1373//1373 1711//1711
f 1373//1373 1372//1372 1711//1711
f 1711//1711 1372//1372 1712//1712
f 1372//1372 1371//1371 1712//1712
f 1712//1712 1371//1371 1713//1713
f 1371//1371 1370//1370 1713//1713
f 1713//1713 1370//1370 1714//1714
f 1370//1370 1369//1369 1714//1714
f 1714//1714 1369//1369 1715//1715
f 1369//1369 1368//1368 1715//1715
f 1715//1715 1368//1368 1716//1716
f 1368//1368 1367//1367 1716//1716
f 1716//1716 1367//1367 1437//1437
f 1367//1367 1295//1295 1437//1437
f 1423//1423 1436//1436 1294//1294
f 1424//1424 1717//1717 1423//1423
f 1425//1425 1718//1718 1424//1424
f 1426//1426 1720//1720 1425//1425
f 1427//1427 1723//1723 1426//1426
f 1428//1428 1727//1727 1427//1427
f 1429//1429 1732//1732 1428//1428
f 1423//1423 1717//1717 1436//1436
f 1717//1717 1435//1435 1436//1436
f 1424//1424 1718//1718 1717//1717
f 1718//1718 1719//1719 1717//1717
f 1717//1717 1719//1719 1435//1435
f 1719//1719 1434//1434 1435//1435
f 1425//1425 1720//1720 1718//1718
f 1720//1720 1721//1721 1718//1718
f 1718//1718 1721//1721 1719//1719
f 1721//1721 1722//1722 1719//1719
f 1719//1719 1722//1722 1434//1434
f 1722//1722 1433//1433 1434//1434
f 1426//1426 1723//1723 1720//1720
f 1723//1723 1724//1724 1720//1720
f 1720//1720 1724//1724 1721//1721
f 1724//1724 1725//1725 1721//1721
f 1721//1721 1725//1725 1722//1722
f 1725//1725 1726//1726 1722//1722
f 1722//1722 1726//1726 1433//1433
f 1726//1726 1432//1432 1433//1433
f 1427//1427 1727//1727 1723//1723
f 1727//1727 1728//1728 1723//1723
f 1723//1723 1728//1728 1724//1724
f 1728//1728 1729//1729 1724//1724
f 1724//1724 1729//1729 1725//1725
f 1729//1729 1730//1730 1725//1725
f 1725//1725 1730//1730 1726//1726
f 1730//1730 1731//1731 1726//1726
f 1726//1726 1731//1731 1432//1432
f 1731//1731 1431//1431 1432//1432
f 1428//1428 1732//1732 1727//1727
f 1732//1732 1733//1733 1727//1727
f 1727//1727 1733//1733 1728//1728
f 1733//1733 1734//1734 1728//1728
f 1728//1728 1734//1734 1729//1729
f 1734//1734 1735//1735 1729//1729
f 1729//1729 1735//1735 1730//1730
f 1735//1735 1736//1736 1730//1730
f 1730//1730 1736//1736 1731//1731
f 1736//1736 1737//1737 1731//1731
f 1731//1731 1737//1737 1431//1431
f 1737//1737 1430//1430 1431//1431
f 1429//1429 1366//1366 1732//1732
f 1366//1366 1365//1365 1732//1732
f 1732//1732 1365//1365 1733//1733
f 1365//1365 1364//1364 1733//1733
f 1733//1733 1364//1364 1734//1734
f 1364//1364 1363//1363 1734//1734
f 1734//1734 1363//1363 1735//1735
f 1363//1363 1362//1362 1735//1735
f 1735//1735 1362//1362 1736//1736
f 1362//1362 1361//1361 1736//1736
f 1736//1736 1361//1361 1737//1737
f 1361//1361 1360//1360 1737//1737
f 1737//1737 1360//1360 1430//1430
f 1360//1360 1289//1289 1430//1430
f 1409//1409 1422//1422 1293//1293
f 1410//1410 1738//1738 1409//1409
f 1411//1411 1739//1739 1410//1410
f 1412//1412 1741//1741 1411//1411
f 1413//1413 1744//1744 1412//1412
f 1414//1414 1748//1748 1413//1413
f 1415//1415 1753//1753 1414//1414
f 1409//1409 1738//1738 1422//1422
f 1738//1738 1421//1421 1422//1422
f 1410//1410 1739//1739 1738//1738
f 1739//1739 1740//1740 1738//1738
f 1738//1738 1740//1740 1421//1421
f 1740//1740 1420//1420 1421//1421
f 1411//1411 1741//1741 1739//1739
f 1741//1741 1742//1742 1739//1739
f 1739//1739 1742//1742 1740//1740
f 1742//1742 1743//1743 1740//1740
f 1740//1740 1743//1743 1420//1420
f 1743//1743 1419//1419 1420//1420
f 1412//1412 1744//1744 1741//1741
f 1744//1744 1745//1745 1741//1741
f 1741//1741 1745//1745 1742//1742
f 1745//1745 1746//1746 1742//1742
f 1742//1742 1746//1746 1743//1743
f 1746//1746 1747//1747 1743//1743
f 1743//1743 1747//1747 1419//1419
f 1747//1747 1418//1418 1419//1419
f 1413//1413 1748//1748 1744//1744
f 1748//1748 1749//1749 1744//1744
f 1744//1744 1749//1749 1745//1745
f 1749//1749 1750//1750 1745//1745
f 1745//1745 1750//1750 1746//1746
f 1750//1750 1751//1751 1746//1746
f 1746//1746 1751//1751 1747//1747
f 1751//1751 1752//1752 1747//1747
f 1747//1747 1752//1752 1418//1418
f 1752//1752 1417//1417 1418//1418
f 1414//1414 1753//1753 1748//1748
f 1753//1753 1754//1754 1748//1748
f 1748//1748 1754//1754 1749//1749
f 1754//1754 1755//1755 1749//1749
f 1749//1749 1755//1755 1750//1750
f 1755//1755 1756//1756 1750//1750
f 1750//1750 1756//1756 1751//1751
f 1756//1756 1757//1757 1751//1751
f 1751//1751 1757//1757 1752//1752
f 1757//1757 1758//1758 1752//1752
f 1752//1752 1758//1758 1417//1417
f 1758//1758 1416//1416 1417//1417
f 1415//1415 1359//1359 1753//1753
f 1359//1359 1358//1358 1753//1753
f 1753//1753 1358//1358 1754//1754
f 1358//1358 1357//1357 1754//1754
f 1754//1754 1357//1357 1755//1755
f 1357//1357 1356//1356 1755//1755
f 1755//1755 1356//1356 1756//1756
f 1356//1356 1355//1355 1756//1756
f 1756//1756 1355//1355 1757//1757
f 1355//1355 1354//1354 1757//1757
f 1757//1757 1354//1354 1758//1758
f 1354//1354 1353//1353 1758//1758
f 1758//1758 1353//1353 1416//1416
f 1353//1353 1288//1288 1416//1416
f 1395//1395 1408//1408 1292//1292
f 1396//1396 1759//1759 1395//1395
f 1397//1397 1760//1760 1396//1396
f 1398//1398 1762//1762 1397//1397
f 1399//1399 1765//1765 1398//1398
f 1400//1400 1769//1769 1399//1399
f 1401//1401 1774//1774 1400//1400
f 1395//1395 1759//1759 1408//1408
f 1759//1759 1407//1407 1408//1408
f 1396//1396 1760//1760 1759//1759
f 1760//1760 1761//1761 1759//1759
f 1759//1759 1761//1761 1407//1407
f 1761//1761 1406//1406 1407//1407
f 1397//1397 1762//1762 1760//1760
f 1762//1762 1763//1763 1760//1760
f 1760//1760 1763//1763 1761//1761
f 1763//1763 1764//1764 1761//1761
f 1761//1761 1764//1764 1406//1406
f 1764//1764 1405//1405 1406//1406
f 1398//1398 1765//1765 1762//1762
f 1765//1765 1766//1766 1762//1762
f 1762//1762 1766//1766 1763//1763
f 1766//1766 1767//1767 1763//1763
f 1763//1763 1767//1767 1764//1764
f 1767//1767 1768//1768 1764//1764
f 1764//1764 1768//1768 1405//1405
f 1768//1768 1404//1404 1405//1405
f 1399//1399 1769//1769 1765//1765
f 1769//1769 1770//1770 1765//1765
f 1765//1765 1770//1770 1766//1766
f 1770//1770 1771//1771 1766//1766
f 1766//1766 1771//1771 1767//1767
f 1771//1771 1772//1772 1767//1767
f 1767//1767 1772//1772 1768//1768
f 1772//1772 1773//1773 1768//1768
f 1768//1768 1773//1773 1404//1404
f 1773//1773 1403//1403 1404//1404
f 1400//1400 1774//1774 1769//1769
f 1774//1774 1775//1775 1769//1769
f 1769//1769 1775//1775 1770//1770
f 1775//1775 1776//1776 1770//1770
f 1770//1770 1776//1776 1771//1771
f 1776//1776 1777//1777 1771//1771
f 1771//1771 1777//1777 1772//1772
f 1777//1777 1778//1778 1772//1772
f 1772//1772 1778//1778 1773//1773
f 1778//1778 1779//1779 1773//1773
f 1773//1773 1779//1779 1403//1403
f 1779//1779 1402//1402 1403//1403
f 1401//1401 1345//1345 1774//1774
f 1345//1345 1344//1344 1774//1774
f 1774//1774 1344//1344 1775//1775
f 1344//1344 1343//1343 1775//1775
f 1775//1775 1343//1343 1776//1776
f 1343//1343 1342//1342 1776//1776
f 1776//1776 1342//1342 1777//1777
f 1342//1342 1341//1341 1777//1777
f 1777//1777 1341//1341 1778//1778
f 1341//1341 1340//1340 1778//1778
f 1778//1778 1340//1340 1779//1779
f 1340//1340 1339//1339 1779//1779
f 1779//1779 1339//1339 1402//1402
f 1339//1339 1287//1287 1402//1402
f 1381//1381 1394//1394 1291//1291
f 1382//1382 1780//1780 1381//1381
f 1383//1383 1781//1781 1382//1382
f 1384//1384 1783//1783 1383//1383
f 1385//1385 1786//1786 1384//1384
f 1386//1386 1790//1790 1385//1385
f 1387//1387 1795//1795 1386//1386
f 1381//1381 1780//1780 1394//1394
f 1780//1780 1393//1393 1394//1394
f 1382//1382 1781//1781 1780//1780
f 1781//1781 1782//1782 1780//1780
f 1780//1780 1782//1782 1393//1393
f 1782//1782 1392//1392 1393//1393
f 1383//1383 1783//1783 1781//1781
f 1783//1783 1784//1784 1781//1781
f 1781//1781 1784//1784 1782//1782
f 1784//1784 1785//1785 1782//1782
f 1782//1782 1785//1785 1392//1392
f 1785//1785 1391//1391 1392//1392
f 1384//1384 1786//1786 1783//1783
f 1786//1786 1787//1787 1783//1783
f 1783//1783 1787//1787 1784//1784
f 1787//1787 1788//1788 1784//1784
f 1784//1784 1788//1788 1785//1785
f 1788//1788 1789//1789 1785//1785
f 1785//1785 1789//1789 1391//1391
f 1789//1789 1390//1390 1391//1391
f 1385//1385 1790//1790 1786//1786
f 1790//1790 1791//1791 1786//1786
f 1786//1786 1791//1791 1787//1787
f 1791//1791 1792//1792 1787//1787
f 1787//1787 1792//1792 1788//1788
f 1792//1792 1793//1793 1788//1788
f 1788//1788 1793//1793 1789//1789
f 1793//1793 1794//1794 1789//1789
f 1789//1789 1794//1794 1390//1390
f 1794//1794 1389//1389 1390//1390
f 1386//1386 1795//1795 1790//1790
f 1795//1795 1796//1796 1790//1790
f 1790//1790 1796//1796 1791//1791
f 1796//1796 1797//1797 1791//1791
f 1791//1791 1797//1797 1792//1792
f 1797//1797 1798//1798 1792//1792
f 1792//1792 1798//1798 1793//1793
f 1798//1798 1799//1799 1793//1793
f 1793//1793 1799//1799 1794//1794
f 1799//1799 1800//1800 1794//1794
f 1794//1794 1800//1800 1389//1389
f 1800//1800 1388//1388 1389//1389
f 1387//1387 1317//1317 1795//1795
f 1317//1317 1316//1316 1795//1795
f 1795//1795 1316//1316 1796//1796
f 1316//1316 1315//1315 1796//1796
f 1796//1796 1315//1315 1797//1797
f 1315//1315 1314//1314 1797//1797
f 1797//1797 1314//1314 1798//1798
f 1314//1314 1313//1313 1798//1798
f 1798//1798 1313//1313 1799//1799
f 1313//1313 1312//1312 1799//1799
f 1799//1799 1312//1312 1800//1800
f 1312//1312 1311//1311 1800//1800
f 1800//1800 1311//1311 1388//1388
f 1311//1311 1286//1286 1388//1388
f 1367//1367 1380//1380 1295//1295
f 1368//1368 1801//1801 1367//1367
f 1369//1369 1802//1802 1368//1368
f 1370//1370 1804//1804 1369//1369
f 1371//1371 1807//1807 1370//1370
f 1372//1372 1811//1811 1371//1371
f 1373//1373 1816//1816 1372//1372
f 1367//1367 1801//1801 1380//1380
f 1801//1801 1379//1379 1380//1380
f 1368//1368 1802//1802 1801//1801
f 1802//1802 1803//1803 1801//1801
f 1801//1801 1803//1803 1379//1379
f 1803//1803 1378//1378 1379//1379
f 1369//1369 1804//1804 1802//1802
f 1804//1804 1805//1805 1802//1802
f 1802//1802 1805//1805 1803//1803
f 1805//1805 1806//1806 1803//1803
f 1803//1803 1806//1806 1378//1378
f 1806//1806 1377//1377 1378//1378
f 1370//1370 1807//1807 1804//1804
f 1807//1807 1808//1808 1804//1804
f 1804//1804 1808//1808 1805//1805
f 1808//1808 1809//1809 1805//1805
f 1805//1805 1809//1809 1806//1806
f 1809//1809 1810//1810 1806//1806
f 1806//1806 1810//1810 1377//1377
f 1810//1810 1376//1376 1377//1377
f 1371//1371 1811//1811 1807//1807
f 1811//1811 1812//1812 1807//1807
f 1807//1807 1812//1812 1808//1808
f 1812//1812 1813//1813 1808//1808
f 1808//1808 1813//1813 1809//1809
f 1813//1813 1814//1814 1809//1809
f 1809//1809 1814//1814 1810//1810
f 1814//1814 1815//1815 1810//1810
f 1810//1810 1815//1815 1376//1376
f 1815//1815 1375//1375 1376//1376
f 1372//1372 1816//1816 1811//1811
f 1816//1816 1817//1817 1811//1811
f 1811//1811 1817//1817 1812//1812
f 1817//1817 1818//1818 1812//1812
f 1812//1812 1818//1818 1813//1813
f 1818//1818 1819//1819 1813//1813
f 1813//1813 1819//1819 1814//1814
f 1819//1819 1820//1820 1814//1814
f 1814//1814 1820//1820 1815//1815
f 1820//1820 1821//1821 1815//1815
f 1815//1815 1821//1821 1375//1375
f 1821//1821 1374//1374 1375//1375
f 1373//1373 1324//1324 1816//1816
f 1324//1324 1323//1323 1816//1816
f 1816//1816 1323//1323 1817//1817
f 1323//1323 1322//1322 1817//1817
f 1817//1817 1322//1322 1818//1818
f 1322//1322 1321//1321 1818//1818
f 1818//1818 1321//1321 1819//1819
f 1321//1321 1320//1320 1819//1819
f 1819//1819 1320//1320 1820//1820
f 1320//1320 1319//1319 1820//1820
f 1820//1820 1319//1319 1821//1821
f 1319//1319 1318//1318 1821//1821
f 1821//1821 1318//1318 1374//1374
f 1318//1318 1290//1290 1374//1374
f 1331//1331 1366//1366 1290//1290
f 1330//1330 1822//1822 1331//1331
f 1329//1329 1823//1823 1330//1330
f 1328//1328 1825//1825 1329//1329
f 1327//1327 1828//1828 1328//1328
f 1326//1326 1832//1832 1327//1327
f 1325//1325 1837//1837 1326//1326
f 1331//1331 1822//1822 1366//1366
f 1822//1822 1365//1365 1366//1366
f 1330//1330 1823//1823 1822//1822
f 1823//1823 1824//1824 1822//1822
f 1822//1822 1824//1824 1365//1365
f 1824//1824 1364//1364 1365//1365
f 1329//1329 1825//1825 1823//1823
f 1825//1825 1826//1826 1823//1823
f 1823//1823 1826//1826 1824//1824
f 1826//1826 1827//1827 1824//1824
f 1824//1824 1827//1827 1364//1364
f 1827//1827 1363//1363 1364//1364
f 1328//1328 1828//1828 1825//1825
f 1828//1828 1829//1829 1825//1825
f 1825//1825 1829//1829 1826//1826
f 1829//1829 1830//1830 1826//1826
f 1826//1826 1830//1830 1827//1827
f 1830//1830 1831//1831 1827//1827
f 1827//1827 1831//1831 1363//1363
f 1831//1831 1362//1362 1363//1363
f 1327//1327 1832//1832 1828//1828
f 1832//1832 1833//1833 1828//1828
f 1828//1828 1833//1833 1829//1829
f 1833//1833 1834//1834 1829//1829
f 1829//1829 1834//1834 1830//1830
f 1834//1834 1835//1835 1830//1830
f 1830//1830 1835//1835 1831//1831
f 1835//1835 1836//1836 1831//1831
f 1831//1831 1836//1836 1362//1362
f 1836//1836 1361//1361 1362//1362
f 1326//1326 1837//1837 1832//1832
f 1837//1837 1838//1838 1832//1832
f 1832//1832 1838//1838 1833//1833
f 1838//1838 1839//1839 1833//1833
f 1833//1833 1839//1839 1834//1834
f 1839//1839 1840//1840 1834//1834
f 1834//1834 1840//1840 1835//1835
f 1840//1840 1841//1841 1835//1835
f 1835//1835 1841//1841 1836//1836
f 1841//1841 1842//1842 1836//1836
f 1836//1836 1842//1842 1361//1361
f 1842//1842 1360//1360 1361//1361
f 1325//1325 1352//1352 1837//1837
f 1352//1352 1351//1351 1837//1837
f 1837//1837 1351//1351 1838//1838
f 1351//1351 1350//1350 1838//1838
f 1838//1838 1350//1350 1839//1839
f 1350//1350 1349//1349 1839//1839
f 1839//1839 1349//1349 1840//1840
f 1349//1349 1348//1348 1840//1840
f 1840//1840 1348//1348 1841//1841
f 1348//1348 1347//1347 1841//1841
f 1841//1841 1347//1347 1842//1842
f 1347//1347 1346//1346 1842//1842
f 1842//1842 1346//1346 1360//1360
f 1346//1346 1289//1289 1360//1360
f 1346//1346 1359//1359 1289//1289
f 1347//1347 1843//1843 1346//1346
f 1348//1348 1844//1844 1347//1347
f 1349//1349 1846//1846 1348//1348
f 1350//1350 1849//1849 1349//1349
f 1351//1351 1853//1853 1350//1350
f 1352//1352 1858//1858 1351//1351
f 1346//1346 1843//1843 1359//1359
f 1843//1843 1358//1358 1359//1359
f 1347//1347 1844//1844 1843//1843
f 1844//1844 1845//1845 1843//1843
f 1843//1843 1845//1845 1358//1358
f 1845//1845 1357//1357 1358//1358
f 1348//1348 1846//1846 1844//1844
f 1846//1846 1847//1847 1844//1844
f 1844//1844 1847//1847 1845//1845
f 1847//1847 1848//1848 1845//1845
f 1845//1845 1848//1848 1357//1357
f 1848//1848 1356//1356 1357//1357
f 1349//1349 1849//1849 1846//1846
f 1849//1849 1850//1850 1846//1846
f 1846//1846 1850//1850 1847//1847
f 1850//1850 1851//1851 1847//1847
f 1847//1847 1851//1851 1848//1848
f 1851//1851 1852//1852 1848//1848
f 1848//1848 1852//1852 1356//1356
f 1852//1852 1355//1355 1356//1356
f 1350//1350 1853//1853 1849//1849
f 1853//1853 1854//1854 1849//1849
f 1849//1849 1854//1854 1850//1850
f 1854//1854 1855//1855 1850//1850
f 1850//1850 1855//1855 1851//1851
f 1855//1855 1856//1856 1851//1851
f 1851//1851 1856//1856 1852//1852
f 1856//1856 1857//1857 1852//1852
f 1852//1852 1857//1857 1355//1355
f 1857//1857 1354//1354 1355//1355
f 1351//1351 1858//1858 1853//1853
f 1858//1858 1859//1859 1853//1853
f 1853//1853 1859//1859 1854//1854
f 1859//1859 1860//1860 1854//1854
f 1854//1854 1860//1860 1855//1855
f 1860//1860 1861//1861 1855//1855
f 1855//1855 1861//1861 1856//1856
f 1861//1861 1862//1862 1856//1856
f 1856//1856 1862//1862 1857//1857
f 1862//1862 1863//1863 1857//1857
f 1857//1857 1863//1863 1354//1354
f 1863//1863 1353//1353 1354//1354
f 1352//1352 1338//1338 1858//1858
f 1338//1338 1337//1337 1858//1858
f 1858//1858 1337//1337 1859//1859
f 1337//1337 1336//1336 1859//1859
f 1859//1859 1336//1336 1860//1860
f 1336//1336 1335//1335 1860//1860
f 1860//1860 1335//1335 1861//1861
f 1335//1335 1334//1334 1861//1861
f 1861//1861 1334//1334 1862//1862
f 1334//1334 1333//1333 1862//1862
f 1862//1862 1333//1333 1863//1863
f 1333//1333 1332//1332 1863//1863
f 1863//1863 1332//1332 1353//1353
f 1332//1332 1288//1288 1353//1353
f 1332//1332 1345//1345 1288//1288
f 1333//1333 1864//1864 1332//1332
f 1334//1334 1865//1865 1333//1333
f 1335//1335 1867//1867 1334//1334
f 1336//1336 1870//1870 1335//1335
f 1337//1337 1874//1874 1336//1336
f 1338//1338 1879//1879 1337//1337
f 1332//1332 1864//1864 1345//1345
f 1864//1864 1344//1344 1345//1345
f 1333//1333 1865//1865 1864//1864
f 1865//1865 1866//1866 1864//1864
f 1864//1864 1866//1866 1344//1344
f 1866//1866 1343//1343 1344//1344
f 1334//1334 1867//1867 1865//1865
f 1867//1867 1868//1868 1865//1865
f 1865//1865 1868//1868 1866//1866
f 1868//1868 1869//1869 1866//1866
f 1866//1866 1869//1869 1343//1343
f 1869//1869 1342//1342 1343//1343
f 1335//1335 1870//1870 1867//1867
f 1870//1870 1871//1871 1867//1867
f 1867//1867 1871//1871 1868//1868
f 1871//1871 1872//1872 1868//1868
f 1868//1868 1872//1872 1869//1869
f 1872//1872 1873//1873 1869//1869
f 1869//1869 1873//1873 1342//1342
f 1873//1873 1341//1341 1342//1342
f 1336//1336 1874//1874 1870//1870
f 1874//1874 1875//1875 1870//1870
f 1870//1870 1875//1875 1871//1871
f 1875//1875 1876//1876 1871//1871
f 1871//1871 1876//1876 1872//1872
f 1876//1876 1877//1877 1872//1872
f 1872//1872 1877//1877 1873//1873
f 1877//1877 1878//1878 1873//1873
f 1873//1873 1878//1878 1341//1341
f 1878//1878 1340//1340 1341//1341
f 1337//1337 1879//1879 1874//1874
f 1879//1879 1880//1880 1874//1874
f 1874//1874 1880//1880 1875//1875
f 1880//1880 1881//1881 1875//1875
f 1875//1875 1881//1881 1876//1876
f 1881//1881 1882//1882 1876//1876
f 1876//1876 1882//1882 1877//1877
f 1882//1882 1883//1883 1877//1877
f 1877//1877 1883//1883 1878//1878
f 1883//1883 1884//1884 1878//1878
f 1878//1878 1884//1884 1340//1340
f 1884//1884 1339//1339 1340//1340
f 1338//1338 1303//1303 1879//1879
f 1303//1303 1302//1302 1879//1879
f 1879//1879 1302//1302 1880//1880
f 1302//1302 1301//1301 1880//1880
f 1880//1880 1301//1301 1881//1881
f 1301//1301 1300//1300 1881//1881
f 1881//1881 1300//1300 1882//1882
f 1300//1300 1299//1299 1882//1882
f 1882//1882 1299//1299 1883//1883
f 1299//1299 1298//1298 1883//1883
f 1883//1883 1298//1298 1884//1884
f 1298//1298 1297//1297 1884//1884
f 1884//1884 1297//1297 1339//1339
f 1297//1297 1287//1287 1339//1339
f 1318//1318 1331//1331 1290//1290
f 1319//1319 1885//1885 1318//1318
f 1320//1320 1886//1886 1319//1319
f 1321//1321 1888//1888 1320//1320
f 1322//1322 1891//1891 1321//1321
f 1323//1323 1895//1895 1322//1322
f 1324//1324 1900//1900 1323//1323
f 1318//1318 1885//1885 1331//1331
f 1885//1885 1330//1330 1331//1331
f 1319//1319 1886//1886 1885//1885
f 1886//1886 1887//1887 1885//1885
f 1885//1885 1887//1887 1330//1330
f 1887//1887 1329//1329 1330//1330
f 1320//1320 1888//1888 1886//1886
f 1888//1888 1889//1889 1886//1886
f 1886//1886 1889//1889 1887//1887
f 1889//1889 1890//1890 1887//1887
f 1887//1887 1890//1890 1329//1329
f 1890//1890 1328//1328 1329//1329
f 1321//1321 1891//1891 1888//1888
f 1891//1891 1892//1892 1888//1888
f 1888//1888 1892//1892 1889//1889
f 1892//1892 1893//1893 1889//1889
f 1889//1889 1893//1893 1890//1890
f 1893//1893 1894//1894 1890//1890
f 1890//1890 1894//1894 1328//1328
f 1894//1894 1327//1327 1328//1328
f 1322//1322 1895//1895 1891//1891
f 1895//1895 1896//1896 1891//1891
f 1891//1891 1896//1896 1892//1892
f 1896//1896 1897//1897 1892//1892
f 1892//1892 1897//1897 1893//1893
f 1897//1897 1898//1898 1893//1893
f 1893//1893 1898//1898 1894//1894
f 1898//1898 1899//1899 1894//1894
f 1894//1894 1899//1899 1327//1327
f 1899//1899 1326//1326 1327//1327
f 1323//1323 1900//1900 1895//1895
f 1900//1900 1901//1901 1895//1895
f 1895//1895 1901//1901 1896//1896
f 1901//1901 1902//1902 1896//1896
f 1896//1896 1902//1902 1897//1897
f 1902//1902 1903//1903 1897//1897
f 1897//1897 1903//1903 1898//1898
f 1903//1903 1904//1904 1898//1898
f 1898//1898 1904//1904 1899//1899
f 1904//1904 1905//1905 1899//1899
f 1899//1899 1905//1905 1326//1326
f 1905//1905 1325//1325 1326//1326
f 1324//1324 1310//1310 1900//1900
f 1310//1310 1309//1309 1900//1900
f 1900//1900 1309//1309 1901//1901
f 1309//1309 1308//1308 1901//1901
f 1901//1901 1308//1308 1902//1902
f 1308//1308 1307//1307 1902//1902
f 1902//1902 1307//1307 1903//1903
f 1307//1307 1306//1306 1903//1903
f 1903//1903 1306//1306 1904//1904
f 1306//1306 1305//1305 1904//1904
f 1904//1904 1305//1305 1905//1905
f 1305//1305 1304//1304 1905//1905
f 1905//1905 1304//1304 1325//1325
f 1304//1304 1285//1285 1325//1325
f 1297//1297 1317//1317 1287//1287
f 1298//1298 1906//1906 1297//1297
f 1299//1299 1907//1907 1298//1298
f 1300//1300 1909//1909 1299//1299
f 1301//1301 1912//1912 1300//1300
f 1302//1302 1916//1916 1301//1301
f 1303//1303 1921//1921 1302//1302
f 1297//1297 1906//1906 1317//1317
f 1906//1906 1316//1316 1317//1317
f 1298//1298 1907//1907 1906//1906
f 1907//1907 1908//1908 1906//1906
f 1906//1906 1908//1908 1316//1316
f 1908//1908 1315//1315 1316//1316
f 1299//1299 1909//1909 1907//1907
f 1909//1909 1910//1910 1907//1907
f 1907//1907 1910//1910 1908//1908
f 1910//1910 1911//1911 1908//1908
f 1908//1908 1911//1911 1315//1315
f 1911//1911 1314//1314 1315//1315
f 1300//1300 1912//1912 1909//1909
f 1912//1912 1913//1913 1909//1909
f 1909//1909 1913//1913 1910//1910
f 1913//1913 1914//1914 1910//1910
f 1910//1910 1914//1914 1911//1911
f 1914//1914 1915//1915 1911//1911
f 1911//1911 1915//1915 1314//1314
f 1915//1915 1313//1313 1314//1314
f 1301//1301 1916//1916 1912//1912
f 1916//1916 1917//1917 1912//1912
f 1912//1912 1917//1917 1913//1913
f 1917//1917 1918//1918 1913//1913
f 1913//1913 1918//1918 1914//1914
f 1918//1918 1919//1919 1914//1914
f 1914//1914 1919//1919 1915//1915
f 1919//1919 1920//1920 1915//1915
f 1915//1915 1920//1920 1313//1313
f 1920//1920 1312//1312 1313//1313
f 1302//1302 1921//1921 1916//1916
f 1921//1921 1922//1922 1916//1916
f 1916//1916 1922//1922 1917//1917
f 1922//1922 1923//1923 1917//1917
f 1917//1917 1923//1923 1918//1918
f 1923//1923 1924//1924 1918//1918
f 1918//1918 1924//1924 1919//1919
f 1924//1924 1925//1925 1919//1919
f 1919//1919 1925//1925 1920//1920
f 1925//1925 1926//1926 1920//1920
f 1920//1920 1926//1926 1312//1312
f 1926//1926 1311//1311 1312//1312
f 1303//1303 1304//1304 1921//1921
f 1304//1304 1305//1305 1921//1921
f 1921//1921 1305//1305 1922//1922
f 1305//1305 1306//1306 1922//1922
f 1922//1922 1306//1306 1923//1923
f 1306//1306 1307//1307 1923//1923
f 1923//1923 1307//1307 1924//1924
f 1307//1307 1308//1308 1924//1924
f 1924//1924 1308//1308 1925//1925
f 1308//1308 1309//1309 1925//1925
f 1925//1925 1309//1309 1926//1926
f 1309//1309 1310//1310 1926//1926
f 1926//1926 1310//1310 1311//1311
f 1310//1310 1286//1286 1311//1311
o WhiteBall
v 0.000000 0.000000 -3.000000
v 0.723607 0.552781 -2.474275
v -0.276388 0.552780 -2.149351
v -0.894426 0.552784 -3.000000
v -0.276388 0.552780 -3.850649
v 0.723607 0.552781 -3.525725
v 0.276388 1.447220 -2.149351
v -0.723607 1.447219 -2.474275
v -0.723607 1.447219 -3.525725
v 0.276388 1.447220 -3.850649
v 0.894426 1.447216 -3.000000
v 0.000000 2.000000 -3.000000
v -0.257937 0.449315 -2.206140
v -0.232822 0.342481 -2.283437
v -0.200688 0.239597 -2.382334
v -0.162456 0.149346 -2.500005
v -0.120413 0.079045 -2.629402
v -0.077607 0.032050 -2.761147
v -0.036848 0.007135 -2.886592
v 0.096471 0.007135 -2.929911
v 0.203181 0.032050 -2.852382
v 0.315251 0.079045 -2.770960
v 0.425323 0.149346 -2.690989
v 0.525420 0.239597 -2.618265
v 0.609547 0.342481 -2.557144
v 0.675300 0.449315 -2.509372
v 0.638452 0.523013 -2.395962
v 0.531941 0.497698 -2.318288
v 0.405008 0.480428 -2.247662
v 0.262869 0.474262 -2.190988
v 0.114564 0.480428 -2.153289
v -0.029639 0.497698 -2.135816
v -0.161465 0.523012 -2.136049
v 0.771771 0.523013 -3.420539
v 0.812729 0.497699 -3.295238
v 0.840673 0.480429 -3.152694
v 0.850648 0.474264 -3.000000
v 0.840673 0.480429 -2.847306
v 0.812729 0.497699 -2.704762
v 0.771771 0.523013 -2.579461
v 0.096471 0.007135 -3.070089
v 0.203181 0.032050 -3.147618
v 0.315251 0.079045 -3.229040
v 0.425323 0.149346 -3.309011
v 0.525420 0.239597 -3.381735
v 0.609547 0.342481 -3.442856
v 0.675300 0.449315 -3.490628
v -0.834716 0.449319 -3.000000
v -0.753442 0.342485 -3.000000
v -0.649456 0.239601 -3.000000
v -0.525730 0.149348 -3.000000
v -0.389673 0.079047 -3.000000
v -0.251147 0.032051 -3.000000
v -0.119245 0.007135 -3.000000
v -0.377183 0.523012 -2.206139
v -0.483971 0.497698 -2.283435
v -0.590366 0.480428 -2.382332
v -0.688189 0.474264 -2.500003
v -0.769872 0.480430 -2.629400
v -0.831051 0.497701 -2.761147
v -0.871565 0.523016 -2.886592
v -0.257937 0.449315 -3.793860
v -0.232822 0.342481 -3.716563
v -0.200688 0.239597 -3.617666
v -0.162456 0.149346 -3.499995
v -0.120413 0.079045 -3.370598
v -0.077607 0.032050 -3.238853
v -0.036848 0.007135 -3.113408
v -0.871565 0.523016 -3.113408
v -0.831051 0.497701 -3.238853
v -0.769872 0.480430 -3.370600
v -0.688189 0.474264 -3.499997
v -0.590366 0.480428 -3.617668
v -0.483971 0.497698 -3.716565
v -0.377183 0.523012 -3.793861
v -0.161465 0.523012 -3.863951
v -0.029639 0.497698 -3.864184
v 0.114564 0.480427 -3.846711
v 0.262869 0.474262 -3.809012
v 0.405008 0.480428 -3.752338
v 0.531941 0.497698 -3.681712
v 0.638453 0.523013 -3.604038
v 0.931188 1.357738 -2.929911
v 0.956626 1.251149 -2.852382
v 0.964711 1.129893 -2.770959
v 0.951058 1.000000 -2.690987
v 0.915098 0.870107 -2.618263
v 0.860698 0.748849 -2.557142
v 0.794547 0.642259 -2.509371
v 0.794547 0.642259 -3.490629
v 0.860698 0.748849 -3.442858
v 0.915098 0.870107 -3.381737
v 0.951058 1.000000 -3.309013
v 0.964711 1.129893 -3.229041
v 0.956626 1.251149 -3.147618
v 0.931188 1.357738 -3.070089
v 0.221089 1.357741 -2.092729
v 0.155215 1.251152 -2.044578
v 0.080276 1.129894 -2.011727
v -0.000000 1.000000 -2.000000
v -0.080276 0.870106 -2.011727
v -0.155215 0.748848 -2.044578
v -0.221089 0.642259 -2.092729
v 0.712150 0.642259 -2.395961
v 0.687159 0.748848 -2.318285
v 0.645839 0.870106 -2.247658
v 0.587786 1.000000 -2.190983
v 0.515946 1.129894 -2.153284
v 0.436007 1.251152 -2.135812
v 0.354409 1.357742 -2.136047
v -0.794547 1.357741 -2.509371
v -0.860698 1.251151 -2.557142
v -0.915098 1.129893 -2.618263
v -0.951058 1.000000 -2.690987
v -0.964711 0.870107 -2.770959
v -0.956626 0.748851 -2.852382
v -0.931188 0.642262 -2.929911
v -0.354409 0.642258 -2.136047
v -0.436007 0.748848 -2.135812
v -0.515946 0.870106 -2.153284
v -0.587786 1.000000 -2.190983
v -0.645839 1.129894 -2.247658
v -0.687159 1.251152 -2.318285
v -0.712150 1.357741 -2.395961
v -0.712150 1.357741 -3.604039
v -0.687159 1.251152 -3.681715
v -0.645839 1.129894 -3.752342
v -0.587786 1.000000 -3.809017
v -0.515946 0.870106 -3.846716
v -0.436007 0.748848 -3.864188
v -0.354409 0.642258 -3.863953
v -0.931188 0.642262 -3.070089
v -0.956626 0.748851 -3.147618
v -0.964711 0.870107 -3.229041
v -0.951058 1.000000 -3.309013
v -0.915098 1.129893 -3.381737
v -0.860698 1.251151 -3.442858
v -0.794547 1.357741 -3.490629
v 0.354409 1.357742 -3.863953
v 0.436007 1.251152 -3.864188
v 0.515946 1.129894 -3.846716
v 0.587786 1.000000 -3.809017
v 0.645839 0.870106 -3.752342
v 0.687159 0.748848 -3.681715
v 0.712150 0.642259 -3.604039
v -0.221089 0.642259 -3.907271
v -0.155215 0.748848 -3.955422
v -0.080276 0.870106 -3.988273
v 0.000000 1.000000 -4.000000
v 0.080276 1.129894 -3.988273
v 0.155215 1.251152 -3.955422
v 0.221089 1.357741 -3.907271
v 0.871565 1.476984 -2.886592
v 0.831051 1.502299 -2.761147
v 0.769872 1.519570 -2.629400
v 0.688189 1.525736 -2.500003
v 0.590366 1.519572 -2.382332
v 0.483971 1.502302 -2.283435
v 0.377183 1.476988 -2.206139
v 0.161465 1.476988 -2.136049
v 0.029639 1.502302 -2.135816
v -0.114564 1.519572 -2.153289
v -0.262869 1.525738 -2.190988
v -0.405008 1.519572 -2.247662
v -0.531941 1.502302 -2.318288
v -0.638453 1.476987 -2.395962
v -0.771771 1.476987 -2.579461
v -0.812729 1.502301 -2.704762
v -0.840673 1.519571 -2.847306
v -0.850648 1.525736 -3.000000
v -0.840673 1.519571 -3.152694
v -0.812729 1.502301 -3.295238
v -0.771771 1.476987 -3.420539
v -0.638452 1.476987 -3.604038
v -0.531941 1.502302 -3.681712
v -0.405008 1.519572 -3.752338
v -0.262869 1.525738 -3.809012
v -0.114564 1.519572 -3.846711
v 0.029639 1.502302 -3.864184
v 0.161465 1.476988 -3.863951
v 0.377183 1.476988 -3.793861
v 0.483971 1.502302 -3.716565
v 0.590366 1.519572 -3.617668
v 0.688189 1.525736 -3.499997
v 0.769872 1.519570 -3.370600
v 0.831051 1.502299 -3.238853
v 0.871565 1.476984 -3.113408
v 0.036848 1.992865 -2.886592
v 0.077607 1.967950 -2.761147
v 0.120413 1.920955 -2.629402
v 0.162456 1.850654 -2.500005
v 0.200688 1.760403 -2.382334
v 0.232822 1.657519 -2.283437
v 0.257937 1.550685 -2.206140
v 0.834716 1.550681 -3.000000
v 0.753442 1.657515 -3.000000
v 0.649456 1.760399 -3.000000
v 0.525730 1.850652 -3.000000
v 0.389673 1.920953 -3.000000
v 0.251147 1.967949 -3.000000
v 0.119245 1.992865 -3.000000
v -0.096471 1.992865 -2.929911
v -0.203181 1.967950 -2.852382
v -0.315251 1.920955 -2.770960
v -0.425323 1.850654 -2.690989
v -0.525420 1.760403 -2.618265
v -0.609547 1.657519 -2.557144
v -0.675300 1.550685 -2.509372
v -0.096471 1.992865 -3.070089
v -0.203181 1.967950 -3.147618
v -0.315251 1.920955 -3.229040
v -0.425323 1.850654 -3.309011
v -0.525420 1.760403 -3.381735
v -0.609547 1.657519 -3.442856
v -0.675300 1.550685 -3.490628
v 0.036848 1.992865 -3.113408
v 0.077607 1.967950 -3.238853
v 0.120413 1.920955 -3.370598
v 0.162456 1.850654 -3.499995
v 0.200688 1.760403 -3.617666
v 0.232822 1.657519 -3.716563
v 0.257937 1.550685 -3.793860
v 0.166198 1.978672 -3.120749
v 0.307167 1.943208 -3.126518
v 0.215245 1.943209 -3.253036
v 0.451375 1.882854 -3.129731
v 0.361800 1.894429 -3.262863
v 0.262862 1.882855 -3.389192
v 0.587783 1.798549 -3.129731
v 0.506729 1.819912 -3.266403
v 0.409951 1.819913 -3.399604
v 0.305014 1.798552 -3.518924
v 0.706258 1.696558 -3.126519
v 0.638194 1.723610 -3.262864
v 0.550008 1.733353 -3.399605
v 0.447209 1.723612 -3.525728
v 0.338569 1.696561 -3.632593
v 0.801022 1.586331 -3.120750
v 0.747366 1.614342 -3.253038
v 0.672087 1.629942 -3.389194
v 0.577830 1.629943 -3.518926
v 0.471599 1.614344 -3.632594
v 0.362366 1.586334 -3.724502
v -0.063483 1.978672 -3.195376
v -0.025408 1.943209 -3.331227
v -0.174138 1.943209 -3.282901
v 0.016098 1.882855 -3.469369
v -0.138197 1.894430 -3.425319
v -0.288916 1.882855 -3.370262
v 0.058250 1.798552 -3.599101
v -0.096779 1.819914 -3.564248
v -0.253366 1.819914 -3.513369
v -0.399272 1.798552 -3.450440
v 0.097915 1.696561 -3.710785
v -0.052790 1.723612 -3.688185
v -0.210088 1.733355 -3.646571
v -0.361804 1.723612 -3.587779
v -0.497009 1.696561 -3.517479
v 0.132684 1.586334 -3.799129
v -0.009708 1.614345 -3.788978
v -0.162463 1.629944 -3.759458
v -0.314971 1.629944 -3.709904
v -0.455902 1.614344 -3.643998
v -0.577066 1.586334 -3.568513
v -0.205432 1.978672 -3.000000
v -0.322868 1.943208 -3.078192
v -0.322868 1.943208 -2.921808
v -0.441423 1.882855 -3.160354
v -0.447210 1.894429 -3.000000
v -0.441423 1.882855 -2.839646
v -0.551779 1.798551 -3.240532
v -0.566539 1.819912 -3.082322
v -0.566539 1.819912 -2.917678
v -0.551779 1.798551 -2.759468
v -0.645740 1.696561 -3.312768
v -0.670817 1.723611 -3.162457
v -0.679848 1.733353 -3.000000
v -0.670817 1.723611 -2.837543
v -0.645740 1.696560 -2.687232
v -0.719015 1.586334 -3.373135
v -0.753363 1.614343 -3.234576
v -0.772492 1.629942 -3.080177
v -0.772492 1.629942 -2.919823
v -0.753363 1.614343 -2.765424
v -0.719015 1.586334 -2.626865
v -0.063483 1.978672 -2.804624
v -0.174138 1.943209 -2.717099
v -0.025408 1.943209 -2.668773
v -0.288916 1.882855 -2.629738
v -0.138197 1.894430 -2.574681
v 0.016098 1.882855 -2.530631
v -0.399272 1.798552 -2.549560
v -0.253366 1.819914 -2.486631
v -0.096779 1.819914 -2.435752
v 0.058250 1.798552 -2.400899
v -0.497009 1.696561 -2.482521
v -0.361804 1.723612 -2.412221
v -0.210088 1.733355 -2.353429
v -0.052790 1.723612 -2.311815
v 0.097915 1.696561 -2.289215
v -0.577066 1.586334 -2.431487
v -0.455902 1.614345 -2.356002
v -0.314971 1.629944 -2.290096
v -0.162463 1.629944 -2.240542
v -0.009708 1.614345 -2.211022
v 0.132684 1.586334 -2.200871
v 0.166198 1.978672 -2.879251
v 0.215245 1.943209 -2.746964
v 0.307167 1.943208 -2.873482
v 0.262862 1.882855 -2.610808
v 0.361800 1.894429 -2.737137
v 0.451375 1.882854 -2.870269
v 0.305014 1.798552 -2.481076
v 0.409951 1.819913 -2.600396
v 0.506729 1.819912 -2.733597
v 0.587783 1.798549 -2.870269
v 0.338569 1.696561 -2.367407
v 0.447209 1.723612 -2.474272
v 0.550008 1.733353 -2.600395
v 0.638194 1.723610 -2.737136
v 0.706258 1.696558 -2.873481
v 0.362366 1.586334 -2.275498
v 0.471599 1.614344 -2.367405
v 0.577830 1.629943 -2.481074
v 0.672087 1.629942 -2.610806
v 0.747366 1.614342 -2.746962
v 0.801022 1.586331 -2.879250
v 0.903740 1.380897 -3.195376
v 0.921508 1.266063 -3.282902
v 0.854992 1.399094 -3.331229
v 0.918856 1.136410 -3.370264
v 0.861804 1.276396 -3.425322
v 0.782446 1.409229 -3.469371
v 0.892805 1.000000 -3.450443
v 0.846660 1.140059 -3.513372
v 0.776630 1.280118 -3.564251
v 0.688190 1.409230 -3.599103
v 0.845290 0.866968 -3.517481
v 0.809019 1.000000 -3.587782
v 0.749882 1.140059 -3.646575
v 0.670821 1.276397 -3.688189
v 0.579226 1.399096 -3.710788
v 0.782501 0.746067 -3.568515
v 0.753368 0.866968 -3.644002
v 0.704293 1.000000 -3.709909
v 0.636088 1.136411 -3.759463
v 0.553820 1.266065 -3.788982
v 0.465085 1.380900 -3.799131
v 0.093451 1.380900 -3.919882
v 0.015700 1.266064 -3.963827
v -0.050816 1.399096 -3.915500
v -0.068205 1.136410 -3.988302
v -0.138198 1.276397 -3.951055
v -0.204615 1.409230 -3.889193
v -0.152509 1.000000 -3.988302
v -0.226618 1.140059 -3.963861
v -0.296648 1.280118 -3.912981
v -0.357124 1.409230 -3.839639
v -0.230948 0.866967 -3.963829
v -0.309016 1.000000 -3.951057
v -0.383207 1.140059 -3.912982
v -0.447215 1.276397 -3.850649
v -0.497012 1.399096 -3.770520
v -0.298885 0.746066 -3.919883
v -0.379680 0.866967 -3.915503
v -0.457527 1.000000 -3.889196
v -0.525732 1.136410 -3.839642
v -0.579229 1.266065 -3.770522
v -0.616302 1.380900 -3.689266
v -0.845982 1.380899 -3.373136
v -0.911804 1.266063 -3.312769
v -0.886396 1.399095 -3.234577
v -0.961008 1.136410 -3.240533
v -0.947213 1.276396 -3.162458
v -0.908902 1.409229 -3.080178
v -0.987059 1.000000 -3.160355
v -0.986715 1.140059 -3.082322
v -0.959966 1.280117 -3.000000
v -0.908902 1.409229 -2.919822
v -0.988023 0.866969 -3.078192
v -1.000000 1.000001 -3.000000
v -0.986715 1.140059 -2.917677
v -0.947213 1.276397 -2.837542
v -0.886395 1.399095 -2.765423
v -0.967222 0.746069 -3.000000
v -0.988023 0.866970 -2.921807
v -0.987059 1.000001 -2.839644
v -0.961008 1.136411 -2.759466
v -0.911803 1.266065 -2.687231
v -0.845982 1.380900 -2.626864
v -0.616302 1.380900 -2.310735
v -0.579229 1.266065 -2.229479
v -0.497012 1.399096 -2.229480
v -0.525732 1.136410 -2.160359
v -0.447216 1.276397 -2.149352
v -0.357124 1.409230 -2.160361
v -0.457527 0.999999 -2.110805
v -0.383208 1.140059 -2.087018
v -0.296649 1.280118 -2.087019
v -0.204616 1.409230 -2.110807
v -0.379681 0.866967 -2.084497
v -0.309017 0.999999 -2.048944
v -0.226619 1.140059 -2.036139
v -0.138199 1.276397 -2.048945
v -0.050817 1.399096 -2.084500
v -0.298885 0.746066 -2.080117
v -0.230948 0.866967 -2.036172
v -0.152509 1.000000 -2.011698
v -0.068206 1.136410 -2.011698
v 0.015699 1.266064 -2.036173
v 0.093451 1.380900 -2.080118
v 0.465085 1.380900 -2.200868
v 0.553820 1.266064 -2.211017
v 0.579226 1.399096 -2.289212
v 0.636088 1.136410 -2.240537
v 0.670820 1.276396 -2.311810
v 0.688190 1.409229 -2.400896
v 0.704293 0.999999 -2.290091
v 0.749882 1.140058 -2.353424
v 0.776630 1.280117 -2.435748
v 0.782446 1.409228 -2.530628
v 0.753368 0.866966 -2.355998
v 0.809019 0.999998 -2.412217
v 0.846659 1.140057 -2.486627
v 0.861804 1.276394 -2.574677
v 0.854992 1.399093 -2.668770
v 0.782501 0.746065 -2.431485
v 0.845289 0.866966 -2.482518
v 0.892805 0.999998 -2.549556
v 0.918856 1.136407 -2.629734
v 0.921508 1.266061 -2.717096
v 0.903740 1.380896 -2.804623
v 0.298886 1.253934 -3.919883
v 0.379681 1.133033 -3.915503
v 0.230948 1.133033 -3.963829
v 0.457527 1.000000 -3.889196
v 0.309017 1.000000 -3.951056
v 0.152509 1.000000 -3.988302
v 0.525732 0.863589 -3.839641
v 0.383207 0.859940 -3.912982
v 0.226619 0.859940 -3.963861
v 0.068205 0.863590 -3.988302
v 0.579229 0.733935 -3.770521
v 0.447216 0.723602 -3.850648
v 0.296648 0.719881 -3.912980
v 0.138199 0.723602 -3.951055
v -0.015699 0.733935 -3.963827
v 0.616302 0.619100 -3.689265
v 0.497012 0.600903 -3.770520
v 0.357124 0.590769 -3.839639
v 0.204615 0.590770 -3.889192
v 0.050817 0.600903 -3.915500
v -0.093451 0.619100 -3.919881
v -0.782501 1.253934 -3.568515
v -0.753368 1.133032 -3.644002
v -0.845290 1.133032 -3.517482
v -0.704293 1.000000 -3.709910
v -0.809018 1.000000 -3.587783
v -0.892805 1.000000 -3.450444
v -0.636087 0.863589 -3.759464
v -0.749881 0.859941 -3.646577
v -0.846659 0.859941 -3.513374
v -0.918856 0.863590 -3.370265
v -0.553819 0.733935 -3.788983
v -0.670819 0.723603 -3.688191
v -0.776628 0.719882 -3.564253
v -0.861803 0.723604 -3.425324
v -0.921507 0.733937 -3.282904
v -0.465084 0.619100 -3.799132
v -0.579224 0.600904 -3.710789
v -0.688189 0.590770 -3.599106
v -0.782445 0.590771 -3.469374
v -0.854991 0.600906 -3.331231
v -0.903739 0.619103 -3.195378
v -0.782501 1.253934 -2.431485
v -0.845290 1.133032 -2.482518
v -0.753368 1.133032 -2.355998
v -0.892805 1.000000 -2.549556
v -0.809018 1.000000 -2.412217
v -0.704293 1.000000 -2.290090
v -0.918856 0.863590 -2.629735
v -0.846659 0.859941 -2.486626
v -0.749881 0.859941 -2.353423
v -0.636087 0.863589 -2.240536
v -0.921508 0.733937 -2.717096
v -0.861803 0.723604 -2.574676
v -0.776629 0.719882 -2.435747
v -0.670819 0.723603 -2.311809
v -0.553819 0.733935 -2.211017
v -0.903739 0.619103 -2.804622
v -0.854991 0.600906 -2.668769
v -0.782445 0.590771 -2.530626
v -0.688189 0.590770 -2.400894
v -0.579224 0.600904 -2.289211
v -0.465084 0.619100 -2.200868
v 0.298886 1.253934 -2.080117
v 0.230948 1.133032 -2.036171
v 0.379681 1.133033 -2.084497
v 0.152509 1.000000 -2.011698
v 0.309017 1.000000 -2.048944
v 0.457527 1.000000 -2.110804
v 0.068206 0.863590 -2.011698
v 0.226619 0.859940 -2.036139
v 0.383207 0.859940 -2.087018
v 0.525732 0.863589 -2.160359
v -0.015699 0.733935 -2.036173
v 0.138199 0.723603 -2.048945
v 0.296648 0.719881 -2.087019
v 0.447216 0.723602 -2.149352
v 0.579229 0.733935 -2.229479
v -0.093451 0.619100 -2.080118
v 0.050817 0.600903 -2.084500
v 0.204615 0.590770 -2.110808
v 0.357124 0.590770 -2.160361
v 0.497012 0.600903 -2.229480
v 0.616302 0.619100 -2.310735
v 0.967222 1.253931 -3.000000
v 0.988023 1.133031 -2.921808
v 0.988023 1.133031 -3.078192
v 0.987059 1.000000 -2.839645
v 1.000000 1.000000 -3.000000
v 0.987059 1.000000 -3.160355
v 0.961008 0.863590 -2.759467
v 0.986715 0.859941 -2.917678
v 0.986715 0.859941 -3.082322
v 0.961008 0.863590 -3.240533
v 0.911804 0.733936 -2.687231
v 0.947213 0.723604 -2.837543
v 0.959966 0.719883 -3.000000
v 0.947213 0.723604 -3.162457
v 0.911804 0.733936 -3.312769
v 0.845982 0.619101 -2.626864
v 0.886396 0.600905 -2.765424
v 0.908902 0.590771 -2.919822
v 0.908902 0.590771 -3.080178
v 0.886396 0.600905 -3.234576
v 0.845982 0.619101 -3.373136
v 0.577066 0.413666 -3.568513
v 0.497009 0.303439 -3.517479
v 0.455902 0.385656 -3.643999
v 0.399272 0.201448 -3.450441
v 0.361804 0.276388 -3.587779
v 0.314971 0.370057 -3.709905
v 0.288916 0.117145 -3.370263
v 0.253366 0.180087 -3.513370
v 0.210087 0.266646 -3.646572
v 0.162463 0.370057 -3.759459
v 0.174138 0.056791 -3.282902
v 0.138197 0.105571 -3.425321
v 0.096779 0.180088 -3.564250
v 0.052789 0.276389 -3.688186
v 0.009708 0.385656 -3.788979
v 0.063482 0.021329 -3.195377
v 0.025407 0.056792 -3.331229
v -0.016099 0.117146 -3.469371
v -0.058250 0.201450 -3.599103
v -0.097915 0.303440 -3.710786
v -0.132684 0.413666 -3.799129
v -0.362367 0.413666 -3.724502
v -0.338569 0.303439 -3.632593
v -0.471601 0.385656 -3.632593
v -0.305014 0.201448 -3.518923
v -0.447211 0.276388 -3.525727
v -0.577832 0.370057 -3.518924
v -0.262862 0.117145 -3.389192
v -0.409952 0.180087 -3.399603
v -0.550010 0.266647 -3.399603
v -0.672088 0.370058 -3.389193
v -0.215245 0.056791 -3.253036
v -0.361801 0.105571 -3.262863
v -0.506730 0.180088 -3.266402
v -0.638195 0.276391 -3.262863
v -0.747367 0.385659 -3.253036
v -0.166198 0.021329 -3.120749
v -0.307168 0.056792 -3.126518
v -0.451376 0.117147 -3.129730
v -0.587784 0.201451 -3.129730
v -0.706258 0.303443 -3.126518
v -0.801022 0.413670 -3.120749
v -0.801022 0.413670 -2.879250
v -0.706258 0.303442 -2.873482
v -0.747367 0.385659 -2.746964
v -0.587784 0.201451 -2.870269
v -0.638195 0.276391 -2.737136
v -0.672088 0.370059 -2.610807
v -0.451375 0.117147 -2.870269
v -0.506730 0.180089 -2.733597
v -0.550009 0.266648 -2.600395
v -0.577832 0.370058 -2.481075
v -0.307168 0.056792 -2.873481
v -0.361801 0.105572 -2.737136
v -0.409952 0.180088 -2.600395
v -0.447211 0.276390 -2.474271
v -0.471601 0.385657 -2.367406
v -0.166198 0.021329 -2.879250
v -0.215246 0.056792 -2.746962
v -0.262863 0.117146 -2.610806
v -0.305015 0.201450 -2.481075
v -0.338569 0.303440 -2.367406
v -0.362367 0.413667 -2.275498
v 0.719015 0.413666 -3.373135
v 0.753363 0.385657 -3.234576
v 0.645740 0.303440 -3.312768
v 0.772493 0.370058 -3.080177
v 0.670817 0.276389 -3.162457
v 0.551780 0.201449 -3.240532
v 0.772493 0.370058 -2.919822
v 0.679849 0.266647 -3.000000
v 0.566540 0.180088 -3.082322
v 0.441423 0.117146 -3.160354
v 0.753364 0.385657 -2.765424
v 0.670818 0.276390 -2.837542
v 0.566541 0.180089 -2.917677
v 0.447211 0.105572 -2.999999
v 0.322869 0.056792 -3.078191
v 0.719016 0.413667 -2.626864
v 0.645741 0.303441 -2.687231
v 0.551781 0.201450 -2.759467
v 0.441424 0.117146 -2.839644
v 0.322870 0.056792 -2.921807
v 0.205432 0.021329 -3.000000
v -0.132684 0.413666 -2.200871
v -0.097915 0.303439 -2.289215
v 0.009709 0.385656 -2.211022
v -0.058249 0.201448 -2.400899
v 0.052790 0.276388 -2.311815
v 0.162463 0.370056 -2.240542
v -0.016097 0.117145 -2.530630
v 0.096780 0.180087 -2.435751
v 0.210089 0.266646 -2.353428
v 0.314971 0.370057 -2.290095
v 0.025409 0.056791 -2.668772
v 0.138199 0.105571 -2.574679
v 0.253368 0.180088 -2.486630
v 0.361805 0.276389 -2.412221
v 0.455903 0.385656 -2.356001
v 0.063484 0.021329 -2.804624
v 0.174140 0.056792 -2.717098
v 0.288918 0.117146 -2.629736
v 0.399274 0.201450 -2.549559
v 0.497011 0.303440 -2.482520
v 0.577067 0.413667 -2.431487
vn -0.0000 -1.0000 -0.0000
vn 0.7236 -0.4472 0.5257
vn -0.2764 -0.4472 0.8506
vn -0.8944 -0.4472 -0.0000
vn -0.2764 -0.4472 -0.8506
vn 0.7236 -0.4472 -0.5257
vn 0.2764 0.4472 0.8506
vn -0.7236 0.4472 0.5257
vn -0.7236 0.4472 -0.5257
vn 0.2764 0.4472 -0.8506
vn 0.8944 0.4472 -0.0000
vn -0.0000 1.0000 -0.0000
vn -0.2575 -0.5530 0.7924
vn -0.2324 -0.6591 0.7152
vn -0.2004 -0.7612 0.6168
vn -0.1625 -0.8507 0.5000
vn -0.1207 -0.9205 0.3716
vn -0.0782 -0.9674 0.2408
vn -0.0377 -0.9925 0.1161
vn 0.0987 -0.9925 0.0717
vn 0.2048 -0.9674 0.1488
vn 0.3161 -0.9205 0.2297
vn 0.4253 -0.8507 0.3090
vn 0.5247 -0.7612 0.3812
vn 0.6084 -0.6591 0.4420
vn 0.6740 -0.5530 0.4897
vn 0.6363 -0.4776 0.6058
vn 0.5302 -0.5026 0.6828
vn 0.4040 -0.5197 0.7528
vn 0.2629 -0.5257 0.8090
vn 0.1157 -0.5197 0.8465
vn -0.0275 -0.5026 0.8641
vn -0.1587 -0.4776 0.8641
vn 0.7728 -0.4776 -0.4180
vn 0.8133 -0.5026 -0.2932
vn 0.8408 -0.5197 -0.1516
vn 0.8506 -0.5257 -0.0000
vn 0.8408 -0.5197 0.1516
vn 0.8133 -0.5026 0.2932
vn 0.7728 -0.4776 0.4180
vn 0.0987 -0.9925 -0.0717
vn 0.2048 -0.9674 -0.1488
vn 0.3161 -0.9205 -0.2297
vn 0.4253 -0.8507 -0.3090
vn 0.5247 -0.7612 -0.3812
vn 0.6084 -0.6591 -0.4420
vn 0.6740 -0.5530 -0.4897
vn -0.8332 -0.5530 -0.0000
vn -0.7520 -0.6591 -0.0000
vn -0.6486 -0.7612 -0.0000
vn -0.5257 -0.8507 -0.0000
vn -0.3907 -0.9205 -0.0000
vn -0.2532 -0.9674 -0.0000
vn -0.1220 -0.9925 -0.0000
vn -0.3795 -0.4776 0.7924
vn -0.4856 -0.5026 0.7152
vn -0.5912 -0.5197 0.6168
vn -0.6882 -0.5257 0.5000
vn -0.7693 -0.5197 0.3716
vn -0.8303 -0.5026 0.2408
vn -0.8709 -0.4776 0.1161
vn -0.2575 -0.5530 -0.7924
vn -0.2324 -0.6591 -0.7152
vn -0.2004 -0.7612 -0.6168
vn -0.1625 -0.8507 -0.5000
vn -0.1207 -0.9205 -0.3716
vn -0.0782 -0.9674 -0.2408
vn -0.0377 -0.9925 -0.1161
vn -0.8709 -0.4776 -0.1161
vn -0.8303 -0.5026 -0.2408
vn -0.7693 -0.5197 -0.3716
vn -0.6882 -0.5257 -0.5000
vn -0.5912 -0.5197 -0.6168
vn -0.4856 -0.5026 -0.7152
vn -0.3795 -0.4776 -0.7924
vn -0.1587 -0.4776 -0.8641
vn -0.0275 -0.5026 -0.8641
vn 0.1157 -0.5197 -0.8465
vn 0.2629 -0.5257 -0.8090
vn 0.4040 -0.5197 -0.7528
vn 0.5302 -0.5026 -0.6828
vn 0.6363 -0.4776 -0.6058
vn 0.9319 0.3556 0.0717
vn 0.9569 0.2494 0.1488
vn 0.9647 0.1289 0.2297
vn 0.9511 -0.0000 0.3090
vn 0.9155 -0.1289 0.3812
vn 0.8616 -0.2494 0.4420
vn 0.7961 -0.3556 0.4897
vn 0.7961 -0.3556 -0.4897
vn 0.8616 -0.2494 -0.4420
vn 0.9155 -0.1289 -0.3812
vn 0.9511 -0.0000 -0.3090
vn 0.9647 0.1289 -0.2297
vn 0.9569 0.2494 -0.1488
vn 0.9319 0.3556 -0.0717
vn 0.2198 0.3556 0.9084
vn 0.1541 0.2494 0.9560
vn 0.0797 0.1289 0.9884
vn -0.0000 -0.0000 1.0000
vn -0.0797 -0.1289 0.9884
vn -0.1541 -0.2494 0.9560
vn -0.2198 -0.3556 0.9084
vn 0.7118 -0.3556 0.6058
vn 0.6867 -0.2494 0.6829
vn 0.6455 -0.1289 0.7528
vn 0.5878 -0.0000 0.8090
vn 0.5165 0.1289 0.8465
vn 0.4372 0.2494 0.8641
vn 0.3562 0.3556 0.8641
vn -0.7961 0.3556 0.4897
vn -0.8616 0.2494 0.4420
vn -0.9155 0.1289 0.3812
vn -0.9511 -0.0000 0.3090
vn -0.9647 -0.1289 0.2297
vn -0.9569 -0.2494 0.1488
vn -0.9319 -0.3556 0.0717
vn -0.3562 -0.3556 0.8641
vn -0.4372 -0.2494 0.8641
vn -0.5165 -0.1289 0.8465
vn -0.5878 -0.0000 0.8090
vn -0.6455 0.1289 0.7528
vn -0.6867 0.2494 0.6829
vn -0.7118 0.3556 0.6058
vn -0.7118 0.3556 -0.6058
vn -0.6867 0.2494 -0.6829
vn -0.6455 0.1289 -0.7528
vn -0.5878 -0.0000 -0.8090
vn -0.5165 -0.1289 -0.8465
vn -0.4372 -0.2494 -0.8641
vn -0.3562 -0.3556 -0.8641
vn -0.9319 -0.3556 -0.0717
vn -0.9569 -0.2494 -0.1488
vn -0.9647 -0.1289 -0.2297
vn -0.9511 -0.0000 -0.3090
vn -0.9155 0.1289 -0.3812
vn -0.8616 0.2494 -0.4420
vn -0.7961 0.3556 -0.4897
vn 0.3562 0.3556 -0.8641
vn 0.4372 0.2494 -0.8641
vn 0.5165 0.1289 -0.8465
vn 0.5878 -0.0000 -0.8090
vn 0.6455 -0.1289 -0.7528
vn 0.6867 -0.2494 -0.6829
vn 0.7118 -0.3556 -0.6058
vn -0.2198 -0.3556 -0.9084
vn -0.1541 -0.2494 -0.9560
vn -0.0797 -0.1289 -0.9884
vn -0.0000 -0.0000 -1.0000
vn 0.0797 0.1289 -0.9884
vn 0.1541 0.2494 -0.9560
vn 0.2198 0.3556 -0.9084
vn 0.8709 0.4776 0.1161
vn 0.8303 0.5026 0.2408
vn 0.7693 0.5197 0.3716
vn 0.6882 0.5257 0.5000
vn 0.5912 0.5197 0.6168
vn 0.4856 0.5026 0.7152
vn 0.3795 0.4776 0.7924
vn 0.1587 0.4776 0.8641
vn 0.0275 0.5026 0.8641
vn -0.1157 0.5197 0.8465
vn -0.2629 0.5257 0.8090
vn -0.4040 0.5197 0.7528
vn -0.5302 0.5026 0.6828
vn -0.6363 0.4776 0.6058
vn -0.7728 0.4776 0.4180
vn -0.8133 0.5026 0.2932
vn -0.8408 0.5197 0.1515
vn -0.8506 0.5257 -0.0000
vn -0.8408 0.5197 -0.1516
vn -0.8133 0.5026 -0.2932
vn -0.7728 0.4776 -0.4180
vn -0.6363 0.4776 -0.6058
vn -0.5302 0.5026 -0.6828
vn -0.4040 0.5197 -0.7528
vn -0.2629 0.5257 -0.8090
vn -0.1157 0.5197 -0.8465
vn 0.0275 0.5026 -0.8641
vn 0.1587 0.4776 -0.8641
vn 0.3795 0.4776 -0.7924
vn 0.4856 0.5026 -0.7152
vn 0.5912 0.5197 -0.6168
vn 0.6882 0.5257 -0.5000
vn 0.7693 0.5197 -0.3716
vn 0.8303 0.5026 -0.2408
vn 0.8709 0.4776 -0.1161
vn 0.0377 0.9925 0.1161
vn 0.0782 0.9674 0.2408
vn 0.1207 0.9205 0.3716
vn 0.1625 0.8507 0.5000
vn 0.2004 0.7612 0.6168
vn 0.2324 0.6591 0.7152
vn 0.2575 0.5530 0.7924
vn 0.8332 0.5530 -0.0000
vn 0.7520 0.6591 -0.0000
vn 0.6486 0.7612 -0.0000
vn 0.5257 0.8507 -0.0000
vn 0.3907 0.9205 -0.0000
vn 0.2532 0.9674 -0.0000
vn 0.1220 0.9925 -0.0000
vn -0.0987 0.9925 0.0717
vn -0.2048 0.9674 0.1488
vn -0.3161 0.9205 0.2297
vn -0.4253 0.8507 0.3090
vn -0.5247 0.7612 0.3812
vn -0.6084 0.6591 0.4420
vn -0.6740 0.5530 0.4897
vn -0.0987 0.9925 -0.0717
vn -0.2048 0.9674 -0.1488
vn -0.3161 0.9205 -0.2297
vn -0.4253 0.8507 -0.3090
vn -0.5247 0.7612 -0.3812
vn -0.6084 0.6591 -0.4420
vn -0.6740 0.5530 -0.4897
vn 0.0377 0.9925 -0.1161
vn 0.0782 0.9674 -0.2408
vn 0.1207 0.9205 -0.3716
vn 0.1625 0.8507 -0.5000
vn 0.2004 0.7612 -0.6168
vn 0.2324 0.6591 -0.7152
vn 0.2575 0.5530 -0.7924
vn 0.1698 0.9777 -0.1233
vn 0.3095 0.9421 -0.1293
vn 0.2186 0.9421 -0.2544
vn 0.4520 0.8821 -0.1326
vn 0.3635 0.8934 -0.2641
vn 0.2658 0.8821 -0.3889
vn 0.5868 0.7988 -0.1326
vn 0.5066 0.8196 -0.2676
vn 0.4110 0.8196 -0.3991
vn 0.3074 0.7988 -0.5171
vn 0.7042 0.6981 -0.1293
vn 0.6365 0.7247 -0.2641
vn 0.5493 0.7342 -0.3991
vn 0.4479 0.7247 -0.5237
vn 0.3406 0.6981 -0.6298
vn 0.7986 0.5891 -0.1233
vn 0.7449 0.6168 -0.2544
vn 0.6701 0.6322 -0.3889
vn 0.5770 0.6322 -0.5171
vn 0.4721 0.6168 -0.6298
vn 0.3641 0.5891 -0.7214
vn -0.0648 0.9777 -0.1996
vn -0.0273 0.9421 -0.3343
vn -0.1744 0.9421 -0.2865
vn 0.0136 0.8821 -0.4709
vn -0.1389 0.8934 -0.4274
vn -0.2878 0.8821 -0.3730
vn 0.0552 0.7988 -0.5991
vn -0.0980 0.8196 -0.5645
vn -0.2525 0.8196 -0.5142
vn -0.3968 0.7988 -0.4522
vn 0.0947 0.6981 -0.7097
vn -0.0545 0.7247 -0.6869
vn -0.2098 0.7342 -0.6457
vn -0.3597 0.7247 -0.5878
vn -0.4937 0.6981 -0.5185
vn 0.1295 0.5891 -0.7976
vn -0.0118 0.6168 -0.7870
vn -0.1628 0.6322 -0.7575
vn -0.3135 0.6322 -0.7085
vn -0.4531 0.6168 -0.6436
vn -0.5736 0.5891 -0.5692
vn -0.2098 0.9777 -0.0000
vn -0.3264 0.9421 -0.0773
vn -0.3264 0.9421 0.0773
vn -0.4436 0.8821 -0.1584
vn -0.4493 0.8934 -0.0000
vn -0.4436 0.8821 0.1584
vn -0.5527 0.7988 -0.2376
vn -0.5671 0.8196 -0.0812
vn -0.5671 0.8196 0.0812
vn -0.5527 0.7988 0.2377
vn -0.6457 0.6981 -0.3093
vn -0.6702 0.7247 -0.1604
vn -0.6789 0.7342 -0.0000
vn -0.6702 0.7247 0.1604
vn -0.6457 0.6981 0.3093
vn -0.7186 0.5891 -0.3696
vn -0.7521 0.6168 -0.2320
vn -0.7707 0.6322 -0.0792
vn -0.7707 0.6322 0.0792
vn -0.7521 0.6168 0.2320
vn -0.7186 0.5891 0.3696
vn -0.0648 0.9777 0.1996
vn -0.1744 0.9421 0.2865
vn -0.0273 0.9421 0.3343
vn -0.2878 0.8821 0.3730
vn -0.1389 0.8934 0.4274
vn 0.0136 0.8821 0.4709
vn -0.3968 0.7988 0.4522
vn -0.2525 0.8196 0.5142
vn -0.0980 0.8196 0.5645
vn 0.0552 0.7988 0.5991
vn -0.4937 0.6981 0.5185
vn -0.3597 0.7247 0.5878
vn -0.2098 0.7342 0.6457
vn -0.0545 0.7247 0.6869
vn 0.0947 0.6981 0.7097
vn -0.5736 0.5891 0.5692
vn -0.4531 0.6168 0.6436
vn -0.3135 0.6322 0.7085
vn -0.1628 0.6322 0.7575
vn -0.0118 0.6168 0.7870
vn 0.1295 0.5891 0.7976
vn 0.1698 0.9777 0.1233
vn 0.2186 0.9421 0.2544
vn 0.3095 0.9421 0.1293
vn 0.2658 0.8821 0.3889
vn 0.3635 0.8934 0.2641
vn 0.4520 0.8821 0.1326
vn 0.3074 0.7988 0.5171
vn 0.4110 0.8196 0.3991
vn 0.5066 0.8196 0.2676
vn 0.5868 0.7988 0.1326
vn 0.3406 0.6981 0.6298
vn 0.4479 0.7247 0.5237
vn 0.5493 0.7342 0.3991
vn 0.6365 0.7247 0.2641
vn 0.7042 0.6981 0.1293
vn 0.3641 0.5891 0.7214
vn 0.4721 0.6168 0.6298
vn 0.5770 0.6322 0.5171
vn 0.6701 0.6322 0.3889
vn 0.7449 0.6168 0.2544
vn 0.7986 0.5891 0.1233
vn 0.9035 0.3793 -0.1996
vn 0.9206 0.2653 -0.2865
vn 0.8548 0.3969 -0.3343
vn 0.9177 0.1371 -0.3730
vn 0.8611 0.2753 -0.4274
vn 0.7829 0.4066 -0.4709
vn 0.8919 0.0023 -0.4522
vn 0.8460 0.1407 -0.5142
vn 0.7769 0.2789 -0.5645
vn 0.6898 0.4066 -0.5991
vn 0.8452 -0.1294 -0.5185
vn 0.8090 0.0024 -0.5878
vn 0.7505 0.1407 -0.6457
vn 0.6725 0.2753 -0.6869
vn 0.5821 0.3969 -0.7097
vn 0.7834 -0.2496 -0.5692
vn 0.7543 -0.1294 -0.6436
vn 0.7057 0.0023 -0.7085
vn 0.6383 0.1371 -0.7575
vn 0.5570 0.2653 -0.7870
vn 0.4690 0.3793 -0.7976
vn 0.0894 0.3793 -0.9210
vn 0.0120 0.2653 -0.9641
vn -0.0538 0.3969 -0.9163
vn -0.0711 0.1371 -0.9880
vn -0.1403 0.2753 -0.9511
vn -0.2059 0.4066 -0.8901
vn -0.1544 0.0023 -0.9880
vn -0.2276 0.1407 -0.9635
vn -0.2968 0.2789 -0.9133
vn -0.3566 0.4066 -0.8411
vn -0.2319 -0.1294 -0.9641
vn -0.3090 0.0024 -0.9511
vn -0.3822 0.1407 -0.9133
vn -0.4455 0.2753 -0.8519
vn -0.4951 0.3969 -0.7729
vn -0.2992 -0.2496 -0.9210
vn -0.3790 -0.1294 -0.9163
vn -0.4558 0.0023 -0.8901
vn -0.5232 0.1371 -0.8411
vn -0.5764 0.2653 -0.7729
vn -0.6137 0.3793 -0.6925
vn -0.8483 0.3793 -0.3696
vn -0.9132 0.2653 -0.3093
vn -0.8881 0.3969 -0.2320
vn -0.9616 0.1371 -0.2377
vn -0.9479 0.2753 -0.1604
vn -0.9101 0.4066 -0.0792
vn -0.9874 0.0023 -0.1584
vn -0.9867 0.1407 -0.0812
vn -0.9603 0.2789 -0.0000
vn -0.9101 0.4066 0.0792
vn -0.9886 -0.1294 -0.0773
vn -1.0000 0.0024 -0.0000
vn -0.9867 0.1407 0.0812
vn -0.9479 0.2753 0.1604
vn -0.8881 0.3969 0.2320
vn -0.9684 -0.2496 -0.0000
vn -0.9886 -0.1294 0.0773
vn -0.9874 0.0023 0.1584
vn -0.9616 0.1371 0.2377
vn -0.9132 0.2653 0.3093
vn -0.8483 0.3793 0.3696
vn -0.6137 0.3793 0.6925
vn -0.5764 0.2653 0.7729
vn -0.4951 0.3969 0.7729
vn -0.5232 0.1371 0.8411
vn -0.4455 0.2753 0.8519
vn -0.3566 0.4066 0.8411
vn -0.4558 0.0023 0.8901
vn -0.3822 0.1407 0.9133
vn -0.2968 0.2789 0.9133
vn -0.2059 0.4066 0.8901
vn -0.3790 -0.1294 0.9163
vn -0.3090 0.0024 0.9511
vn -0.2276 0.1407 0.9635
vn -0.1403 0.2753 0.9511
vn -0.0538 0.3969 0.9163
vn -0.2992 -0.2496 0.9210
vn -0.2319 -0.1294 0.9641
vn -0.1544 0.0023 0.9880
vn -0.0711 0.1371 0.9880
vn 0.0120 0.2653 0.9641
vn 0.0894 0.3793 0.9210
vn 0.4690 0.3793 0.7976
vn 0.5570 0.2653 0.7870
vn 0.5821 0.3969 0.7097
vn 0.6383 0.1371 0.7575
vn 0.6725 0.2753 0.6869
vn 0.6898 0.4066 0.5991
vn 0.7057 0.0023 0.7085
vn 0.7505 0.1407 0.6457
vn 0.7769 0.2789 0.5645
vn 0.7829 0.4066 0.4709
vn 0.7543 -0.1294 0.6436
vn 0.8090 0.0024 0.5878
vn 0.8460 0.1407 0.5142
vn 0.8611 0.2753 0.4274
vn 0.8548 0.3969 0.3343
vn 0.7834 -0.2496 0.5692
vn 0.8452 -0.1294 0.5185
vn 0.8919 0.0023 0.4522
vn 0.9177 0.1371 0.3730
vn 0.9206 0.2653 0.2865
vn 0.9035 0.3793 0.1996
vn 0.2992 0.2496 -0.9210
vn 0.3790 0.1294 -0.9163
vn 0.2319 0.1294 -0.9641
vn 0.4558 -0.0023 -0.8901
vn 0.3090 -0.0024 -0.9511
vn 0.1544 -0.0023 -0.9880
vn 0.5232 -0.1371 -0.8411
vn 0.3822 -0.1407 -0.9133
vn 0.2276 -0.1407 -0.9635
vn 0.0711 -0.1371 -0.9880
vn 0.5764 -0.2653 -0.7729
vn 0.4455 -0.2753 -0.8519
vn 0.2968 -0.2789 -0.9133
vn 0.1403 -0.2753 -0.9511
vn -0.0120 -0.2653 -0.9641
vn 0.6137 -0.3793 -0.6925
vn 0.4951 -0.3969 -0.7729
vn 0.3566 -0.4066 -0.8411
vn 0.2059 -0.4066 -0.8901
vn 0.0538 -0.3969 -0.9163
vn -0.0894 -0.3793 -0.9210
vn -0.7834 0.2496 -0.5692
vn -0.7543 0.1294 -0.6436
vn -0.8452 0.1294 -0.5185
vn -0.7057 -0.0023 -0.7085
vn -0.8090 -0.0024 -0.5878
vn -0.8919 -0.0023 -0.4522
vn -0.6383 -0.1371 -0.7575
vn -0.7505 -0.1407 -0.6457
vn -0.8460 -0.1407 -0.5142
vn -0.9177 -0.1371 -0.3730
vn -0.5570 -0.2653 -0.7870
vn -0.6725 -0.2753 -0.6869
vn -0.7769 -0.2789 -0.5645
vn -0.8611 -0.2753 -0.4274
vn -0.9206 -0.2653 -0.2865
vn -0.4690 -0.3793 -0.7976
vn -0.5821 -0.3969 -0.7097
vn -0.6898 -0.4066 -0.5991
vn -0.7829 -0.4066 -0.4709
vn -0.8548 -0.3969 -0.3343
vn -0.9035 -0.3793 -0.1996
vn -0.7834 0.2496 0.5692
vn -0.8452 0.1294 0.5185
vn -0.7543 0.1294 0.6436
vn -0.8919 -0.0023 0.4522
vn -0.8090 -0.0024 0.5878
vn -0.7057 -0.0023 0.7085
vn -0.9177 -0.1371 0.3730
vn -0.8460 -0.1407 0.5142
vn -0.7505 -0.1407 0.6457
vn -0.6383 -0.1371 0.7575
vn -0.9206 -0.2653 0.2865
vn -0.8611 -0.2753 0.4274
vn -0.7769 -0.2789 0.5645
vn -0.6725 -0.2753 0.6869
vn -0.5570 -0.2653 0.7870
vn -0.9035 -0.3793 0.1996
vn -0.8548 -0.3969 0.3343
vn -0.7829 -0.4066 0.4709
vn -0.6898 -0.4066 0.5991
vn -0.5821 -0.3969 0.7097
vn -0.4690 -0.3793 0.7976
vn 0.2992 0.2496 0.9210
vn 0.2319 0.1294 0.9641
vn 0.3790 0.1294 0.9163
vn 0.1544 -0.0023 0.9880
vn 0.3090 -0.0024 0.9511
vn 0.4558 -0.0023 0.8901
vn 0.0711 -0.1371 0.9880
vn 0.2276 -0.1407 0.9635
vn 0.3822 -0.1407 0.9133
vn 0.5232 -0.1371 0.8411
vn -0.0120 -0.2653 0.9641
vn 0.1403 -0.2753 0.9511
vn 0.2968 -0.2789 0.9133
vn 0.4455 -0.2753 0.8519
vn 0.5764 -0.2653 0.7729
vn -0.0894 -0.3793 0.9210
vn 0.0538 -0.3969 0.9163
vn 0.2059 -0.4066 0.8901
vn 0.3566 -0.4066 0.8411
vn 0.4951 -0.3969 0.7729
vn 0.6137 -0.3793 0.6925
vn 0.9684 0.2496 -0.0000
vn 0.9886 0.1294 0.0773
vn 0.9886 0.1294 -0.0773
vn 0.9874 -0.0023 0.1584
vn 1.0000 -0.0024 -0.0000
vn 0.9874 -0.0023 -0.1584
vn 0.9616 -0.1371 0.2377
vn 0.9867 -0.1407 0.0812
vn 0.9867 -0.1407 -0.0812
vn 0.9616 -0.1371 -0.2377
vn 0.9132 -0.2653 0.3093
vn 0.9479 -0.2753 0.1604
vn 0.9603 -0.2789 -0.0000
vn 0.9479 -0.2753 -0.1604
vn 0.9132 -0.2653 -0.3093
vn 0.8483 -0.3793 0.3696
vn 0.8881 -0.3969 0.2320
vn 0.9101 -0.4066 0.0792
vn 0.9101 -0.4066 -0.0792
vn 0.8881 -0.3969 -0.2320
vn 0.8483 -0.3793 -0.3696
vn 0.5736 -0.5891 -0.5692
vn 0.4937 -0.6981 -0.5185
vn 0.4531 -0.6168 -0.6436
vn 0.3968 -0.7988 -0.4522
vn 0.3597 -0.7247 -0.5878
vn 0.3135 -0.6322 -0.7085
vn 0.2878 -0.8821 -0.3730
vn 0.2525 -0.8196 -0.5142
vn 0.2098 -0.7342 -0.6457
vn 0.1628 -0.6322 -0.7575
vn 0.1744 -0.9421 -0.2865
vn 0.1389 -0.8934 -0.4274
vn 0.0980 -0.8196 -0.5645
vn 0.0545 -0.7247 -0.6869
vn 0.0118 -0.6168 -0.7870
vn 0.0648 -0.9777 -0.1996
vn 0.0273 -0.9421 -0.3343
vn -0.0136 -0.8821 -0.4709
vn -0.0552 -0.7988 -0.5991
vn -0.0947 -0.6981 -0.7097
vn -0.1295 -0.5891 -0.7976
vn -0.3641 -0.5891 -0.7214
vn -0.3406 -0.6981 -0.6298
vn -0.4721 -0.6168 -0.6298
vn -0.3074 -0.7988 -0.5171
vn -0.4479 -0.7247 -0.5237
vn -0.5770 -0.6322 -0.5171
vn -0.2658 -0.8821 -0.3889
vn -0.4110 -0.8196 -0.3991
vn -0.5493 -0.7342 -0.3991
vn -0.6701 -0.6322 -0.3889
vn -0.2186 -0.9421 -0.2544
vn -0.3635 -0.8934 -0.2641
vn -0.5066 -0.8196 -0.2676
vn -0.6365 -0.7247 -0.2641
vn -0.7449 -0.6168 -0.2544
vn -0.1698 -0.9777 -0.1233
vn -0.3095 -0.9421 -0.1293
vn -0.4520 -0.8821 -0.1326
vn -0.5868 -0.7988 -0.1326
vn -0.7042 -0.6981 -0.1293
vn -0.7986 -0.5891 -0.1233
vn -0.7986 -0.5891 0.1233
vn -0.7042 -0.6981 0.1293
vn -0.7449 -0.6168 0.2544
vn -0.5868 -0.7988 0.1326
vn -0.6365 -0.7247 0.2641
vn -0.6701 -0.6322 0.3889
vn -0.4520 -0.8821 0.1326
vn -0.5066 -0.8196 0.2676
vn -0.5493 -0.7342 0.3991
vn -0.5770 -0.6322 0.5171
vn -0.3095 -0.9421 0.1293
vn -0.3635 -0.8934 0.2641
vn -0.4110 -0.8196 0.3991
vn -0.4479 -0.7247 0.5237
vn -0.4721 -0.6168 0.6298
vn -0.1698 -0.9777 0.1233
vn -0.2186 -0.9421 0.2544
vn -0.2658 -0.8821 0.3889
vn -0.3074 -0.7988 0.5171
vn -0.3406 -0.6981 0.6298
vn -0.3641 -0.5891 0.7214
vn 0.7186 -0.5891 -0.3696
vn 0.7521 -0.6168 -0.2320
vn 0.6457 -0.6981 -0.3093
vn 0.7707 -0.6322 -0.0792
vn 0.6702 -0.7247 -0.1604
vn 0.5527 -0.7988 -0.2376
vn 0.7707 -0.6322 0.0792
vn 0.6789 -0.7342 -0.0000
vn 0.5671 -0.8196 -0.0812
vn 0.4436 -0.8821 -0.1584
vn 0.7521 -0.6168 0.2320
vn 0.6702 -0.7247 0.1604
vn 0.5671 -0.8196 0.0812
vn 0.4493 -0.8934 -0.0000
vn 0.3264 -0.9421 -0.0773
vn 0.7186 -0.5891 0.3696
vn 0.6457 -0.6981 0.3093
vn 0.5527 -0.7988 0.2377
vn 0.4436 -0.8821 0.1584
vn 0.3264 -0.9421 0.0773
vn 0.2098 -0.9777 -0.0000
vn -0.1295 -0.5891 0.7976
vn -0.0947 -0.6981 0.7097
vn 0.0118 -0.6168 0.7870
vn -0.0552 -0.7988 0.5991
vn 0.0545 -0.7247 0.6869
vn 0.1628 -0.6322 0.7575
vn -0.0136 -0.8821 0.4709
vn 0.0980 -0.8196 0.5645
vn 0.2098 -0.7342 0.6457
vn 0.3135 -0.6322 0.7085
vn 0.0273 -0.9421 0.3343
vn 0.1389 -0.8934 0.4274
vn 0.2525 -0.8196 0.5142
vn 0.3597 -0.7247 0.5878
vn 0.4531 -0.6168 0.6436
vn 0.0648 -0.9777 0.1996
vn 0.1744 -0.9421 0.2865
vn 0.2878 -0.8821 0.3730
vn 0.3968 -0.7988 0.4522
vn 0.4937 -0.6981 0.5185
vn 0.5736 -0.5891 0.5692
s 1
f 1927//1927 1946//1946 1945//1945
f 1928//1928 1952//1952 1966//1966
f 1927//1927 1945//1945 1980//1980
f 1927//1927 1980//1980 1994//1994
f 1927//1927 1994//1994 1967//1967
f 1928//1928 1966//1966 2015//2015
f 1929//1929 1959//1959 2029//2029
f 1930//1930 1987//1987 2043//2043
f 1931//1931 2001//2001 2057//2057
f 1932//1932 2008//2008 2071//2071
f 1928//1928 2015//2015 2030//2030
f 1929//1929 2029//2029 2044//2044
f 1930//1930 2043//2043 2058//2058
f 1931//1931 2057//2057 2072//2072
f 1932//1932 2071//2071 2016//2016
f 1933//1933 2085//2085 2120//2120
f 1934//1934 2092//2092 2134//2134
f 1935//1935 2099//2099 2141//2141
f 1936//1936 2106//2106 2148//2148
f 1937//1937 2113//2113 2121//2121
f 2127//2127 2142//2142 1938//1938
f 2126//2126 2149//2149 2127//2127
f 2125//2125 2150//2150 2126//2126
f 2124//2124 2152//2152 2125//2125
f 2123//2123 2155//2155 2124//2124
f 2122//2122 2159//2159 2123//2123
f 2121//2121 2164//2164 2122//2122
f 2127//2127 2149//2149 2142//2142
f 2149//2149 2143//2143 2142//2142
f 2126//2126 2150//2150 2149//2149
f 2150//2150 2151//2151 2149//2149
f 2149//2149 2151//2151 2143//2143
f 2151//2151 2144//2144 2143//2143
f 2125//2125 2152//2152 2150//2150
f 2152//2152 2153//2153 2150//2150
f 2150//2150 2153//2153 2151//2151
f 2153//2153 2154//2154 2151//2151
f 2151//2151 2154//2154 2144//2144
f 2154//2154 2145//2145 2144//2144
f 2124//2124 2155//2155 2152//2152
f 2155//2155 2156//2156 2152//2152
f 2152//2152 2156//2156 2153//2153
f 2156//2156 2157//2157 2153//2153
f 2153//2153 2157//2157 2154//2154
f 2157//2157 2158//2158 2154//2154
f 2154//2154 2158//2158 2145//2145
f 2158//2158 2146//2146 2145//2145
f 2123//2123 2159//2159 2155//2155
f 2159//2159 2160//2160 2155//2155
f 2155//2155 2160//2160 2156//2156
f 2160//2160 2161//2161 2156//2156
f 2156//2156 2161//2161 2157//2157
f 2161//2161 2162//2162 2157//2157
f 2157//2157 2162//2162 2158//2158
f 2162//2162 2163//2163 2158//2158
f 2158//2158 2163//2163 2146//2146
f 2163//2163 2147//2147 2146//2146
f 2122//2122 2164//2164 2159//2159
f 2164//2164 2165//2165 2159//2159
f 2159//2159 2165//2165 2160//2160
f 2165//2165 2166//2166 2160//2160
f 2160//2160 2166//2166 2161//2161
f 2166//2166 2167//2167 2161//2161
f 2161//2161 2167//2167 2162//2162
f 2167//2167 2168//2168 2162//2162
f 2162//2162 2168//2168 2163//2163
f 2168//2168 2169//2169 2163//2163
f 2163//2163 2169//2169 2147//2147
f 2169//2169 2148//2148 2147//2147
f 2121//2121 2113//2113 2164//2164
f 2113//2113 2112//2112 2164//2164
f 2164//2164 2112//2112 2165//2165
f 2112//2112 2111//2111 2165//2165
f 2165//2165 2111//2111 2166//2166
f 2111//2111 2110//2110 2166//2166
f 2166//2166 2110//2110 2167//2167
f 2110//2110 2109//2109 2167//2167
f 2167//2167 2109//2109 2168//2168
f 2109//2109 2108//2108 2168//2168
f 2168//2168 2108//2108 2169//2169
f 2108//2108 2107//2107 2169//2169
f 2169//2169 2107//2107 2148//2148
f 2107//2107 1936//1936 2148//2148
f 2142//2142 2135//2135 1938//1938
f 2143//2143 2170//2170 2142//2142
f 2144//2144 2171//2171 2143//2143
f 2145//2145 2173//2173 2144//2144
f 2146//2146 2176//2176 2145//2145
f 2147//2147 2180//2180 2146//2146
f 2148//2148 2185//2185 2147//2147
f 2142//2142 2170//2170 2135//2135
f 2170//2170 2136//2136 2135//2135
f 2143//2143 2171//2171 2170//2170
f 2171//2171 2172//2172 2170//2170
f 2170//2170 2172//2172 2136//2136
f 2172//2172 2137//2137 2136//2136
f 2144//2144 2173//2173 2171//2171
f 2173//2173 2174//2174 2171//2171
f 2171//2171 2174//2174 2172//2172
f 2174//2174 2175//2175 2172//2172
f 2172//2172 2175//2175 2137//2137
f 2175//2175 2138//2138 2137//2137
f 2145//2145 2176//2176 2173//2173
f 2176//2176 2177//2177 2173//2173
f 2173//2173 2177//2177 2174//2174
f 2177//2177 2178//2178 2174//2174
f 2174//2174 2178//2178 2175//2175
f 2178//2178 2179//2179 2175//2175
f 2175//2175 2179//2179 2138//2138
f 2179//2179 2139//2139 2138//2138
f 2146//2146 2180//2180 2176//2176
f 2180//2180 2181//2181 2176//2176
f 2176//2176 2181//2181 2177//2177
f 2181//2181 2182//2182 2177//2177
f 2177//2177 2182//2182 2178//2178
f 2182//2182 2183//2183 2178//2178
f 2178//2178 2183//2183 2179//2179
f 2183//2183 2184//2184 2179//2179
f 2179//2179 2184//2184 2139//2139
f 2184//2184 2140//2140 2139//2139
f 2147//2147 2185//2185 2180//2180
f 2185//2185 2186//2186 2180//2180
f 2180//2180 2186//2186 2181//2181
f 2186//2186 2187//2187 2181//2181
f 2181//2181 2187//2187 2182//2182
f 2187//2187 2188//2188 2182//2182
f 2182//2182 2188//2188 2183//2183
f 2188//2188 2189//2189 2183//2183
f 2183//2183 2189//2189 2184//2184
f 2189//2189 2190//2190 2184//2184
f 2184//2184 2190//2190 2140//2140
f 2190//2190 2141//2141 2140//2140
f 2148//2148 2106//2106 2185//2185
f 2106//2106 2105//2105 2185//2185
f 2185//2185 2105//2105 2186//2186
f 2105//2105 2104//2104 2186//2186
f 2186//2186 2104//2104 2187//2187
f 2104//2104 2103//2103 2187//2187
f 2187//2187 2103//2103 2188//2188
f 2103//2103 2102//2102 2188//2188
f 2188//2188 2102//2102 2189//2189
f 2102//2102 2101//2101 2189//2189
f 2189//2189 2101//2101 2190//2190
f 2101//2101 2100//2100 2190//2190
f 2190//2190 2100//2100 2141//2141
f 2100//2100 1935//1935 2141//2141
f 2135//2135 2128//2128 1938//1938
f 2136//2136 2191//2191 2135//2135
f 2137//2137 2192//2192 2136//2136
f 2138//2138 2194//2194 2137//2137
f 2139//2139 2197//2197 2138//2138
f 2140//2140 2201//2201 2139//2139
f 2141//2141 2206//2206 2140//2140
f 2135//2135 2191//2191 2128//2128
f 2191//2191 2129//2129 2128//2128
f 2136//2136 2192//2192 2191//2191
f 2192//2192 2193//2193 2191//2191
f 2191//2191 2193//2193 2129//2129
f 2193//2193 2130//2130 2129//2129
f 2137//2137 2194//2194 2192//2192
f 2194//2194 2195//2195 2192//2192
f 2192//2192 2195//2195 2193//2193
f 2195//2195 2196//2196 2193//2193
f 2193//2193 2196//2196 2130//2130
f 2196//2196 2131//2131 2130//2130
f 2138//2138 2197//2197 2194//2194
f 2197//2197 2198//2198 2194//2194
f 2194//2194 2198//2198 2195//2195
f 2198//2198 2199//2199 2195//2195
f 2195//2195 2199//2199 2196//2196
f 2199//2199 2200//2200 2196//2196
f 2196//2196 2200//2200 2131//2131
f 2200//2200 2132//2132 2131//2131
f 2139//2139 2201//2201 2197//2197
f 2201//2201 2202//2202 2197//2197
f 2197//2197 2202//2202 2198//2198
f 2202//2202 2203//2203 2198//2198
f 2198//2198 2203//2203 2199//2199
f 2203//2203 2204//2204 2199//2199
f 2199//2199 2204//2204 2200//2200
f 2204//2204 2205//2205 2200//2200
f 2200//2200 2205//2205 2132//2132
f 2205//2205 2133//2133 2132//2132
f 2140//2140 2206//2206 2201//2201
f 2206//2206 2207//2207 2201//2201
f 2201//2201 2207//2207 2202//2202
f 2207//2207 2208//2208 2202//2202
f 2202//2202 2208//2208 2203//2203
f 2208//2208 2209//2209 2203//2203
f 2203//2203 2209//2209 2204//2204
f 2209//2209 2210//2210 2204//2204
f 2204//2204 2210//2210 2205//2205
f 2210//2210 2211//2211 2205//2205
f 2205//2205 2211//2211 2133//2133
f 2211//2211 2134//2134 2133//2133
f 2141//2141 2099//2099 2206//2206
f 2099//2099 2098//2098 2206//2206
f 2206//2206 2098//2098 2207//2207
f 2098//2098 2097//2097 2207//2207
f 2207//2207 2097//2097 2208//2208
f 2097//2097 2096//2096 2208//2208
f 2208//2208 2096//2096 2209//2209
f 2096//2096 2095//2095 2209//2209
f 2209//2209 2095//2095 2210//2210
f 2095//2095 2094//2094 2210//2210
f 2210//2210 2094//2094 2211//2211
f 2094//2094 2093//2093 2211//2211
f 2211//2211 2093//2093 2134//2134
f 2093//2093 1934//1934 2134//2134
f 2128//2128 2114//2114 1938//1938
f 2129//2129 2212//2212 2128//2128
f 2130//2130 2213//2213 2129//2129
f 2131//2131 2215//2215 2130//2130
f 2132//2132 2218//2218 2131//2131
f 2133//2133 2222//2222 2132//2132
f 2134//2134 2227//2227 2133//2133
f 2128//2128 2212//2212 2114//2114
f 2212//2212 2115//2115 2114//2114
f 2129//2129 2213//2213 2212//2212
f 2213//2213 2214//2214 2212//2212
f 2212//2212 2214//2214 2115//2115
f 2214//2214 2116//2116 2115//2115
f 2130//2130 2215//2215 2213//2213
f 2215//2215 2216//2216 2213//2213
f 2213//2213 2216//2216 2214//2214
f 2216//2216 2217//2217 2214//2214
f 2214//2214 2217//2217 2116//2116
f 2217//2217 2117//2117 2116//2116
f 2131//2131 2218//2218 2215//2215
f 2218//2218 2219//2219 2215//2215
f 2215//2215 2219//2219 2216//2216
f 2219//2219 2220//2220 2216//2216
f 2216//2216 2220//2220 2217//2217
f 2220//2220 2221//2221 2217//2217
f 2217//2217 2221//2221 2117//2117
f 2221//2221 2118//2118 2117//2117
f 2132//2132 2222//2222 2218//2218
f 2222//2222 2223//2223 2218//2218
f 2218//2218 2223//2223 2219//2219
f 2223//2223 2224//2224 2219//2219
f 2219//2219 2224//2224 2220//2220
f 2224//2224 2225//2225 2220//2220
f 2220//2220 2225//2225 2221//2221
f 2225//2225 2226//2226 2221//2221
f 2221//2221 2226//2226 2118//2118
f 2226//2226 2119//2119 2118//2118
f 2133//2133 2227//2227 2222//2222
f 2227//2227 2228//2228 2222//2222
f 2222//2222 2228//2228 2223//2223
f 2228//2228 2229//2229 2223//2223
f 2223//2223 2229//2229 2224//2224
f 2229//2229 2230//2230 2224//2224
f 2224//2224 2230//2230 2225//2225
f 2230//2230 2231//2231 2225//2225
f 2225//2225 2231//2231 2226//2226
f 2231//2231 2232//2232 2226//2226
f 2226//2226 2232//2232 2119//2119
f 2232//2232 2120//2120 2119//2119
f 2134//2134 2092//2092 2227//2227
f 2092//2092 2091//2091 2227//2227
f 2227//2227 2091//2091 2228//2228
f 2091//2091 2090//2090 2228//2228
f 2228//2228 2090//2090 2229//2229
f 2090//2090 2089//2089 2229//2229
f 2229//2229 2089//2089 2230//2230
f 2089//2089 2088//2088 2230//2230
f 2230//2230 2088//2088 2231//2231
f 2088//2088 2087//2087 2231//2231
f 2231//2231 2087//2087 2232//2232
f 2087//2087 2086//2086 2232//2232
f 2232//2232 2086//2086 2120//2120
f 2086//2086 1933//1933 2120//2120
f 2114//2114 2127//2127 1938//1938
f 2115//2115 2233//2233 2114//2114
f 2116//2116 2234//2234 2115//2115
f 2117//2117 2236//2236 2116//2116
f 2118//2118 2239//2239 2117//2117
f 2119//2119 2243//2243 2118//2118
f 2120//2120 2248//2248 2119//2119
f 2114//2114 2233//2233 2127//2127
f 2233//2233 2126//2126 2127//2127
f 2115//2115 2234//2234 2233//2233
f 2234//2234 2235//2235 2233//2233
f 2233//2233 2235//2235 2126//2126
f 2235//2235 2125//2125 2126//2126
f 2116//2116 2236//2236 2234//2234
f 2236//2236 2237//2237 2234//2234
f 2234//2234 2237//2237 2235//2235
f 2237//2237 2238//2238 2235//2235
f 2235//2235 2238//2238 2125//2125
f 2238//2238 2124//2124 2125//2125
f 2117//2117 2239//2239 2236//2236
f 2239//2239 2240//2240 2236//2236
f 2236//2236 2240//2240 2237//2237
f 2240//2240 2241//2241 2237//2237
f 2237//2237 2241//2241 2238//2238
f 2241//2241 2242//2242 2238//2238
f 2238//2238 2242//2242 2124//2124
f 2242//2242 2123//2123 2124//2124
f 2118//2118 2243//2243 2239//2239
f 2243//2243 2244//2244 2239//2239
f 2239//2239 2244//2244 2240//2240
f 2244//2244 2245//2245 2240//2240
f 2240//2240 2245//2245 2241//2241
f 2245//2245 2246//2246 2241//2241
f 2241//2241 2246//2246 2242//2242
f 2246//2246 2247//2247 2242//2242
f 2242//2242 2247//2247 2123//2123
f 2247//2247 2122//2122 2123//2123
f 2119//2119 2248//2248 2243//2243
f 2248//2248 2249//2249 2243//2243
f 2243//2243 2249//2249 2244//2244
f 2249//2249 2250//2250 2244//2244
f 2244//2244 2250//2250 2245//2245
f 2250//2250 2251//2251 2245//2245
f 2245//2245 2251//2251 2246//2246
f 2251//2251 2252//2252 2246//2246
f 2246//2246 2252//2252 2247//2247
f 2252//2252 2253//2253 2247//2247
f 2247//2247 2253//2253 2122//2122
f 2253//2253 2121//2121 2122//2122
f 2120//2120 2085//2085 2248//2248
f 2085//2085 2084//2084 2248//2248
f 2248//2248 2084//2084 2249//2249
f 2084//2084 2083//2083 2249//2249
f 2249//2249 2083//2083 2250//2250
f 2083//2083 2082//2082 2250//2250
f 2250//2250 2082//2082 2251//2251
f 2082//2082 2081//2081 2251//2251
f 2251//2251 2081//2081 2252//2252
f 2081//2081 2080//2080 2252//2252
f 2252//2252 2080//2080 2253//2253
f 2080//2080 2079//2079 2253//2253
f 2253//2253 2079//2079 2121//2121
f 2079//2079 1937//1937 2121//2121
f 2022//2022 2113//2113 1937//1937
f 2021//2021 2254//2254 2022//2022
f 2020//2020 2255//2255 2021//2021
f 2019//2019 2257//2257 2020//2020
f 2018//2018 2260//2260 2019//2019
f 2017//2017 2264//2264 2018//2018
f 2016//2016 2269//2269 2017//2017
f 2022//2022 2254//2254 2113//2113
f 2254//2254 2112//2112 2113//2113
f 2021//2021 2255//2255 2254//2254
f 2255//2255 2256//2256 2254//2254
f 2254//2254 2256//2256 2112//2112
f 2256//2256 2111//2111 2112//2112
f 2020//2020 2257//2257 2255//2255
f 2257//2257 2258//2258 2255//2255
f 2255//2255 2258//2258 2256//2256
f 2258//2258 2259//2259 2256//2256
f 2256//2256 2259//2259 2111//2111
f 2259//2259 2110//2110 2111//2111
f 2019//2019 2260//2260 2257//2257
f 2260//2260 2261//2261 2257//2257
f 2257//2257 2261//2261 2258//2258
f 2261//2261 2262//2262 2258//2258
f 2258//2258 2262//2262 2259//2259
f 2262//2262 2263//2263 2259//2259
f 2259//2259 2263//2263 2110//2110
f 2263//2263 2109//2109 2110//2110
f 2018//2018 2264//2264 2260//2260
f 2264//2264 2265//2265 2260//2260
f 2260//2260 2265//2265 2261//2261
f 2265//2265 2266//2266 2261//2261
f 2261//2261 2266//2266 2262//2262
f 2266//2266 2267//2267 2262//2262
f 2262//2262 2267//2267 2263//2263
f 2267//2267 2268//2268 2263//2263
f 2263//2263 2268//2268 2109//2109
f 2268//2268 2108//2108 2109//2109
f 2017//2017 2269//2269 2264//2264
f 2269//2269 2270//2270 2264//2264
f 2264//2264 2270//2270 2265//2265
f 2270//2270 2271//2271 2265//2265
f 2265//2265 2271//2271 2266//2266
f 2271//2271 2272//2272 2266//2266
f 2266//2266 2272//2272 2267//2267
f 2272//2272 2273//2273 2267//2267
f 2267//2267 2273//2273 2268//2268
f 2273//2273 2274//2274 2268//2268
f 2268//2268 2274//2274 2108//2108
f 2274//2274 2107//2107 2108//2108
f 2016//2016 2071//2071 2269//2269
f 2071//2071 2070//2070 2269//2269
f 2269//2269 2070//2070 2270//2270
f 2070//2070 2069//2069 2270//2270
f 2270//2270 2069//2069 2271//2271
f 2069//2069 2068//2068 2271//2271
f 2271//2271 2068//2068 2272//2272
f 2068//2068 2067//2067 2272//2272
f 2272//2272 2067//2067 2273//2273
f 2067//2067 2066//2066 2273//2273
f 2273//2273 2066//2066 2274//2274
f 2066//2066 2065//2065 2274//2274
f 2274//2274 2065//2065 2107//2107
f 2065//2065 1936//1936 2107//2107
f 2078//2078 2106//2106 1936//1936
f 2077//2077 2275//2275 2078//2078
f 2076//2076 2276//2276 2077//2077
f 2075//2075 2278//2278 2076//2076
f 2074//2074 2281//2281 2075//2075
f 2073//2073 2285//2285 2074//2074
f 2072//2072 2290//2290 2073//2073
f 2078//2078 2275//2275 2106//2106
f 2275//2275 2105//2105 2106//2106
f 2077//2077 2276//2276 2275//2275
f 2276//2276 2277//2277 2275//2275
f 2275//2275 2277//2277 2105//2105
f 2277//2277 2104//2104 2105//2105
f 2076//2076 2278//2278 2276//2276
f 2278//2278 2279//2279 2276//2276
f 2276//2276 2279//2279 2277//2277
f 2279//2279 2280//2280 2277//2277
f 2277//2277 2280//2280 2104//2104
f 2280//2280 2103//2103 2104//2104
f 2075//2075 2281//2281 2278//2278
f 2281//2281 2282//2282 2278//2278
f 2278//2278 2282//2282 2279//2279
f 2282//2282 2283//2283 2279//2279
f 2279//2279 2283//2283 2280//2280
f 2283//2283 2284//2284 2280//2280
f 2280//2280 2284//2284 2103//2103
f 2284//2284 2102//2102 2103//2103
f 2074//2074 2285//2285 2281//2281
f 2285//2285 2286//2286 2281//2281
f 2281//2281 2286//2286 2282//2282
f 2286//2286 2287//2287 2282//2282
f 2282//2282 2287//2287 2283//2283
f 2287//2287 2288//2288 2283//2283
f 2283//2283 2288//2288 2284//2284
f 2288//2288 2289//2289 2284//2284
f 2284//2284 2289//2289 2102//2102
f 2289//2289 2101//2101 2102//2102
f 2073//2073 2290//2290 2285//2285
f 2290//2290 2291//2291 2285//2285
f 2285//2285 2291//2291 2286//2286
f 2291//2291 2292//2292 2286//2286
f 2286//2286 2292//2292 2287//2287
f 2292//2292 2293//2293 2287//2287
f 2287//2287 2293//2293 2288//2288
f 2293//2293 2294//2294 2288//2288
f 2288//2288 2294//2294 2289//2289
f 2294//2294 2295//2295 2289//2289
f 2289//2289 2295//2295 2101//2101
f 2295//2295 2100//2100 2101//2101
f 2072//2072 2057//2057 2290//2290
f 2057//2057 2056//2056 2290//2290
f 2290//2290 2056//2056 2291//2291
f 2056//2056 2055//2055 2291//2291
f 2291//2291 2055//2055 2292//2292
f 2055//2055 2054//2054 2292//2292
f 2292//2292 2054//2054 2293//2293
f 2054//2054 2053//2053 2293//2293
f 2293//2293 2053//2053 2294//2294
f 2053//2053 2052//2052 2294//2294
f 2294//2294 2052//2052 2295//2295
f 2052//2052 2051//2051 2295//2295
f 2295//2295 2051//2051 2100//2100
f 2051//2051 1935//1935 2100//2100
f 2064//2064 2099//2099 1935//1935
f 2063//2063 2296//2296 2064//2064
f 2062//2062 2297//2297 2063//2063
f 2061//2061 2299//2299 2062//2062
f 2060//2060 2302//2302 2061//2061
f 2059//2059 2306//2306 2060//2060
f 2058//2058 2311//2311 2059//2059
f 2064//2064 2296//2296 2099//2099
f 2296//2296 2098//2098 2099//2099
f 2063//2063 2297//2297 2296//2296
f 2297//2297 2298//2298 2296//2296
f 2296//2296 2298//2298 2098//2098
f 2298//2298 2097//2097 2098//2098
f 2062//2062 2299//2299 2297//2297
f 2299//2299 2300//2300 2297//2297
f 2297//2297 2300//2300 2298//2298
f 2300//2300 2301//2301 2298//2298
f 2298//2298 2301//2301 2097//2097
f 2301//2301 2096//2096 2097//2097
f 2061//2061 2302//2302 2299//2299
f 2302//2302 2303//2303 2299//2299
f 2299//2299 2303//2303 2300//2300
f 2303//2303 2304//2304 2300//2300
f 2300//2300 2304//2304 2301//2301
f 2304//2304 2305//2305 2301//2301
f 2301//2301 2305//2305 2096//2096
f 2305//2305 2095//2095 2096//2096
f 2060//2060 2306//2306 2302//2302
f 2306//2306 2307//2307 2302//2302
f 2302//2302 2307//2307 2303//2303
f 2307//2307 2308//2308 2303//2303
f 2303//2303 2308//2308 2304//2304
f 2308//2308 2309//2309 2304//2304
f 2304//2304 2309//2309 2305//2305
f 2309//2309 2310//2310 2305//2305
f 2305//2305 2310//2310 2095//2095
f 2310//2310 2094//2094 2095//2095
f 2059//2059 2311//2311 2306//2306
f 2311//2311 2312//2312 2306//2306
f 2306//2306 2312//2312 2307//2307
f 2312//2312 2313//2313 2307//2307
f 2307//2307 2313//2313 2308//2308
f 2313//2313 2314//2314 2308//2308
f 2308//2308 2314//2314 2309//2309
f 2314//2314 2315//2315 2309//2309
f 2309//2309 2315//2315 2310//2310
f 2315//2315 2316//2316 2310//2310
f 2310//2310 2316//2316 2094//2094
f 2316//2316 2093//2093 2094//2094
f 2058//2058 2043//2043 2311//2311
f 2043//2043 2042//2042 2311//2311
f 2311//2311 2042//2042 2312//2312
f 2042//2042 2041//2041 2312//2312
f 2312//2312 2041//2041 2313//2313
f 2041//2041 2040//2040 2313//2313
f 2313//2313 2040//2040 2314//2314
f 2040//2040 2039//2039 2314//2314
f 2314//2314 2039//2039 2315//2315
f 2039//2039 2038//2038 2315//2315
f 2315//2315 2038//2038 2316//2316
f 2038//2038 2037//2037 2316//2316
f 2316//2316 2037//2037 2093//2093
f 2037//2037 1934//1934 2093//2093
f 2050//2050 2092//2092 1934//1934
f 2049//2049 2317//2317 2050//2050
f 2048//2048 2318//2318 2049//2049
f 2047//2047 2320//2320 2048//2048
f 2046//2046 2323//2323 2047//2047
f 2045//2045 2327//2327 2046//2046
f 2044//2044 2332//2332 2045//2045
f 2050//2050 2317//2317 2092//2092
f 2317//2317 2091//2091 2092//2092
f 2049//2049 2318//2318 2317//2317
f 2318//2318 2319//2319 2317//2317
f 2317//2317 2319//2319 2091//2091
f 2319//2319 2090//2090 2091//2091
f 2048//2048 2320//2320 2318//2318
f 2320//2320 2321//2321 2318//2318
f 2318//2318 2321//2321 2319//2319
f 2321//2321 2322//2322 2319//2319
f 2319//2319 2322//2322 2090//2090
f 2322//2322 2089//2089 2090//2090
f 2047//2047 2323//2323 2320//2320
f 2323//2323 2324//2324 2320//2320
f 2320//2320 2324//2324 2321//2321
f 2324//2324 2325//2325 2321//2321
f 2321//2321 2325//2325 2322//2322
f 2325//2325 2326//2326 2322//2322
f 2322//2322 2326//2326 2089//2089
f 2326//2326 2088//2088 2089//2089
f 2046//2046 2327//2327 2323//2323
f 2327//2327 2328//2328 2323//2323
f 2323//2323 2328//2328 2324//2324
f 2328//2328 2329//2329 2324//2324
f 2324//2324 2329//2329 2325//2325
f 2329//2329 2330//2330 2325//2325
f 2325//2325 2330//2330 2326//2326
f 2330//2330 2331//2331 2326//2326
f 2326//2326 2331//2331 2088//2088
f 2331//2331 2087//2087 2088//2088
f 2045//2045 2332//2332 2327//2327
f 2332//2332 2333//2333 2327//2327
f 2327//2327 2333//2333 2328//2328
f 2333//2333 2334//2334 2328//2328
f 2328//2328 2334//2334 2329//2329
f 2334//2334 2335//2335 2329//2329
f 2329//2329 2335//2335 2330//2330
f 2335//2335 2336//2336 2330//2330
f 2330//2330 2336//2336 2331//2331
f 2336//2336 2337//2337 2331//2331
f 2331//2331 2337//2337 2087//2087
f 2337//2337 2086//2086 2087//2087
f 2044//2044 2029//2029 2332//2332
f 2029//2029 2028//2028 2332//2332
f 2332//2332 2028//2028 2333//2333
f 2028//2028 2027//2027 2333//2333
f 2333//2333 2027//2027 2334//2334
f 2027//2027 2026//2026 2334//2334
f 2334//2334 2026//2026 2335//2335
f 2026//2026 2025//2025 2335//2335
f 2335//2335 2025//2025 2336//2336
f 2025//2025 2024//2024 2336//2336
f 2336//2336 2024//2024 2337//2337
f 2024//2024 2023//2023 2337//2337
f 2337//2337 2023//2023 2086//2086
f 2023//2023 1933//1933 2086//2086
f 2036//2036 2085//2085 1933//1933
f 2035//2035 2338//2338 2036//2036
f 2034//2034 2339//2339 2035//2035
f 2033//2033 2341//2341 2034//2034
f 2032//2032 2344//2344 2033//2033
f 2031//2031 2348//2348 2032//2032
f 2030//2030 2353//2353 2031//2031
f 2036//2036 2338//2338 2085//2085
f 2338//2338 2084//2084 2085//2085
f 2035//2035 2339//2339 2338//2338
f 2339//2339 2340//2340 2338//2338
f 2338//2338 2340//2340 2084//2084
f 2340//2340 2083//2083 2084//2084
f 2034//2034 2341//2341 2339//2339
f 2341//2341 2342//2342 2339//2339
f 2339//2339 2342//2342 2340//2340
f 2342//2342 2343//2343 2340//2340
f 2340//2340 2343//2343 2083//2083
f 2343//2343 2082//2082 2083//2083
f 2033//2033 2344//2344 2341//2341
f 2344//2344 2345//2345 2341//2341
f 2341//2341 2345//2345 2342//2342
f 2345//2345 2346//2346 2342//2342
f 2342//2342 2346//2346 2343//2343
f 2346//2346 2347//2347 2343//2343
f 2343//2343 2347//2347 2082//2082
f 2347//2347 2081//2081 2082//2082
f 2032//2032 2348//2348 2344//2344
f 2348//2348 2349//2349 2344//2344
f 2344//2344 2349//2349 2345//2345
f 2349//2349 2350//2350 2345//2345
f 2345//2345 2350//2350 2346//2346
f 2350//2350 2351//2351 2346//2346
f 2346//2346 2351//2351 2347//2347
f 2351//2351 2352//2352 2347//2347
f 2347//2347 2352//2352 2081//2081
f 2352//2352 2080//2080 2081//2081
f 2031//2031 2353//2353 2348//2348
f 2353//2353 2354//2354 2348//2348
f 2348//2348 2354//2354 2349//2349
f 2354//2354 2355//2355 2349//2349
f 2349//2349 2355//2355 2350//2350
f 2355//2355 2356//2356 2350//2350
f 2350//2350 2356//2356 2351//2351
f 2356//2356 2357//2357 2351//2351
f 2351//2351 2357//2357 2352//2352
f 2357//2357 2358//2358 2352//2352
f 2352//2352 2358//2358 2080//2080
f 2358//2358 2079//2079 2080//2080
f 2030//2030 2015//2015 2353//2353
f 2015//2015 2014//2014 2353//2353
f 2353//2353 2014//2014 2354//2354
f 2014//2014 2013//2013 2354//2354
f 2354//2354 2013//2013 2355//2355
f 2013//2013 2012//2012 2355//2355
f 2355//2355 2012//2012 2356//2356
f 2012//2012 2011//2011 2356//2356
f 2356//2356 2011//2011 2357//2357
f 2011//2011 2010//2010 2357//2357
f 2357//2357 2010//2010 2358//2358
f 2010//2010 2009//2009 2358//2358
f 2358//2358 2009//2009 2079//2079
f 2009//2009 1937//1937 2079//2079
f 2065//2065 2078//2078 1936//1936
f 2066//2066 2359//2359 2065//2065
f 2067//2067 2360//2360 2066//2066
f 2068//2068 2362//2362 2067//2067
f 2069//2069 2365//2365 2068//2068
f 2070//2070 2369//2369 2069//2069
f 2071//2071 2374//2374 2070//2070
f 2065//2065 2359//2359 2078//2078
f 2359//2359 2077//2077 2078//2078
f 2066//2066 2360//2360 2359//2359
f 2360//2360 2361//2361 2359//2359
f 2359//2359 2361//2361 2077//2077
f 2361//2361 2076//2076 2077//2077
f 2067//2067 2362//2362 2360//2360
f 2362//2362 2363//2363 2360//2360
f 2360//2360 2363//2363 2361//2361
f 2363//2363 2364//2364 2361//2361
f 2361//2361 2364//2364 2076//2076
f 2364//2364 2075//2075 2076//2076
f 2068//2068 2365//2365 2362//2362
f 2365//2365 2366//2366 2362//2362
f 2362//2362 2366//2366 2363//2363
f 2366//2366 2367//2367 2363//2363
f 2363//2363 2367//2367 2364//2364
f 2367//2367 2368//2368 2364//2364
f 2364//2364 2368//2368 2075//2075
f 2368//2368 2074//2074 2075//2075
f 2069//2069 2369//2369 2365//2365
f 2369//2369 2370//2370 2365//2365
f 2365//2365 2370//2370 2366//2366
f 2370//2370 2371//2371 2366//2366
f 2366//2366 2371//2371 2367//2367
f 2371//2371 2372//2372 2367//2367
f 2367//2367 2372//2372 2368//2368
f 2372//2372 2373//2373 2368//2368
f 2368//2368 2373//2373 2074//2074
f 2373//2373 2073//2073 2074//2074
f 2070//2070 2374//2374 2369//2369
f 2374//2374 2375//2375 2369//2369
f 2369//2369 2375//2375 2370//2370
f 2375//2375 2376//2376 2370//2370
f 2370//2370 2376//2376 2371//2371
f 2376//2376 2377//2377 2371//2371
f 2371//2371 2377//2377 2372//2372
f 2377//2377 2378//2378 2372//2372
f 2372//2372 2378//2378 2373//2373
f 2378//2378 2379//2379 2373//2373
f 2373//2373 2379//2379 2073//2073
f 2379//2379 2072//2072 2073//2073
f 2071//2071 2008//2008 2374//2374
f 2008//2008 2007//2007 2374//2374
f 2374//2374 2007//2007 2375//2375
f 2007//2007 2006//2006 2375//2375
f 2375//2375 2006//2006 2376//2376
f 2006//2006 2005//2005 2376//2376
f 2376//2376 2005//2005 2377//2377
f 2005//2005 2004//2004 2377//2377
f 2377//2377 2004//2004 2378//2378
f 2004//2004 2003//2003 2378//2378
f 2378//2378 2003//2003 2379//2379
f 2003//2003 2002//2002 2379//2379
f 2379//2379 2002//2002 2072//2072
f 2002//2002 1931//1931 2072//2072
f 2051//2051 2064//2064 1935//1935
f 2052//2052 2380//2380 2051//2051
f 2053//2053 2381//2381 2052//2052
f 2054//2054 2383//2383 2053//2053
f 2055//2055 2386//2386 2054//2054
f 2056//2056 2390//2390 2055//2055
f 2057//2057 2395//2395 2056//2056
f 2051//2051 2380//2380 2064//2064
f 2380//2380 2063//2063 2064//2064
f 2052//2052 2381//2381 2380//2380
f 2381//2381 2382//2382 2380//2380
f 2380//2380 2382//2382 2063//2063
f 2382//2382 2062//2062 2063//2063
f 2053//2053 2383//2383 2381//2381
f 2383//2383 2384//2384 2381//2381
f 2381//2381 2384//2384 2382//2382
f 2384//2384 2385//2385 2382//2382
f 2382//2382 2385//2385 2062//2062
f 2385//2385 2061//2061 2062//2062
f 2054//2054 2386//2386 2383//2383
f 2386//2386 2387//2387 2383//2383
f 2383//2383 2387//2387 2384//2384
f 2387//2387 2388//2388 2384//2384
f 2384//2384 2388//2388 2385//2385
f 2388//2388 2389//2389 2385//2385
f 2385//2385 2389//2389 2061//2061
f 2389//2389 2060//2060 2061//2061
f 2055//2055 2390//2390 2386//2386
f 2390//2390 2391//2391 2386//2386
f 2386//2386 2391//2391 2387//2387
f 2391//2391 2392//2392 2387//2387
f 2387//2387 2392//2392 2388//2388
f 2392//2392 2393//2393 2388//2388
f 2388//2388 2393//2393 2389//2389
f 2393//2393 2394//2394 2389//2389
f 2389//2389 2394//2394 2060//2060
f 2394//2394 2059//2059 2060//2060
f 2056//2056 2395//2395 2390//2390
f 2395//2395 2396//2396 2390//2390
f 2390//2390 2396//2396 2391//2391
f 2396//2396 2397//2397 2391//2391
f 2391//2391 2397//2397 2392//2392
f 2397//2397 2398//2398 2392//2392
f 2392//2392 2398//2398 2393//2393
f 2398//2398 2399//2399 2393//2393
f 2393//2393 2399//2399 2394//2394
f 2399//2399 2400//2400 2394//2394
f 2394//2394 2400//2400 2059//2059
f 2400//2400 2058//2058 2059//2059
f 2057//2057 2001//2001 2395//2395
f 2001//2001 2000//2000 2395//2395
f 2395//2395 2000//2000 2396//2396
f 2000//2000 1999//1999 2396//2396
f 2396//2396 1999//1999 2397//2397
f 1999//1999 1998//1998 2397//2397
f 2397//2397 1998//1998 2398//2398
f 1998//1998 1997//1997 2398//2398
f 2398//2398 1997//1997 2399//2399
f 1997//1997 1996//1996 2399//2399
f 2399//2399 1996//1996 2400//2400
f 1996//1996 1995//1995 2400//2400
f 2400//2400 1995//1995 2058//2058
f 1995//1995 1930//1930 2058//2058
f 2037//2037 2050//2050 1934//1934
f 2038//2038 2401//2401 2037//2037
f 2039//2039 2402//2402 2038//2038
f 2040//2040 2404//2404 2039//2039
f 2041//2041 2407//2407 2040//2040
f 2042//2042 2411//2411 2041//2041
f 2043//2043 2416//2416 2042//2042
f 2037//2037 2401//2401 2050//2050
f 2401//2401 2049//2049 2050//2050
f 2038//2038 2402//2402 2401//2401
f 2402//2402 2403//2403 2401//2401
f 2401//2401 2403//2403 2049//2049
f 2403//2403 2048//2048 2049//2049
f 2039//2039 2404//2404 2402//2402
f 2404//2404 2405//2405 2402//2402
f 2402//2402 2405//2405 2403//2403
f 2405//2405 2406//2406 2403//2403
f 2403//2403 2406//2406 2048//2048
f 2406//2406 2047//2047 2048//2048
f 2040//2040 2407//2407 2404//2404
f 2407//2407 2408//2408 2404//2404
f 2404//2404 2408//2408 2405//2405
f 2408//2408 2409//2409 2405//2405
f 2405//2405 2409//2409 2406//2406
f 2409//2409 2410//2410 2406//2406
f 2406//2406 2410//2410 2047//2047
f 2410//2410 2046//2046 2047//2047
f 2041//2041 2411//2411 2407//2407
f 2411//2411 2412//2412 2407//2407
f 2407//2407 2412//2412 2408//2408
f 2412//2412 2413//2413 2408//2408
f 2408//2408 2413//2413 2409//2409
f 2413//2413 2414//2414 2409//2409
f 2409//2409 2414//2414 2410//2410
f 2414//2414 2415//2415 2410//2410
f 2410//2410 2415//2415 2046//2046
f 2415//2415 2045//2045 2046//2046
f 2042//2042 2416//2416 2411//2411
f 2416//2416 2417//2417 2411//2411
f 2411//2411 2417//2417 2412//2412
f 2417//2417 2418//2418 2412//2412
f 2412//2412 2418//2418 2413//2413
f 2418//2418 2419//2419 2413//2413
f 2413//2413 2419//2419 2414//2414
f 2419//2419 2420//2420 2414//2414
f 2414//2414 2420//2420 2415//2415
f 2420//2420 2421//2421 2415//2415
f 2415//2415 2421//2421 2045//2045
f 2421//2421 2044//2044 2045//2045
f 2043//2043 1987//1987 2416//2416
f 1987//1987 1986//1986 2416//2416
f 2416//2416 1986//1986 2417//2417
f 1986//1986 1985//1985 2417//2417
f 2417//2417 1985//1985 2418//2418
f 1985//1985 1984//1984 2418//2418
f 2418//2418 1984//1984 2419//2419
f 1984//1984 1983//1983 2419//2419
f 2419//2419 1983//1983 2420//2420
f 1983//1983 1982//1982 2420//2420
f 2420//2420 1982//1982 2421//2421
f 1982//1982 1981//1981 2421//2421
f 2421//2421 1981//1981 2044//2044
f 1981//1981 1929//1929 2044//2044
f 2023//2023 2036//2036 1933//1933
f 2024//2024 2422//2422 2023//2023
f 2025//2025 2423//2423 2024//2024
f 2026//2026 2425//2425 2025//2025
f 2027//2027 2428//2428 2026//2026
f 2028//2028 2432//2432 2027//2027
f 2029//2029 2437//2437 2028//2028
f 2023//2023 2422//2422 2036//2036
f 2422//2422 2035//2035 2036//2036
f 2024//2024 2423//2423 2422//2422
f 2423//2423 2424//2424 2422//2422
f 2422//2422 2424//2424 2035//2035
f 2424//2424 2034//2034 2035//2035
f 2025//2025 2425//2425 2423//2423
f 2425//2425 2426//2426 2423//2423
f 2423//2423 2426//2426 2424//2424
f 2426//2426 2427//2427 2424//2424
f 2424//2424 2427//2427 2034//2034
f 2427//2427 2033//2033 2034//2034
f 2026//2026 2428//2428 2425//2425
f 2428//2428 2429//2429 2425//2425
f 2425//2425 2429//2429 2426//2426
f 2429//2429 2430//2430 2426//2426
f 2426//2426 2430//2430 2427//2427
f 2430//2430 2431//2431 2427//2427
f 2427//2427 2431//2431 2033//2033
f 2431//2431 2032//2032 2033//2033
f 2027//2027 2432//2432 2428//2428
f 2432//2432 2433//2433 2428//2428
f 2428//2428 2433//2433 2429//2429
f 2433//2433 2434//2434 2429//2429
f 2429//2429 2434//2434 2430//2430
f 2434//2434 2435//2435 2430//2430
f 2430//2430 2435//2435 2431//2431
f 2435//2435 2436//2436 2431//2431
f 2431//2431 2436//2436 2032//2032
f 2436//2436 2031//2031 2032//2032
f 2028//2028 2437//2437 2432//2432
f 2437//2437 2438//2438 2432//2432
f 2432//2432 2438//2438 2433//2433
f 2438//2438 2439//2439 2433//2433
f 2433//2433 2439//2439 2434//2434
f 2439//2439 2440//2440 2434//2434
f 2434//2434 2440//2440 2435//2435
f 2440//2440 2441//2441 2435//2435
f 2435//2435 2441//2441 2436//2436
f 2441//2441 2442//2442 2436//2436
f 2436//2436 2442//2442 2031//2031
f 2442//2442 2030//2030 2031//2031
f 2029//2029 1959//1959 2437//2437
f 1959//1959 1958//1958 2437//2437
f 2437//2437 1958//1958 2438//2438
f 1958//1958 1957//1957 2438//2438
f 2438//2438 1957//1957 2439//2439
f 1957//1957 1956//1956 2439//2439
f 2439//2439 1956//1956 2440//2440
f 1956//1956 1955//1955 2440//2440
f 2440//2440 1955//1955 2441//2441
f 1955//1955 1954//1954 2441//2441
f 2441//2441 1954//1954 2442//2442
f 1954//1954 1953//1953 2442//2442
f 2442//2442 1953//1953 2030//2030
f 1953//1953 1928//1928 2030//2030
f 2009//2009 2022//2022 1937//1937
f 2010//2010 2443//2443 2009//2009
f 2011//2011 2444//2444 2010//2010
f 2012//2012 2446//2446 2011//2011
f 2013//2013 2449//2449 2012//2012
f 2014//2014 2453//2453 2013//2013
f 2015//2015 2458//2458 2014//2014
f 2009//2009 2443//2443 2022//2022
f 2443//2443 2021//2021 2022//2022
f 2010//2010 2444//2444 2443//2443
f 2444//2444 2445//2445 2443//2443
f 2443//2443 2445//2445 2021//2021
f 2445//2445 2020//2020 2021//2021
f 2011//2011 2446//2446 2444//2444
f 2446//2446 2447//2447 2444//2444
f 2444//2444 2447//2447 2445//2445
f 2447//2447 2448//2448 2445//2445
f 2445//2445 2448//2448 2020//2020
f 2448//2448 2019//2019 2020//2020
f 2012//2012 2449//2449 2446//2446
f 2449//2449 2450//2450 2446//2446
f 2446//2446 2450//2450 2447//2447
f 2450//2450 2451//2451 2447//2447
f 2447//2447 2451//2451 2448//2448
f 2451//2451 2452//2452 2448//2448
f 2448//2448 2452//2452 2019//2019
f 2452//2452 2018//2018 2019//2019
f 2013//2013 2453//2453 2449//2449
f 2453//2453 2454//2454 2449//2449
f 2449//2449 2454//2454 2450//2450
f 2454//2454 2455//2455 2450//2450
f 2450//2450 2455//2455 2451//2451
f 2455//2455 2456//2456 2451//2451
f 2451//2451 2456//2456 2452//2452
f 2456//2456 2457//2457 2452//2452
f 2452//2452 2457//2457 2018//2018
f 2457//2457 2017//2017 2018//2018
f 2014//2014 2458//2458 2453//2453
f 2458//2458 2459//2459 2453//2453
f 2453//2453 2459//2459 2454//2454
f 2459//2459 2460//2460 2454//2454
f 2454//2454 2460//2460 2455//2455
f 2460//2460 2461//2461 2455//2455
f 2455//2455 2461//2461 2456//2456
f 2461//2461 2462//2462 2456//2456
f 2456//2456 2462//2462 2457//2457
f 2462//2462 2463//2463 2457//2457
f 2457//2457 2463//2463 2017//2017
f 2463//2463 2016//2016 2017//2017
f 2015//2015 1966//1966 2458//2458
f 1966//1966 1965//1965 2458//2458
f 2458//2458 1965//1965 2459//2459
f 1965//1965 1964//1964 2459//2459
f 2459//2459 1964//1964 2460//2460
f 1964//1964 1963//1963 2460//2460
f 2460//2460 1963//1963 2461//2461
f 1963//1963 1962//1962 2461//2461
f 2461//2461 1962//1962 2462//2462
f 1962//1962 1961//1961 2462//2462
f 2462//2462 1961//1961 2463//2463
f 1961//1961 1960//1960 2463//2463
f 2463//2463 1960//1960 2016//2016
f 1960//1960 1932//1932 2016//2016
f 1973//1973 2008//2008 1932//1932
f 1972//1972 2464//2464 1973//1973
f 1971//1971 2465//2465 1972//1972
f 1970//1970 2467//2467 1971//1971
f 1969//1969 2470//2470 1970//1970
f 1968//1968 2474//2474 1969//1969
f 1967//1967 2479//2479 1968//1968
f 1973//1973 2464//2464 2008//2008
f 2464//2464 2007//2007 2008//2008
f 1972//1972 2465//2465 2464//2464
f 2465//2465 2466//2466 2464//2464
f 2464//2464 2466//2466 2007//2007
f 2466//2466 2006//2006 2007//2007
f 1971//1971 2467//2467 2465//2465
f 2467//2467 2468//2468 2465//2465
f 2465//2465 2468//2468 2466//2466
f 2468//2468 2469//2469 2466//2466
f 2466//2466 2469//2469 2006//2006
f 2469//2469 2005//2005 2006//2006
f 1970//1970 2470//2470 2467//2467
f 2470//2470 2471//2471 2467//2467
f 2467//2467 2471//2471 2468//2468
f 2471//2471 2472//2472 2468//2468
f 2468//2468 2472//2472 2469//2469
f 2472//2472 2473//2473 2469//2469
f 2469//2469 2473//2473 2005//2005
f 2473//2473 2004//2004 2005//2005
f 1969//1969 2474//2474 2470//2470
f 2474//2474 2475//2475 2470//2470
f 2470//2470 2475//2475 2471//2471
f 2475//2475 2476//2476 2471//2471
f 2471//2471 2476//2476 2472//2472
f 2476//2476 2477//2477 2472//2472
f 2472//2472 2477//2477 2473//2473
f 2477//2477 2478//2478 2473//2473
f 2473//2473 2478//2478 2004//2004
f 2478//2478 2003//2003 2004//2004
f 1968//1968 2479//2479 2474//2474
f 2479//2479 2480//2480 2474//2474
f 2474//2474 2480//2480 2475//2475
f 2480//2480 2481//2481 2475//2475
f 2475//2475 2481//2481 2476//2476
f 2481//2481 2482//2482 2476//2476
f 2476//2476 2482//2482 2477//2477
f 2482//2482 2483//2483 2477//2477
f 2477//2477 2483//2483 2478//2478
f 2483//2483 2484//2484 2478//2478
f 2478//2478 2484//2484 2003//2003
f 2484//2484 2002//2002 2003//2003
f 1967//1967 1994//1994 2479//2479
f 1994//1994 1993//1993 2479//2479
f 2479//2479 1993//1993 2480//2480
f 1993//1993 1992//1992 2480//2480
f 2480//2480 1992//1992 2481//2481
f 1992//1992 1991//1991 2481//2481
f 2481//2481 1991//1991 2482//2482
f 1991//1991 1990//1990 2482//2482
f 2482//2482 1990//1990 2483//2483
f 1990//1990 1989//1989 2483//2483
f 2483//2483 1989//1989 2484//2484
f 1989//1989 1988//1988 2484//2484
f 2484//2484 1988//1988 2002//2002
f 1988//1988 1931//1931 2002//2002
f 1988//1988 2001//2001 1931//1931
f 1989//1989 2485//2485 1988//1988
f 1990//1990 2486//2486 1989//1989
f 1991//1991 2488//2488 1990//1990
f 1992//1992 2491//2491 1991//1991
f 1993//1993 2495//2495 1992//1992
f 1994//1994 2500//2500 1993//1993
f 1988//1988 2485//2485 2001//2001
f 2485//2485 2000//2000 2001//2001
f 1989//1989 2486//2486 2485//2485
f 2486//2486 2487//2487 2485//2485
f 2485//2485 2487//2487 2000//2000
f 2487//2487 1999//1999 2000//2000
f 1990//1990 2488//2488 2486//2486
f 2488//2488 2489//2489 2486//2486
f 2486//2486 2489//2489 2487//2487
f 2489//2489 2490//2490 2487//2487
f 2487//2487 2490//2490 1999//1999
f 2490//2490 1998//1998 1999//1999
f 1991//1991 2491//2491 2488//2488
f 2491//2491 2492//2492 2488//2488
f 2488//2488 2492//2492 2489//2489
f 2492//2492 2493//2493 2489//2489
f 2489//2489 2493//2493 2490//2490
f 2493//2493 2494//2494 2490//2490
f 2490//2490 2494//2494 1998//1998
f 2494//2494 1997//1997 1998//1998
f 1992//1992 2495//2495 2491//2491
f 2495//2495 2496//2496 2491//2491
f 2491//2491 2496//2496 2492//2492
f 2496//2496 2497//2497 2492//2492
f 2492//2492 2497//2497 2493//2493
f 2497//2497 2498//2498 2493//2493
f 2493//2493 2498//2498 2494//2494
f 2498//2498 2499//2499 2494//2494
f 2494//2494 2499//2499 1997//1997
f 2499//2499 1996//1996 1997//1997
f 1993//1993 2500//2500 2495//2495
f 2500//2500 2501//2501 2495//2495
f 2495//2495 2501//2501 2496//2496
f 2501//2501 2502//2502 2496//2496
f 2496//2496 2502//2502 2497//2497
f 2502//2502 2503//2503 2497//2497
f 2497//2497 2503//2503 2498//2498
f 2503//2503 2504//2504 2498//2498
f 2498//2498 2504//2504 2499//2499
f 2504//2504 2505//2505 2499//2499
f 2499//2499 2505//2505 1996//1996
f 2505//2505 1995//1995 1996//1996
f 1994//1994 1980//1980 2500//2500
f 1980//1980 1979//1979 2500//2500
f 2500//2500 1979//1979 2501//2501
f 1979//1979 1978//1978 2501//2501
f 2501//2501 1978//1978 2502//2502
f 1978//1978 1977//1977 2502//2502
f 2502//2502 1977//1977 2503//2503
f 1977//1977 1976//1976 2503//2503
f 2503//2503 1976//1976 2504//2504
f 1976//1976 1975//1975 2504//2504
f 2504//2504 1975//1975 2505//2505
f 1975//1975 1974//1974 2505//2505
f 2505//2505 1974//1974 1995//1995
f 1974//1974 1930//1930 1995//1995
f 1974//1974 1987//1987 1930//1930
f 1975//1975 2506//2506 1974//1974
f 1976//1976 2507//2507 1975//1975
f 1977//1977 2509//2509 1976//1976
f 1978//1978 2512//2512 1977//1977
f 1979//1979 2516//2516 1978//1978
f 1980//1980 2521//2521 1979//1979
f 1974//1974 2506//2506 1987//1987
f 2506//2506 1986//1986 1987//1987
f 1975//1975 2507//2507 2506//2506
f 2507//2507 2508//2508 2506//2506
f 2506//2506 2508//2508 1986//1986
f 2508//2508 1985//1985 1986//1986
f 1976//1976 2509//2509 2507//2507
f 2509//2509 2510//2510 2507//2507
f 2507//2507 2510//2510 2508//2508
f 2510//2510 2511//2511 2508//2508
f 2508//2508 2511//2511 1985//1985
f 2511//2511 1984//1984 1985//1985
f 1977//1977 2512//2512 2509//2509
f 2512//2512 2513//2513 2509//2509
f 2509//2509 2513//2513 2510//2510
f 2513//2513 2514//2514 2510//2510
f 2510//2510 2514//2514 2511//2511
f 2514//2514 2515//2515 2511//2511
f 2511//2511 2515//2515 1984//1984
f 2515//2515 1983//1983 1984//1984
f 1978//1978 2516//2516 2512//2512
f 2516//2516 2517//2517 2512//2512
f 2512//2512 2517//2517 2513//2513
f 2517//2517 2518//2518 2513//2513
f 2513//2513 2518//2518 2514//2514
f 2518//2518 2519//2519 2514//2514
f 2514//2514 2519//2519 2515//2515
f 2519//2519 2520//2520 2515//2515
f 2515//2515 2520//2520 1983//1983
f 2520//2520 1982//1982 1983//1983
f 1979//1979 2521//2521 2516//2516
f 2521//2521 2522//2522 2516//2516
f 2516//2516 2522//2522 2517//2517
f 2522//2522 2523//2523 2517//2517
f 2517//2517 2523//2523 2518//2518
f 2523//2523 2524//2524 2518//2518
f 2518//2518 2524//2524 2519//2519
f 2524//2524 2525//2525 2519//2519
f 2519//2519 2525//2525 2520//2520
f 2525//2525 2526//2526 2520//2520
f 2520//2520 2526//2526 1982//1982
f 2526//2526 1981//1981 1982//1982
f 1980//1980 1945//1945 2521//2521
f 1945//1945 1944//1944 2521//2521
f 2521//2521 1944//1944 2522//2522
f 1944//1944 1943//1943 2522//2522
f 2522//2522 1943//1943 2523//2523
f 1943//1943 1942//1942 2523//2523
f 2523//2523 1942//1942 2524//2524
f 1942//1942 1941//1941 2524//2524
f 2524//2524 1941//1941 2525//2525
f 1941//1941 1940//1940 2525//2525
f 2525//2525 1940//1940 2526//2526
f 1940//1940 1939//1939 2526//2526
f 2526//2526 1939//1939 1981//1981
f 1939//1939 1929//1929 1981//1981
f 1960//1960 1973//1973 1932//1932
f 1961//1961 2527//2527 1960//1960
f 1962//1962 2528//2528 1961//1961
f 1963//1963 2530//2530 1962//1962
f 1964//1964 2533//2533 1963//1963
f 1965//1965 2537//2537 1964//1964
f 1966//1966 2542//2542 1965//1965
f 1960//1960 2527//2527 1973//1973
f 2527//2527 1972//1972 1973//1973
f 1961//1961 2528//2528 2527//2527
f 2528//2528 2529//2529 2527//2527
f 2527//2527 2529//2529 1972//1972
f 2529//2529 1971//1971 1972//1972
f 1962//1962 2530//2530 2528//2528
f 2530//2530 2531//2531 2528//2528
f 2528//2528 2531//2531 2529//2529
f 2531//2531 2532//2532 2529//2529
f 2529//2529 2532//2532 1971//1971
f 2532//2532 1970//1970 1971//1971
f 1963//1963 2533//2533 2530//2530
f 2533//2533 2534//2534 2530//2530
f 2530//2530 2534//2534 2531//2531
f 2534//2534 2535//2535 2531//2531
f 2531//2531 2535//2535 2532//2532
f 2535//2535 2536//2536 2532//2532
f 2532//2532 2536//2536 1970//1970
f 2536//2536 1969//1969 1970//1970
f 1964//1964 2537//2537 2533//2533
f 2537//2537 2538//2538 2533//2533
f 2533//2533 2538//2538 2534//2534
f 2538//2538 2539//2539 2534//2534
f 2534//2534 2539//2539 2535//2535
f 2539//2539 2540//2540 2535//2535
f 2535//2535 2540//2540 2536//2536
f 2540//2540 2541//2541 2536//2536
f 2536//2536 2541//2541 1969//1969
f 2541//2541 1968//1968 1969//1969
f 1965//1965 2542//2542 2537//2537
f 2542//2542 2543//2543 2537//2537
f 2537//2537 2543//2543 2538//2538
f 2543//2543 2544//2544 2538//2538
f 2538//2538 2544//2544 2539//2539
f 2544//2544 2545//2545 2539//2539
f 2539//2539 2545//2545 2540//2540
f 2545//2545 2546//2546 2540//2540
f 2540//2540 2546//2546 2541//2541
f 2546//2546 2547//2547 2541//2541
f 2541//2541 2547//2547 1968//1968
f 2547//2547 1967//1967 1968//1968
f 1966//1966 1952//1952 2542//2542
f 1952//1952 1951//1951 2542//2542
f 2542//2542 1951//1951 2543//2543
f 1951//1951 1950//1950 2543//2543
f 2543//2543 1950//1950 2544//2544
f 1950//1950 1949//1949 2544//2544
f 2544//2544 1949//1949 2545//2545
f 1949//1949 1948//1948 2545//2545
f 2545//2545 1948//1948 2546//2546
f 1948//1948 1947//1947 2546//2546
f 2546//2546 1947//1947 2547//2547
f 1947//1947 1946//1946 2547//2547
f 2547//2547 1946//1946 1967//1967
f 1946//1946 1927//1927 1967//1967
f 1939//1939 1959//1959 1929//1929
f 1940//1940 2548//2548 1939//1939
f 1941//1941 2549//2549 1940//1940
f 1942//1942 2551//2551 1941//1941
f 1943//1943 2554//2554 1942//1942
f 1944//1944 2558//2558 1943//1943
f 1945//1945 2563//2563 1944//1944
f 1939//1939 2548//2548 1959//1959
f 2548//2548 1958//1958 1959//1959
f 1940//1940 2549//2549 2548//2548
f 2549//2549 2550//2550 2548//2548
f 2548//2548 2550//2550 1958//1958
f 2550//2550 1957//1957 1958//1958
f 1941//1941 2551//2551 2549//2549
f 2551//2551 2552//2552 2549//2549
f 2549//2549 2552//2552 2550//2550
f 2552//2552 2553//2553 2550//2550
f 2550//2550 2553//2553 1957//1957
f 2553//2553 1956//1956 1957//1957
f 1942//1942 2554//2554 2551//2551
f 2554//2554 2555//2555 2551//2551
f 2551//2551 2555//2555 2552//2552
f 2555//2555 2556//2556 2552//2552
f 2552//2552 2556//2556 2553//2553
f 2556//2556 2557//2557 2553//2553
f 2553//2553 2557//2557 1956//1956
f 2557//2557 1955//1955 1956//1956
f 1943//1943 2558//2558 2554//2554
f 2558//2558 2559//2559 2554//2554
f 2554//2554 2559//2559 2555//2555
f 2559//2559 2560//2560 2555//2555
f 2555//2555 2560//2560 2556//2556
f 2560//2560 2561//2561 2556//2556
f 2556//2556 2561//2561 2557//2557
f 2561//2561 2562//2562 2557//2557
f 2557//2557 2562//2562 1955//1955
f 2562//2562 1954//1954 1955//1955
f 1944//1944 2563//2563 2558//2558
f 2563//2563 2564//2564 2558//2558
f 2558//2558 2564//2564 2559//2559
f 2564//2564 2565//2565 2559//2559
f 2559//2559 2565//2565 2560//2560
f 2565//2565 2566//2566 2560//2560
f 2560//2560 2566//2566 2561//2561
f 2566//2566 2567//2567 2561//2561
f 2561//2561 2567//2567 2562//2562
f 2567//2567 2568//2568 2562//2562
f 2562//2562 2568//2568 1954//1954
f 2568//2568 1953//1953 1954//1954
f 1945//1945 1946//1946 2563//2563
f 1946//1946 1947//1947 2563//2563
f 2563//2563 1947//1947 2564//2564
f 1947//1947 1948//1948 2564//2564
f 2564//2564 1948//1948 2565//2565
f 1948//1948 1949//1949 2565//2565
f 2565//2565 1949//1949 2566//2566
f 1949//1949 1950//1950 2566//2566
f 2566//2566 1950//1950 2567//2567
f 1950//1950 1951//1951 2567//2567
f 2567//2567 1951//1951 2568//2568
f 1951//1951 1952//1952 2568//2568
f 2568//2568 1952//1952 1953//1953
f 1952//1952 1928//1928 1953//1953
o Floor
v -4.159434 -0.050000 4.109434
v -4.109434 -0.050000 4.159434
v -4.109434 0.000000 4.109434
v -4.158473 -0.050000 4.119189
v -4.155628 -0.050000 4.128568
v -4.151008 -0.050000 4.137213
v -4.144790 -0.050000 4.144790
v -4.158473 -0.040245 4.109434
v -4.157344 -0.039947 4.119613
v -4.154302 -0.039931 4.129069
v -4.149769 -0.040019 4.137247
v -4.144106 -0.040069 4.144064
v -4.155628 -0.030866 4.109434
v -4.154289 -0.030393 4.119616
v -4.151254 -0.030644 4.128837
v -4.147171 -0.031229 4.136333
v -4.142304 -0.031565 4.142293
v -4.151008 -0.022221 4.109434
v -4.149720 -0.022140 4.119476
v -4.147153 -0.023093 4.128232
v -4.143999 -0.024453 4.134981
v -4.140125 -0.025178 4.140125
v -4.138302 -0.021132 4.138302
v -4.109434 -0.040245 4.158473
v -4.109434 -0.030866 4.155628
v -4.109434 -0.022221 4.151008
v -4.109434 -0.014645 4.144790
v -4.119189 -0.050000 4.158473
v -4.119488 -0.039821 4.157344
v -4.119503 -0.030365 4.154302
v -4.119415 -0.022188 4.149769
v -4.119365 -0.015370 4.144106
v -4.128568 -0.050000 4.155628
v -4.129041 -0.039818 4.154289
v -4.128790 -0.030598 4.151254
v -4.128205 -0.023101 4.147171
v -4.127869 -0.017141 4.142304
v -4.137213 -0.050000 4.151008
v -4.137294 -0.039958 4.149720
v -4.136341 -0.031203 4.147153
v -4.134981 -0.024453 4.143999
v -4.134256 -0.019309 4.140125
v -4.119189 -0.000961 4.109434
v -4.128568 -0.003806 4.109434
v -4.137213 -0.008427 4.109434
v -4.144790 -0.014645 4.109434
v -4.109434 -0.000961 4.119189
v -4.119613 -0.002090 4.119488
v -4.129069 -0.005133 4.119503
v -4.137247 -0.009666 4.119415
v -4.144064 -0.015328 4.119365
v -4.109434 -0.003806 4.128568
v -4.119616 -0.005146 4.129041
v -4.128837 -0.008180 4.128790
v -4.136333 -0.012263 4.128205
v -4.142293 -0.017130 4.127869
v -4.109434 -0.008427 4.137213
v -4.119476 -0.009714 4.137294
v -4.128232 -0.012282 4.136341
v -4.134981 -0.015435 4.134981
v -4.140125 -0.019309 4.134256
v 4.109434 -0.050000 4.159434
v 4.159434 -0.050000 4.109434
v 4.109434 0.000000 4.109434
v 4.119189 -0.050000 4.158473
v 4.128568 -0.050000 4.155628
v 4.137213 -0.050000 4.151008
v 4.144790 -0.050000 4.144790
v 4.109434 -0.040245 4.158473
v 4.119613 -0.039947 4.157344
v 4.129069 -0.039931 4.154302
v 4.137247 -0.040019 4.149769
v 4.144064 -0.040069 4.144106
v 4.109434 -0.030866 4.155628
v 4.119616 -0.030393 4.154289
v 4.128837 -0.030644 4.151254
v 4.136333 -0.031229 4.147171
v 4.142293 -0.031565 4.142304
v 4.109434 -0.022221 4.151008
v 4.119476 -0.022140 4.149720
v 4.128232 -0.023093 4.147153
v 4.134981 -0.024453 4.143999
v 4.140125 -0.025178 4.140125
v 4.138302 -0.021132 4.138302
v 4.158473 -0.040245 4.109434
v 4.155628 -0.030866 4.109434
v 4.151008 -0.022221 4.109434
v 4.144790 -0.014645 4.109434
v 4.158473 -0.050000 4.119189
v 4.157344 -0.039821 4.119488
v 4.154302 -0.030365 4.119503
v 4.149769 -0.022188 4.119415
v 4.144106 -0.015370 4.119365
v 4.155628 -0.050000 4.128568
v 4.154289 -0.039818 4.129041
v 4.151254 -0.030598 4.128790
v 4.147171 -0.023101 4.128205
v 4.142304 -0.017141 4.127869
v 4.151008 -0.050000 4.137213
v 4.149720 -0.039958 4.137294
v 4.147153 -0.031203 4.136341
v 4.143999 -0.024453 4.134981
v 4.140125 -0.019309 4.134256
v 4.109434 -0.000961 4.119189
v 4.109434 -0.003806 4.128568
v 4.109434 -0.008427 4.137213
v 4.109434 -0.014645 4.144790
v 4.119189 -0.000961 4.109434
v 4.119488 -0.002090 4.119613
v 4.119503 -0.005133 4.129069
v 4.119415 -0.009666 4.137247
v 4.119365 -0.015328 4.144064
v 4.128568 -0.003806 4.109434
v 4.129041 -0.005146 4.119616
v 4.128790 -0.008180 4.128837
v 4.128205 -0.012263 4.136333
v 4.127869 -0.017130 4.142293
v 4.137213 -0.008427 4.109434
v 4.137294 -0.009714 4.119476
v 4.136341 -0.012282 4.128232
v 4.134981 -0.015435 4.134981
v 4.134256 -0.019309 4.140125
v -4.159434 -0.050000 -4.109434
v -4.109434 0.000000 -4.109434
v -4.109434 -0.050000 -4.159434
v -4.158473 -0.040245 -4.109434
v -4.155628 -0.030866 -4.109434
v -4.151008 -0.022221 -4.109434
v -4.144790 -0.014645 -4.109434
v -4.158473 -0.050000 -4.119189
v -4.157344 -0.039821 -4.119488
v -4.154302 -0.030365 -4.119503
v -4.149769 -0.022188 -4.119415
v -4.144106 -0.015370 -4.119365
v -4.155628 -0.050000 -4.128568
v -4.154289 -0.039818 -4.129041
v -4.151254 -0.030598 -4.128790
v -4.147171 -0.023101 -4.128205
v -4.142304 -0.017141 -4.127869
v -4.151008 -0.050000 -4.137213
v -4.149720 -0.039958 -4.137294
v -4.147153 -0.031203 -4.136341
v -4.143999 -0.024453 -4.134981
v -4.140125 -0.019309 -4.134256
v -4.138302 -0.021132 -4.138302
v -4.109434 -0.000961 -4.119189
v -4.109434 -0.003806 -4.128568
v -4.109434 -0.008427 -4.137213
v -4.109434 -0.014645 -4.144790
v -4.119189 -0.000961 -4.109434
v -4.119488 -0.002090 -4.119613
v -4.119503 -0.005133 -4.129069
v -4.119415 -0.009666 -4.137247
v -4.119365 -0.015328 -4.144064
v -4.128568 -0.003806 -4.109434
v -4.129041 -0.005146 -4.119616
v -4.128790 -0.008180 -4.128837
v -4.128205 -0.012263 -4.136333
v -4.127869 -0.017130 -4.142293
v -4.137213 -0.008427 -4.109434
v -4.137294 -0.009714 -4.119476
v -4.136341 -0.012282 -4.128232
v -4.134981 -0.015435 -4.134981
v -4.134256 -0.019309 -4.140125
v -4.119189 -0.050000 -4.158473
v -4.128568 -0.050000 -4.155628
v -4.137213 -0.050000 -4.151008
v -4.144790 -0.050000 -4.144790
v -4.109434 -0.040245 -4.158473
v -4.119613 -0.039947 -4.157344
v -4.129069 -0.039931 -4.154302
v -4.137247 -0.040019 -4.149769
v -4.144064 -0.040069 -4.144106
v -4.109434 -0.030866 -4.155628
v -4.119616 -0.030393 -4.154289
v -4.128837 -0.030644 -4.151254
v -4.136333 -0.031229 -4.147171
v -4.142293 -0.031565 -4.142304
v -4.109434 -0.022221 -4.151008
v -4.119476 -0.022140 -4.149720
v -4.128232 -0.023093 -4.147153
v -4.134981 -0.024453 -4.143999
v -4.140125 -0.025178 -4.140125
v 4.159434 -0.050000 -4.109434
v 4.109434 -0.050000 -4.159434
v 4.109434 0.000000 -4.109434
v 4.158473 -0.050000 -4.119189
v 4.155628 -0.050000 -4.128568
v 4.151008 -0.050000 -4.137213
v 4.144790 -0.050000 -4.144790
v 4.158473 -0.040245 -4.109434
v 4.157344 -0.039947 -4.119613
v 4.154302 -0.039931 -4.129069
v 4.149769 -0.040019 -4.137247
v 4.144106 -0.040069 -4.144064
v 4.155628 -0.030866 -4.109434
v 4.154289 -0.030393 -4.119616
v 4.151254 -0.030644 -4.128837
v 4.147171 -0.031229 -4.136333
v 4.142304 -0.031565 -4.142293
v 4.151008 -0.022221 -4.109434
v 4.149720 -0.022140 -4.119476
v 4.147153 -0.023093 -4.128232
v 4.143999 -0.024453 -4.134981
v 4.140125 -0.025178 -4.140125
v 4.138302 -0.021132 -4.138302
v 4.109434 -0.040245 -4.158473
v 4.109434 -0.030866 -4.155628
v 4.109434 -0.022221 -4.151008
v 4.109434 -0.014645 -4.144790
v 4.119189 -0.050000 -4.158473
v 4.119488 -0.039821 -4.157344
v 4.119503 -0.030365 -4.154302
v 4.119415 -0.022188 -4.149769
v 4.119365 -0.015370 -4.144106
v 4.128568 -0.050000 -4.155628
v 4.129041 -0.039818 -4.154289
v 4.128790 -0.030598 -4.151254
v 4.128205 -0.023101 -4.147171
v 4.127869 -0.017141 -4.142304
v 4.137213 -0.050000 -4.151008
v 4.137294 -0.039958 -4.149720
v 4.136341 -0.031203 -4.147153
v 4.134981 -0.024453 -4.143999
v 4.134256 -0.019309 -4.140125
v 4.119189 -0.000961 -4.109434
v 4.128568 -0.003806 -4.109434
v 4.137213 -0.008427 -4.109434
v 4.144790 -0.014645 -4.109434
v 4.109434 -0.000961 -4.119189
v 4.119613 -0.002090 -4.119488
v 4.129069 -0.005133 -4.119503
v 4.137247 -0.009666 -4.119415
v 4.144064 -0.015328 -4.119365
v 4.109434 -0.003806 -4.128568
v 4.119616 -0.005146 -4.129041
v 4.128837 -0.008180 -4.128790
v 4.136333 -0.012263 -4.128205
v 4.142293 -0.017130 -4.127869
v 4.109434 -0.008427 -4.137213
v 4.119476 -0.009714 -4.137294
v 4.128232 -0.012282 -4.136341
v 4.134981 -0.015435 -4.134981
v 4.140125 -0.019309 -4.134256
v -4.159434 -12.668010 -4.109434
v -4.109434 -12.668010 -4.159434
v -4.109434 -12.718010 -4.109434
v -4.158473 -12.668011 -4.119189
v -4.155628 -12.668011 -4.128568
v -4.151008 -12.668011 -4.137213
v -4.144790 -12.668011 -4.144790
v -4.158473 -12.677765 -4.109434
v -4.157344 -12.678064 -4.119613
v -4.154302 -12.678080 -4.129069
v -4.149769 -12.677992 -4.137247
v -4.144106 -12.677942 -4.144064
v -4.155628 -12.687145 -4.109434
v -4.154289 -12.687617 -4.119616
v -4.151254 -12.687367 -4.128837
v -4.147171 -12.686782 -4.136333
v -4.142304 -12.686446 -4.142293
v -4.151008 -12.695789 -4.109434
v -4.149720 -12.695871 -4.119476
v -4.147153 -12.694918 -4.128232
v -4.143999 -12.693558 -4.134981
v -4.140125 -12.692832 -4.140125
v -4.138302 -12.696878 -4.138302
v -4.109434 -12.677765 -4.158473
v -4.109434 -12.687145 -4.155628
v -4.109434 -12.695789 -4.151008
v -4.109434 -12.703366 -4.144790
v -4.119189 -12.668011 -4.158473
v -4.119488 -12.678189 -4.157344
v -4.119503 -12.687646 -4.154302
v -4.119415 -12.695823 -4.149769
v -4.119365 -12.702641 -4.144106
v -4.128568 -12.668011 -4.155628
v -4.129041 -12.678192 -4.154289
v -4.128790 -12.687413 -4.151254
v -4.128205 -12.694909 -4.147171
v -4.127869 -12.700871 -4.142304
v -4.137213 -12.668011 -4.151008
v -4.137294 -12.678053 -4.149720
v -4.136341 -12.686809 -4.147153
v -4.134981 -12.693558 -4.143999
v -4.134256 -12.698702 -4.140125
v -4.119189 -12.717051 -4.109434
v -4.128568 -12.714205 -4.109434
v -4.137213 -12.709584 -4.109434
v -4.144790 -12.703366 -4.109434
v -4.109434 -12.717051 -4.119189
v -4.119613 -12.715920 -4.119488
v -4.129069 -12.712878 -4.119503
v -4.137247 -12.708345 -4.119415
v -4.144064 -12.702683 -4.119365
v -4.109434 -12.714205 -4.128568
v -4.119616 -12.712865 -4.129041
v -4.128837 -12.709830 -4.128790
v -4.136333 -12.705749 -4.128205
v -4.142293 -12.700881 -4.127869
v -4.109434 -12.709584 -4.137213
v -4.119476 -12.708297 -4.137294
v -4.128232 -12.705729 -4.136341
v -4.134981 -12.702576 -4.134981
v -4.140125 -12.698702 -4.134256
v -4.159434 -12.668010 4.109434
v -4.109434 -12.718010 4.109434
v -4.109434 -12.668010 4.159434
v -4.158473 -12.677765 4.109434
v -4.155628 -12.687145 4.109434
v -4.151008 -12.695789 4.109434
v -4.144790 -12.703366 4.109434
v -4.158473 -12.668011 4.119189
v -4.157344 -12.678189 4.119488
v -4.154302 -12.687646 4.119503
v -4.149769 -12.695823 4.119415
v -4.144106 -12.702641 4.119365
v -4.155628 -12.668011 4.128568
v -4.154289 -12.678192 4.129041
v -4.151254 -12.687413 4.128790
v -4.147171 -12.694909 4.128205
v -4.142304 -12.700871 4.127869
v -4.151008 -12.668011 4.137213
v -4.149720 -12.678053 4.137294
v -4.147153 -12.686809 4.136341
v -4.143999 -12.693558 4.134981
v -4.140125 -12.698702 4.134256
v -4.138302 -12.696878 4.138302
v -4.109434 -12.717051 4.119189
v -4.109434 -12.714205 4.128568
v -4.109434 -12.709584 4.137213
v -4.109434 -12.703366 4.144790
v -4.119189 -12.717051 4.109434
v -4.119488 -12.715920 4.119613
v -4.119503 -12.712878 4.129069
v -4.119415 -12.708345 4.137247
v -4.119365 -12.702683 4.144064
v -4.128568 -12.714205 4.109434
v -4.129041 -12.712865 4.119616
v -4.128790 -12.709830 4.128837
v -4.128205 -12.705749 4.136333
v -4.127869 -12.700881 4.142293
v -4.137213 -12.709584 4.109434
v -4.137294 -12.708297 4.119476
v -4.136341 -12.705729 4.128232
v -4.134981 -12.702576 4.134981
v -4.134256 -12.698702 4.140125
v -4.119189 -12.668011 4.158473
v -4.128568 -12.668011 4.155628
v -4.137213 -12.668011 4.151008
v -4.144790 -12.668011 4.144790
v -4.109434 -12.677765 4.158473
v -4.119613 -12.678064 4.157344
v -4.129069 -12.678080 4.154302
v -4.137247 -12.677992 4.149769
v -4.144064 -12.677942 4.144106
v -4.109434 -12.687145 4.155628
v -4.119616 -12.687617 4.154289
v -4.128837 -12.687367 4.151254
v -4.136333 -12.686782 4.147171
v -4.142293 -12.686446 4.142304
v -4.109434 -12.695789 4.151008
v -4.119476 -12.695871 4.149720
v -4.128232 -12.694918 4.147153
v -4.134981 -12.693558 4.143999
v -4.140125 -12.692832 4.140125
v 4.109434 -12.668010 4.159434
v 4.109434 -12.718010 4.109434
v 4.159434 -12.668010 4.109434
v 4.109434 -12.677765 4.158473
v 4.109434 -12.687145 4.155628
v 4.109434 -12.695789 4.151008
v 4.109434 -12.703366 4.144790
v 4.119189 -12.668011 4.158473
v 4.119488 -12.678189 4.157344
v 4.119503 -12.687646 4.154302
v 4.119415 -12.695823 4.149769
v 4.119365 -12.702641 4.144106
v 4.128568 -12.668011 4.155628
v 4.129041 -12.678192 4.154289
v 4.128790 -12.687413 4.151254
v 4.128205 -12.694909 4.147171
v 4.127869 -12.700871 4.142304
v 4.137213 -12.668011 4.151008
v 4.137294 -12.678053 4.149720
v 4.136341 -12.686809 4.147153
v 4.134981 -12.693558 4.143999
v 4.134256 -12.698702 4.140125
v 4.138302 -12.696878 4.138302
v 4.119189 -12.717051 4.109434
v 4.128568 -12.714205 4.109434
v 4.137213 -12.709584 4.109434
v 4.144790 -12.703366 4.109434
v 4.109434 -12.717051 4.119189
v 4.119613 -12.715920 4.119488
v 4.129069 -12.712878 4.119503
v 4.137247 -12.708345 4.119415
v 4.144064 -12.702683 4.119365
v 4.109434 -12.714205 4.128568
v 4.119616 -12.712865 4.129041
v 4.128837 -12.709830 4.128790
v 4.136333 -12.705749 4.128205
v 4.142293 -12.700881 4.127869
v 4.109434 -12.709584 4.137213
v 4.119476 -12.708297 4.137294
v 4.128232 -12.705729 4.136341
v 4.134981 -12.702576 4.134981
v 4.140125 -12.698702 4.134256
v 4.158473 -12.668011 4.119189
v 4.155628 -12.668011 4.128568
v 4.151008 -12.668011 4.137213
v 4.144790 -12.668011 4.144790
v 4.158473 -12.677765 4.109434
v 4.157344 -12.678064 4.119613
v 4.154302 -12.678080 4.129069
v 4.149769 -12.677992 4.137247
v 4.144106 -12.677942 4.144064
v 4.155628 -12.687145 4.109434
v 4.154289 -12.687617 4.119616
v 4.151254 -12.687367 4.128837
v 4.147171 -12.686782 4.136333
v 4.142304 -12.686446 4.142293
v 4.151008 -12.695789 4.109434
v 4.149720 -12.695871 4.119476
v 4.147153 -12.694918 4.128232
v 4.143999 -12.693558 4.134981
v 4.140125 -12.692832 4.140125
v 4.159434 -12.668010 -4.109434
v 4.109434 -12.718010 -4.109434
v 4.109434 -12.668010 -4.159434
v 4.158473 -12.677765 -4.109434
v 4.155628 -12.687145 -4.109434
v 4.151008 -12.695789 -4.109434
v 4.144790 -12.703366 -4.109434
v 4.158473 -12.668011 -4.119189
v 4.157344 -12.678189 -4.119488
v 4.154302 -12.687646 -4.119503
v 4.149769 -12.695823 -4.119415
v 4.144106 -12.702641 -4.119365
v 4.155628 -12.668011 -4.128568
v 4.154289 -12.678192 -4.129041
v 4.151254 -12.687413 -4.128790
v 4.147171 -12.694909 -4.128205
v 4.142304 -12.700871 -4.127869
v 4.151008 -12.668011 -4.137213
v 4.149720 -12.678053 -4.137294
v 4.147153 -12.686809 -4.136341
v 4.143999 -12.693558 -4.134981
v 4.140125 -12.698702 -4.134256
v 4.138302 -12.696878 -4.138302
v 4.109434 -12.717051 -4.119189
v 4.109434 -12.714205 -4.128568
v 4.109434 -12.709584 -4.137213
v 4.109434 -12.703366 -4.144790
v 4.119189 -12.717051 -4.109434
v 4.119488 -12.715920 -4.119613
v 4.119503 -12.712878 -4.129069
v 4.119415 -12.708345 -4.137247
v 4.119365 -12.702683 -4.144064
v 4.128568 -12.714205 -4.109434
v 4.129041 -12.712865 -4.119616
v 4.128790 -12.709830 -4.128837
v 4.128205 -12.705749 -4.136333
v 4.127869 -12.700881 -4.142293
v 4.137213 -12.709584 -4.109434
v 4.137294 -12.708297 -4.119476
v 4.136341 -12.705729 -4.128232
v 4.134981 -12.702576 -4.134981
v 4.134256 -12.698702 -4.140125
v 4.119189 -12.668011 -4.158473
v 4.128568 -12.668011 -4.155628
v 4.137213 -12.668011 -4.151008
v 4.144790 -12.668011 -4.144790
v 4.109434 -12.677765 -4.158473
v 4.119613 -12.678064 -4.157344
v 4.129069 -12.678080 -4.154302
v 4.137247 -12.677992 -4.149769
v 4.144064 -12.677942 -4.144106
v 4.109434 -12.687145 -4.155628
v 4.119616 -12.687617 -4.154289
v 4.128837 -12.687367 -4.151254
v 4.136333 -12.686782 -4.147171
v 4.142293 -12.686446 -4.142304
v 4.109434 -12.695789 -4.151008
v 4.119476 -12.695871 -4.149720
v 4.128232 -12.694918 -4.147153
v 4.134981 -12.693558 -4.143999
v 4.140125 -12.692832 -4.140125
vn -0.9975 0.0501 0.0501
vn -0.0501 0.0501 0.9975
vn -0.0501 0.9975 0.0501
vn -0.9792 0.0513 0.1961
vn -0.9223 0.0505 0.3832
vn -0.8302 0.0490 0.5554
vn -0.7063 0.0483 0.7063
vn -0.9792 0.1963 0.0517
vn -0.9584 0.2010 0.2024
vn -0.8996 0.1983 0.3891
vn -0.8101 0.1925 0.5538
vn -0.6946 0.1896 0.6939
vn -0.9223 0.3831 0.0513
vn -0.8995 0.3886 0.1998
vn -0.8429 0.3801 0.3808
vn -0.7626 0.3653 0.5339
vn -0.6606 0.3575 0.6602
vn -0.8302 0.5553 0.0494
vn -0.8095 0.5543 0.1934
vn -0.7623 0.5340 0.3658
vn -0.7015 0.5039 0.5040
vn -0.6178 0.4866 0.6177
vn -0.5774 0.5773 0.5773
vn -0.0513 0.1961 0.9792
vn -0.0505 0.3832 0.9223
vn -0.0490 0.5554 0.8302
vn -0.0483 0.7063 0.7063
vn -0.1963 0.0517 0.9792
vn -0.2010 0.2025 0.9584
vn -0.1983 0.3891 0.8996
vn -0.1925 0.5538 0.8101
vn -0.1896 0.6939 0.6946
vn -0.3831 0.0513 0.9223
vn -0.3886 0.1998 0.8995
vn -0.3801 0.3808 0.8429
vn -0.3653 0.5339 0.7626
vn -0.3575 0.6602 0.6606
vn -0.5553 0.0494 0.8302
vn -0.5543 0.1934 0.8095
vn -0.5340 0.3658 0.7622
vn -0.5039 0.5040 0.7015
vn -0.4866 0.6177 0.6178
vn -0.1961 0.9792 0.0513
vn -0.3832 0.9223 0.0505
vn -0.5554 0.8302 0.0490
vn -0.7063 0.7063 0.0483
vn -0.0517 0.9792 0.1963
vn -0.2024 0.9584 0.2010
vn -0.3892 0.8996 0.1983
vn -0.5538 0.8101 0.1925
vn -0.6940 0.6946 0.1896
vn -0.0513 0.9223 0.3831
vn -0.1998 0.8995 0.3886
vn -0.3808 0.8429 0.3801
vn -0.5339 0.7626 0.3653
vn -0.6602 0.6606 0.3575
vn -0.0494 0.8302 0.5553
vn -0.1934 0.8095 0.5543
vn -0.3658 0.7622 0.5340
vn -0.5040 0.7015 0.5039
vn -0.6177 0.6178 0.4866
vn 0.0501 0.0501 0.9975
vn 0.9975 0.0501 0.0501
vn 0.0501 0.9975 0.0501
vn 0.1961 0.0513 0.9792
vn 0.3832 0.0505 0.9223
vn 0.5554 0.0490 0.8302
vn 0.7063 0.0483 0.7063
vn 0.0517 0.1963 0.9792
vn 0.2024 0.2010 0.9584
vn 0.3892 0.1983 0.8996
vn 0.5538 0.1925 0.8101
vn 0.6940 0.1896 0.6946
vn 0.0513 0.3831 0.9223
vn 0.1998 0.3886 0.8995
vn 0.3808 0.3801 0.8429
vn 0.5339 0.3653 0.7626
vn 0.6602 0.3575 0.6606
vn 0.0494 0.5553 0.8302
vn 0.1934 0.5543 0.8095
vn 0.3658 0.5340 0.7623
vn 0.5040 0.5039 0.7015
vn 0.6177 0.4866 0.6178
vn 0.5773 0.5773 0.5774
vn 0.9792 0.1961 0.0513
vn 0.9223 0.3832 0.0505
vn 0.8302 0.5554 0.0490
vn 0.7063 0.7063 0.0483
vn 0.9792 0.0517 0.1963
vn 0.9584 0.2024 0.2010
vn 0.8996 0.3892 0.1983
vn 0.8101 0.5538 0.1925
vn 0.6946 0.6940 0.1896
vn 0.9223 0.0513 0.3831
vn 0.8995 0.1998 0.3886
vn 0.8429 0.3808 0.3801
vn 0.7626 0.5339 0.3653
vn 0.6606 0.6602 0.3575
vn 0.8302 0.0494 0.5553
vn 0.8095 0.1934 0.5543
vn 0.7622 0.3658 0.5340
vn 0.7015 0.5039 0.5039
vn 0.6178 0.6177 0.4866
vn 0.0513 0.9792 0.1961
vn 0.0505 0.9223 0.3832
vn 0.0490 0.8302 0.5554
vn 0.0483 0.7063 0.7063
vn 0.1963 0.9792 0.0517
vn 0.2010 0.9584 0.2024
vn 0.1983 0.8996 0.3892
vn 0.1925 0.8101 0.5538
vn 0.1896 0.6946 0.6940
vn 0.3831 0.9223 0.0513
vn 0.3886 0.8995 0.1998
vn 0.3801 0.8429 0.3808
vn 0.3653 0.7626 0.5339
vn 0.3575 0.6606 0.6602
vn 0.5553 0.8302 0.0494
vn 0.5543 0.8095 0.1934
vn 0.5340 0.7623 0.3657
vn 0.5039 0.7015 0.5039
vn 0.4866 0.6178 0.6177
vn -0.9975 0.0501 -0.0501
vn -0.0501 0.9975 -0.0501
vn -0.0501 0.0501 -0.9975
vn -0.9792 0.1961 -0.0513
vn -0.9223 0.3832 -0.0505
vn -0.8302 0.5554 -0.0490
vn -0.7063 0.7063 -0.0483
vn -0.9792 0.0517 -0.1963
vn -0.9584 0.2024 -0.2010
vn -0.8996 0.3892 -0.1983
vn -0.8101 0.5538 -0.1925
vn -0.6946 0.6940 -0.1896
vn -0.9223 0.0513 -0.3831
vn -0.8995 0.1998 -0.3886
vn -0.8429 0.3808 -0.3801
vn -0.7626 0.5339 -0.3653
vn -0.6606 0.6602 -0.3575
vn -0.8302 0.0494 -0.5553
vn -0.8095 0.1934 -0.5543
vn -0.7622 0.3658 -0.5340
vn -0.7015 0.5039 -0.5039
vn -0.6178 0.6177 -0.4866
vn -0.5774 0.5773 -0.5773
vn -0.0513 0.9792 -0.1961
vn -0.0505 0.9223 -0.3832
vn -0.0490 0.8302 -0.5554
vn -0.0483 0.7063 -0.7063
vn -0.1963 0.9792 -0.0517
vn -0.2010 0.9584 -0.2024
vn -0.1983 0.8996 -0.3892
vn -0.1925 0.8101 -0.5538
vn -0.1896 0.6946 -0.6940
vn -0.3831 0.9223 -0.0513
vn -0.3886 0.8995 -0.1998
vn -0.3801 0.8429 -0.3808
vn -0.3653 0.7626 -0.5339
vn -0.3575 0.6606 -0.6602
vn -0.5553 0.8302 -0.0494
vn -0.5543 0.8095 -0.1934
vn -0.5340 0.7623 -0.3657
vn -0.5039 0.7015 -0.5039
vn -0.4866 0.6178 -0.6177
vn -0.1961 0.0513 -0.9792
vn -0.3832 0.0505 -0.9223
vn -0.5554 0.0490 -0.8302
vn -0.7063 0.0483 -0.7063
vn -0.0517 0.1963 -0.9792
vn -0.2024 0.2010 -0.9584
vn -0.3891 0.1983 -0.8996
vn -0.5538 0.1925 -0.8101
vn -0.6940 0.1896 -0.6946
vn -0.0513 0.3831 -0.9223
vn -0.1998 0.3886 -0.8995
vn -0.3808 0.3801 -0.8429
vn -0.5339 0.3653 -0.7626
vn -0.6602 0.3575 -0.6606
vn -0.0494 0.5553 -0.8302
vn -0.1934 0.5543 -0.8095
vn -0.3658 0.5340 -0.7623
vn -0.5040 0.5039 -0.7015
vn -0.6177 0.4866 -0.6178
vn 0.9975 0.0501 -0.0501
vn 0.0501 0.0501 -0.9975
vn 0.0501 0.9975 -0.0501
vn 0.9792 0.0513 -0.1961
vn 0.9223 0.0505 -0.3832
vn 0.8302 0.0490 -0.5554
vn 0.7063 0.0483 -0.7063
vn 0.9792 0.1963 -0.0517
vn 0.9584 0.2010 -0.2024
vn 0.8996 0.1983 -0.3891
vn 0.8101 0.1925 -0.5538
vn 0.6946 0.1896 -0.6939
vn 0.9223 0.3831 -0.0513
vn 0.8995 0.3886 -0.1998
vn 0.8429 0.3801 -0.3808
vn 0.7626 0.3653 -0.5339
vn 0.6606 0.3575 -0.6602
vn 0.8302 0.5553 -0.0494
vn 0.8095 0.5543 -0.1934
vn 0.7623 0.5340 -0.3658
vn 0.7015 0.5039 -0.5040
vn 0.6178 0.4866 -0.6177
vn 0.5774 0.5773 -0.5773
vn 0.0513 0.1961 -0.9792
vn 0.0505 0.3832 -0.9223
vn 0.0490 0.5554 -0.8302
vn 0.0483 0.7063 -0.7063
vn 0.1963 0.0517 -0.9792
vn 0.2010 0.2025 -0.9584
vn 0.1983 0.3891 -0.8996
vn 0.1925 0.5538 -0.8101
vn 0.1896 0.6939 -0.6946
vn 0.3831 0.0513 -0.9223
vn 0.3886 0.1998 -0.8995
vn 0.3801 0.3808 -0.8429
vn 0.3653 0.5339 -0.7626
vn 0.3575 0.6602 -0.6606
vn 0.5553 0.0494 -0.8302
vn 0.5543 0.1934 -0.8095
vn 0.5340 0.3658 -0.7622
vn 0.5039 0.5040 -0.7015
vn 0.4866 0.6177 -0.6178
vn 0.1961 0.9792 -0.0513
vn 0.3832 0.9223 -0.0505
vn 0.5554 0.8302 -0.0490
vn 0.7063 0.7063 -0.0483
vn 0.0517 0.9792 -0.1963
vn 0.2024 0.9584 -0.2010
vn 0.3892 0.8996 -0.1983
vn 0.5538 0.8101 -0.1925
vn 0.6940 0.6946 -0.1896
vn 0.0513 0.9223 -0.3831
vn 0.1998 0.8995 -0.3886
vn 0.3808 0.8429 -0.3801
vn 0.5339 0.7626 -0.3653
vn 0.6602 0.6606 -0.3575
vn 0.0494 0.8302 -0.5553
vn 0.1934 0.8095 -0.5543
vn 0.3658 0.7622 -0.5340
vn 0.5040 0.7015 -0.5039
vn 0.6177 0.6178 -0.4866
vn -0.9975 -0.0501 -0.0501
vn -0.0501 -0.0501 -0.9975
vn -0.0501 -0.9975 -0.0501
vn -0.9792 -0.0513 -0.1961
vn -0.9223 -0.0505 -0.3832
vn -0.8302 -0.0490 -0.5554
vn -0.7063 -0.0483 -0.7063
vn -0.9792 -0.1963 -0.0517
vn -0.9584 -0.2010 -0.2024
vn -0.8996 -0.1983 -0.3891
vn -0.8101 -0.1925 -0.5538
vn -0.6946 -0.1896 -0.6940
vn -0.9223 -0.3831 -0.0513
vn -0.8995 -0.3885 -0.1998
vn -0.8429 -0.3801 -0.3808
vn -0.7625 -0.3653 -0.5339
vn -0.6606 -0.3575 -0.6602
vn -0.8302 -0.5552 -0.0494
vn -0.8095 -0.5543 -0.1934
vn -0.7622 -0.5340 -0.3658
vn -0.7015 -0.5039 -0.5040
vn -0.6178 -0.4866 -0.6177
vn -0.5773 -0.5774 -0.5774
vn -0.0513 -0.1961 -0.9792
vn -0.0505 -0.3832 -0.9223
vn -0.0490 -0.5554 -0.8302
vn -0.0483 -0.7063 -0.7063
vn -0.1963 -0.0517 -0.9792
vn -0.2010 -0.2024 -0.9584
vn -0.1983 -0.3892 -0.8996
vn -0.1926 -0.5538 -0.8101
vn -0.1896 -0.6939 -0.6946
vn -0.3831 -0.0513 -0.9223
vn -0.3886 -0.1998 -0.8995
vn -0.3801 -0.3808 -0.8429
vn -0.3653 -0.5339 -0.7626
vn -0.3575 -0.6602 -0.6606
vn -0.5553 -0.0494 -0.8302
vn -0.5543 -0.1934 -0.8095
vn -0.5340 -0.3658 -0.7622
vn -0.5039 -0.5040 -0.7015
vn -0.4866 -0.6177 -0.6178
vn -0.1961 -0.9793 -0.0513
vn -0.3832 -0.9223 -0.0505
vn -0.5553 -0.8302 -0.0490
vn -0.7063 -0.7063 -0.0482
vn -0.0517 -0.9792 -0.1963
vn -0.2025 -0.9584 -0.2010
vn -0.3891 -0.8996 -0.1983
vn -0.5538 -0.8101 -0.1925
vn -0.6940 -0.6946 -0.1896
vn -0.0513 -0.9223 -0.3831
vn -0.1998 -0.8995 -0.3886
vn -0.3807 -0.8430 -0.3801
vn -0.5339 -0.7626 -0.3653
vn -0.6602 -0.6606 -0.3575
vn -0.0494 -0.8302 -0.5553
vn -0.1933 -0.8095 -0.5543
vn -0.3657 -0.7623 -0.5340
vn -0.5040 -0.7015 -0.5039
vn -0.6177 -0.6178 -0.4866
vn -0.9975 -0.0501 0.0501
vn -0.0500 -0.9975 0.0501
vn -0.0501 -0.0501 0.9975
vn -0.9792 -0.1961 0.0513
vn -0.9223 -0.3832 0.0505
vn -0.8302 -0.5554 0.0490
vn -0.7063 -0.7063 0.0483
vn -0.9792 -0.0517 0.1963
vn -0.9584 -0.2024 0.2010
vn -0.8996 -0.3891 0.1983
vn -0.8100 -0.5538 0.1925
vn -0.6946 -0.6940 0.1896
vn -0.9223 -0.0513 0.3831
vn -0.8995 -0.1998 0.3886
vn -0.8429 -0.3808 0.3801
vn -0.7626 -0.5339 0.3653
vn -0.6606 -0.6602 0.3575
vn -0.8302 -0.0494 0.5553
vn -0.8095 -0.1933 0.5543
vn -0.7622 -0.3658 0.5340
vn -0.7015 -0.5040 0.5039
vn -0.6178 -0.6176 0.4866
vn -0.5773 -0.5773 0.5774
vn -0.0512 -0.9793 0.1960
vn -0.0505 -0.9223 0.3832
vn -0.0490 -0.8302 0.5554
vn -0.0482 -0.7063 0.7063
vn -0.1962 -0.9792 0.0517
vn -0.2010 -0.9584 0.2024
vn -0.1983 -0.8996 0.3891
vn -0.1925 -0.8101 0.5538
vn -0.1896 -0.6946 0.6940
vn -0.3831 -0.9223 0.0513
vn -0.3886 -0.8995 0.1998
vn -0.3801 -0.8430 0.3808
vn -0.3653 -0.7626 0.5339
vn -0.3575 -0.6606 0.6602
vn -0.5553 -0.8302 0.0494
vn -0.5543 -0.8095 0.1934
vn -0.5340 -0.7623 0.3657
vn -0.5039 -0.7015 0.5039
vn -0.4866 -0.6178 0.6177
vn -0.1961 -0.0513 0.9792
vn -0.3832 -0.0505 0.9223
vn -0.5554 -0.0490 0.8302
vn -0.7063 -0.0483 0.7063
vn -0.0517 -0.1963 0.9792
vn -0.2024 -0.2010 0.9584
vn -0.3892 -0.1983 0.8996
vn -0.5538 -0.1925 0.8101
vn -0.6940 -0.1896 0.6946
vn -0.0513 -0.3831 0.9223
vn -0.1998 -0.3886 0.8995
vn -0.3808 -0.3801 0.8429
vn -0.5339 -0.3653 0.7625
vn -0.6602 -0.3575 0.6606
vn -0.0494 -0.5553 0.8302
vn -0.1933 -0.5543 0.8095
vn -0.3658 -0.5340 0.7623
vn -0.5040 -0.5039 0.7015
vn -0.6177 -0.4866 0.6178
vn 0.0501 -0.0501 0.9975
vn 0.0501 -0.9975 0.0501
vn 0.9975 -0.0501 0.0501
vn 0.0513 -0.1961 0.9792
vn 0.0505 -0.3832 0.9223
vn 0.0490 -0.5554 0.8302
vn 0.0483 -0.7063 0.7063
vn 0.1963 -0.0517 0.9792
vn 0.2010 -0.2024 0.9584
vn 0.1983 -0.3892 0.8996
vn 0.1926 -0.5538 0.8101
vn 0.1896 -0.6939 0.6946
vn 0.3831 -0.0513 0.9223
vn 0.3886 -0.1998 0.8995
vn 0.3801 -0.3808 0.8429
vn 0.3653 -0.5339 0.7626
vn 0.3575 -0.6602 0.6606
vn 0.5553 -0.0494 0.8302
vn 0.5543 -0.1934 0.8095
vn 0.5340 -0.3658 0.7622
vn 0.5039 -0.5040 0.7015
vn 0.4866 -0.6177 0.6178
vn 0.5773 -0.5774 0.5774
vn 0.1961 -0.9793 0.0513
vn 0.3832 -0.9223 0.0505
vn 0.5553 -0.8302 0.0490
vn 0.7063 -0.7063 0.0482
vn 0.0517 -0.9792 0.1963
vn 0.2025 -0.9584 0.2010
vn 0.3891 -0.8996 0.1983
vn 0.5538 -0.8101 0.1925
vn 0.6940 -0.6946 0.1896
vn 0.0513 -0.9223 0.3831
vn 0.1998 -0.8995 0.3886
vn 0.3807 -0.8430 0.3801
vn 0.5339 -0.7626 0.3653
vn 0.6602 -0.6606 0.3575
vn 0.0494 -0.8302 0.5553
vn 0.1933 -0.8095 0.5543
vn 0.3657 -0.7623 0.5340
vn 0.5040 -0.7015 0.5039
vn 0.6177 -0.6178 0.4866
vn 0.9792 -0.0513 0.1961
vn 0.9223 -0.0505 0.3832
vn 0.8302 -0.0490 0.5554
vn 0.7063 -0.0483 0.7063
vn 0.9792 -0.1963 0.0517
vn 0.9584 -0.2010 0.2024
vn 0.8996 -0.1983 0.3891
vn 0.8101 -0.1925 0.5538
vn 0.6946 -0.1896 0.6940
vn 0.9223 -0.3831 0.0513
vn 0.8995 -0.3885 0.1998
vn 0.8429 -0.3801 0.3808
vn 0.7625 -0.3653 0.5339
vn 0.6606 -0.3575 0.6602
vn 0.8302 -0.5552 0.0494
vn 0.8095 -0.5543 0.1934
vn 0.7622 -0.5340 0.3658
vn 0.7015 -0.5039 0.5040
vn 0.6178 -0.4866 0.6177
vn 0.9975 -0.0501 -0.0501
vn 0.0500 -0.9975 -0.0501
vn 0.0501 -0.0501 -0.9975
vn 0.9792 -0.1961 -0.0513
vn 0.9223 -0.3832 -0.0505
vn 0.8302 -0.5554 -0.0490
vn 0.7063 -0.7063 -0.0483
vn 0.9792 -0.0517 -0.1963
vn 0.9584 -0.2024 -0.2010
vn 0.8996 -0.3891 -0.1983
vn 0.8100 -0.5538 -0.1925
vn 0.6946 -0.6940 -0.1896
vn 0.9223 -0.0513 -0.3831
vn 0.8995 -0.1998 -0.3886
vn 0.8429 -0.3808 -0.3801
vn 0.7626 -0.5339 -0.3653
vn 0.6606 -0.6602 -0.3575
vn 0.8302 -0.0494 -0.5553
vn 0.8095 -0.1933 -0.5543
vn 0.7622 -0.3658 -0.5340
vn 0.7015 -0.5040 -0.5039
vn 0.6178 -0.6176 -0.4866
vn 0.5773 -0.5773 -0.5774
vn 0.0512 -0.9793 -0.1960
vn 0.0505 -0.9223 -0.3832
vn 0.0490 -0.8302 -0.5554
vn 0.0482 -0.7063 -0.7063
vn 0.1962 -0.9792 -0.0517
vn 0.2010 -0.9584 -0.2024
vn 0.1983 -0.8996 -0.3891
vn 0.1925 -0.8101 -0.5538
vn 0.1896 -0.6946 -0.6940
vn 0.3831 -0.9223 -0.0513
vn 0.3886 -0.8995 -0.1998
vn 0.3801 -0.8430 -0.3808
vn 0.3653 -0.7626 -0.5339
vn 0.3575 -0.6606 -0.6602
vn 0.5553 -0.8302 -0.0494
vn 0.5543 -0.8095 -0.1934
vn 0.5340 -0.7623 -0.3657
vn 0.5039 -0.7015 -0.5039
vn 0.4866 -0.6178 -0.6177
vn 0.1961 -0.0513 -0.9792
vn 0.3832 -0.0505 -0.9223
vn 0.5554 -0.0490 -0.8302
vn 0.7063 -0.0483 -0.7063
vn 0.0517 -0.1963 -0.9792
vn 0.2024 -0.2010 -0.9584
vn 0.3892 -0.1983 -0.8996
vn 0.5538 -0.1925 -0.8101
vn 0.6940 -0.1896 -0.6946
vn 0.0513 -0.3831 -0.9223
vn 0.1998 -0.3886 -0.8995
vn 0.3808 -0.3801 -0.8429
vn 0.5339 -0.3653 -0.7625
vn 0.6602 -0.3575 -0.6606
vn 0.0494 -0.5553 -0.8302
vn 0.1933 -0.5543 -0.8095
vn 0.3658 -0.5340 -0.7623
vn 0.5040 -0.5039 -0.7015
vn 0.6177 -0.4866 -0.6178
s 1
f 2569//2569 2572//2572 2577//2577 2576//2576
f 2572//2572 2573//2573 2578//2578 2577//2577
f 2573//2573 2574//2574 2579//2579 2578//2578
f 2574//2574 2575//2575 2580//2580 2579//2579
f 2576//2576 2577//2577 2582//2582 2581//2581
f 2577//2577 2578//2578 2583//2583 2582//2582
f 2578//2578 2579//2579 2584//2584 2583//2583
f 2579//2579 2580//2580 2585//2585 2584//2584
f 2581//2581 2582//2582 2587//2587 2586//2586
f 2582//2582 2583//2583 2588//2588 2587//2587
f 2583//2583 2584//2584 2589//2589 2588//2588
f 2584//2584 2585//2585 2590//2590 2589//2589
f 2586//2586 2587//2587 2619//2619 2614//2614
f 2587//2587 2588//2588 2624//2624 2619//2619
f 2588//2588 2589//2589 2629//2629 2624//2624
f 2589//2589 2590//2590 2591//2591 2629//2629
f 2570//2570 2592//2592 2597//2597 2596//2596
f 2592//2592 2593//2593 2598//2598 2597//2597
f 2593//2593 2594//2594 2599//2599 2598//2598
f 2594//2594 2595//2595 2600//2600 2599//2599
f 2596//2596 2597//2597 2602//2602 2601//2601
f 2597//2597 2598//2598 2603//2603 2602//2602
f 2598//2598 2599//2599 2604//2604 2603//2603
f 2599//2599 2600//2600 2605//2605 2604//2604
f 2601//2601 2602//2602 2607//2607 2606//2606
f 2602//2602 2603//2603 2608//2608 2607//2607
f 2603//2603 2604//2604 2609//2609 2608//2608
f 2604//2604 2605//2605 2610//2610 2609//2609
f 2606//2606 2607//2607 2580//2580 2575//2575
f 2607//2607 2608//2608 2585//2585 2580//2580
f 2608//2608 2609//2609 2590//2590 2585//2585
f 2609//2609 2610//2610 2591//2591 2590//2590
f 2571//2571 2611//2611 2616//2616 2615//2615
f 2611//2611 2612//2612 2617//2617 2616//2616
f 2612//2612 2613//2613 2618//2618 2617//2617
f 2613//2613 2614//2614 2619//2619 2618//2618
f 2615//2615 2616//2616 2621//2621 2620//2620
f 2616//2616 2617//2617 2622//2622 2621//2621
f 2617//2617 2618//2618 2623//2623 2622//2622
f 2618//2618 2619//2619 2624//2624 2623//2623
f 2620//2620 2621//2621 2626//2626 2625//2625
f 2621//2621 2622//2622 2627//2627 2626//2626
f 2622//2622 2623//2623 2628//2628 2627//2627
f 2623//2623 2624//2624 2629//2629 2628//2628
f 2625//2625 2626//2626 2600//2600 2595//2595
f 2626//2626 2627//2627 2605//2605 2600//2600
f 2627//2627 2628//2628 2610//2610 2605//2605
f 2628//2628 2629//2629 2591//2591 2610//2610
f 2630//2630 2633//2633 2638//2638 2637//2637
f 2633//2633 2634//2634 2639//2639 2638//2638
f 2634//2634 2635//2635 2640//2640 2639//2639
f 2635//2635 2636//2636 2641//2641 2640//2640
f 2637//2637 2638//2638 2643//2643 2642//2642
f 2638//2638 2639//2639 2644//2644 2643//2643
f 2639//2639 2640//2640 2645//2645 2644//2644
f 2640//2640 2641//2641 2646//2646 2645//2645
f 2642//2642 2643//2643 2648//2648 2647//2647
f 2643//2643 2644//2644 2649//2649 2648//2648
f 2644//2644 2645//2645 2650//2650 2649//2649
f 2645//2645 2646//2646 2651//2651 2650//2650
f 2647//2647 2648//2648 2680//2680 2675//2675
f 2648//2648 2649//2649 2685//2685 2680//2680
f 2649//2649 2650//2650 2690//2690 2685//2685
f 2650//2650 2651//2651 2652//2652 2690//2690
f 2631//2631 2653//2653 2658//2658 2657//2657
f 2653//2653 2654//2654 2659//2659 2658//2658
f 2654//2654 2655//2655 2660//2660 2659//2659
f 2655//2655 2656//2656 2661//2661 2660//2660
f 2657//2657 2658//2658 2663//2663 2662//2662
f 2658//2658 2659//2659 2664//2664 2663//2663
f 2659//2659 2660//2660 2665//2665 2664//2664
f 2660//2660 2661//2661 2666//2666 2665//2665
f 2662//2662 2663//2663 2668//2668 2667//2667
f 2663//2663 2664//2664 2669//2669 2668//2668
f 2664//2664 2665//2665 2670//2670 2669//2669
f 2665//2665 2666//2666 2671//2671 2670//2670
f 2667//2667 2668//2668 2641//2641 2636//2636
f 2668//2668 2669//2669 2646//2646 2641//2641
f 2669//2669 2670//2670 2651//2651 2646//2646
f 2670//2670 2671//2671 2652//2652 2651//2651
f 2632//2632 2672//2672 2677//2677 2676//2676
f 2672//2672 2673//2673 2678//2678 2677//2677
f 2673//2673 2674//2674 2679//2679 2678//2678
f 2674//2674 2675//2675 2680//2680 2679//2679
f 2676//2676 2677//2677 2682//2682 2681//2681
f 2677//2677 2678//2678 2683//2683 2682//2682
f 2678//2678 2679//2679 2684//2684 2683//2683
f 2679//2679 2680//2680 2685//2685 2684//2684
f 2681//2681 2682//2682 2687//2687 2686//2686
f 2682//2682 2683//2683 2688//2688 2687//2687
f 2683//2683 2684//2684 2689//2689 2688//2688
f 2684//2684 2685//2685 2690//2690 2689//2689
f 2686//2686 2687//2687 2661//2661 2656//2656
f 2687//2687 2688//2688 2666//2666 2661//2661
f 2688//2688 2689//2689 2671//2671 2666//2666
f 2689//2689 2690//2690 2652//2652 2671//2671
f 2691//2691 2694//2694 2699//2699 2698//2698
f 2694//2694 2695//2695 2700//2700 2699//2699
f 2695//2695 2696//2696 2701//2701 2700//2700
f 2696//2696 2697//2697 2702//2702 2701//2701
f 2698//2698 2699//2699 2704//2704 2703//2703
f 2699//2699 2700//2700 2705//2705 2704//2704
f 2700//2700 2701//2701 2706//2706 2705//2705
f 2701//2701 2702//2702 2707//2707 2706//2706
f 2703//2703 2704//2704 2709//2709 2708//2708
f 2704//2704 2705//2705 2710//2710 2709//2709
f 2705//2705 2706//2706 2711//2711 2710//2710
f 2706//2706 2707//2707 2712//2712 2711//2711
f 2708//2708 2709//2709 2741//2741 2736//2736
f 2709//2709 2710//2710 2746//2746 2741//2741
f 2710//2710 2711//2711 2751//2751 2746//2746
f 2711//2711 2712//2712 2713//2713 2751//2751
f 2692//2692 2714//2714 2719//2719 2718//2718
f 2714//2714 2715//2715 2720//2720 2719//2719
f 2715//2715 2716//2716 2721//2721 2720//2720
f 2716//2716 2717//2717 2722//2722 2721//2721
f 2718//2718 2719//2719 2724//2724 2723//2723
f 2719//2719 2720//2720 2725//2725 2724//2724
f 2720//2720 2721//2721 2726//2726 2725//2725
f 2721//2721 2722//2722 2727//2727 2726//2726
f 2723//2723 2724//2724 2729//2729 2728//2728
f 2724//2724 2725//2725 2730//2730 2729//2729
f 2725//2725 2726//2726 2731//2731 2730//2730
f 2726//2726 2727//2727 2732//2732 2731//2731
f 2728//2728 2729//2729 2702//2702 2697//2697
f 2729//2729 2730//2730 2707//2707 2702//2702
f 2730//2730 2731//2731 2712//2712 2707//2707
f 2731//2731 2732//2732 2713//2713 2712//2712
f 2693//2693 2733//2733 2738//2738 2737//2737
f 2733//2733 2734//2734 2739//2739 2738//2738
f 2734//2734 2735//2735 2740//2740 2739//2739
f 2735//2735 2736//2736 2741//2741 2740//2740
f 2737//2737 2738//2738 2743//2743 2742//2742
f 2738//2738 2739//2739 2744//2744 2743//2743
f 2739//2739 2740//2740 2745//2745 2744//2744
f 2740//2740 2741//2741 2746//2746 2745//2745
f 2742//2742 2743//2743 2748//2748 2747//2747
f 2743//2743 2744//2744 2749//2749 2748//2748
f 2744//2744 2745//2745 2750//2750 2749//2749
f 2745//2745 2746//2746 2751//2751 2750//2750
f 2747//2747 2748//2748 2722//2722 2717//2717
f 2748//2748 2749//2749 2727//2727 2722//2722
f 2749//2749 2750//2750 2732//2732 2727//2727
f 2750//2750 2751//2751 2713//2713 2732//2732
f 2752//2752 2755//2755 2760//2760 2759//2759
f 2755//2755 2756//2756 2761//2761 2760//2760
f 2756//2756 2757//2757 2762//2762 2761//2761
f 2757//2757 2758//2758 2763//2763 2762//2762
f 2759//2759 2760//2760 2765//2765 2764//2764
f 2760//2760 2761//2761 2766//2766 2765//2765
f 2761//2761 2762//2762 2767//2767 2766//2766
f 2762//2762 2763//2763 2768//2768 2767//2767
f 2764//2764 2765//2765 2770//2770 2769//2769
f 2765//2765 2766//2766 2771//2771 2770//2770
f 2766//2766 2767//2767 2772//2772 2771//2771
f 2767//2767 2768//2768 2773//2773 2772//2772
f 2769//2769 2770//2770 2802//2802 2797//2797
f 2770//2770 2771//2771 2807//2807 2802//2802
f 2771//2771 2772//2772 2812//2812 2807//2807
f 2772//2772 2773//2773 2774//2774 2812//2812
f 2753//2753 2775//2775 2780//2780 2779//2779
f 2775//2775 2776//2776 2781//2781 2780//2780
f 2776//2776 2777//2777 2782//2782 2781//2781
f 2777//2777 2778//2778 2783//2783 2782//2782
f 2779//2779 2780//2780 2785//2785 2784//2784
f 2780//2780 2781//2781 2786//2786 2785//2785
f 2781//2781 2782//2782 2787//2787 2786//2786
f 2782//2782 2783//2783 2788//2788 2787//2787
f 2784//2784 2785//2785 2790//2790 2789//2789
f 2785//2785 2786//2786 2791//2791 2790//2790
f 2786//2786 2787//2787 2792//2792 2791//2791
f 2787//2787 2788//2788 2793//2793 2792//2792
f 2789//2789 2790//2790 2763//2763 2758//2758
f 2790//2790 2791//2791 2768//2768 2763//2763
f 2791//2791 2792//2792 2773//2773 2768//2768
f 2792//2792 2793//2793 2774//2774 2773//2773
f 2754//2754 2794//2794 2799//2799 2798//2798
f 2794//2794 2795//2795 2800//2800 2799//2799
f 2795//2795 2796//2796 2801//2801 2800//2800
f 2796//2796 2797//2797 2802//2802 2801//2801
f 2798//2798 2799//2799 2804//2804 2803//2803
f 2799//2799 2800//2800 2805//2805 2804//2804
f 2800//2800 2801//2801 2806//2806 2805//2805
f 2801//2801 2802//2802 2807//2807 2806//2806
f 2803//2803 2804//2804 2809//2809 2808//2808
f 2804//2804 2805//2805 2810//2810 2809//2809
f 2805//2805 2806//2806 2811//2811 2810//2810
f 2806//2806 2807//2807 2812//2812 2811//2811
f 2808//2808 2809//2809 2783//2783 2778//2778
f 2809//2809 2810//2810 2788//2788 2783//2783
f 2810//2810 2811//2811 2793//2793 2788//2788
f 2811//2811 2812//2812 2774//2774 2793//2793
f 2813//2813 2816//2816 2821//2821 2820//2820
f 2816//2816 2817//2817 2822//2822 2821//2821
f 2817//2817 2818//2818 2823//2823 2822//2822
f 2818//2818 2819//2819 2824//2824 2823//2823
f 2820//2820 2821//2821 2826//2826 2825//2825
f 2821//2821 2822//2822 2827//2827 2826//2826
f 2822//2822 2823//2823 2828//2828 2827//2827
f 2823//2823 2824//2824 2829//2829 2828//2828
f 2825//2825 2826//2826 2831//2831 2830//2830
f 2826//2826 2827//2827 2832//2832 2831//2831
f 2827//2827 2828//2828 2833//2833 2832//2832
f 2828//2828 2829//2829 2834//2834 2833//2833
f 2830//2830 2831//2831 2863//2863 2858//2858
f 2831//2831 2832//2832 2868//2868 2863//2863
f 2832//2832 2833//2833 2873//2873 2868//2868
f 2833//2833 2834//2834 2835//2835 2873//2873
f 2814//2814 2836//2836 2841//2841 2840//2840
f 2836//2836 2837//2837 2842//2842 2841//2841
f 2837//2837 2838//2838 2843//2843 2842//2842
f 2838//2838 2839//2839 2844//2844 2843//2843
f 2840//2840 2841//2841 2846//2846 2845//2845
f 2841//2841 2842//2842 2847//2847 2846//2846
f 2842//2842 2843//2843 2848//2848 2847//2847
f 2843//2843 2844//2844 2849//2849 2848//2848
f 2845//2845 2846//2846 2851//2851 2850//2850
f 2846//2846 2847//2847 2852//2852 2851//2851
f 2847//2847 2848//2848 2853//2853 2852//2852
f 2848//2848 2849//2849 2854//2854 2853//2853
f 2850//2850 2851//2851 2824//2824 2819//2819
f 2851//2851 2852//2852 2829//2829 2824//2824
f 2852//2852 2853//2853 2834//2834 2829//2829
f 2853//2853 2854//2854 2835//2835 2834//2834
f 2815//2815 2855//2855 2860//2860 2859//2859
f 2855//2855 2856//2856 2861//2861 2860//2860
f 2856//2856 2857//2857 2862//2862 2861//2861
f 2857//2857 2858//2858 2863//2863 2862//2862
f 2859//2859 2860//2860 2865//2865 2864//2864
f 2860//2860 2861//2861 2866//2866 2865//2865
f 2861//2861 2862//2862 2867//2867 2866//2866
f 2862//2862 2863//2863 2868//2868 2867//2867
f 2864//2864 2865//2865 2870//2870 2869//2869
f 2865//2865 2866//2866 2871//2871 2870//2870
f 2866//2866 2867//2867 2872//2872 2871//2871
f 2867//2867 2868//2868 2873//2873 2872//2872
f 2869//2869 2870//2870 2844//2844 2839//2839
f 2870//2870 2871//2871 2849//2849 2844//2844
f 2871//2871 2872//2872 2854//2854 2849//2849
f 2872//2872 2873//2873 2835//2835 2854//2854
f 2874//2874 2877//2877 2882//2882 2881//2881
f 2877//2877 2878//2878 2883//2883 2882//2882
f 2878//2878 2879//2879 2884//2884 2883//2883
f 2879//2879 2880//2880 2885//2885 2884//2884
f 2881//2881 2882//2882 2887//2887 2886//2886
f 2882//2882 2883//2883 2888//2888 2887//2887
f 2883//2883 2884//2884 2889//2889 2888//2888
f 2884//2884 2885//2885 2890//2890 2889//2889
f 2886//2886 2887//2887 2892//2892 2891//2891
f 2887//2887 2888//2888 2893//2893 2892//2892
f 2888//2888 2889//2889 2894//2894 2893//2893
f 2889//2889 2890//2890 2895//2895 2894//2894
f 2891//2891 2892//2892 2924//2924 2919//2919
f 2892//2892 2893//2893 2929//2929 2924//2924
f 2893//2893 2894//2894 2934//2934 2929//2929
f 2894//2894 2895//2895 2896//2896 2934//2934
f 2875//2875 2897//2897 2902//2902 2901//2901
f 2897//2897 2898//2898 2903//2903 2902//2902
f 2898//2898 2899//2899 2904//2904 2903//2903
f 2899//2899 2900//2900 2905//2905 2904//2904
f 2901//2901 2902//2902 2907//2907 2906//2906
f 2902//2902 2903//2903 2908//2908 2907//2907
f 2903//2903 2904//2904 2909//2909 2908//2908
f 2904//2904 2905//2905 2910//2910 2909//2909
f 2906//2906 2907//2907 2912//2912 2911//2911
f 2907//2907 2908//2908 2913//2913 2912//2912
f 2908//2908 2909//2909 2914//2914 2913//2913
f 2909//2909 2910//2910 2915//2915 2914//2914
f 2911//2911 2912//2912 2885//2885 2880//2880
f 2912//2912 2913//2913 2890//2890 2885//2885
f 2913//2913 2914//2914 2895//2895 2890//2890
f 2914//2914 2915//2915 2896//2896 2895//2895
f 2876//2876 2916//2916 2921//2921 2920//2920
f 2916//2916 2917//2917 2922//2922 2921//2921
f 2917//2917 2918//2918 2923//2923 2922//2922
f 2918//2918 2919//2919 2924//2924 2923//2923
f 2920//2920 2921//2921 2926//2926 2925//2925
f 2921//2921 2922//2922 2927//2927 2926//2926
f 2922//2922 2923//2923 2928//2928 2927//2927
f 2923//2923 2924//2924 2929//2929 2928//2928
f 2925//2925 2926//2926 2931//2931 2930//2930
f 2926//2926 2927//2927 2932//2932 2931//2931
f 2927//2927 2928//2928 2933//2933 2932//2932
f 2928//2928 2929//2929 2934//2934 2933//2933
f 2930//2930 2931//2931 2905//2905 2900//2900
f 2931//2931 2932//2932 2910//2910 2905//2905
f 2932//2932 2933//2933 2915//2915 2910//2910
f 2933//2933 2934//2934 2896//2896 2915//2915
f 2935//2935 2938//2938 2943//2943 2942//2942
f 2938//2938 2939//2939 2944//2944 2943//2943
f 2939//2939 2940//2940 2945//2945 2944//2944
f 2940//2940 2941//2941 2946//2946 2945//2945
f 2942//2942 2943//2943 2948//2948 2947//2947
f 2943//2943 2944//2944 2949//2949 2948//2948
f 2944//2944 2945//2945 2950//2950 2949//2949
f 2945//2945 2946//2946 2951//2951 2950//2950
f 2947//2947 2948//2948 2953//2953 2952//2952
f 2948//2948 2949//2949 2954//2954 2953//2953
f 2949//2949 2950//2950 2955//2955 2954//2954
f 2950//2950 2951//2951 2956//2956 2955//2955
f 2952//2952 2953//2953 2985//2985 2980//2980
f 2953//2953 2954//2954 2990//2990 2985//2985
f 2954//2954 2955//2955 2995//2995 2990//2990
f 2955//2955 2956//2956 2957//2957 2995//2995
f 2936//2936 2958//2958 2963//2963 2962//2962
f 2958//2958 2959//2959 2964//2964 2963//2963
f 2959//2959 2960//2960 2965//2965 2964//2964
f 2960//2960 2961//2961 2966//2966 2965//2965
f 2962//2962 2963//2963 2968//2968 2967//2967
f 2963//2963 2964//2964 2969//2969 2968//2968
f 2964//2964 2965//2965 2970//2970 2969//2969
f 2965//2965 2966//2966 2971//2971 2970//2970
f 2967//2967 2968//2968 2973//2973 2972//2972
f 2968//2968 2969//2969 2974//2974 2973//2973
f 2969//2969 2970//2970 2975//2975 2974//2974
f 2970//2970 2971//2971 2976//2976 2975//2975
f 2972//2972 2973//2973 2946//2946 2941//2941
f 2973//2973 2974//2974 2951//2951 2946//2946
f 2974//2974 2975//2975 2956//2956 2951//2951
f 2975//2975 2976//2976 2957//2957 2956//2956
f 2937//2937 2977//2977 2982//2982 2981//2981
f 2977//2977 2978//2978 2983//2983 2982//2982
f 2978//2978 2979//2979 2984//2984 2983//2983
f 2979//2979 2980//2980 2985//2985 2984//2984
f 2981//2981 2982//2982 2987//2987 2986//2986
f 2982//2982 2983//2983 2988//2988 2987//2987
f 2983//2983 2984//2984 2989//2989 2988//2988
f 2984//2984 2985//2985 2990//2990 2989//2989
f 2986//2986 2987//2987 2992//2992 2991//2991
f 2987//2987 2988//2988 2993//2993 2992//2992
f 2988//2988 2989//2989 2994//2994 2993//2993
f 2989//2989 2990//2990 2995//2995 2994//2994
f 2991//2991 2992//2992 2966//2966 2961//2961
f 2992//2992 2993//2993 2971//2971 2966//2966
f 2993//2993 2994//2994 2976//2976 2971//2971
f 2994//2994 2995//2995 2957//2957 2976//2976
f 2996//2996 2999//2999 3004//3004 3003//3003
f 2999//2999 3000//3000 3005//3005 3004//3004
f 3000//3000 3001//3001 3006//3006 3005//3005
f 3001//3001 3002//3002 3007//3007 3006//3006
f 3003//3003 3004//3004 3009//3009 3008//3008
f 3004//3004 3005//3005 3010//3010 3009//3009
f 3005//3005 3006//3006 3011//3011 3010//3010
f 3006//3006 3007//3007 3012//3012 3011//3011
f 3008//3008 3009//3009 3014//3014 3013//3013
f 3009//3009 3010//3010 3015//3015 3014//3014
f 3010//3010 3011//3011 3016//3016 3015//3015
f 3011//3011 3012//3012 3017//3017 3016//3016
f 3013//3013 3014//3014 3046//3046 3041//3041
f 3014//3014 3015//3015 3051//3051 3046//3046
f 3015//3015 3016//3016 3056//3056 3051//3051
f 3016//3016 3017//3017 3018//3018 3056//3056
f 2997//2997 3019//3019 3024//3024 3023//3023
f 3019//3019 3020//3020 3025//3025 3024//3024
f 3020//3020 3021//3021 3026//3026 3025//3025
f 3021//3021 3022//3022 3027//3027 3026//3026
f 3023//3023 3024//3024 3029//3029 3028//3028
f 3024//3024 3025//3025 3030//3030 3029//3029
f 3025//3025 3026//3026 3031//3031 3030//3030
f 3026//3026 3027//3027 3032//3032 3031//3031
f 3028//3028 3029//3029 3034//3034 3033//3033
f 3029//3029 3030//3030 3035//3035 3034//3034
f 3030//3030 3031//3031 3036//3036 3035//3035
f 3031//3031 3032//3032 3037//3037 3036//3036
f 3033//3033 3034//3034 3007//3007 3002//3002
f 3034//3034 3035//3035 3012//3012 3007//3007
f 3035//3035 3036//3036 3017//3017 3012//3012
f 3036//3036 3037//3037 3018//3018 3017//3017
f 2998//2998 3038//3038 3043//3043 3042//3042
f 3038//3038 3039//3039 3044//3044 3043//3043
f 3039//3039 3040//3040 3045//3045 3044//3044
f 3040//3040 3041//3041 3046//3046 3045//3045
f 3042//3042 3043//3043 3048//3048 3047//3047
f 3043//3043 3044//3044 3049//3049 3048//3048
f 3044//3044 3045//3045 3050//3050 3049//3049
f 3045//3045 3046//3046 3051//3051 3050//3050
f 3047//3047 3048//3048 3053//3053 3052//3052
f 3048//3048 3049//3049 3054//3054 3053//3053
f 3049//3049 3050//3050 3055//3055 3054//3054
f 3050//3050 3051//3051 3056//3056 3055//3055
f 3052//3052 3053//3053 3027//3027 3022//3022
f 3053//3053 3054//3054 3032//3032 3027//3027
f 3054//3054 3055//3055 3037//3037 3032//3032
f 3055//3055 3056//3056 3018//3018 3037//3037
f 2691//2691 2569//2569 2576//2576 2694//2694
f 2694//2694 2576//2576 2581//2581 2695//2695
f 2695//2695 2581//2581 2586//2586 2696//2696
f 2696//2696 2586//2586 2614//2614 2697//2697
f 2697//2697 2614//2614 2613//2613 2728//2728
f 2728//2728 2613//2613 2612//2612 2723//2723
f 2723//2723 2612//2612 2611//2611 2718//2718
f 2718//2718 2611//2611 2571//2571 2692//2692
f 2570//2570 2630//2630 2637//2637 2592//2592
f 2592//2592 2637//2637 2642//2642 2593//2593
f 2593//2593 2642//2642 2647//2647 2594//2594
f 2594//2594 2647//2647 2675//2675 2595//2595
f 2595//2595 2675//2675 2674//2674 2625//2625
f 2625//2625 2674//2674 2673//2673 2620//2620
f 2620//2620 2673//2673 2672//2672 2615//2615
f 2615//2615 2672//2672 2632//2632 2571//2571
f 2631//2631 2752//2752 2759//2759 2653//2653
f 2653//2653 2759//2759 2764//2764 2654//2654
f 2654//2654 2764//2764 2769//2769 2655//2655
f 2655//2655 2769//2769 2797//2797 2656//2656
f 2656//2656 2797//2797 2796//2796 2686//2686
f 2686//2686 2796//2796 2795//2795 2681//2681
f 2681//2681 2795//2795 2794//2794 2676//2676
f 2676//2676 2794//2794 2754//2754 2632//2632
f 2753//2753 2693//2693 2737//2737 2775//2775
f 2775//2775 2737//2737 2742//2742 2776//2776
f 2776//2776 2742//2742 2747//2747 2777//2777
f 2777//2777 2747//2747 2717//2717 2778//2778
f 2778//2778 2717//2717 2716//2716 2808//2808
f 2808//2808 2716//2716 2715//2715 2803//2803
f 2803//2803 2715//2715 2714//2714 2798//2798
f 2798//2798 2714//2714 2692//2692 2754//2754
f 2815//2815 2875//2875 2901//2901 2855//2855
f 2855//2855 2901//2901 2906//2906 2856//2856
f 2856//2856 2906//2906 2911//2911 2857//2857
f 2857//2857 2911//2911 2880//2880 2858//2858
f 2858//2858 2880//2880 2879//2879 2830//2830
f 2830//2830 2879//2879 2878//2878 2825//2825
f 2825//2825 2878//2878 2877//2877 2820//2820
f 2820//2820 2877//2877 2874//2874 2813//2813
f 2875//2875 2936//2936 2962//2962 2897//2897
f 2897//2897 2962//2962 2967//2967 2898//2898
f 2898//2898 2967//2967 2972//2972 2899//2899
f 2899//2899 2972//2972 2941//2941 2900//2900
f 2900//2900 2941//2941 2940//2940 2930//2930
f 2930//2930 2940//2940 2939//2939 2925//2925
f 2925//2925 2939//2939 2938//2938 2920//2920
f 2920//2920 2938//2938 2935//2935 2876//2876
f 2936//2936 2997//2997 3023//3023 2958//2958
f 2958//2958 3023//3023 3028//3028 2959//2959
f 2959//2959 3028//3028 3033//3033 2960//2960
f 2960//2960 3033//3033 3002//3002 2961//2961
f 2961//2961 3002//3002 3001//3001 2991//2991
f 2991//2991 3001//3001 3000//3000 2986//2986
f 2986//2986 3000//3000 2999//2999 2981//2981
f 2981//2981 2999//2999 2996//2996 2937//2937
f 2997//2997 2815//2815 2859//2859 3019//3019
f 3019//3019 2859//2859 2864//2864 3020//3020
f 3020//3020 2864//2864 2869//2869 3021//3021
f 3021//3021 2869//2869 2839//2839 3022//3022
f 3022//3022 2839//2839 2838//2838 3052//3052
f 3052//3052 2838//2838 2837//2837 3047//3047
f 3047//3047 2837//2837 2836//2836 3042//3042
f 3042//3042 2836//2836 2814//2814 2998//2998
f 2693//2693 2814//2814 2840//2840 2733//2733
f 2733//2733 2840//2840 2845//2845 2734//2734
f 2734//2734 2845//2845 2850//2850 2735//2735
f 2735//2735 2850//2850 2819//2819 2736//2736
f 2736//2736 2819//2819 2818//2818 2708//2708
f 2708//2708 2818//2818 2817//2817 2703//2703
f 2703//2703 2817//2817 2816//2816 2698//2698
f 2698//2698 2816//2816 2813//2813 2691//2691
f 2998//2998 2753//2753 2779//2779 3038//3038
f 3038//3038 2779//2779 2784//2784 3039//3039
f 3039//3039 2784//2784 2789//2789 3040//3040
f 3040//3040 2789//2789 2758//2758 3041//3041
f 3041//3041 2758//2758 2757//2757 3013//3013
f 3013//3013 2757//2757 2756//2756 3008//3008
f 3008//3008 2756//2756 2755//2755 3003//3003
f 3003//3003 2755//2755 2752//2752 2996//2996
f 2630//2630 2935//2935 2942//2942 2633//2633
f 2633//2633 2942//2942 2947//2947 2634//2634
f 2634//2634 2947//2947 2952//2952 2635//2635
f 2635//2635 2952//2952 2980//2980 2636//2636
f 2636//2636 2980//2980 2979//2979 2667//2667
f 2667//2667 2979//2979 2978//2978 2662//2662
f 2662//2662 2978//2978 2977//2977 2657//2657
f 2657//2657 2977//2977 2937//2937 2631//2631
f 2876//2876 2570//2570 2596//2596 2916//2916
f 2916//2916 2596//2596 2601//2601 2917//2917
f 2917//2917 2601//2601 2606//2606 2918//2918
f 2918//2918 2606//2606 2575//2575 2919//2919
f 2919//2919 2575//2575 2574//2574 2891//2891
f 2891//2891 2574//2574 2573//2573 2886//2886
f 2886//2886 2573//2573 2572//2572 2881//2881
f 2881//2881 2572//2572 2569//2569 2874//2874
f 2691//2691 2813//2813 2874//2874 2569//2569
f 2571//2571 2632//2632 2754//2754 2692//2692
f 2570//2570 2876//2876 2935//2935 2630//2630
f 2631//2631 2937//2937 2996//2996 2752//2752
f 2753//2753 2998//2998 2814//2814 2693//2693
f 2875//2875 2815//2815 2997//2997 2936//2936
