# Blender 5.2.0 LTS
# www.blender.org
o Icosphere
v -1.865634 2.310648 9.971087
v -1.734940 2.211425 10.076876
v -1.920506 2.151192 10.069475
v -2.035199 2.309182 10.067850
v -1.920515 2.467057 10.074244
v -1.734945 2.406639 10.079823
v -1.823733 2.148635 10.239024
v -2.009303 2.209054 10.233445
v -2.009308 2.404267 10.236393
v -1.823742 2.464500 10.243793
v -1.709049 2.306510 10.245419
v -1.878614 2.305044 10.342182
v -1.896747 2.217415 9.996342
v -1.787675 2.252818 10.000691
v -1.819927 2.159093 10.058523
v -1.710858 2.309240 10.064606
v -1.787678 2.367561 10.002424
v -1.964162 2.310278 9.995386
v -1.996416 2.216553 10.053218
v -1.896752 2.403074 9.999145
v -1.996421 2.402213 10.056021
v -1.819935 2.459497 10.063059
v -1.695635 2.250386 10.161940
v -1.695639 2.365129 10.163672
v -1.872119 2.122185 10.153831
v -1.763045 2.157588 10.158181
v -2.048609 2.250563 10.149596
v -1.981194 2.157698 10.150552
v -1.981202 2.458104 10.155087
v -2.048612 2.365306 10.151329
v -1.763053 2.457994 10.162717
v -1.872129 2.493507 10.159437
v -1.747827 2.213479 10.257248
v -1.924312 2.156195 10.250210
v -2.033390 2.306452 10.248663
v -1.924320 2.456599 10.254745
v -1.747832 2.399139 10.260051
v -1.847495 2.212618 10.314124
v -1.780086 2.305414 10.317883
v -1.956570 2.248131 10.310844
v -1.956573 2.362874 10.312577
v -1.847500 2.398277 10.316927
vn 0.1353 -0.3009 -0.9440
vn 0.7229 -0.2584 -0.6408
vn -0.2349 -0.1803 -0.9551
vn -0.2349 0.2091 -0.9493
vn 0.1353 0.3292 -0.9345
vn 0.9160 -0.2635 -0.3026
vn 0.0363 -0.9384 -0.3435
vn -0.8776 -0.3096 -0.3660
vn -0.5627 0.7540 -0.3389
vn 0.5458 0.7825 -0.2997
vn 0.8065 -0.5816 -0.1063
vn -0.3020 -0.9414 -0.1505
vn -0.9871 0.0024 -0.1602
vn -0.3020 0.9455 -0.1220
vn 0.8065 0.5846 -0.0887
vn 0.3856 -0.6385 0.6660
vn -0.4941 -0.5928 0.6359
vn -0.7229 0.2584 0.6408
vn 0.0154 0.7387 0.6739
vn 0.7005 0.1844 0.6895
vn 0.2349 0.1803 0.9551
vn 0.4630 0.3445 0.8166
vn 0.3856 0.6182 0.6850
vn -0.1353 0.3009 0.9440
vn -0.2153 0.5654 0.7962
vn -0.4942 0.5733 0.6536
vn -0.3641 -0.0141 0.9313
vn -0.6345 -0.0117 0.7729
vn -0.7229 -0.2776 0.6327
vn -0.1353 -0.3292 0.9345
vn -0.2152 -0.5892 0.7788
vn 0.0154 -0.7587 0.6513
vn 0.2349 -0.2091 0.9493
vn 0.4631 -0.3690 0.8059
vn 0.7005 -0.2051 0.6836
vn 0.8776 0.3096 0.3660
vn 0.7876 0.5741 0.2239
vn 0.5627 0.7434 0.3615
vn -0.0363 0.9384 0.3435
vn -0.3099 0.9314 0.1910
vn -0.5458 0.7731 0.3232
vn -0.9160 0.2635 0.3026
vn -0.9882 -0.0023 0.1531
vn -0.9160 -0.2725 0.2945
vn -0.5458 -0.7825 0.2997
vn -0.3099 -0.9367 0.1627
vn -0.0363 -0.9484 0.3150
vn 0.5627 -0.7540 0.3389
vn 0.7876 -0.5805 0.2065
vn 0.8776 -0.3205 0.3565
vn 0.3020 0.9414 0.1505
vn 0.3099 0.9367 -0.1627
vn 0.0363 0.9484 -0.3150
vn -0.8065 0.5816 0.1063
vn -0.7876 0.5805 -0.2065
vn -0.8776 0.3205 -0.3565
vn -0.8065 -0.5846 0.0887
vn -0.7876 -0.5741 -0.2239
vn -0.5627 -0.7434 -0.3615
vn 0.3020 -0.9455 0.1220
vn 0.3099 -0.9314 -0.1910
vn 0.5458 -0.7731 -0.3232
vn 0.9871 -0.0024 0.1602
vn 0.9882 0.0023 -0.1531
vn 0.9160 0.2725 -0.2945
vn 0.4941 0.5928 -0.6359
vn 0.2152 0.5892 -0.7788
vn -0.0154 0.7587 -0.6513
vn -0.3856 0.6385 -0.6660
vn -0.4631 0.3690 -0.8059
vn -0.7005 0.2051 -0.6836
vn -0.7005 -0.1844 -0.6895
vn -0.4630 -0.3445 -0.8166
vn -0.3856 -0.6182 -0.6850
vn 0.7229 0.2776 -0.6327
vn 0.6345 0.0117 -0.7729
vn 0.3641 0.0141 -0.9313
vn -0.0154 -0.7387 -0.6739
vn 0.2153 -0.5654 -0.7962
vn 0.4942 -0.5733 -0.6536
s 0
f 1//1 14//1 13//1
f 2//2 14//2 16//2
f 1//3 13//3 18//3
f 1//4 18//4 20//4
f 1//5 20//5 17//5
f 2//6 16//6 23//6
f 3//7 15//7 25//7
f 4//8 19//8 27//8
f 5//9 21//9 29//9
f 6//10 22//10 31//10
f 2//11 23//11 26//11
f 3//12 25//12 28//12
f 4//13 27//13 30//13
f 5//14 29//14 32//14
f 6//15 31//15 24//15
f 7//16 33//16 38//16
f 8//17 34//17 40//17
f 9//18 35//18 41//18
f 10//19 36//19 42//19
f 11//20 37//20 39//20
f 39//21 42//21 12//21
f 39//22 37//22 42//22
f 37//23 10//23 42//23
f 42//24 41//24 12//24
f 42//25 36//25 41//25
f 36//26 9//26 41//26
f 41//27 40//27 12//27
f 41//28 35//28 40//28
f 35//29 8//29 40//29
f 40//30 38//30 12//30
f 40//31 34//31 38//31
f 34//32 7//32 38//32
f 38//33 39//33 12//33
f 38//34 33//34 39//34
f 33//35 11//35 39//35
f 24//36 37//36 11//36
f 24//37 31//37 37//37
f 31//38 10//38 37//38
f 32//39 36//39 10//39
f 32//40 29//40 36//40
f 29//41 9//41 36//41
f 30//42 35//42 9//42
f 30//43 27//43 35//43
f 27//44 8//44 35//44
f 28//45 34//45 8//45
f 28//46 25//46 34//46
f 25//47 7//47 34//47
f 26//48 33//48 7//48
f 26//49 23//49 33//49
f 23//50 11//50 33//50
f 31//51 32//51 10//51
f 31//52 22//52 32//52
f 22//53 5//53 32//53
f 29//54 30//54 9//54
f 29//55 21//55 30//55
f 21//56 4//56 30//56
f 27//57 28//57 8//57
f 27//58 19//58 28//58
f 19//59 3//59 28//59
f 25//60 26//60 7//60
f 25//61 15//61 26//61
f 15//62 2//62 26//62
f 23//63 24//63 11//63
f 23//64 16//64 24//64
f 16//65 6//65 24//65
f 17//66 22//66 6//66
f 17//67 20//67 22//67
f 20//68 5//68 22//68
f 20//69 21//69 5//69
f 20//70 18//70 21//70
f 18//71 4//71 21//71
f 18//72 19//72 4//72
f 18//73 13//73 19//73
f 13//74 3//74 19//74
f 16//75 17//75 6//75
f 16//76 14//76 17//76
f 14//77 1//77 17//77
f 13//78 15//78 3//78
f 13//79 14//79 15//79
f 14//80 2//80 15//80
o Teapot
v -2.384899 2.753205 -0.743165
v -2.385121 2.859361 -0.698970
v -2.011226 2.997551 -0.929433
v -1.996088 2.896907 -0.982822
v -2.373525 2.897229 -0.669979
v -2.009415 3.031803 -0.894411
v -2.357021 2.903329 -0.648729
v -2.000083 3.035252 -0.868741
v -2.341268 2.875569 -0.642506
v -1.986430 3.006715 -0.861223
v -2.329912 2.818198 -0.653662
v -1.971309 2.950736 -0.874700
v -2.675465 2.645813 -0.398584
v -2.664540 2.756089 -0.367608
v -2.645632 2.796660 -0.347289
v -2.623768 2.804740 -0.332395
v -2.606445 2.777561 -0.328033
v -2.597903 2.719150 -0.335853
v -2.848488 2.581865 0.019331
v -2.830925 2.694594 0.034274
v -2.807662 2.736774 0.044076
v -2.782607 2.746035 0.051261
v -2.764349 2.719200 0.053365
v -2.757483 2.660170 0.049593
v -2.891476 2.565977 0.480415
v -2.872264 2.679316 0.477669
v -2.847920 2.721895 0.475867
v -2.822072 2.731449 0.474547
v -2.803581 2.704700 0.474160
v -2.797132 2.645516 0.474853
v -2.795545 2.601432 0.948175
v -2.780013 2.713411 0.927484
v -2.758083 2.755098 0.913911
v -2.734004 2.763998 0.903963
v -2.716033 2.737058 0.901049
v -2.708654 2.678217 0.906272
v -0.409635 3.483252 -0.545026
v -0.485635 3.561401 -0.508433
v -0.269464 3.641296 -0.109818
v -0.184840 3.566335 -0.130509
v -0.523748 3.580896 -0.484428
v -0.313234 3.658701 -0.096245
v -0.543680 3.573530 -0.466833
v -0.337313 3.649802 -0.086296
v -0.538597 3.541826 -0.461680
v -0.333445 3.617650 -0.083383
v -0.508113 3.491525 -0.470917
v -0.300783 3.568153 -0.088606
v -0.732847 3.363794 -0.854803
v -0.796448 3.446526 -0.806326
v -0.826427 3.469028 -0.774525
v -0.840397 3.463865 -0.751216
v -0.833569 3.432806 -0.744390
v -0.806214 3.381349 -0.756627
v -1.124846 3.218914 -1.039265
v -1.173408 3.307204 -0.983710
v -1.193522 3.333352 -0.947268
v -1.200261 3.330861 -0.920556
v -1.191315 3.300586 -0.912733
v -1.167756 3.247725 -0.926757
v -1.557335 3.059068 -1.085096
v -1.589305 3.153491 -1.027783
v -1.598536 3.183661 -0.990187
v -1.597297 3.184119 -0.962630
v -1.586015 3.154707 -0.954560
v -1.566644 3.100298 -0.969027
v -0.595486 3.414561 1.560831
v -0.664357 3.495346 1.516637
v -1.038251 3.357156 1.747100
v -0.984297 3.270859 1.800489
v -0.697793 3.516570 1.487646
v -1.061903 3.381997 1.712078
v -0.714297 3.510470 1.466396
v -1.071234 3.378548 1.686407
v -0.708210 3.479138 1.460173
v -1.063047 3.347992 1.678889
v -0.679525 3.428172 1.471329
v -1.038128 3.295634 1.692367
v -0.304920 3.521953 1.216250
v -0.384937 3.598618 1.185275
v -0.425686 3.617139 1.164955
v -0.447549 3.609059 1.150062
v -0.443032 3.577146 1.145700
v -0.411533 3.527220 1.153519
v -0.131898 3.585902 0.798335
v -0.218553 3.660112 0.783392
v -0.263656 3.677025 0.773590
v -0.288711 3.667765 0.766405
v -0.285128 3.635507 0.764301
v -0.251954 3.586200 0.768073
v -0.088909 3.601790 0.337252
v -0.177213 3.675392 0.339998
v -0.223398 3.691904 0.341799
v -0.249246 3.682351 0.343120
v -0.245896 3.650007 0.343506
v -0.212305 3.600854 0.342813
v -2.570750 2.684515 1.362692
v -2.563842 2.793306 1.326099
v -2.547569 2.832903 1.302094
v -2.527637 2.840270 1.284499
v -2.510880 2.812881 1.279346
v -2.501324 2.754845 1.288584
v -2.247538 2.803972 1.672470
v -2.253029 2.908181 1.623992
v -2.244890 2.944771 1.592192
v -2.230920 2.949934 1.568883
v -2.215909 2.921900 1.562056
v -2.203223 2.865021 1.574294
v -1.855540 2.948853 1.856931
v -1.876070 3.047503 1.801377
v -1.877795 3.080448 1.764934
v -1.871056 3.082938 1.738223
v -1.858162 3.054121 1.730400
v -1.841680 2.998645 1.744424
v -1.423050 3.108698 1.902762
v -1.460172 3.201217 1.845450
v -1.472782 3.230138 1.807854
v -1.474020 3.229681 1.780297
v -1.463463 3.200001 1.772226
v -1.442792 3.146072 1.786694
v -2.157706 1.288856 -1.098899
v -2.239681 1.551740 -1.081697
v -1.736613 1.737671 -1.391781
v -1.648832 1.476933 -1.412562
v -2.297362 1.841940 -1.025536
v -1.813248 2.020866 -1.323937
v -2.337568 2.150113 -0.942054
v -1.881630 2.318625 -1.223088
v -2.366124 2.470268 -0.840358
v -1.944509 2.626094 -1.100235
v -2.537999 1.148302 -0.647912
v -2.615635 1.412790 -0.635855
v -2.659151 1.708225 -0.596493
v -2.678300 2.024180 -0.537982
v -2.681205 2.353815 -0.466705
v -2.764450 1.064607 -0.100946
v -2.839503 1.330049 -0.095130
v -2.874583 1.628602 -0.076141
v -2.881194 1.949192 -0.047915
v -2.868825 2.284472 -0.013531
v -2.820713 1.043812 0.502519
v -2.895124 1.309492 0.501450
v -2.928109 1.608819 0.497960
v -2.931604 1.930560 0.492773
v -2.915441 2.267243 0.486454
v -2.695159 1.090216 1.114722
v -2.771002 1.355366 1.106669
v -2.808664 1.652965 1.080376
v -2.819112 1.972137 1.041291
v -2.811416 2.305689 0.993679
v 0.427513 2.244339 -0.839575
v 0.316042 2.496322 -0.825332
v 0.606897 2.603820 -0.289003
v 0.764494 2.362702 -0.313898
v 0.162066 2.750931 -0.778830
v 0.441962 2.854379 -0.262710
v -0.021281 3.006200 -0.709707
v 0.242325 3.103627 -0.223625
v -0.224209 3.261908 -0.625502
v 0.019552 3.352000 -0.176013
v 0.004494 2.087994 -1.245011
v -0.102151 2.341760 -1.226141
v -0.240370 2.602193 -1.164539
v -0.400295 2.866119 -1.072967
v -0.574690 3.132372 -0.961415
v -0.508552 1.898375 -1.486433
v -0.609343 2.154304 -1.464810
v -0.728453 2.421801 -1.394214
v -0.859971 2.696225 -1.289275
v -0.999761 2.975268 -1.161440
v -1.074593 1.689169 -1.546417
v -1.168926 1.947485 -1.524109
v -1.266951 2.222775 -1.451279
v -1.367128 2.508782 -1.343018
v -1.468739 2.801936 -1.211137
v 0.184271 2.154438 1.916565
v 0.075576 2.407445 1.899363
v -0.427493 2.221514 2.209447
v -0.324603 1.966360 2.230227
v -0.069340 2.665404 1.843202
v -0.553454 2.486478 2.141603
v -0.239219 2.925651 1.759720
v -0.695157 2.757138 2.040754
v -0.425740 3.187422 1.658024
v -0.847354 3.031596 1.917901
v 0.564564 2.294992 1.465578
v 0.451530 2.546396 1.453521
v 0.292449 2.799119 1.414159
v 0.101513 3.051583 1.355648
v -0.110659 3.303874 1.284371
v 0.791015 2.378687 0.918612
v 0.675397 2.629137 0.912795
v 0.507881 2.878742 0.893807
v 0.304407 3.126572 0.865581
v 0.076961 3.373218 0.831197
v 0.847279 2.399482 0.315147
v 0.731018 2.649694 0.316216
v 0.561407 2.898525 0.319706
v 0.354818 3.145204 0.324893
v 0.123577 3.390447 0.331212
v -2.400948 1.198955 1.657241
v -2.480148 1.462864 1.642997
v -2.528769 1.756413 1.596496
v -2.555506 2.069563 1.527373
v -2.567655 2.395782 1.443169
v -1.977929 1.355300 2.062676
v -2.061955 1.617426 2.043807
v -2.126332 1.905151 1.982204
v -2.176492 2.209645 1.890633
v -2.217174 2.525318 1.779081
v -1.464882 1.544919 2.304099
v -1.554762 1.804882 2.282475
v -1.638250 2.085544 2.211880
v -1.716816 2.379539 2.106941
v -1.792103 2.682422 1.979106
v -0.898841 1.754125 2.364082
v -0.995179 2.011700 2.341774
v -1.099751 2.284570 2.268945
v -1.209659 2.566981 2.160684
v -1.323124 2.855754 2.028803
v -1.670897 0.737850 -0.778127
v -1.270286 0.885914 -1.025057
v -1.227551 0.830279 -0.971393
v -1.775254 0.809943 -0.866162
v -1.344931 0.968988 -1.131407
v -1.908735 0.917328 -0.972412
v -1.442551 1.089627 -1.259760
v -2.044294 1.073839 -1.060447
v -1.548397 1.257120 -1.366110
v -1.901349 0.581246 -0.391953
v -1.970281 0.627199 -0.423088
v -2.096844 0.691085 -0.484790
v -2.257124 0.788565 -0.559259
v -2.414887 0.936870 -0.620962
v -2.072950 0.517824 0.022530
v -2.148554 0.561310 0.007510
v -2.288340 0.620309 -0.022256
v -2.464577 0.711891 -0.058179
v -2.635563 0.855309 -0.087945
v -2.115585 0.502066 0.479826
v -2.192848 0.544940 0.482587
v -2.335918 0.602724 0.488057
v -2.516121 0.692841 0.494659
v -2.690392 0.835044 0.500129
v -2.020442 0.537230 0.943745
v -2.094005 0.581471 0.964543
v -2.229745 0.641965 1.005759
v -2.401099 0.735352 1.055503
v -2.568040 0.880265 1.096720
v 0.345873 1.411807 -0.537193
v 0.364313 1.490052 -0.573975
v 0.595931 1.575657 -0.146878
v 0.568822 1.494208 -0.126080
v 0.410904 1.617935 -0.646868
v 0.659700 1.709888 -0.188094
v 0.459604 1.792653 -0.734843
v 0.729133 1.892269 -0.237838
v 0.474994 2.004954 -0.807737
v 0.761702 2.110919 -0.279054
v 0.025315 1.293331 -0.844426
v 0.031292 1.366970 -0.893153
v 0.053183 1.485723 -0.989720
v 0.072073 1.649424 -1.106266
v 0.062763 1.852596 -1.202832
v -0.363464 1.149640 -1.027372
v -0.372603 1.217692 -1.083212
v -0.380668 1.325374 -1.193876
v -0.397933 1.475712 -1.327435
v -0.437199 1.667813 -1.438098
v -0.792401 0.991108 -1.072827
v -0.818218 1.052996 -1.130434
v -0.859334 1.148462 -1.244600
v -0.916487 1.284057 -1.382386
v -0.988804 1.463943 -1.496552
v 0.161548 1.343681 1.551369
v 0.172822 1.419278 1.595792
v -0.227789 1.271214 1.842723
v -0.224070 1.201159 1.789059
v 0.205210 1.541911 1.683827
v -0.225113 1.382866 1.949072
v 0.236768 1.710293 1.790077
v -0.229416 1.537994 2.077426
v 0.237956 1.917345 1.878113
v -0.257941 1.734064 2.183776
v 0.449728 1.450191 1.209618
v 0.472206 1.529929 1.240753
v 0.526800 1.660769 1.302456
v 0.585157 1.839056 1.376924
v 0.608550 2.054315 1.438627
v 0.621329 1.513614 0.795135
v 0.650479 1.595817 0.810155
v 0.718295 1.731544 0.839921
v 0.792610 1.915730 0.875845
v 0.829225 2.135876 0.905610
v 0.694773 1.612188 0.335079
v 0.765874 1.749129 0.329608
v 0.844154 1.934780 0.323006
v 0.884054 2.156140 0.317536
v -1.797493 0.619630 1.354858
v -1.862388 0.667075 1.391640
v -1.980949 0.733919 1.464533
v -2.131571 0.834968 1.552508
v -2.281332 0.986230 1.625402
v -1.476936 0.738107 1.662091
v -1.529367 0.790158 1.710818
v -1.623228 0.866130 1.807385
v -1.744039 0.978198 1.923931
v -1.869101 1.138588 2.020498
v -1.088157 0.881797 1.845037
v -1.125472 0.939435 1.900878
v -1.189377 1.026479 2.011541
v -1.274034 1.151909 2.145100
v -1.369139 1.323372 2.255763
v -0.659219 1.040330 1.890492
v -0.679857 1.104132 1.948100
v -0.710711 1.203391 2.062265
v -0.755479 1.343564 2.200051
v -0.817534 1.527242 2.314217
v 1.237059 3.488692 -0.778533
v 1.114179 3.656212 -0.756371
v 1.178653 3.690250 -0.642815
v 1.305860 3.514170 -0.665401
v 0.917107 3.719886 -0.693286
v 0.975908 3.758634 -0.578301
v 0.639872 3.689269 -0.588392
v 0.691304 3.728875 -0.470843
v 0.276002 3.583524 -0.441910
v 0.317629 3.620939 -0.320503
v -0.164379 3.427946 -0.260920
v -0.135080 3.461163 -0.134467
v 1.152850 3.457445 -0.820942
v 1.040725 3.603687 -0.799830
v 0.857758 3.655656 -0.740300
v 0.598840 3.622904 -0.641778
v 0.259340 3.522604 -0.504887
v -0.150397 3.377463 -0.336438
v 1.080673 3.430619 -0.791100
v 0.981528 3.551181 -0.771256
v 0.815584 3.589024 -0.716017
v 0.578771 3.553696 -0.625184
v 0.268684 3.459968 -0.499868
v -0.104068 3.327421 -0.346557
v 1.045274 3.417412 -0.699239
v 0.956884 3.516695 -0.680446
v 0.805044 3.542833 -0.628761
v 0.586548 3.505371 -0.544300
v 0.300832 3.417089 -0.428575
v -0.041276 3.294977 -0.287806
v 1.065957 3.425007 -0.566211
v 0.981893 3.515730 -0.547841
v 0.835728 3.537158 -0.497586
v 0.624600 3.498837 -0.415689
v 0.348689 3.412746 -0.303822
v 0.018910 3.294833 -0.168098
v 1.134758 3.450485 -0.453079
v 1.046368 3.549768 -0.434286
v 0.894528 3.575906 -0.382601
v 0.676032 3.538444 -0.298140
v 0.390316 3.450161 -0.182415
v 0.048209 3.328050 -0.041646
v 1.218967 3.481732 -0.410670
v 1.119822 3.602293 -0.390827
v 0.953878 3.640136 -0.335587
v 0.717065 3.604808 -0.244755
v 0.406978 3.511080 -0.119439
v 0.034226 3.378533 0.033872
v 1.291144 3.508558 -0.440512
v 1.179019 3.654799 -0.419401
v 0.996052 3.706769 -0.359871
v 0.737133 3.674017 -0.261348
v 0.397633 3.573717 -0.124457
v -0.012103 3.428575 0.043991
v 1.326544 3.521765 -0.532373
v 1.203663 3.689285 -0.510211
v 1.006592 3.752959 -0.447126
v 0.729356 3.722342 -0.342232
v 0.365486 3.616597 -0.195750
v -0.074895 3.461019 -0.014760
v 0.734177 2.072601 -0.405467
v 0.985631 2.386742 -0.539082
v 1.041169 2.382403 -0.417121
v 0.780463 2.059857 -0.279014
v 1.166694 2.690332 -0.645690
v 1.229985 2.692829 -0.527467
v 1.266386 2.978708 -0.720675
v 1.334963 2.987486 -0.605218
v 1.288575 3.248680 -0.765014
v 1.359135 3.264847 -0.651269
v 0.705935 2.136364 -0.480985
v 0.934390 2.429614 -0.603433
v 1.096181 2.716212 -0.700753
v 1.182733 2.988972 -0.768863
v 1.199995 3.240576 -0.808942
v 0.701303 2.224206 -0.491103
v 0.902003 2.492242 -0.600073
v 1.040532 2.758332 -0.686182
v 1.111226 3.012246 -0.745996
v 1.122542 3.241682 -0.780935
v 0.721870 2.306009 -0.432352
v 0.899572 2.553154 -0.530155
v 1.018828 2.802251 -0.606975
v 1.076382 3.040550 -0.659914
v 1.082772 3.251617 -0.690595
v 0.933518 2.590566 -0.405956
v 1.045021 2.832828 -0.479039
v 1.097289 3.064844 -0.529211
v 1.101696 3.268522 -0.558179
v 0.811354 2.339082 -0.186192
v 0.989056 2.586226 -0.283995
v 1.108313 2.835324 -0.360815
v 1.165866 3.073623 -0.413754
v 1.172256 3.284690 -0.444434
v 0.839597 2.275319 -0.110674
v 1.040296 2.543355 -0.219644
v 1.178826 2.809444 -0.305753
v 1.249519 3.063358 -0.365566
v 1.260836 3.292794 -0.400506
v 0.844228 2.187477 -0.100556
v 1.072684 2.480727 -0.223004
v 1.234474 2.767324 -0.320323
v 1.321026 3.040085 -0.388433
v 1.338289 3.291688 -0.428513
v 0.823662 2.105674 -0.159307
v 1.075115 2.419815 -0.292921
v 1.256178 2.723405 -0.399531
v 1.355870 3.011781 -0.474515
v 1.378060 3.281753 -0.518854
v -4.309851 2.041597 1.453366
v -3.980249 1.872672 1.334015
v -3.965632 1.867626 1.472116
v -4.318057 2.037200 1.577447
v -3.695053 1.566081 1.226647
v -3.653661 1.555110 1.400697
v -3.426007 1.231568 1.119614
v -3.357265 1.211302 1.339143
v -3.049937 1.001856 0.968881
v -2.953255 0.972513 1.224360
v -2.502567 0.947961 0.752378
v -2.377440 0.912116 1.023154
v -4.215556 2.079836 1.348218
v -3.929053 1.917564 1.231517
v -3.682889 1.635874 1.110508
v -3.448604 1.336744 0.981809
v -3.114461 1.139768 0.817436
v -2.622611 1.107648 0.604682
v -4.076679 2.135253 1.290288
v -3.837568 1.982720 1.189506
v -3.629171 1.734535 1.077725
v -3.425570 1.482275 0.953883
v -3.132689 1.328258 0.798738
v -2.702693 1.324322 0.604682
v -3.940836 2.188849 1.299437
v -3.737159 2.045802 1.222386
v -3.552318 1.828237 1.139538
v -3.364800 1.618263 1.045409
v -3.098370 1.502701 0.919197
v -2.715356 1.523696 0.752378
v -3.856457 2.221398 1.384898
v -3.661552 2.084193 1.332480
v -3.475114 1.883040 1.291732
v -3.280703 1.695017 1.246321
v -3.013840 1.599018 1.162209
v -2.643617 1.632301 1.023154
v -3.864663 2.217002 1.508979
v -3.646935 2.079147 1.470581
v -3.433722 1.872069 1.465782
v -3.211962 1.674751 1.465851
v -2.917159 1.569675 1.417688
v -2.518491 1.596457 1.293930
v -3.958957 2.178763 1.614127
v -3.698131 2.034255 1.573080
v -3.445886 1.802276 1.581921
v -3.189364 1.569575 1.603656
v -2.852634 1.431764 1.569132
v -2.398446 1.436770 1.441626
v -4.097835 2.123345 1.672057
v -3.789616 1.969099 1.615091
v -3.499604 1.703615 1.614704
v -3.212398 1.424044 1.631582
v -2.834407 1.243274 1.587831
v -2.318365 1.220095 1.441626
v -4.233678 2.069750 1.662908
v -3.890025 1.906018 1.582210
v -3.576457 1.609913 1.552891
v -3.273168 1.288056 1.540055
v -2.868725 1.068830 1.467372
v -2.305702 1.020721 1.293930
v -4.281032 2.097074 1.485160
v -4.393745 2.103984 1.519165
v -4.409832 2.099473 1.602442
v -4.291313 2.093275 1.560191
v -4.465553 2.102074 1.534578
v -4.484752 2.096993 1.630011
v -4.484981 2.092802 1.529673
v -4.504257 2.087468 1.638381
v -4.447911 2.080201 1.506942
v -4.464476 2.075108 1.625580
v -4.212071 2.122562 1.418058
v -4.306650 2.132613 1.441754
v -4.364007 2.134596 1.445419
v -4.375139 2.128946 1.429805
v -4.338097 2.118227 1.400860
v -4.114116 2.158766 1.377585
v -4.185550 2.173072 1.392296
v -4.223189 2.180596 1.388048
v -4.221560 2.180335 1.367072
v -4.182274 2.172729 1.336892
v -4.020751 2.193273 1.377618
v -4.071968 2.211490 1.387748
v -4.091381 2.224303 1.382136
v -4.076902 2.229348 1.362982
v -4.033867 2.225019 1.336972
v -3.965728 2.213609 1.425667
v -4.007321 2.233950 1.438054
v -4.016702 2.249889 1.439322
v -3.993793 2.258273 1.429868
v -3.946550 2.256261 1.412965
v -3.976009 2.209809 1.500698
v -4.023407 2.229437 1.521331
v -4.035902 2.244808 1.534756
v -4.013070 2.252940 1.538576
v -3.963115 2.251169 1.531603
v -4.044969 2.184322 1.567800
v -4.110503 2.200809 1.598742
v -4.137447 2.212286 1.623914
v -4.122911 2.216794 1.638444
v -4.072929 2.213142 1.637685
v -4.142924 2.148118 1.608273
v -4.231603 2.160351 1.648200
v -4.278265 2.166286 1.681285
v -4.276490 2.165407 1.701177
v -4.228752 2.158640 1.701652
v -4.236290 2.113611 1.608240
v -4.345185 2.121933 1.652748
v -4.410073 2.122579 1.687197
v -4.421148 2.116394 1.705267
v -4.377159 2.106350 1.701573
v -1.745089 3.359510 0.235495
v -1.762760 3.461509 0.258266
v -1.711870 3.480318 0.226932
v -1.686575 3.381136 0.199433
v -1.846187 3.553491 0.202414
v -1.776340 3.579307 0.159444
v -1.921429 3.640823 0.153846
v -1.835114 3.672725 0.100762
v -1.913612 3.726870 0.198657
v -1.842470 3.753163 0.154912
v -1.762627 3.820999 0.408833
v -1.788813 3.343350 0.287339
v -1.800765 3.447463 0.303275
v -1.898322 3.534223 0.264086
v -1.985843 3.617016 0.230016
v -1.966717 3.707242 0.261439
v -1.814846 3.333729 0.350217
v -1.823365 3.439110 0.357863
v -1.929290 3.522778 0.338886
v -2.024091 3.602880 0.322398
v -1.998244 3.695590 0.337587
v -1.821309 3.331340 0.419596
v -1.828946 3.437047 0.418130
v -1.936897 3.519966 0.421512
v -2.033470 3.599413 0.424466
v -2.005965 3.692736 0.421725
v -1.806868 3.336677 0.489987
v -1.816366 3.441697 0.479330
v -1.919605 3.526356 0.505485
v -2.012090 3.607315 0.528228
v -1.988339 3.699251 0.507242
v -1.447865 3.469362 0.265297
v -1.504515 3.556955 0.284083
v -1.475124 3.567818 0.338337
v -1.414040 3.481864 0.327679
v -1.492064 3.684374 0.237716
v -1.451759 3.699270 0.312182
v -1.483948 3.802514 0.197416
v -1.434156 3.820916 0.289439
v -1.553021 3.860142 0.234579
v -1.511989 3.875307 0.310425
v -1.496494 3.451389 0.218682
v -1.546733 3.541352 0.243565
v -1.549911 3.662993 0.182136
v -1.555395 3.776107 0.128744
v -1.611910 3.838377 0.177963
v -1.555473 3.429592 0.190928
v -1.597936 3.522428 0.219470
v -1.620073 3.637063 0.149120
v -1.642048 3.744081 0.087967
v -1.683336 3.811978 0.144352
v -1.620549 3.405540 0.184038
v -1.654465 3.501534 0.213521
v -1.697574 3.608418 0.141010
v -1.737786 3.708697 0.077969
v -1.762256 3.782810 0.136120
v -1.475819 3.459031 0.582171
v -1.528731 3.548005 0.559401
v -1.579620 3.529197 0.590735
v -1.534333 3.437404 0.618234
v -1.525177 3.672135 0.615253
v -1.595024 3.646320 0.658222
v -1.524817 3.787408 0.663821
v -1.611133 3.755507 0.716905
v -1.586716 3.847689 0.619010
v -1.657858 3.821394 0.662755
v -1.432094 3.475191 0.530327
v -1.490726 3.562052 0.514392
v -1.473043 3.691403 0.553580
v -1.460403 3.811216 0.587651
v -1.533610 3.867316 0.556228
v -1.406062 3.484813 0.467449
v -1.468126 3.570405 0.459804
v -1.442075 3.702849 0.478781
v -1.422155 3.825352 0.495268
v -1.502084 3.878968 0.480080
v -1.399599 3.487201 0.398071
v -1.462545 3.572467 0.399537
v -1.434468 3.705661 0.396155
v -1.412777 3.828818 0.393201
v -1.494363 3.881822 0.395942
v -1.773042 3.349178 0.552369
v -1.786976 3.452559 0.533584
v -1.879301 3.541253 0.579950
v -1.962298 3.625718 0.620251
v -1.947306 3.714416 0.583088
v -1.724413 3.367152 0.598985
v -1.744758 3.468163 0.574102
v -1.821453 3.562633 0.635531
v -1.890852 3.652124 0.688923
v -1.888418 3.736181 0.639704
v -1.665435 3.388950 0.626738
v -1.693555 3.487087 0.598196
v -1.751292 3.588564 0.668547
v -1.804198 3.684151 0.729700
v -1.816992 3.762580 0.673315
v -1.600359 3.413002 0.633629
v -1.637025 3.507980 0.604146
v -1.673790 3.617208 0.676657
v -1.708460 3.719535 0.739698
v -1.738072 3.791748 0.681547
v -2.270969 2.839983 -0.577770
v -2.225726 2.932185 -0.487913
v -1.923065 3.044047 -0.674469
v -1.937981 2.963054 -0.783019
v -2.114246 3.032238 -0.319735
v -1.868347 3.123120 -0.471304
v -1.963490 3.139130 -0.104200
v -1.790336 3.203126 -0.210930
v -1.823718 3.249638 0.100406
v -1.719621 3.288112 0.036242
v -2.519819 2.748010 -0.282661
v -2.451911 2.848588 -0.219682
v -2.298012 2.964319 -0.101808
v -2.092892 3.091303 0.049256
v -1.901512 3.220886 0.192662
v -2.668000 2.693243 0.075253
v -2.586596 2.798810 0.105635
v -2.407438 2.923875 0.162497
v -2.169946 3.062824 0.235372
v -1.947836 3.203765 0.304551
v -2.704816 2.679636 0.470138
v -2.620059 2.786442 0.464554
v -2.434625 2.913827 0.454104
v -2.189091 3.055749 0.440712
v -1.959345 3.199511 0.427998
v -2.622658 2.710000 0.870741
v -2.545384 2.814041 0.828672
v -2.373955 2.936250 0.749934
v -2.146369 3.071538 0.649025
v -1.933661 3.209003 0.553233
v -0.579299 3.465215 -0.408078
v -0.688128 3.500473 -0.333676
v -0.513141 3.565147 -0.011005
v -0.386778 3.536370 -0.053074
v -0.865013 3.493948 -0.194424
v -0.722844 3.546492 0.067732
v -1.083822 3.464251 -0.015961
v -0.983711 3.501251 0.168641
v -1.294876 3.445095 0.153454
v -1.234691 3.467339 0.264434
v -0.856107 3.362908 -0.673380
v -0.939725 3.407485 -0.574815
v -1.069425 3.418398 -0.390339
v -1.227762 3.411051 -0.153918
v -1.381410 3.413113 0.070517
v -1.191825 3.238829 -0.831358
v -1.244867 3.294705 -0.718405
v -1.317340 3.326770 -0.507000
v -1.402335 3.346529 -0.236066
v -1.486361 3.374324 0.021131
v -1.562221 3.101933 -0.870609
v -1.581528 3.170278 -0.754081
v -1.590863 3.225677 -0.535985
v -1.594941 3.275343 -0.256477
v -1.602152 3.331528 0.008860
v -0.738467 3.406387 1.395436
v -0.832799 3.447003 1.305580
v -1.135460 3.335141 1.492135
v -1.071455 3.283316 1.600686
v -0.982552 3.450505 1.137402
v -1.228451 3.359622 1.288970
v -1.166589 3.433660 0.921867
v -1.339743 3.369663 1.028596
v -1.344634 3.426704 0.717261
v -1.448732 3.388231 0.781425
v -0.489618 3.498360 1.100327
v -0.606615 3.530600 1.037348
v -0.798787 3.518424 0.919475
v -1.037188 3.481486 0.768410
v -1.266840 3.455457 0.625005
v -0.341437 3.553127 0.742413
v -0.471930 3.580379 0.712032
v -0.689361 3.558867 0.655169
v -0.960133 3.509964 0.582295
v -1.220517 3.472578 0.513116
v -0.304620 3.566735 0.347529
v -0.438466 3.592747 0.353112
v -0.662173 3.568916 0.363562
v -0.940989 3.517041 0.376955
v -1.209007 3.476832 0.389669
v -2.430138 2.781155 1.225744
v -2.370398 2.878715 1.151343
v -2.231786 2.988795 1.012091
v -2.046258 3.108539 0.833627
v -1.873477 3.231247 0.664212
v -2.153330 2.883461 1.491046
v -2.118801 2.971704 1.392482
v -2.027374 3.064345 1.208006
v -1.902318 3.161738 0.971584
v -1.786942 3.263230 0.747150
v -1.817611 3.007541 1.649024
v -1.813658 3.084483 1.536072
v -1.779459 3.155972 1.324667
v -1.727744 3.226260 1.053733
v -1.681991 3.302020 0.796536
v -1.447216 3.144438 1.688275
v -1.476997 3.208911 1.571748
v -1.505936 3.257065 1.353652
v -1.535138 3.297446 1.074143
v -1.566200 3.344815 0.808807
v -0.644600 0.995626 1.853224
v -0.220396 1.152409 1.754342
v -0.635468 0.956143 1.746341
v -0.242654 1.101325 1.654776
v -0.635041 0.921119 1.501279
v -0.314200 1.039700 1.426491
v -0.646215 0.893654 1.083220
v -0.448181 0.966846 1.037051
v -0.673243 0.873490 0.408833
v -1.062749 0.841080 1.808913
v -1.022674 0.813034 1.705309
v -0.951303 0.804231 1.467765
v -0.841471 0.821488 1.062544
v -1.441749 0.701004 1.630568
v -1.373629 0.683323 1.540162
v -1.237954 0.698286 1.332876
v -1.018443 0.756080 0.979266
v -1.754244 0.585508 1.331063
v -1.662999 0.576373 1.262819
v -1.474306 0.610932 1.106349
v -1.164354 0.702152 0.839401
v -1.971585 0.505180 0.930291
v -1.864258 0.501990 0.891704
v -1.638689 0.550177 0.803231
v -1.265812 0.664654 0.652301
v 0.663965 1.529372 0.337839
v 0.645302 1.472367 0.339625
v 0.552552 1.438087 -0.112625
v 0.558984 1.397606 0.344746
v 0.473097 1.365863 -0.074038
v 0.340559 1.281696 0.356488
v 0.270409 1.255769 0.014435
v -0.043986 1.116234 0.376490
v -0.087292 1.100229 0.165364
v 0.603738 1.457005 0.785419
v 0.520496 1.383381 0.757552
v 0.309123 1.270077 0.693659
v -0.063380 1.109066 0.584656
v 0.436454 1.395178 1.189476
v 0.365590 1.326129 1.131710
v 0.182599 1.223315 0.999262
v -0.141493 1.080196 0.773328
v 0.155522 1.291347 1.522632
v 0.105447 1.229981 1.440212
v -0.029879 1.144784 1.251240
v -0.272685 1.031708 0.928886
v -0.774433 0.947641 -1.035559
v -1.198637 0.790858 -0.936677
v -0.755693 0.911710 -0.928676
v -1.148506 0.766528 -0.837111
v -0.733239 0.884827 -0.683614
v -1.054080 0.766246 -0.608826
v -0.706888 0.871229 -0.265555
v -0.904922 0.798037 -0.219386
v -0.356284 1.102187 -0.991248
v -0.368487 1.054819 -0.887644
v -0.416977 1.001715 -0.650100
v -0.511632 0.943395 -0.244879
v 0.022716 1.242263 -0.812903
v -0.017532 1.184530 -0.722497
v -0.130326 1.107660 -0.515211
v -0.334660 1.008803 -0.161601
v 0.335211 1.357759 -0.513397
v 0.271839 1.291480 -0.445154
v 0.106026 1.195014 -0.288684
v -0.188749 1.062731 -0.021736
v -2.064335 0.470900 0.478041
v -1.950144 0.470246 0.472919
v -1.708839 0.524250 0.461177
v -1.309118 0.648649 0.441175
v -2.022772 0.486262 0.032246
v -1.911656 0.484471 0.060113
v -1.677403 0.535868 0.124007
v -1.289723 0.655817 0.233009
v -1.855487 0.548089 -0.371811
v -1.756751 0.541724 -0.314045
v -1.550879 0.582631 -0.181597
v -1.211611 0.684687 0.044337
v -1.613168 0.687756 -0.733704
v -1.574555 0.651920 -0.704966
v -1.496607 0.637872 -0.622547
v -1.338401 0.661162 -0.433575
v -1.080419 0.733175 -0.111221
v -2.200291 2.821435 -0.878351
v -2.387154 2.824341 -0.715935
v -2.207595 2.924974 -0.828970
v -2.007533 2.964647 -0.949928
v -2.380290 2.882136 -0.683963
v -2.200645 2.961125 -0.796577
v -2.011461 3.018453 -0.911304
v -2.365533 2.904381 -0.657931
v -2.187546 2.965966 -0.772833
v -2.005489 3.037451 -0.879857
v -2.348697 2.893813 -0.643284
v -2.172790 2.937838 -0.765880
v -1.993597 3.025056 -0.862163
v -2.335189 2.849131 -0.646690
v -2.159646 2.881127 -0.778345
v -1.978940 2.980799 -0.866277
v -2.544095 2.694367 -0.581926
v -2.670852 2.719488 -0.379499
v -2.538209 2.802781 -0.543917
v -2.655924 2.780263 -0.357089
v -2.522607 2.842130 -0.518984
v -2.634601 2.804935 -0.338845
v -2.503167 2.849315 -0.500708
v -2.614071 2.795732 -0.328579
v -2.486553 2.821873 -0.495356
v -2.601422 2.750732 -0.330966
v -2.476739 2.763932 -0.504951
v -2.777450 2.608120 -0.196908
v -2.839784 2.657051 0.028538
v -2.762613 2.719842 -0.173669
v -2.820054 2.719601 0.039348
v -2.741138 2.761362 -0.158425
v -2.794822 2.745718 0.048150
v -2.717393 2.770138 -0.147252
v -2.772092 2.737328 0.053102
v -2.699519 2.743162 -0.143979
v -2.759954 2.692140 0.051951
v -2.691964 2.684385 -0.149845
v -2.887017 2.567625 0.246362
v -2.881757 2.641538 0.478723
v -2.867976 2.680901 0.252595
v -2.860834 2.704529 0.476736
v -2.843744 2.723439 0.256684
v -2.834630 2.731005 0.475119
v -2.817977 2.732962 0.259681
v -2.811353 2.722817 0.474209
v -2.799512 2.706205 0.260559
v -2.799343 2.677582 0.474420
v -2.793018 2.647037 0.258985
v -2.860756 2.577331 0.716927
v -2.788094 2.676156 0.935427
v -2.842722 2.690234 0.705108
v -2.769833 2.738163 0.920458
v -2.819151 2.732528 0.697354
v -2.745797 2.763837 0.908271
v -2.793869 2.741872 0.691671
v -2.723740 2.755198 0.901413
v -2.775545 2.715063 0.690007
v -2.711446 2.710068 0.903008
v -2.768798 2.655988 0.692990
v -0.282833 3.530118 -0.348212
v -0.458579 3.537132 -0.522480
v -0.363697 3.606469 -0.319169
v -0.239097 3.618251 -0.117761
v -0.506537 3.574665 -0.496006
v -0.405002 3.624785 -0.300118
v -0.293295 3.653478 -0.102792
v -0.536414 3.580413 -0.474452
v -0.427273 3.616554 -0.286153
v -0.328251 3.657349 -0.090604
v -0.544693 3.560563 -0.462324
v -0.422875 3.584597 -0.282063
v -0.339388 3.636442 -0.083747
v -0.525346 3.518039 -0.465144
v -0.391162 3.534750 -0.289395
v -0.319376 3.594164 -0.085341
v -0.560875 3.427355 -0.714747
v -0.774152 3.420498 -0.824935
v -0.631073 3.507648 -0.671642
v -0.813140 3.461346 -0.789863
v -0.665380 3.528551 -0.643367
v -0.835713 3.469794 -0.761310
v -0.682522 3.522215 -0.622641
v -0.839882 3.451462 -0.745243
v -0.676622 3.490813 -0.616571
v -0.821490 3.408586 -0.748979
v -0.647602 3.439971 -0.627452
v -0.922017 3.293879 -0.963531
v -1.156884 3.279042 -1.005036
v -0.978360 3.379292 -0.910882
v -1.184993 3.323912 -0.964845
v -1.003579 3.403554 -0.876345
v -1.198708 3.335633 -0.932123
v -1.014060 3.399681 -0.851030
v -1.197893 3.319143 -0.913711
v -1.006209 3.369000 -0.843617
v -1.180660 3.275838 -0.917992
v -0.980686 3.316865 -0.856907
v -1.337798 3.140208 -1.080341
v -1.579151 3.122975 -1.049784
v -1.378190 3.231518 -1.023211
v -1.595256 3.172281 -1.008321
v -1.392945 3.259646 -0.985735
v -1.599199 3.187614 -0.974563
v -1.395756 3.258607 -0.958265
v -1.592885 3.173157 -0.955569
v -1.385659 3.228757 -0.950221
v -1.576931 3.129379 -0.959985
v -1.364163 3.175134 -0.964642
v -1.779181 2.977076 -1.052344
v -1.802640 3.074643 -0.996288
v -1.806288 3.106877 -0.959517
v -1.800957 3.108848 -0.932563
v -1.788476 3.079879 -0.924670
v -1.771254 3.024675 -0.938820
v -0.780095 3.346331 1.696018
v -0.640037 3.470065 1.533602
v -0.841883 3.429733 1.646637
v -1.019658 3.329760 1.767595
v -0.682837 3.509504 1.501629
v -0.870673 3.452675 1.614243
v -1.051667 3.373187 1.728970
v -0.708515 3.516805 1.475598
v -0.883772 3.447834 1.590500
v -1.068559 3.383735 1.697523
v -0.714431 3.497828 1.460951
v -0.876687 3.416870 1.583546
v -1.069531 3.366585 1.679829
v -0.695633 3.455101 1.464356
v -0.849790 3.365242 1.596012
v -1.051883 3.323433 1.683943
v -0.436291 3.473400 1.399593
v -0.356339 3.574919 1.197165
v -0.511268 3.551927 1.361584
v -0.407204 3.611377 1.174756
v -0.548711 3.571671 1.336651
v -0.439447 3.616251 1.156511
v -0.568151 3.564486 1.318375
v -0.449057 3.595909 1.146245
v -0.562924 3.532835 1.313023
v -0.429400 3.553499 1.148632
v -0.532697 3.482439 1.322618
v -0.202935 3.559647 1.014574
v -0.187406 3.637355 0.789128
v -0.286865 3.634865 0.991336
v -0.243073 3.672039 0.778318
v -0.330180 3.652438 0.976092
v -0.279226 3.675468 0.769517
v -0.353925 3.643662 0.964918
v -0.291036 3.654312 0.764564
v -0.349959 3.611546 0.961646
v -0.270868 3.612092 0.765716
v -0.317472 3.561985 0.967512
v -0.093369 3.600142 0.571304
v -0.145433 3.652868 0.338944
v -0.181502 3.673807 0.565071
v -0.202294 3.687111 0.340930
v -0.227574 3.690361 0.560982
v -0.239418 3.690181 0.342548
v -0.253340 3.680838 0.557985
v -0.251775 3.668824 0.343458
v -0.249966 3.648503 0.557108
v -0.231479 3.626650 0.343246
v -0.216418 3.599334 0.558681
v -0.119629 3.590436 0.100739
v -0.206755 3.664474 0.112559
v -0.252167 3.681272 0.120312
v -0.277448 3.671928 0.125995
v -0.273932 3.639646 0.127660
v -0.240639 3.590382 0.124676
v -2.697553 2.637650 1.165879
v -2.568612 2.757275 1.340146
v -2.685780 2.748239 1.136836
v -2.556591 2.816976 1.313673
v -2.666316 2.789015 1.117784
v -2.537634 2.840773 1.292119
v -2.644045 2.797246 1.103820
v -2.518435 2.831078 1.279991
v -2.626602 2.770111 1.099730
v -2.505476 2.786193 1.282811
v -2.618274 2.711621 1.107061
v -2.419511 2.740412 1.532413
v -2.253039 2.873909 1.642601
v -2.418405 2.847059 1.489309
v -2.249988 2.930294 1.607530
v -2.405938 2.885249 1.461033
v -2.238335 2.951392 1.578976
v -2.388796 2.891585 1.440307
v -2.223245 2.940178 1.562910
v -2.372855 2.863894 1.434238
v -2.209332 2.895646 1.566645
v -2.361835 2.806399 1.445119
v -2.058369 2.873888 1.781197
v -1.870307 3.015364 1.822703
v -2.071117 2.975415 1.728548
v -1.878135 3.067729 1.782512
v -2.067739 3.010246 1.694012
v -1.875340 3.085553 1.749790
v -2.057258 3.014119 1.668697
v -1.865234 3.072497 1.731378
v -2.043269 2.985707 1.661283
v -1.850162 3.028394 1.735659
v -2.028751 2.929505 1.674574
v -1.642588 3.027559 1.898008
v -1.448040 3.171432 1.867451
v -1.671288 3.123190 1.840878
v -1.467872 3.219360 1.825988
v -1.678373 3.154153 1.803401
v -1.474849 3.233572 1.792230
v -1.675561 3.155192 1.775932
v -1.470243 3.218484 1.773235
v -1.663818 3.125950 1.767887
v -1.453892 3.174853 1.777652
v -1.645273 3.071236 1.782309
v -1.201205 3.190691 1.870011
v -1.246837 3.280064 1.813955
v -1.265030 3.306922 1.777183
v -1.270361 3.304953 1.750230
v -1.261002 3.274829 1.742337
v -1.238183 3.221694 1.756487
v -1.916091 1.378156 -1.275830
v -2.202343 1.415671 -1.096370
v -2.000823 1.640021 -1.256609
v -1.694323 1.603433 -1.409506
v -2.271070 1.694219 -1.057601
v -2.067504 1.926894 -1.193858
v -1.776134 1.877145 -1.362672
v -2.319286 1.994154 -0.986641
v -2.121088 2.230123 -1.100580
v -1.848299 2.168229 -1.276950
v -2.352938 2.309067 -0.892914
v -2.165940 2.544255 -0.986950
v -1.913586 2.471450 -1.163724
v -2.377358 2.627565 -0.787227
v -1.973676 2.776764 -1.036051
v -2.366061 1.211849 -0.887871
v -2.581998 1.275353 -0.646139
v -2.445659 1.475612 -0.873076
v -2.640946 1.557515 -0.618967
v -2.495579 1.768680 -0.824776
v -2.671264 1.864065 -0.569232
v -2.524249 2.081117 -0.752978
v -2.681276 2.187715 -0.503540
v -2.538751 2.406466 -0.665516
v -2.679039 2.516066 -0.429466
v -2.671476 1.098969 -0.383959
v -2.808069 1.191798 -0.100091
v -2.747590 1.364020 -0.374914
v -2.861195 1.476112 -0.086983
v -2.786133 1.661293 -0.345383
v -2.880854 1.786602 -0.062990
v -2.797892 1.979980 -0.301487
v -2.876789 2.115455 -0.031300
v -2.791794 2.312942 -0.248013
v -2.858679 2.449672 0.004434
v -2.814876 1.045969 0.196191
v -2.864238 1.171038 0.502361
v -2.889354 1.311624 0.198618
v -2.915917 1.455887 0.499952
v -2.922556 1.610872 0.206538
v -2.932929 1.767355 0.495543
v -2.926375 1.932493 0.218312
v -2.925366 2.097501 0.489720
v -2.910605 2.269030 0.232655
v -2.903312 2.433176 0.483153
v -2.780506 1.058672 0.812065
v -2.738894 1.217364 1.113538
v -2.855376 1.324182 0.807465
v -2.793802 1.501020 1.095388
v -2.889858 1.622956 0.792445
v -2.816723 1.810304 1.062166
v -2.895580 1.943874 0.770119
v -2.816965 2.137565 1.018285
v -2.882128 2.279555 0.742921
v -2.803712 2.469987 0.968804
v 0.597040 2.306480 -0.583391
v 0.378539 2.369551 -0.837481
v 0.480107 2.556959 -0.570682
v 0.675825 2.478910 -0.297277
v 0.243338 2.623530 -0.805380
v 0.319950 2.809284 -0.533775
v 0.529490 2.729291 -0.277722
v 0.073452 2.878497 -0.746625
v 0.127414 3.061157 -0.478914
v 0.345758 2.979140 -0.244500
v -0.120909 3.134013 -0.669019
v -0.086708 3.312727 -0.412084
v 0.133107 3.227896 -0.200619
v -0.326544 3.385535 -0.581509
v -0.093151 3.471796 -0.151138
v 0.229572 2.171181 -1.061706
v -0.043771 2.213468 -1.242236
v 0.120359 2.423998 -1.044928
v -0.168095 2.471467 -1.199710
v -0.026244 2.681333 -0.990152
v -0.318071 2.733792 -1.121874
v -0.198632 2.940652 -0.908730
v -0.486136 2.999027 -1.019064
v -0.388208 3.201294 -0.809543
v -0.662119 3.261508 -0.903135
v -0.243090 1.996488 -1.387313
v -0.555956 2.024167 -1.483253
v -0.346910 2.251298 -1.366820
v -0.667089 2.287042 -1.434520
v -0.475907 2.515140 -1.299917
v -0.792919 2.558291 -1.345322
v -0.622124 2.784132 -1.200465
v -0.929090 2.835314 -1.227504
v -0.779819 3.056557 -1.079316
v -1.069111 3.111087 -1.094652
v -0.787263 1.795365 -1.540194
v -1.121048 1.815312 -1.543136
v -0.884874 2.052470 -1.517957
v -1.217625 2.083567 -1.492861
v -0.993602 2.323803 -1.445359
v -1.316816 2.364662 -1.400839
v -1.109688 2.603931 -1.337443
v -1.417799 2.654690 -1.279292
v -1.230679 2.889922 -1.205982
v -1.518142 2.945127 -1.142236
v -1.364944 1.581857 -1.503552
v -1.455964 1.841398 -1.481732
v -1.543174 2.120684 -1.410499
v -1.627274 2.412634 -1.304612
v -1.709301 2.713026 -1.175622
v -0.057343 2.065138 2.093495
v 0.135705 2.279800 1.914035
v -0.163282 2.319165 2.074275
v -0.372316 2.092038 2.227172
v 0.006759 2.536091 1.875267
v -0.299198 2.580450 2.011524
v -0.488177 2.353166 2.180338
v -0.151679 2.795289 1.804307
v -0.455699 2.845641 1.918246
v -0.622665 2.621215 2.094616
v -0.330919 3.056394 1.710580
v -0.625924 3.113435 1.804616
v -0.770272 2.894011 1.981391
v -0.519504 3.314218 1.604893
v -0.923186 3.165019 1.853717
v 0.392627 2.231444 1.705536
v 0.515360 2.420118 1.463805
v 0.281554 2.483574 1.690742
v 0.376635 2.672796 1.436633
v 0.128877 2.738664 1.642442
v 0.200299 2.925378 1.386899
v -0.052538 2.994647 1.570644
v -0.002582 3.177745 1.321206
v -0.253113 3.251225 1.483182
v -0.217824 3.425717 1.247132
v 0.698041 2.344324 1.201624
v 0.741430 2.503673 0.917756
v 0.583484 2.595166 1.192579
v 0.596883 2.754199 0.904648
v 0.419431 2.846052 1.163049
v 0.409890 3.002842 0.880656
v 0.221105 3.095784 1.119153
v 0.192932 3.250006 0.848966
v -0.000069 3.344748 1.065680
v -0.038184 3.492111 0.813233
v 0.841442 2.397325 0.621474
v 0.797599 2.524433 0.315304
v 0.725248 2.647562 0.619048
v 0.651605 2.774424 0.317713
v 0.555854 2.896473 0.611128
v 0.461964 3.022089 0.322123
v 0.349588 3.143271 0.599354
v 0.241508 3.267960 0.327947
v 0.118741 3.388660 0.585011
v 0.006449 3.508607 0.334514
v 0.810640 2.385425 0.004195
v 0.691270 2.635004 0.010201
v 0.523156 2.884388 0.025221
v 0.318793 3.131890 0.047548
v 0.090264 3.378135 0.074746
v -2.566907 1.137617 1.399652
v -2.445177 1.325920 1.655146
v -2.644213 1.402227 1.388347
v -2.507650 1.606780 1.623046
v -2.686652 1.698060 1.351441
v -2.544417 1.910946 1.564291
v -2.704201 2.014607 1.296580
v -2.562948 2.231448 1.486685
v -2.705156 2.344963 1.229750
v -2.570318 2.556248 1.399176
v -2.203006 1.272113 1.879371
v -2.022867 1.482003 2.059902
v -2.284465 1.535188 1.862593
v -2.096217 1.758843 2.017376
v -2.340458 1.826011 1.807818
v -2.152893 2.055651 1.939540
v -2.378155 2.135112 1.726396
v -2.197721 2.366434 1.836730
v -2.403656 2.456395 1.627209
v -2.234744 2.680274 1.720801
v -1.730344 1.446806 2.204978
v -1.510682 1.671304 2.300919
v -1.817196 1.707888 2.184486
v -1.597224 1.943268 2.252186
v -1.890795 1.992204 2.117582
v -1.678046 2.231152 2.162988
v -1.954664 2.291632 2.018131
v -1.754767 2.530147 2.045170
v -2.012044 2.601133 1.896982
v -1.827752 2.830696 1.912318
v -1.186172 1.647929 2.357860
v -0.945590 1.880159 2.360802
v -1.279232 1.906716 2.335623
v -1.046687 2.146744 2.310526
v -1.373101 2.183541 2.263025
v -1.154149 2.424782 2.218505
v -1.467099 2.471833 2.155109
v -1.266058 2.710771 2.096958
v -1.561184 2.767768 2.023648
v -1.378721 2.996655 1.959902
v -0.608491 1.861437 2.321217
v -0.708142 2.117788 2.299398
v -0.823528 2.386660 2.228165
v -0.949513 2.663130 2.122278
v -1.082562 2.944664 1.993289
v -1.480686 0.808151 -0.917415
v -1.245461 0.855456 -0.992220
v -1.717745 0.770349 -0.817591
v -1.570936 0.885458 -1.015782
v -1.303815 0.923336 -1.072731
v -1.840045 0.858359 -0.919287
v -1.687390 0.999136 -1.134499
v -1.391791 1.024031 -1.195584
v -1.977945 0.988578 -1.020983
v -1.808841 1.160861 -1.232866
v -1.495368 1.166936 -1.318436
v -2.104753 1.174283 -1.086883
v -1.599935 1.360862 -1.398046
v -1.929426 0.602666 -0.404036
v -1.834924 0.677227 -0.611995
v -2.027084 0.656019 -0.450748
v -1.951447 0.744823 -0.687708
v -2.175034 0.734549 -0.522025
v -2.099611 0.846781 -0.779087
v -2.338585 0.855287 -0.593302
v -2.247335 0.998796 -0.854800
v -2.482015 1.034849 -0.639490
v -2.002496 0.543863 -0.191933
v -2.103617 0.538286 0.016701
v -2.075361 0.588362 -0.215291
v -2.211284 0.587940 -0.005833
v -2.209718 0.649367 -0.261582
v -2.374508 0.660824 -0.040217
v -2.379403 0.743371 -0.317450
v -2.553333 0.775918 -0.074602
v -2.544961 0.888795 -0.363740
v -2.706661 0.951821 -0.096883
v -2.111162 0.503700 0.247696
v -2.146896 0.522290 0.480898
v -2.188253 0.546638 0.241431
v -2.257050 0.571025 0.485039
v -2.330982 0.604548 0.229015
v -2.424069 0.642506 0.491358
v -2.510773 0.694817 0.214030
v -2.606689 0.756197 0.497677
v -2.684704 0.837147 0.201615
v -2.762476 0.931192 0.501772
v -2.085117 0.513326 0.714396
v -2.050317 0.557985 0.951817
v -2.161195 0.556638 0.726277
v -2.154922 0.608771 0.983019
v -2.301918 0.615290 0.749821
v -2.313472 0.683382 1.030631
v -2.479287 0.706455 0.778237
v -2.487623 0.800203 1.078243
v -2.651210 0.849526 0.801781
v -2.637923 0.977226 1.109097
v 0.471634 1.458288 -0.341995
v 0.351704 1.445760 -0.551467
v 0.494964 1.538340 -0.371188
v 0.578017 1.529403 -0.134152
v 0.385132 1.547561 -0.606651
v 0.551245 1.669804 -0.429041
v 0.624450 1.636012 -0.165354
v 0.437204 1.700018 -0.690856
v 0.611639 1.848845 -0.498864
v 0.696366 1.795803 -0.212966
v 0.473676 1.894684 -0.775060
v 0.636720 2.064727 -0.556717
v 0.752683 1.997803 -0.260578
v 0.459862 2.122151 -0.829626
v 0.755297 2.230827 -0.292836
v 0.195875 1.356369 -0.705520
v 0.026309 1.325495 -0.863337
v 0.208484 1.432459 -0.748846
v 0.041038 1.420386 -0.936442
v 0.243517 1.556070 -0.834710
v 0.064578 1.562297 -1.047993
v 0.278268 1.725632 -0.938339
v 0.072517 1.746418 -1.159544
v 0.282100 1.933662 -1.024202
v 0.040214 1.967052 -1.231830
v -0.162301 1.223989 -0.952260
v -0.368336 1.179637 -1.049044
v -0.163618 1.294932 -1.005180
v -0.376286 1.266146 -1.132820
v -0.156183 1.408343 -1.110056
v -0.387350 1.395267 -1.260655
v -0.154741 1.565595 -1.236630
v -0.414016 1.566598 -1.388490
v -0.178507 1.763424 -1.341505
v -0.468743 1.778944 -1.471329
v -0.574667 1.071581 -1.068111
v -0.803746 1.018712 -1.095184
v -0.592017 1.136598 -1.125535
v -0.836716 1.095973 -1.181612
v -0.616356 1.238265 -1.239338
v -0.885960 1.210984 -1.313493
v -0.653262 1.381344 -1.376685
v -0.950805 1.368204 -1.445374
v -0.708801 1.567430 -1.490488
v -1.030273 1.571406 -1.530834
v -1.012425 0.909788 -1.040344
v -1.046796 0.968515 -1.096689
v -1.104865 1.057715 -1.208351
v -1.182479 1.185748 -1.343117
v -1.271749 1.359367 -1.454779
v -0.021544 1.276011 1.685445
v 0.164598 1.376605 1.568610
v -0.017389 1.348977 1.735081
v -0.226838 1.231933 1.809886
v 0.187273 1.474433 1.635256
v 0.000891 1.466396 1.833447
v -0.226657 1.321447 1.890397
v 0.222939 1.620826 1.736952
v 0.015423 1.628485 1.952165
v -0.225314 1.455154 2.013249
v 0.243005 1.809428 1.838648
v 0.002503 1.830323 2.050531
v -0.239572 1.631070 2.136102
v 0.218559 2.032966 1.904549
v -0.286260 1.846388 2.215712
v 0.319436 1.402036 1.391455
v 0.457127 1.484722 1.221702
v 0.336849 1.479901 1.429660
v 0.496612 1.588763 1.268413
v 0.381403 1.607031 1.505374
v 0.557929 1.744636 1.339690
v 0.427644 1.780840 1.596752
v 0.603645 1.942719 1.410967
v 0.440997 1.992388 1.672466
v 0.595821 2.172400 1.457156
v 0.550875 1.487575 1.009598
v 0.631317 1.549102 0.800964
v 0.577286 1.568766 1.032957
v 0.680812 1.656843 0.823498
v 0.639673 1.702486 1.079247
v 0.757403 1.818361 0.857883
v 0.707437 1.884250 1.135115
v 0.818393 2.022089 0.892267
v 0.738623 2.102389 1.181406
v 0.820467 2.255428 0.914549
v 0.690178 1.610490 0.576234
v 0.726578 1.673758 0.332626
v 0.760938 1.747305 0.588650
v 0.806964 1.836679 0.326308
v 0.838807 1.932804 0.603635
v 0.871749 2.041809 0.319988
v 0.878366 2.154038 0.616051
v 0.876282 2.276058 0.315894
v 0.663120 1.600490 0.091389
v 0.731873 1.736563 0.067844
v 0.807320 1.921167 0.039428
v 0.844872 2.141659 0.015884
v -1.923254 0.573150 1.159661
v -1.824004 0.641629 1.369133
v -1.993039 0.618788 1.188853
v -1.915603 0.697221 1.424316
v -2.121289 0.682049 1.246706
v -2.054310 0.779167 1.508521
v -2.283606 0.778777 1.316529
v -2.208616 0.903322 1.592726
v -2.443058 0.926457 1.374382
v -2.346057 1.085098 1.647291
v -1.647496 0.675068 1.523185
v -1.498609 0.761893 1.681002
v -1.706559 0.724669 1.566512
v -1.571510 0.824396 1.754107
v -1.813562 0.795784 1.652375
v -1.681684 0.916888 1.865658
v -1.950234 0.901989 1.756004
v -1.807458 1.051589 1.977209
v -2.088438 1.057523 1.841868
v -1.926409 1.240198 2.049496
v -1.289320 0.807448 1.769925
v -1.103964 0.907752 1.866709
v -1.334457 0.862196 1.822845
v -1.154186 0.978637 1.950486
v -1.413861 0.943511 1.927721
v -1.229755 1.083918 2.078321
v -1.517226 1.062027 2.054295
v -1.320925 1.231408 2.206156
v -1.627831 1.227761 2.159171
v -1.417451 1.428306 2.288994
v -0.876954 0.959857 1.885777
v -0.668554 1.068677 1.912849
v -0.906058 1.020530 1.943201
v -0.693755 1.148809 1.999277
v -0.953688 1.113588 2.057003
v -0.731145 1.268201 2.131158
v -1.018705 1.246277 2.194351
v -0.784135 1.429803 2.263039
v -1.097536 1.423754 2.308153
v -0.855921 1.635844 2.348500
v -0.439196 1.121650 1.858009
v -0.451279 1.188613 1.914354
v -0.465180 1.294138 2.026017
v -0.489487 1.441873 2.160782
v -0.534588 1.631817 2.272445
v 1.275605 3.502975 -0.728508
v 1.184613 3.584229 -0.772304
v 1.149542 3.676793 -0.706034
v 1.251472 3.614319 -0.659085
v 1.025259 3.701034 -0.730069
v 0.948296 3.743932 -0.641898
v 1.087062 3.737958 -0.615930
v 0.788915 3.715167 -0.646052
v 0.665640 3.713946 -0.535118
v 0.844289 3.754775 -0.529936
v 0.469171 3.644590 -0.520336
v 0.294556 3.606589 -0.385797
v 0.516051 3.683432 -0.401030
v 0.061631 3.509233 -0.354001
v -0.154895 3.447923 -0.201095
v 0.097292 3.544690 -0.230162
v 1.194997 3.473091 -0.809408
v 1.105233 3.541519 -0.814928
v 1.076938 3.631073 -0.787717
v 0.958446 3.641335 -0.774978
v 0.886190 3.689500 -0.726226
v 0.738082 3.648798 -0.695874
v 0.617165 3.657925 -0.624188
v 0.439452 3.580125 -0.578089
v 0.264220 3.554621 -0.482005
v 0.059797 3.453182 -0.423022
v -0.162424 3.403722 -0.306637
v 1.113711 3.442905 -0.814412
v 1.038884 3.500858 -0.785345
v 1.008076 3.576306 -0.793935
v 0.907265 3.580172 -0.748155
v 0.833621 3.621212 -0.736550
v 0.706187 3.579583 -0.674980
v 0.585755 3.587173 -0.641872
v 0.433037 3.513208 -0.566767
v 0.260962 3.490159 -0.510769
v 0.087038 3.396421 -0.425298
v -0.130283 3.351314 -0.349889
v 1.056830 3.421739 -0.752282
v 1.008313 3.476187 -0.693700
v 0.963618 3.530560 -0.733018
v 0.889261 3.538513 -0.658795
v 0.805456 3.561945 -0.679740
v 0.704164 3.531253 -0.590533
v 0.578748 3.525439 -0.592422
v 0.452127 3.466784 -0.490251
v 0.282108 3.434716 -0.472398
v 0.134014 3.358410 -0.360050
v -0.073737 3.307926 -0.326007
v 1.048419 3.418539 -0.634576
v 1.030939 3.479170 -0.560759
v 0.963212 3.511524 -0.616095
v 0.916942 3.534662 -0.526774
v 0.815547 3.534197 -0.565462
v 0.738273 3.524718 -0.460488
v 0.602472 3.496102 -0.482886
v 0.494731 3.461015 -0.363397
v 0.323969 3.409432 -0.370000
v 0.187837 3.356026 -0.237729
v -0.009068 3.290409 -0.232943
v 1.096212 3.436202 -0.503104
v 1.097798 3.509260 -0.447539
v 1.011005 3.529187 -0.484623
v 0.978745 3.571586 -0.412635
v 0.863340 3.551860 -0.433990
v 0.793647 3.564326 -0.344373
v 0.650265 3.513766 -0.351414
v 0.541612 3.499856 -0.244091
v 0.371762 3.427096 -0.238528
v 0.223499 3.391483 -0.113890
v 0.038725 3.308073 -0.101471
v 1.176820 3.466086 -0.422204
v 1.177178 3.551970 -0.404916
v 1.083609 3.574908 -0.402940
v 1.045558 3.631284 -0.367726
v 0.925446 3.606293 -0.349662
v 0.844480 3.630695 -0.294551
v 0.698739 3.569787 -0.262344
v 0.571331 3.564321 -0.186338
v 0.402098 3.479064 -0.142320
v 0.225332 3.447534 -0.044869
v 0.046254 3.352274 0.004072
v 1.258106 3.496272 -0.417200
v 1.243528 3.592631 -0.434498
v 1.152471 3.629674 -0.396722
v 1.096740 3.692448 -0.394549
v 0.978015 3.674580 -0.339337
v 0.876376 3.699910 -0.315445
v 0.730150 3.640540 -0.244660
v 0.577745 3.631238 -0.197660
v 0.405357 3.543526 -0.113556
v 0.198091 3.504295 -0.042592
v 0.014112 3.404682 0.047323
v 1.314988 3.517438 -0.479330
v 1.274097 3.617301 -0.526144
v 1.196929 3.675420 -0.457639
v 1.114744 3.734107 -0.483909
v 1.006181 3.733847 -0.396148
v 0.878399 3.748239 -0.399891
v 0.737156 3.702273 -0.294110
v 0.558655 3.677663 -0.274176
v 0.384210 3.598969 -0.151927
v 0.151115 3.542305 -0.107840
v -0.042434 3.448069 0.023441
v 1.323398 3.520638 -0.597036
v 1.197335 3.694457 -0.574562
v 0.996089 3.761596 -0.510426
v 0.713432 3.731610 -0.403646
v 0.342349 3.624253 -0.254325
v -0.107102 3.465587 -0.069623
v 0.756159 2.058764 -0.345641
v 0.865232 2.230423 -0.474312
v 1.014419 2.379088 -0.482561
v 0.916246 2.222020 -0.350161
v 1.086576 2.540239 -0.596400
v 1.201187 2.687707 -0.591920
v 1.146247 2.539491 -0.476425
v 1.226470 2.836621 -0.687075
v 1.304767 2.980705 -0.668939
v 1.292765 2.842224 -0.570361
v 1.286927 3.116194 -0.746614
v 1.328416 3.256113 -0.714538
v 1.356961 3.128425 -0.632150
v 1.271808 3.374721 -0.775853
v 1.341908 3.395412 -0.662549
v 0.717204 2.099591 -0.451184
v 0.825237 2.283397 -0.544108
v 0.958348 2.404366 -0.579793
v 1.025062 2.574185 -0.655818
v 1.130772 2.700339 -0.682238
v 1.148489 2.854779 -0.738385
v 1.224573 2.981715 -0.754141
v 1.199653 3.117876 -0.792333
v 1.244555 3.243453 -0.796570
v 1.184369 3.355374 -0.818686
v 0.700568 2.179158 -0.494436
v 0.806421 2.358216 -0.547321
v 0.915146 2.459800 -0.610145
v 0.980276 2.626040 -0.646504
v 1.065306 2.736145 -0.701859
v 1.083830 2.887580 -0.719287
v 1.143928 2.999482 -0.765821
v 1.123778 3.130793 -0.766486
v 1.158218 3.240001 -0.803330
v 1.108294 3.342911 -0.789356
v 0.708337 2.267745 -0.470553
v 0.815236 2.429229 -0.482848
v 0.896349 2.524254 -0.573362
v 0.967572 2.678026 -0.571652
v 1.024245 2.780970 -0.654346
v 1.054660 2.923778 -0.636328
v 1.087689 3.026268 -0.710367
v 1.085314 3.150515 -0.677935
v 1.096287 3.245569 -0.742956
v 1.069666 3.341604 -0.697920
v 0.741508 2.336616 -0.377646
v 0.853658 2.471612 -0.360943
v 0.912475 2.576216 -0.471987
v 0.997385 2.711847 -0.445467
v 1.026027 2.820286 -0.546058
v 1.077848 2.951248 -0.506882
v 1.079692 3.053962 -0.596962
v 1.104764 3.171356 -0.546239
v 1.084623 3.259593 -0.626382
v 1.089050 3.353985 -0.565064
v 0.789301 2.354280 -0.246174
v 0.904720 2.462302 -0.236688
v 0.960267 2.593880 -0.340516
v 1.057056 2.711099 -0.325492
v 1.073820 2.837949 -0.414586
v 1.144144 2.956851 -0.390168
v 1.127485 3.071626 -0.465490
v 1.174798 3.183588 -0.431775
v 1.132416 3.277257 -0.494910
v 1.159150 3.374676 -0.451760
v 0.828327 2.312093 -0.140475
v 0.944715 2.409329 -0.166891
v 1.016339 2.568602 -0.243284
v 1.118569 2.677153 -0.266075
v 1.144235 2.825317 -0.324268
v 1.222123 2.938693 -0.338858
v 1.207679 3.070615 -0.380288
v 1.262072 3.181905 -0.386056
v 1.216278 3.289917 -0.412878
v 1.246588 3.394023 -0.408927
v 0.844963 2.232525 -0.097223
v 0.963530 2.334509 -0.163679
v 1.059541 2.513168 -0.212932
v 1.163356 2.625298 -0.275388
v 1.209701 2.789512 -0.304647
v 1.286783 2.905891 -0.357956
v 1.288323 3.052849 -0.368608
v 1.337947 3.168989 -0.411903
v 1.302613 3.293369 -0.406118
v 1.322664 3.406487 -0.438257
v 0.837194 2.143939 -0.121106
v 0.954716 2.263496 -0.228152
v 1.078338 2.448714 -0.249715
v 1.176060 2.573312 -0.350240
v 1.250762 2.744687 -0.352160
v 1.315954 2.869694 -0.440915
v 1.344563 3.026063 -0.424062
v 1.376411 3.149267 -0.500454
v 1.364545 3.287801 -0.466492
v 1.361292 3.407794 -0.529693
v 0.803952 2.076427 -0.214169
v 1.062212 2.396752 -0.351089
v 1.248980 2.705371 -0.460448
v 1.352560 2.998369 -0.537467
v 1.376209 3.273777 -0.583066
v -4.326164 2.034565 1.516386
v -4.155529 1.976893 1.397537
v -3.981667 1.864461 1.402136
v -4.153666 1.972635 1.526362
v -3.827934 1.731162 1.277537
v -3.680599 1.552096 1.310687
v -3.800000 1.723799 1.431230
v -3.566210 1.394019 1.175841
v -3.396051 1.209037 1.224406
v -3.511216 1.378598 1.372630
v -3.259048 1.095316 1.052462
v -3.003253 0.971233 1.089593
v -3.176412 1.070261 1.292349
v -2.790639 0.960063 0.866113
v -2.437067 0.911774 0.878535
v -2.679773 0.927231 1.131027
v -4.271253 2.057382 1.396131
v -4.081098 2.016698 1.294807
v -3.961648 1.891189 1.276105
v -3.797503 1.786374 1.170225
v -3.695317 1.595255 1.158861
v -3.571245 1.481014 1.048869
v -3.443503 1.275993 1.037575
v -3.300998 1.218012 0.905831
v -3.087595 1.060450 0.876966
v -2.881761 1.109848 0.715038
v -2.565868 1.016038 0.660068
v -4.148715 2.106586 1.312110
v -3.964443 2.074653 1.244614
v -3.886387 1.949005 1.202050
v -3.726891 1.865532 1.133921
v -3.660073 1.683710 1.082995
v -3.532651 1.602519 1.018514
v -3.442298 1.407584 0.953513
v -3.296169 1.386591 0.881426
v -3.129753 1.231729 0.791093
v -2.929150 1.313755 0.704869
v -2.669363 1.213504 0.586220
v -4.005403 2.163467 1.285236
v -3.845559 2.130888 1.264167
v -3.786519 2.015917 1.195685
v -3.640309 1.941497 1.181072
v -3.592486 1.784120 1.096105
v -3.463659 1.716875 1.095184
v -3.399408 1.554580 0.984116
v -3.246214 1.543254 0.987614
v -3.122489 1.421274 0.841172
v -2.916560 1.501871 0.839093
v -2.719168 1.430815 0.660068
v -3.889033 2.208998 1.334044
v -3.765926 2.165266 1.359530
v -3.693705 2.069548 1.269902
v -3.565300 1.986906 1.310562
v -3.511517 1.862643 1.207498
v -3.382935 1.782456 1.271737
v -3.323547 1.667112 1.136505
v -3.160358 1.630584 1.211231
v -3.060627 1.564528 1.030737
v -2.837287 1.604978 1.097228
v -2.689134 1.593783 0.878535
v -3.848349 2.224035 1.445959
v -3.764063 2.161008 1.488355
v -3.645518 2.087358 1.402461
v -3.537366 1.979543 1.464254
v -3.448175 1.886054 1.381742
v -3.327941 1.767035 1.468527
v -3.241917 1.697282 1.361059
v -3.077721 1.605528 1.451117
v -2.963843 1.600298 1.296976
v -2.726421 1.572146 1.362142
v -2.583990 1.632644 1.167773
v -3.903261 2.201218 1.566214
v -3.838494 2.121203 1.591085
v -3.665537 2.060630 1.528491
v -3.567797 1.924332 1.571566
v -3.433459 1.842895 1.533568
v -3.322906 1.680040 1.595498
v -3.194465 1.630326 1.547890
v -3.035771 1.482832 1.597748
v -2.879500 1.511081 1.509603
v -2.635299 1.422360 1.513217
v -2.455189 1.528380 1.386240
v -4.025799 2.152014 1.650235
v -3.955149 2.063248 1.641278
v -3.740798 2.002814 1.602547
v -3.638409 1.845173 1.607871
v -3.468702 1.754440 1.609434
v -3.361500 1.558535 1.625853
v -3.195670 1.498735 1.631952
v -3.040601 1.314254 1.622154
v -2.837343 1.339802 1.595476
v -2.587909 1.218454 1.523386
v -2.351694 1.330913 1.460088
v -4.169111 2.095132 1.677109
v -4.074033 2.007014 1.621725
v -3.840666 1.935903 1.608912
v -3.724992 1.769209 1.560720
v -3.536289 1.654030 1.596324
v -3.430492 1.444180 1.549183
v -3.238560 1.351739 1.601349
v -3.090555 1.157590 1.515965
v -2.844608 1.150257 1.545397
v -2.600500 1.030337 1.389162
v -2.301890 1.113602 1.386240
v -4.285481 2.049601 1.628301
v -3.933479 1.882271 1.534695
v -3.617259 1.575507 1.484931
v -3.314421 1.239207 1.448960
v -2.906470 1.007004 1.355832
v -2.331923 0.950634 1.167773
v -4.294631 2.092048 1.523757
v -4.340405 2.101242 1.503588
v -4.412131 2.098243 1.562413
v -4.353794 2.097077 1.582393
v -4.435939 2.104201 1.529567
v -4.487163 2.095569 1.584200
v -4.453977 2.099376 1.618503
v -4.482072 2.098106 1.534509
v -4.507773 2.085695 1.585963
v -4.501674 2.092848 1.636719
v -4.473765 2.086665 1.520380
v -4.469643 2.072927 1.567970
v -4.492019 2.081380 1.634750
v -4.401856 2.070573 1.487732
v -4.415708 2.065815 1.609101
v -4.252275 2.107703 1.449148
v -4.262128 2.128225 1.431483
v -4.357043 2.115953 1.478025
v -4.340985 2.134719 1.446368
v -4.422706 2.115664 1.487254
v -4.375473 2.132565 1.439650
v -4.438818 2.107868 1.476441
v -4.362762 2.124061 1.416627
v -4.402094 2.095987 1.450007
v -4.296479 2.108622 1.381208
v -4.164619 2.140100 1.393626
v -4.152388 2.166433 1.386456
v -4.247756 2.152231 1.412471
v -4.209379 2.177835 1.392734
v -4.295489 2.156897 1.411531
v -4.227183 2.181411 1.379181
v -4.300526 2.153836 1.392452
v -4.206524 2.177423 1.352662
v -4.262597 2.144587 1.362241
v -4.145228 2.163439 1.318860
v -4.064761 2.177007 1.371671
v -4.048811 2.202767 1.383947
v -4.125225 2.193403 1.383349
v -4.086245 2.218767 1.387053
v -4.153142 2.203722 1.377431
v -4.088045 2.227897 1.373834
v -4.144826 2.206239 1.356352
v -4.058620 2.228456 1.350416
v -4.103804 2.200318 1.327555
v -3.999962 2.216231 1.322066
v -3.986305 2.206004 1.396364
v -3.989040 2.224074 1.432735
v -4.030958 2.225594 1.406738
v -4.016545 2.242687 1.440233
v -4.043924 2.240361 1.403620
v -4.008787 2.255203 1.435731
v -4.024368 2.247446 1.388503
v -3.972716 2.258745 1.422143
v -3.979171 2.244477 1.366625
v -3.912980 2.248017 1.401869
v -3.962409 2.214836 1.462100
v -4.002429 2.219909 1.511540
v -4.005022 2.235179 1.478083
v -4.034583 2.237861 1.529170
v -4.014292 2.251313 1.485133
v -4.028389 2.249945 1.537941
v -3.990277 2.260046 1.482286
v -3.990970 2.253458 1.536513
v -3.941383 2.258443 1.470575
v -3.926832 2.243259 1.523237
v -4.004766 2.199181 1.536710
v -4.080706 2.192926 1.583646
v -4.060110 2.217469 1.562471
v -4.129538 2.207345 1.612368
v -4.078748 2.231218 1.582079
v -4.134987 2.215486 1.632800
v -4.059233 2.237874 1.591808
v -4.101974 2.216063 1.640266
v -4.008932 2.235383 1.588537
v -4.032209 2.205210 1.629762
v -4.092422 2.166784 1.592232
v -4.190445 2.154718 1.628672
v -4.169397 2.181192 1.628025
v -4.261143 2.164228 1.666003
v -4.205965 2.189985 1.657802
v -4.283277 2.166640 1.693269
v -4.197525 2.191905 1.675797
v -4.258212 2.162702 1.704231
v -4.148429 2.186783 1.676304
v -4.183460 2.150393 1.692110
v -4.192280 2.129877 1.614187
v -4.294023 2.118385 1.631181
v -4.291929 2.140019 1.657148
v -4.384277 2.123295 1.671683
v -4.348313 2.143160 1.691903
v -4.422416 2.120154 1.698616
v -4.353224 2.139502 1.711897
v -4.406115 2.111669 1.706477
v -4.307222 2.131051 1.710989
v -4.328726 2.097601 1.688904
v -4.270735 2.100880 1.589494
v -4.386196 2.107830 1.633758
v -4.457531 2.106521 1.665713
v -4.473681 2.098295 1.679746
v -4.431855 2.086892 1.671920
v -1.717307 3.369779 0.215154
v -1.742433 3.411798 0.260427
v -1.738598 3.470439 0.240597
v -1.692312 3.430323 0.229548
v -1.800426 3.508517 0.235348
v -1.813026 3.565748 0.178191
v -1.741750 3.530203 0.199239
v -1.889903 3.597303 0.171300
v -1.880450 3.655969 0.123924
v -1.809507 3.627017 0.121851
v -1.931407 3.684471 0.160813
v -1.881115 3.738560 0.171507
v -1.847446 3.715503 0.109180
v -1.865134 3.767015 0.270184
v -1.818265 3.784338 0.241378
v -1.769046 3.350656 0.259755
v -1.779878 3.397959 0.304805
v -1.783587 3.453812 0.279329
v -1.844231 3.492327 0.287192
v -1.874763 3.542930 0.231278
v -1.949903 3.575128 0.242260
v -1.956738 3.627773 0.189496
v -1.994065 3.661313 0.234899
v -1.944669 3.715071 0.226126
v -1.900203 3.754054 0.311601
v -1.804158 3.337678 0.317682
v -1.802162 3.389723 0.358627
v -1.814092 3.442538 0.329615
v -1.870263 3.482705 0.350070
v -1.916589 3.527472 0.300177
v -1.985535 3.561958 0.328325
v -2.008407 3.608677 0.274588
v -2.031266 3.647563 0.324756
v -1.987709 3.699164 0.297003
v -1.921014 3.746362 0.361868
v -1.820641 3.331587 0.384377
v -1.807682 3.387683 0.418027
v -1.828384 3.437255 0.387530
v -1.876671 3.480337 0.419511
v -1.936150 3.520242 0.379552
v -1.994278 3.558727 0.423405
v -2.032558 3.599751 0.372630
v -2.040385 3.644193 0.424035
v -2.007823 3.691730 0.378669
v -1.926084 3.744489 0.417402
v -1.816683 3.333049 0.455187
v -1.795305 3.392258 0.478316
v -1.824908 3.438540 0.449068
v -1.862154 3.485703 0.490063
v -1.931336 3.522021 0.463955
v -1.974368 3.566085 0.520055
v -2.026590 3.601956 0.476909
v -2.019586 3.651880 0.524965
v -2.002847 3.693569 0.465536
v -1.914462 3.748784 0.473731
v -1.428786 3.476414 0.294916
v -1.487935 3.505860 0.285915
v -1.487942 3.563081 0.309841
v -1.458971 3.516565 0.339351
v -1.502831 3.618506 0.265049
v -1.469343 3.692771 0.273070
v -1.468962 3.631024 0.327604
v -1.482379 3.747922 0.211900
v -1.455882 3.812887 0.241105
v -1.435997 3.765064 0.297612
v -1.505876 3.841745 0.203189
v -1.527451 3.869273 0.269113
v -1.457445 3.859644 0.292701
v -1.627341 3.854902 0.293969
v -1.600322 3.864888 0.343935
v -1.470621 3.460952 0.239757
v -1.529560 3.490475 0.245994
v -1.524272 3.549654 0.261878
v -1.551460 3.600533 0.218347
v -1.519138 3.674367 0.207252
v -1.548939 3.723321 0.147933
v -1.517388 3.790154 0.159773
v -1.575368 3.816061 0.136389
v -1.578683 3.850338 0.201358
v -1.666190 3.840544 0.256580
v -1.524956 3.440870 0.202322
v -1.580045 3.471817 0.222238
v -1.571440 3.532220 0.229357
v -1.610438 3.578735 0.190594
v -1.583764 3.650482 0.162661
v -1.629667 3.693485 0.109946
v -1.597203 3.760655 0.104688
v -1.659652 3.784910 0.096728
v -1.645165 3.825766 0.155472
v -1.713339 3.823118 0.234393
v -1.587514 3.417749 0.184750
v -1.635761 3.451224 0.216353
v -1.625764 3.512143 0.214120
v -1.675573 3.554662 0.183762
v -1.658217 3.622964 0.141806
v -1.718851 3.660523 0.100625
v -1.689165 3.726667 0.078941
v -1.752775 3.750493 0.087006
v -1.721766 3.797455 0.134028
v -1.765429 3.803865 0.228989
v -1.653933 3.393201 0.188969
v -1.683485 3.490809 0.217825
v -1.737386 3.593704 0.146938
v -1.786977 3.690516 0.085303
v -1.803246 3.767340 0.139333
v -1.503601 3.448763 0.602512
v -1.511842 3.497024 0.557240
v -1.552892 3.539075 0.577070
v -1.561964 3.478499 0.588119
v -1.530690 3.608210 0.582318
v -1.558338 3.659879 0.639476
v -1.589366 3.586524 0.618428
v -1.520462 3.733847 0.646367
v -1.565796 3.772263 0.693743
v -1.600859 3.704133 0.695816
v -1.545624 3.827054 0.656853
v -1.619004 3.835435 0.646160
v -1.629586 3.796022 0.708487
v -1.649651 3.846657 0.547483
v -1.696519 3.829334 0.576289
v -1.451863 3.467885 0.557912
v -1.474397 3.510863 0.512862
v -1.507904 3.555703 0.538338
v -1.486885 3.624400 0.530475
v -1.496601 3.682696 0.586389
v -1.460462 3.756022 0.575407
v -1.489508 3.800459 0.628171
v -1.482966 3.850212 0.582767
v -1.555451 3.858924 0.591541
v -1.614581 3.859618 0.506065
v -1.416749 3.480863 0.499984
v -1.452114 3.519099 0.459040
v -1.477399 3.566978 0.488051
v -1.460852 3.634021 0.467597
v -1.454776 3.698155 0.517490
v -1.424830 3.769192 0.489342
v -1.437840 3.819555 0.543078
v -1.445765 3.863962 0.492911
v -1.512410 3.874832 0.520663
v -1.593770 3.867310 0.455799
v -1.400267 3.486955 0.433290
v -1.446594 3.521139 0.399639
v -1.463107 3.572260 0.430136
v -1.454444 3.636390 0.398156
v -1.435214 3.705385 0.438115
v -1.416087 3.772423 0.394262
v -1.413688 3.828481 0.445037
v -1.436646 3.867332 0.393632
v -1.492296 3.882266 0.438997
v -1.588700 3.869184 0.400264
v -1.404225 3.485492 0.362480
v -1.466583 3.570975 0.368598
v -1.440028 3.703606 0.353711
v -1.419656 3.826276 0.340758
v -1.497272 3.880426 0.352130
v -1.792122 3.342127 0.522750
v -1.766341 3.402962 0.531752
v -1.803549 3.446434 0.507825
v -1.828284 3.498220 0.552618
v -1.902022 3.532856 0.544597
v -1.927986 3.583228 0.605766
v -1.990364 3.615345 0.576562
v -1.971155 3.669780 0.614478
v -1.972669 3.704722 0.548554
v -1.887443 3.758770 0.523698
v -1.750288 3.357589 0.577910
v -1.724715 3.418347 0.571672
v -1.767219 3.459862 0.555788
v -1.779656 3.516193 0.599319
v -1.852227 3.551260 0.610415
v -1.861426 3.607828 0.669734
v -1.928859 3.638077 0.657894
v -1.901663 3.695464 0.681278
v -1.921437 3.723658 0.616309
v -1.848594 3.773128 0.561087
v -1.695952 3.377671 0.615345
v -1.674231 3.437006 0.595429
v -1.720051 3.477294 0.588310
v -1.720677 3.537992 0.627073
v -1.787601 3.575145 0.655006
v -1.780699 3.637664 0.707721
v -1.849043 3.667577 0.712978
v -1.817379 3.726615 0.720939
v -1.854955 3.748229 0.662195
v -1.801445 3.790554 0.583274
v -1.633394 3.400792 0.632916
v -1.618514 3.457598 0.601314
v -1.665727 3.497372 0.603547
v -1.655542 3.562065 0.633904
v -1.713148 3.602662 0.675861
v -1.691514 3.670627 0.717042
v -1.757082 3.701565 0.738726
v -1.724256 3.761033 0.730660
v -1.778353 3.776541 0.683639
v -1.749354 3.809807 0.588678
v -1.566975 3.425340 0.628697
v -1.608006 3.518706 0.599841
v -1.633979 3.631923 0.670729
v -1.659270 3.737716 0.732364
v -1.696873 3.806655 0.678334
v -2.112866 2.898417 -0.693547
v -2.253944 2.885455 -0.539444
v -2.082022 2.985298 -0.593145
v -1.933891 3.003746 -0.736720
v -2.178037 2.981155 -0.413387
v -1.997493 3.075389 -0.405232
v -1.900530 3.083720 -0.584438
v -2.040637 3.085030 -0.214245
v -1.881276 3.169515 -0.164404
v -1.830342 3.162754 -0.343867
v -1.889090 3.194133 0.003112
v -1.774292 3.267906 0.064212
v -1.752155 3.244744 -0.081293
v -1.773644 3.305113 0.180359
v -1.696531 3.333613 0.132828
v -2.407309 2.789593 -0.439681
v -2.493126 2.797055 -0.255799
v -2.349648 2.886385 -0.362401
v -2.385424 2.904506 -0.167447
v -2.214928 2.995026 -0.217762
v -2.197794 3.026945 -0.027872
v -2.034387 3.112926 -0.032394
v -1.991424 3.156311 0.124470
v -1.866340 3.233885 0.143575
v -1.831273 3.283813 0.248699
v -2.607161 2.715728 -0.109940
v -2.635551 2.744415 0.088211
v -2.531299 2.819248 -0.062692
v -2.508916 2.858864 0.130833
v -2.362511 2.940480 0.025739
v -2.291376 2.992358 0.198165
v -2.138310 3.074517 0.139071
v -2.052361 3.133789 0.271655
v -1.928817 3.210794 0.246657
v -1.865588 3.271131 0.331583
v -2.700997 2.681047 0.269689
v -2.670938 2.731337 0.467756
v -2.616588 2.787725 0.282362
v -2.539598 2.847524 0.459923
v -2.431805 2.914869 0.306080
v -2.314627 2.983764 0.447549
v -2.187104 3.056483 0.336478
v -2.067501 3.128193 0.434044
v -1.958151 3.199953 0.365335
v -1.874113 3.267980 0.423029
v -2.678506 2.689359 0.672693
v -2.591971 2.760522 0.852798
v -2.596146 2.795280 0.648662
v -2.471129 2.872829 0.793780
v -2.415197 2.921008 0.603684
v -2.262742 3.002941 0.700546
v -2.175410 3.060805 0.546041
v -2.033715 3.140680 0.598784
v -1.951120 3.202551 0.491320
v -1.855086 3.275012 0.515800
v -0.470702 3.505352 -0.239522
v -0.627988 3.486400 -0.376344
v -0.589422 3.536955 -0.180471
v -0.442946 3.554790 -0.035131
v -0.768225 3.502214 -0.271968
v -0.784818 3.523587 -0.069952
v -0.607781 3.561513 0.023887
v -0.972281 3.479888 -0.107078
v -1.027351 3.485121 0.071689
v -0.850697 3.524825 0.117121
v -1.193423 3.451248 0.072894
v -1.260927 3.457643 0.206148
v -1.114252 3.480509 0.218883
v -1.381891 3.449903 0.219654
v -1.337308 3.466380 0.301866
v -0.708825 3.417343 -0.553432
v -0.894043 3.388067 -0.631340
v -0.805857 3.456962 -0.465792
v -0.998912 3.416953 -0.493067
v -0.960662 3.458596 -0.301763
v -1.147097 3.415277 -0.274626
v -1.151175 3.439357 -0.091545
v -1.307255 3.409176 -0.036206
v -1.335368 3.430130 0.108014
v -1.445993 3.426211 0.158216
v -1.018117 3.303030 -0.766497
v -1.216720 3.268807 -0.783181
v -1.086980 3.353060 -0.659452
v -1.278695 3.313547 -0.624723
v -1.189063 3.374180 -0.459103
v -1.359115 3.336916 -0.374395
v -1.312007 3.379914 -0.202338
v -1.445312 3.358151 -0.101171
v -1.432057 3.394394 0.041407
v -1.523737 3.397477 0.121632
v -1.374203 3.171423 -0.866537
v -1.572728 3.137229 -0.820907
v -1.410634 3.233439 -0.750380
v -1.587377 3.199460 -0.657434
v -1.452019 3.276993 -0.532978
v -1.593035 3.250461 -0.399184
v -1.497172 3.311478 -0.254359
v -1.597631 3.301855 -0.117313
v -1.543375 3.353251 0.010133
v -1.609512 3.365775 0.112543
v -1.752215 3.031712 -0.842559
v -1.754219 3.106452 -0.728586
v -1.731166 3.173821 -0.515272
v -1.693738 3.238828 -0.241891
v -1.661548 3.309576 0.017629
v -0.896571 3.347953 1.511213
v -0.780973 3.429856 1.357111
v -0.976504 3.393891 1.410812
v -1.101027 3.311567 1.554387
v -0.900873 3.453187 1.231053
v -1.099306 3.407353 1.222898
v -1.178381 3.350622 1.402105
v -1.072802 3.442736 1.031911
v -1.248803 3.403274 0.982071
v -1.283097 3.365012 1.161534
v -1.258878 3.427056 0.814555
v -1.394060 3.408437 0.753454
v -1.395813 3.376446 0.898960
v -1.418750 3.436280 0.637308
v -1.495863 3.407779 0.684839
v -0.602127 3.456778 1.257347
v -0.541791 3.518257 1.073465
v -0.708877 3.492805 1.180067
v -0.693486 3.529837 0.985114
v -0.881871 3.487716 1.035428
v -0.915645 3.500821 0.845538
v -1.095692 3.459863 0.850060
v -1.156543 3.464879 0.693197
v -1.302012 3.442458 0.674092
v -1.361121 3.457579 0.568968
v -0.402275 3.530642 0.927606
v -0.399366 3.570897 0.729455
v -0.527227 3.559941 0.880358
v -0.569994 3.575479 0.686834
v -0.734288 3.542263 0.791927
v -0.822063 3.535408 0.619502
v -0.991769 3.498272 0.678595
v -1.095607 3.487400 0.546012
v -1.239536 3.465549 0.571010
v -1.326807 3.470262 0.486084
v -0.308440 3.565323 0.547978
v -0.363980 3.583976 0.349910
v -0.441938 3.591464 0.535305
v -0.539312 3.586819 0.357743
v -0.664994 3.567873 0.511586
v -0.798811 3.544002 0.370117
v -0.942975 3.516306 0.481188
v -1.080467 3.492996 0.383623
v -1.210201 3.476391 0.452332
v -1.318281 3.473412 0.394638
v -0.330930 3.557011 0.144973
v -0.462380 3.583909 0.169005
v -0.681602 3.561735 0.213983
v -0.954670 3.511984 0.271626
v -1.217232 3.473792 0.326347
v -2.538735 2.741018 1.057188
v -2.406929 2.828912 1.194011
v -2.469104 2.842234 0.998138
v -2.310685 2.932128 1.089635
v -2.311981 2.959156 0.887618
v -2.141157 3.047877 0.924744
v -2.102728 3.087667 0.745978
v -1.954545 3.169941 0.744772
v -1.907426 3.218700 0.611519
v -1.810503 3.291490 0.598013
v -2.300612 2.829027 1.371098
v -2.140874 2.927245 1.449007
v -2.252669 2.922227 1.283458
v -2.079998 3.017389 1.310733
v -2.136136 3.024147 1.119429
v -1.966342 3.112488 1.092293
v -1.978904 3.133432 0.909211
v -1.840713 3.212013 0.853873
v -1.832985 3.246213 0.709652
v -1.746401 3.315182 0.659451
v -1.991320 2.943339 1.584163
v -1.818197 3.046504 1.600848
v -1.971546 3.026129 1.477118
v -1.800215 3.120795 1.442389
v -1.907736 3.108562 1.276769
v -1.754323 3.190849 1.192062
v -1.818072 3.192875 1.020005
v -1.702655 3.263038 0.918838
v -1.736295 3.281949 0.776260
v -1.668657 3.343915 0.696035
v -1.635234 3.074947 1.684203
v -1.462190 3.178083 1.638574
v -1.647892 3.145750 1.568046
v -1.491533 3.234882 1.475100
v -1.644780 3.205749 1.350645
v -1.520404 3.277305 1.216850
v -1.632908 3.261311 1.072026
v -1.550337 3.319335 0.934979
v -1.624977 3.323092 0.807534
v -1.582882 3.375617 0.705123
v -1.257221 3.214658 1.660226
v -1.304307 3.272737 1.546253
v -1.365632 3.308920 1.332938
v -1.436341 3.333961 1.059557
v -1.506805 3.366767 0.800038
v -0.430111 1.074900 1.821558
v -0.220773 1.175805 1.774359
v -0.639193 0.975476 1.813291
v -0.436851 1.029551 1.717019
v -0.226717 1.127925 1.717143
v -0.633919 0.937925 1.644847
v -0.472816 0.981077 1.477329
v -0.270913 1.072090 1.560231
v -0.639196 0.906112 1.311285
v -0.544846 0.931202 1.074889
v -0.374158 1.004069 1.249504
v -0.655758 0.884156 0.824859
v -0.533729 0.929258 0.796379
v -1.075657 0.859844 1.829742
v -0.856858 0.917176 1.848627
v -1.045781 0.825203 1.770205
v -0.832019 0.883499 1.742085
v -0.991743 0.805676 1.606929
v -0.795580 0.861785 1.497802
v -0.900458 0.809551 1.283601
v -0.746044 0.856840 1.087652
v -0.776311 0.839601 0.812160
v -1.460295 0.717684 1.648744
v -1.258852 0.768602 1.735690
v -1.414303 0.689000 1.596790
v -1.204266 0.745919 1.637505
v -1.316066 0.685808 1.454313
v -1.099623 0.749412 1.412384
v -1.137258 0.722031 1.172170
v -0.935574 0.786791 1.034406
v -0.885586 0.799213 0.760739
v -1.608019 0.639552 1.495156
v -1.718158 0.576696 1.305565
v -1.527595 0.626418 1.414770
v -1.583478 0.586974 1.198016
v -1.363711 0.651807 1.230459
v -1.332505 0.649869 0.985037
v -1.100197 0.725947 0.921000
v -0.975626 0.765935 0.674339
v -1.998013 0.518946 0.938048
v -1.876842 0.540196 1.140775
v -1.929490 0.498589 0.915874
v -1.776525 0.534415 1.086613
v -1.769465 0.518234 0.855062
v -1.567031 0.576661 0.962428
v -1.468297 0.599681 0.734638
v -1.226938 0.679105 0.753920
v -1.038123 0.742836 0.559028
v 0.633497 1.518111 0.103269
v 0.657804 1.500522 0.338595
v 0.615600 1.461389 0.110955
v 0.563675 1.465733 -0.120383
v 0.615047 1.439036 0.341538
v 0.531480 1.387441 0.132997
v 0.524861 1.405704 -0.098209
v 0.469894 1.345889 0.349609
v 0.318094 1.273393 0.183537
v 0.390525 1.316555 -0.037397
v 0.166728 1.203978 0.365588
v -0.051827 1.113419 0.268391
v 0.108778 1.182560 0.083027
v -0.284384 1.021414 0.388734
v -0.311097 1.011541 0.258637
v 0.659542 1.527737 0.569969
v 0.615623 1.484932 0.791021
v 0.640990 1.470773 0.565916
v 0.574633 1.424099 0.775007
v 0.554991 1.396131 0.554292
v 0.434327 1.332744 0.731090
v 0.337298 1.280491 0.527641
v 0.140761 1.194380 0.644122
v -0.039856 1.117844 0.482890
v -0.296295 1.017012 0.517258
v 0.445849 1.422185 1.201090
v 0.535057 1.431621 0.994487
v 0.411973 1.363981 1.167894
v 0.456896 1.359875 0.951150
v 0.291175 1.279835 1.076856
v 0.257177 1.250878 0.851785
v 0.036241 1.155750 0.896578
v -0.089800 1.099385 0.684951
v -0.344527 0.999186 0.633756
v 0.309439 1.348234 1.366739
v 0.138808 1.263021 1.491838
v 0.247974 1.282659 1.295856
v 0.050773 1.190984 1.361948
v 0.086534 1.187809 1.133333
v -0.139288 1.090876 1.104734
v -0.196173 1.060069 0.860458
v -0.425569 0.969233 0.729749
v -0.022965 1.225379 1.653335
v -0.059832 1.168895 1.561244
v -0.164876 1.094890 1.350096
v -0.352892 1.002147 0.995578
v -0.988922 0.868367 -1.003893
v -1.213566 0.808874 -0.956694
v -0.765436 0.928818 -0.995625
v -0.954310 0.838302 -0.899354
v -1.177912 0.776369 -0.899477
v -0.745021 0.896864 -0.827182
v -0.895464 0.824869 -0.659664
v -1.108027 0.762698 -0.742566
v -0.720322 0.876129 -0.493620
v -0.808311 0.833827 -0.257224
v -0.985361 0.778172 -0.431838
v -0.693463 0.870221 -0.007193
v -0.815491 0.825120 0.021286
v -0.358682 1.124835 -1.012076
v -0.562175 1.026091 -1.030962
v -0.358848 1.079091 -0.952539
v -0.559141 0.984354 -0.924420
v -0.387197 1.029113 -0.789263
v -0.572700 0.944161 -0.680137
v -0.459061 0.972690 -0.465936
v -0.607113 0.908189 -0.269987
v -0.572909 0.914777 0.005505
v 0.025956 1.266995 -0.831079
v -0.160181 1.174665 -0.918025
v 0.009674 1.215294 -0.779125
v -0.186895 1.121934 -0.819840
v -0.062874 1.148981 -0.636648
v -0.268657 1.056533 -0.594719
v -0.222261 1.060210 -0.354505
v -0.417583 0.978238 -0.216741
v -0.463635 0.955164 0.056926
v 0.188986 1.303715 -0.677491
v 0.313529 1.327597 -0.487900
v 0.136435 1.241435 -0.597105
v 0.204538 1.247815 -0.380351
v -0.004569 1.154139 -0.412794
v -0.027014 1.132372 -0.167372
v -0.252960 1.039082 -0.103334
v -0.373595 0.988442 0.143326
v 0.457808 1.403071 -0.323110
v 0.385364 1.333438 -0.268947
v 0.198751 1.229285 -0.144763
v -0.126220 1.085924 0.063745
v -2.034633 0.481878 0.706710
v -2.019676 0.465257 0.476127
v -1.922640 0.480412 0.684668
v -1.848834 0.488900 0.468056
v -1.686374 0.532553 0.634129
v -1.526247 0.578263 0.452077
v -1.301330 0.651610 0.549275
v -1.064837 0.732963 0.428931
v -2.049962 0.499747 0.026644
v -2.060023 0.472494 0.251749
v -1.979262 0.480194 0.042658
v -1.946151 0.471722 0.263373
v -1.813267 0.502045 0.086575
v -1.705578 0.525455 0.290025
v -1.500279 0.587861 0.173543
v -1.313302 0.647185 0.334775
v -1.052925 0.737366 0.300408
v -1.880188 0.562494 -0.383425
v -1.954090 0.511646 -0.176822
v -1.816602 0.540312 -0.350229
v -1.848057 0.507977 -0.133485
v -1.670116 0.554953 -0.259191
v -1.625457 0.555068 -0.034120
v -1.395759 0.626491 -0.078913
v -1.263358 0.665644 0.132714
v -1.004694 0.755192 0.183909
v -1.771057 0.629402 -0.573790
v -1.595077 0.667870 -0.721536
v -1.728472 0.595033 -0.549074
v -1.543437 0.641273 -0.674173
v -1.639135 0.585194 -0.478191
v -1.429713 0.643805 -0.544283
v -1.454814 0.618136 -0.315668
v -1.220231 0.691365 -0.287069
v -1.156984 0.704959 -0.042793
v -0.923652 0.785144 0.087916
v -1.430076 0.755426 -0.867780
v -1.396068 0.717888 -0.835670
v -1.331328 0.698958 -0.743578
v -1.203404 0.711056 -0.532430
v -1.000265 0.762882 -0.177913
v -1.636898 0.710783 -0.750945
v 0.674596 1.565098 0.336768
v -0.651287 1.016689 1.874712
v -1.777439 0.600469 1.344783
v 0.160738 1.316809 1.539201
v -0.783051 0.967990 -1.057047
v 0.343100 1.384210 -0.527117
v -2.092143 0.484157 0.479070
v -2.206909 2.890959 -0.847926
v -2.205169 2.946859 -0.812201
v -2.194583 2.967563 -0.783115
v -2.180094 2.956127 -0.766749
v -2.166041 2.911647 -0.770554
v -2.542586 2.766894 -0.558508
v -2.531305 2.826322 -0.531010
v -2.512950 2.849896 -0.508622
v -2.494090 2.840076 -0.496025
v -2.481053 2.795220 -0.498954
v -2.770426 2.682686 -0.182590
v -2.752668 2.744507 -0.165778
v -2.729040 2.770031 -0.152090
v -2.707213 2.761307 -0.144388
v -2.694866 2.716196 -0.146179
v -2.877403 2.643147 0.250203
v -2.856603 2.706093 0.254712
v -2.830500 2.732532 0.258383
v -2.807280 2.724323 0.260449
v -2.795257 2.679092 0.259969
v -2.851763 2.652624 0.709645
v -2.831692 2.715300 0.701094
v -2.806182 2.741519 0.694132
v -2.783296 2.733187 0.690215
v -2.771195 2.687985 0.691126
v -0.334773 3.582890 -0.330318
v -0.386252 3.619122 -0.309307
v -0.418994 3.623811 -0.292200
v -0.428885 3.603364 -0.282575
v -0.409163 3.560980 -0.284813
v -0.606243 3.482556 -0.688189
v -0.650004 3.521640 -0.657005
v -0.676464 3.528652 -0.631616
v -0.682820 3.509511 -0.617330
v -0.663920 3.466823 -0.620652
v -0.958849 3.352235 -0.931092
v -0.992587 3.395023 -0.893003
v -1.010886 3.405051 -0.861993
v -1.012650 3.387608 -0.844543
v -0.994818 3.344525 -0.848601
v -1.364802 3.202197 -1.045142
v -1.387000 3.249250 -1.003811
v -1.395904 3.262751 -0.970160
v -1.392382 3.247262 -0.951226
v -1.375778 3.203724 -0.955629
v -1.795753 3.042920 -1.017806
v -1.805700 3.094501 -0.977252
v -1.804630 3.111688 -0.944235
v -1.795496 3.098273 -0.925656
v -1.780197 3.054253 -0.929976
v -0.820282 3.403448 1.665592
v -0.857959 3.444780 1.629867
v -0.879465 3.453623 1.600781
v -0.883033 3.435513 1.584415
v -0.864781 3.392585 1.588221
v -0.484604 3.527513 1.376174
v -0.531823 3.565319 1.348677
v -0.561098 3.571290 1.326289
v -0.569038 3.551564 1.313692
v -0.549769 3.509012 1.316621
v -0.256765 3.611721 1.000256
v -0.310460 3.647133 0.983444
v -0.345008 3.651156 0.969757
v -0.355915 3.630333 0.962055
v -0.335956 3.588036 0.963846
v -0.149788 3.651259 0.567464
v -0.206524 3.685547 0.562955
v -0.243548 3.688655 0.559283
v -0.255848 3.667318 0.557218
v -0.235566 3.625140 0.557698
v -0.175428 3.641783 0.108022
v -0.231436 3.676341 0.116573
v -0.267866 3.679667 0.123534
v -0.279832 3.658453 0.127452
v -0.259627 3.616247 0.126541
v -2.692417 2.711517 1.147985
v -2.676876 2.772519 1.126973
v -2.655054 2.797375 1.109867
v -2.634243 2.788276 1.100241
v -2.621660 2.743253 1.102479
v -2.420947 2.811851 1.505856
v -2.413123 2.870000 1.474671
v -2.397584 2.892535 1.449282
v -2.380308 2.882129 1.434996
v -2.366903 2.837409 1.438318
v -2.068341 2.942172 1.748759
v -2.070540 2.996617 1.710670
v -2.063162 3.016135 1.679659
v -2.050478 3.004032 1.662210
v -2.036005 2.959707 1.666267
v -1.662388 3.092210 1.862808
v -1.676127 3.142390 1.821477
v -1.678144 3.158436 1.787827
v -1.670746 3.144379 1.768893
v -1.655044 3.100508 1.773295
v -1.231438 3.251487 1.835473
v -1.257427 3.297139 1.794919
v -1.269418 3.309499 1.761901
v -1.267632 3.293367 1.743323
v -1.250625 3.249979 1.747643
v -1.961134 1.504821 -1.273003
v -2.036074 1.781073 -1.229686
v -2.095660 2.076805 -1.150399
v -2.144332 2.386167 -1.045672
v -2.185689 2.698406 -0.927584
v -2.410349 1.338793 -0.885695
v -2.473718 1.619322 -0.852352
v -2.512127 1.922881 -0.791325
v -2.532828 2.242581 -0.710716
v -2.542644 2.566477 -0.619821
v -2.715251 1.226103 -0.382629
v -2.770768 1.509534 -0.362244
v -2.794803 1.818406 -0.324932
v -2.796517 2.145123 -0.275648
v -2.784924 2.476932 -0.220076
v -2.858411 1.173192 0.196548
v -2.910240 1.457985 0.202016
v -2.927526 1.769352 0.212024
v -2.920326 2.099363 0.225243
v -2.898682 2.434887 0.240148
v -2.824098 1.185873 0.811389
v -2.876812 1.470340 0.801021
v -2.895715 1.781109 0.782043
v -2.890652 2.110331 0.756976
v -2.871416 2.444964 0.728711
v 0.545111 2.430986 -0.580675
v 0.404750 2.683188 -0.554847
v 0.227054 2.935267 -0.508215
v 0.022376 3.186970 -0.446621
v -0.194892 3.434194 -0.377168
v 0.180929 2.296515 -1.059238
v 0.050817 2.552376 -1.021426
v -0.109752 2.810786 -0.952217
v -0.291808 3.070849 -0.860802
v -0.483569 3.327500 -0.757722
v -0.290940 2.122115 -1.384299
v -0.408898 2.382468 -1.338115
v -0.547222 2.649100 -1.253581
v -0.699895 2.920023 -1.141925
v -0.858524 3.188919 -1.016021
v -0.834199 1.921330 -1.536924
v -0.938165 2.186854 -1.486809
v -1.050878 2.462951 -1.395080
v -1.169724 2.746377 -1.273919
v -1.290208 3.029371 -1.137300
v -1.410911 1.708180 -1.500343
v -1.500023 1.979194 -1.451170
v -1.585548 2.265340 -1.361166
v -1.668482 2.562038 -1.242283
v -1.748473 2.859999 -1.108232
v -0.105504 2.190650 2.090669
v -0.228238 2.449238 2.047351
v -0.375304 2.712638 1.968065
v -0.539525 2.979294 1.863339
v -0.711174 3.243378 1.745250
v 0.343711 2.356678 1.703360
v 0.209406 2.610989 1.670018
v 0.041163 2.866562 1.608991
v -0.151030 3.122880 1.528382
v -0.354219 3.375306 1.437488
v 0.648613 2.469368 1.200294
v 0.506456 2.720777 1.179909
v 0.323838 2.971038 1.142598
v 0.112660 3.220338 1.093314
v -0.111939 3.464852 1.037742
v 0.791773 2.522279 0.621117
v 0.645928 2.772326 0.615650
v 0.456562 3.020092 0.605642
v 0.236469 3.266098 0.592424
v 0.001819 3.506896 0.577518
v 0.758352 2.509799 0.005926
v 0.612499 2.759971 0.016645
v 0.424751 3.008335 0.035623
v 0.206794 3.255130 0.060690
v -0.025447 3.496819 0.088955
v -2.610857 1.264686 1.397990
v -2.669062 1.547123 1.372513
v -2.698019 1.854176 1.325881
v -2.706234 2.178490 1.264287
v -2.701971 2.507590 1.194834
v -2.247567 1.398956 1.876904
v -2.315130 1.677934 1.839092
v -2.361213 1.978658 1.769883
v -2.392049 2.294611 1.678468
v -2.413294 2.614284 1.575388
v -1.775698 1.573356 2.201965
v -1.855414 1.847842 2.155780
v -1.923743 2.140344 2.071247
v -1.983962 2.445438 1.959591
v -2.038339 2.752865 1.833687
v -1.232439 1.774141 2.354590
v -1.326147 2.043457 2.304474
v -1.420086 2.326493 2.212746
v -1.514134 2.619084 2.091586
v -1.606655 2.912413 1.954966
v -0.655727 1.987291 2.318009
v -0.764289 2.251116 2.268836
v -0.885417 2.524104 2.178832
v -1.015375 2.803422 2.059949
v -1.148390 3.081785 1.925898
v -1.451043 0.779474 -0.887043
v -1.521210 0.842988 -0.961510
v -1.627213 0.937021 -1.075140
v -1.748816 1.073263 -1.188770
v -1.865064 1.262871 -1.262403
v -1.797168 0.651548 -0.588617
v -1.887226 0.707710 -0.645935
v -2.023579 0.790526 -0.733398
v -2.175533 0.915551 -0.820860
v -2.311448 1.097890 -0.877536
v -2.032100 0.564718 -0.200999
v -2.135657 0.615891 -0.236042
v -2.292610 0.691093 -0.289516
v -2.465164 0.808504 -0.342989
v -2.614429 0.985910 -0.377640
v -2.142406 0.523950 0.245265
v -2.252302 0.572780 0.235865
v -2.418928 0.644407 0.221523
v -2.601154 0.758243 0.207180
v -2.756686 0.933332 0.197886
v -2.115968 0.533721 0.719007
v -2.224345 0.583112 0.736831
v -2.388652 0.655596 0.764029
v -2.568560 0.770289 0.791227
v -2.722590 0.945934 0.808852
v 0.479363 1.492941 -0.353325
v 0.520126 1.597454 -0.397122
v 0.583392 1.754048 -0.463953
v 0.631058 1.952851 -0.530783
v 0.625390 2.183201 -0.574441
v 0.199444 1.389485 -0.722335
v 0.224121 1.488053 -0.787337
v 0.262842 1.635575 -0.886524
v 0.285964 1.825306 -0.985712
v 0.263498 2.049576 -1.049986
v -0.164137 1.255107 -0.972798
v -0.160353 1.345953 -1.052193
v -0.153512 1.481692 -1.173343
v -0.162272 1.659641 -1.294492
v -0.205397 1.876275 -1.372998
v -0.582726 1.100399 -1.090398
v -0.602995 1.182355 -1.176551
v -0.632859 1.304529 -1.308012
v -0.678323 1.468911 -1.439473
v -0.745232 1.676755 -1.524661
v -1.027089 0.936165 -1.062211
v -1.072894 1.008683 -1.146744
v -1.141722 1.116455 -1.275734
v -1.226151 1.266437 -1.404724
v -1.318309 1.464949 -1.488310
v -0.021257 1.307914 1.704709
v -0.009262 1.401795 1.779176
v 0.010107 1.542164 1.892806
v 0.013876 1.724743 2.006436
v -0.021130 1.944378 2.080069
v 0.324869 1.435841 1.406282
v 0.356754 1.537072 1.463601
v 0.406473 1.688659 1.551063
v 0.440592 1.882456 1.638525
v 0.425254 2.109359 1.695202
v 0.559800 1.522670 1.018664
v 0.605185 1.628891 1.053708
v 0.675505 1.788092 1.107181
v 0.730224 1.989502 1.160655
v 0.728235 2.221340 1.195306
v 0.670106 1.563439 0.572400
v 0.721831 1.672003 0.581800
v 0.801822 1.834778 0.596143
v 0.866214 2.039763 0.610485
v 0.870492 2.273917 0.619780
v 0.643668 1.553668 0.098658
v 0.693873 1.661670 0.080834
v 0.771547 1.823589 0.053636
v 0.833620 2.027717 0.026438
v 0.837288 2.261517 0.008463
v -1.951663 0.594447 1.170990
v -2.050598 0.647328 1.214787
v -2.200498 0.725137 1.281618
v -2.365999 0.845155 1.348449
v -2.510693 1.024250 1.391755
v -1.671743 0.697904 1.540000
v -1.754593 0.756730 1.605002
v -1.879948 0.843610 1.704189
v -2.020904 0.972700 1.803377
v -2.149692 1.157673 1.867651
v -1.308162 0.832281 1.790464
v -1.370119 0.898829 1.869859
v -1.463593 0.997493 1.991008
v -1.572668 1.138365 2.112157
v -1.680797 1.330974 2.190664
v -0.889574 0.986989 1.908063
v -0.927476 1.062428 1.994216
v -0.984247 1.174657 2.125677
v -1.056617 1.329095 2.257138
v -1.140962 1.530494 2.342326
v -0.445211 1.151223 1.879876
v -0.457578 1.236099 1.964410
v -0.475383 1.362730 2.093400
v -0.508789 1.531569 2.222389
v -0.567885 1.742301 2.305976
v 1.221730 3.601905 -0.722215
v 1.058657 3.723737 -0.679303
v 0.817583 3.739845 -0.593832
v 0.491590 3.668705 -0.465768
v 0.075796 3.530857 -0.296098
v 1.144716 3.563489 -0.803275
v 0.990995 3.672678 -0.762065
v 0.761815 3.683821 -0.680250
v 0.451535 3.614098 -0.558090
v 0.056496 3.482512 -0.396805
v 1.069008 3.520061 -0.808528
v 0.929805 3.609626 -0.769958
v 0.719084 3.613062 -0.693819
v 0.433194 3.545539 -0.580820
v 0.070367 3.423674 -0.432552
v 1.017705 3.485652 -0.746646
v 0.893018 3.555593 -0.710717
v 0.700757 3.551323 -0.640253
v 0.439257 3.486001 -0.536415
v 0.108643 3.373855 -0.401163
v 1.012888 3.473920 -0.629101
v 0.897554 3.531218 -0.594873
v 0.717186 3.521983 -0.528065
v 0.471400 3.458077 -0.430130
v 0.161541 3.352195 -0.303264
v 1.060681 3.491584 -0.497629
v 0.945347 3.548882 -0.463401
v 0.764980 3.539648 -0.396593
v 0.519193 3.475741 -0.298658
v 0.209334 3.369858 -0.171792
v 1.137695 3.530001 -0.416568
v 1.013008 3.599941 -0.380639
v 0.820747 3.595672 -0.310174
v 0.559247 3.530348 -0.206337
v 0.228634 3.418203 -0.071085
v 1.213403 3.573428 -0.411315
v 1.074200 3.662993 -0.372745
v 0.863479 3.666430 -0.296606
v 0.577589 3.598907 -0.183607
v 0.214762 3.477041 -0.035339
v 1.264706 3.607837 -0.473197
v 1.110986 3.717025 -0.431986
v 0.881805 3.728168 -0.350172
v 0.571526 3.658445 -0.228011
v 0.176486 3.526860 -0.066727
v 1.269523 3.619569 -0.590743
v 1.106450 3.741401 -0.547831
v 0.865376 3.757508 -0.462360
v 0.539383 3.686368 -0.334297
v 0.123588 3.548521 -0.164626
v 0.890692 2.219779 -0.416180
v 1.118405 2.535227 -0.541340
v 1.263172 2.836282 -0.634414
v 1.326380 3.120731 -0.695609
v 1.311310 3.385483 -0.725701
v 0.842990 2.252576 -0.517464
v 1.054688 2.553863 -0.634900
v 1.187200 2.843167 -0.721940
v 1.243490 3.115354 -0.778973
v 1.228298 3.364455 -0.806918
v 0.812778 2.319679 -0.554106
v 0.999618 2.598985 -0.659553
v 1.113109 2.870052 -0.737228
v 1.158665 3.123207 -0.787801
v 1.143281 3.348015 -0.812413
v 0.806971 2.395802 -0.523614
v 0.968954 2.653128 -0.617071
v 1.063423 2.905957 -0.685381
v 1.098243 3.140079 -0.729494
v 1.082669 3.340596 -0.750773
v 0.831455 2.455509 -0.426318
v 0.977434 2.698447 -0.512024
v 1.059648 2.939526 -0.574301
v 1.087552 3.161386 -0.614252
v 1.071855 3.346251 -0.633384
v 0.879248 2.473173 -0.294846
v 1.025227 2.716111 -0.380552
v 1.107441 2.957190 -0.442829
v 1.135345 3.179050 -0.482780
v 1.119648 3.363915 -0.501912
v 0.926962 2.440150 -0.193536
v 1.088944 2.697475 -0.286992
v 1.183413 2.950305 -0.355303
v 1.218234 3.184427 -0.399416
v 1.202659 3.384943 -0.420695
v 0.957173 2.373046 -0.156893
v 1.144013 2.652353 -0.262340
v 1.257504 2.923419 -0.340015
v 1.303060 3.176574 -0.390588
v 1.287676 3.401383 -0.415200
v 0.962980 2.296924 -0.187386
v 1.174678 2.598210 -0.304822
v 1.307190 2.887515 -0.391862
v 1.363481 3.159701 -0.448895
v 1.348289 3.408803 -0.476840
v 0.938484 2.237443 -0.284708
v 1.166198 2.552891 -0.409868
v 1.310965 2.853946 -0.502942
v 1.374172 3.138394 -0.564137
v 1.359103 3.403146 -0.594229
v -4.165153 1.969697 1.462072
v -3.821270 1.720612 1.352409
v -3.544059 1.375907 1.270257
v -3.220981 1.068481 1.166422
v -2.734724 0.926428 0.990453
v -4.126092 1.993285 1.340681
v -3.819254 1.754078 1.215783
v -3.575008 1.430600 1.100928
v -3.285974 1.147317 0.964391
v -2.840651 1.023821 0.773180
v -4.025549 2.044649 1.262067
v -3.765706 1.824656 1.142419
v -3.556575 1.540057 1.020964
v -3.304328 1.300178 0.877827
v -2.911937 1.209406 0.692122
v -3.902780 2.104228 1.244596
v -3.684083 1.905609 1.146286
v -3.501127 1.663194 1.042820
v -3.276729 1.470024 0.917673
v -2.931368 1.414156 0.753714
v -3.797966 2.152118 1.304083
v -3.599011 1.969772 1.238137
v -3.422578 1.758357 1.174712
v -3.205779 1.599103 1.089604
v -2.883888 1.568248 0.958446
v -3.754440 2.168204 1.423820
v -3.544030 1.990093 1.389382
v -3.350092 1.785148 1.374110
v -3.115788 1.632363 1.337157
v -2.782336 1.605780 1.237802
v -3.793500 2.144617 1.545212
v -3.546046 1.956627 1.526008
v -3.319142 1.730455 1.543439
v -3.050795 1.553528 1.539188
v -2.676409 1.508388 1.455075
v -3.894043 2.093253 1.623824
v -3.599594 1.886049 1.599373
v -3.337576 1.620997 1.623403
v -3.032442 1.400666 1.625752
v -2.605122 1.322803 1.536133
v -4.016812 2.033674 1.641296
v -3.681217 1.805096 1.595505
v -3.393023 1.497860 1.601547
v -3.060041 1.230820 1.585906
v -2.585692 1.118052 1.474541
v -4.121626 1.985784 1.581809
v -3.766289 1.740933 1.503654
v -3.471573 1.402697 1.469656
v -3.130991 1.101742 1.413975
v -2.633172 0.963961 1.269809
v -4.356512 2.095865 1.544353
v -4.456179 2.098075 1.575826
v -4.504540 2.091263 1.587568
v -4.496321 2.079403 1.579419
v -4.421913 2.063426 1.549886
v -4.307551 2.112511 1.465115
v -4.395863 2.116961 1.485421
v -4.437161 2.112490 1.484076
v -4.427265 2.102224 1.464900
v -4.358143 2.086327 1.430284
v -4.208839 2.146745 1.404620
v -4.276943 2.155626 1.414706
v -4.303362 2.156236 1.403821
v -4.286949 2.149889 1.378300
v -4.223347 2.135109 1.343176
v -4.097477 2.185653 1.378922
v -4.143933 2.199498 1.382750
v -4.153292 2.205996 1.368321
v -4.128183 2.204373 1.342453
v -4.068606 2.191263 1.310933
v -4.011094 2.216131 1.402628
v -4.041935 2.233789 1.407007
v -4.037782 2.245012 1.397234
v -4.004546 2.247366 1.378082
v -3.945834 2.235970 1.353639
v -3.986321 2.225286 1.470775
v -4.014343 2.243987 1.482910
v -4.005920 2.256788 1.484882
v -3.968415 2.260720 1.477474
v -3.906775 2.250406 1.461083
v -4.035283 2.208640 1.550013
v -4.074658 2.225102 1.573315
v -4.073299 2.235561 1.588374
v -4.037470 2.237900 1.591992
v -3.970546 2.227506 1.580686
v -4.133994 2.174407 1.610508
v -4.193579 2.186437 1.644030
v -4.207099 2.191815 1.668629
v -4.177787 2.190235 1.678593
v -4.105341 2.178723 1.667794
v -4.245356 2.135499 1.636206
v -4.326589 2.142565 1.675986
v -4.357168 2.142056 1.704129
v -4.336553 2.135750 1.714440
v -4.260083 2.122570 1.700037
v -4.331739 2.105021 1.612500
v -4.428587 2.108274 1.651730
v -4.472679 2.103039 1.675216
v -4.460190 2.092758 1.678811
v -4.382855 2.077862 1.657330
v -1.718636 3.420594 0.243012
v -1.772568 3.518813 0.214990
v -1.851734 3.611411 0.143426
v -1.891706 3.699104 0.131398
v -1.853968 3.767603 0.231824
v -1.762951 3.404215 0.281193
v -1.824434 3.499643 0.259611
v -1.922792 3.585148 0.204511
v -1.965997 3.671647 0.195249
v -1.901369 3.750084 0.272550
v -1.793015 3.393104 0.330777
v -1.859585 3.486652 0.317531
v -1.970923 3.567359 0.283785
v -2.016311 3.653051 0.278106
v -1.933489 3.738213 0.325427
v -1.807117 3.387892 0.387872
v -1.876036 3.480572 0.384249
v -1.993425 3.559042 0.375118
v -2.039825 3.644360 0.373574
v -1.948487 3.732669 0.386360
v -1.803714 3.389150 0.448508
v -1.872006 3.482061 0.455173
v -1.987873 3.561094 0.472254
v -2.034011 3.646509 0.475120
v -1.944768 3.734044 0.451141
v -1.471600 3.511898 0.311286
v -1.483736 3.625564 0.294749
v -1.456234 3.757585 0.252593
v -1.478272 3.851907 0.245502
v -1.590209 3.865087 0.304645
v -1.507413 3.498661 0.264041
v -1.525590 3.610095 0.239453
v -1.513532 3.736408 0.176837
v -1.538164 3.829772 0.166298
v -1.628410 3.850968 0.254111
v -1.553922 3.481472 0.231989
v -1.579918 3.590016 0.201979
v -1.587889 3.708926 0.125524
v -1.615882 3.801047 0.112658
v -1.678007 3.832637 0.219867
v -1.607476 3.461679 0.216955
v -1.642498 3.566886 0.184440
v -1.673559 3.677264 0.101534
v -1.705429 3.767951 0.087589
v -1.735161 3.811513 0.203877
v -1.664352 3.440657 0.220583
v -1.709024 3.542299 0.188736
v -1.764671 3.643589 0.107453
v -1.800678 3.732748 0.093788
v -1.795925 3.789055 0.207842
v -1.535640 3.488228 0.574655
v -1.558548 3.597914 0.602676
v -1.558632 3.719739 0.674241
v -1.585299 3.812350 0.686269
v -1.658514 3.839841 0.585843
v -1.491324 3.504607 0.536473
v -1.506681 3.617083 0.558055
v -1.487574 3.746002 0.613155
v -1.511008 3.839808 0.622418
v -1.611114 3.857360 0.545117
v -1.461260 3.515719 0.486890
v -1.471531 3.630075 0.500136
v -1.439443 3.763791 0.533882
v -1.460694 3.858404 0.539561
v -1.578994 3.869232 0.492240
v -1.447158 3.520931 0.429795
v -1.455080 3.636155 0.433417
v -1.416940 3.772108 0.442548
v -1.437179 3.867095 0.444093
v -1.563995 3.874775 0.431307
v -1.450562 3.519673 0.369159
v -1.459109 3.634665 0.362494
v -1.422493 3.770056 0.345413
v -1.442994 3.864945 0.342547
v -1.567714 3.873401 0.366526
v -1.782676 3.396925 0.506381
v -1.847380 3.491163 0.522918
v -1.954131 3.573565 0.565074
v -1.998733 3.659547 0.572165
v -1.922274 3.742358 0.513022
v -1.746862 3.410162 0.553626
v -1.805526 3.506632 0.578214
v -1.896834 3.594742 0.640830
v -1.938841 3.681683 0.651369
v -1.884073 3.756476 0.563556
v -1.700354 3.427351 0.585678
v -1.751198 3.526711 0.615688
v -1.822476 3.622224 0.692143
v -1.861123 3.710407 0.705009
v -1.834476 3.774807 0.597800
v -1.646800 3.447145 0.600712
v -1.688617 3.549840 0.633227
v -1.736807 3.653887 0.716133
v -1.771576 3.743504 0.730078
v -1.777321 3.795931 0.613790
v -1.589923 3.468165 0.597084
v -1.622092 3.574428 0.628931
v -1.645695 3.687562 0.710213
v -1.676327 3.778707 0.723879
v -1.716557 3.818389 0.609825
v -2.101982 2.941619 -0.650723
v -2.046276 3.029853 -0.509873
v -1.940788 3.121933 -0.287362
v -1.824073 3.218163 -0.044499
v -1.737031 3.318645 0.153548
v -2.384987 2.837022 -0.406719
v -2.291660 2.939160 -0.298305
v -2.126740 3.053206 -0.127036
v -1.945157 3.173411 0.059898
v -1.805218 3.293443 0.212337
v -2.577075 2.766027 -0.089787
v -2.458214 2.877603 -0.023504
v -2.252954 3.006558 0.081208
v -2.027342 3.143036 0.195498
v -1.851499 3.276338 0.288697
v -2.667266 2.732694 0.275094
v -2.536415 2.848700 0.292872
v -2.312215 2.984656 0.320958
v -2.065930 3.128774 0.351613
v -1.873229 3.268307 0.376609
v -2.645649 2.740683 0.662443
v -2.517672 2.855628 0.628730
v -2.298012 2.989905 0.575471
v -2.056682 3.132192 0.517341
v -1.868020 3.270232 0.469937
v -0.523610 3.524977 -0.214335
v -0.677722 3.535663 -0.131496
v -0.903698 3.505236 -0.000628
v -1.148764 3.467753 0.142210
v -1.356743 3.459197 0.258689
v -0.752482 3.440387 -0.516052
v -0.876170 3.462318 -0.393104
v -1.054082 3.449655 -0.198874
v -1.246688 3.431561 0.013120
v -1.411886 3.438817 0.185993
v -1.049760 3.330515 -0.720840
v -1.133929 3.367052 -0.570669
v -1.249412 3.377462 -0.333433
v -1.373878 3.384552 -0.074499
v -1.483511 3.412344 0.136652
v -1.392013 3.204021 -0.816993
v -1.430686 3.257372 -0.654040
v -1.474294 3.294347 -0.396612
v -1.520312 3.330431 -0.115638
v -1.565972 3.381867 0.113486
v -1.755342 3.069736 -0.793947
v -1.745715 3.140939 -0.634058
v -1.713023 3.206114 -0.381469
v -1.675762 3.272978 -0.105778
v -1.653511 3.349513 0.119039
v -0.932935 3.373692 1.468390
v -1.032634 3.404489 1.327540
v -1.172651 3.405832 1.105029
v -1.323895 3.403026 0.862166
v -1.455364 3.422748 0.664119
v -0.649930 3.478290 1.224386
v -0.787250 3.495182 1.115972
v -0.986699 3.474559 0.944702
v -1.202811 3.447778 0.757768
v -1.387176 3.447949 0.605330
v -0.457842 3.549284 0.907454
v -0.620696 3.556739 0.841171
v -0.860484 3.521207 0.736458
v -1.120625 3.478153 0.622169
v -1.340895 3.465055 0.528970
v -0.367651 3.582619 0.542573
v -0.542495 3.585642 0.524794
v -0.801224 3.543110 0.496708
v -1.082037 3.492415 0.466054
v -1.319165 3.473085 0.441057
v -0.389268 3.574629 0.155223
v -0.561238 3.578715 0.188936
v -0.815427 3.537860 0.242195
v -1.091286 3.488997 0.300326
v -1.324374 3.471160 0.347730
v -2.511307 2.790335 1.032002
v -2.401188 2.898679 0.949162
v -2.209741 3.022530 0.818294
v -1.999203 3.153436 0.675457
v -1.835651 3.282195 0.558978
v -2.282435 2.874925 1.333718
v -2.202740 2.972024 1.210770
v -2.059357 3.078111 1.016541
v -1.901280 3.189628 0.804546
v -1.780508 3.302576 0.631673
v -1.985157 2.984797 1.538506
v -1.944981 3.067290 1.388335
v -1.864027 3.150303 1.151100
v -1.774089 3.236637 0.892165
v -1.708884 3.329048 0.681014
v -1.642904 3.111292 1.634660
v -1.648225 3.176970 1.471707
v -1.639145 3.233419 1.214278
v -1.627656 3.290758 0.933305
v -1.626423 3.359525 0.704181
v -1.279576 3.245576 1.611614
v -1.333195 3.293404 1.451725
v -1.400415 3.321651 1.199136
v -1.472205 3.348211 0.923444
v -1.538883 3.391879 0.698627
v -0.433607 1.097142 1.842575
v -0.430634 1.052558 1.782501
v -0.450374 1.005763 1.617750
v -0.505031 0.955709 1.292307
v -0.582430 0.912190 0.876242
v -0.866703 0.937072 1.870047
v -0.845583 0.899195 1.808821
v -0.815556 0.870794 1.640913
v -0.771905 0.857074 1.309235
v -0.723615 0.860009 0.885217
v -1.274678 0.786287 1.755430
v -1.236463 0.754728 1.699006
v -1.159555 0.743653 1.544269
v -1.023300 0.764160 1.238608
v -0.856676 0.810830 0.847858
v -1.629039 0.655317 1.511317
v -1.575976 0.629246 1.465122
v -1.458349 0.633221 1.338436
v -1.241658 0.683456 1.088185
v -0.972234 0.768121 0.768225
v -1.901860 0.554484 1.151664
v -1.837366 0.532638 1.120539
v -1.688390 0.548199 1.035181
v -1.409771 0.621322 0.866566
v -1.061157 0.735255 0.650968
v 0.627661 1.489382 0.106523
v 0.586166 1.428362 0.119190
v 0.444477 1.336495 0.153928
v 0.148923 1.197407 0.222549
v -0.236491 1.040048 0.310235
v 0.653428 1.498905 0.568253
v 0.610854 1.437487 0.561573
v 0.466204 1.344525 0.543254
v 0.164802 1.203276 0.507067
v -0.228071 1.043159 0.460754
v 0.545919 1.459170 1.003200
v 0.507850 1.399417 0.978296
v 0.375553 1.311021 0.909997
v 0.098554 1.178791 0.775083
v -0.263114 1.030208 0.602612
v 0.316945 1.374542 1.380990
v 0.288470 1.318335 1.340256
v 0.182485 1.239664 1.228546
v -0.042540 1.126643 1.007878
v -0.337808 1.002601 0.725811
v -0.020404 1.249860 1.671849
v -0.034744 1.198877 1.618928
v -0.101965 1.134533 1.473795
v -0.250415 1.049814 1.187105
v -0.447793 0.961951 0.820613
v -1.000731 0.887537 -1.024910
v -0.973995 0.851736 -0.964835
v -0.928567 0.829026 -0.800085
v -0.854494 0.826550 -0.474642
v -0.767397 0.843828 -0.058576
v -0.567636 1.047607 -1.052382
v -0.559046 1.005098 -0.991156
v -0.563385 0.963995 -0.823248
v -0.587620 0.925185 -0.491570
v -0.626212 0.896009 -0.067552
v -0.159661 1.198392 -0.937765
v -0.168166 1.149565 -0.881341
v -0.219385 1.091136 -0.726604
v -0.336225 1.018099 -0.420943
v -0.493151 0.945187 -0.030193
v 0.194700 1.329362 -0.693652
v 0.171347 1.275048 -0.647457
v 0.079409 1.201568 -0.520771
v -0.117867 1.098803 -0.270520
v -0.377592 0.987897 0.049440
v 0.467522 1.430195 -0.333999
v 0.432737 1.371656 -0.302874
v 0.309449 1.286590 -0.217516
v 0.050246 1.160937 -0.048901
v -0.288670 1.020763 0.166697
v -2.062000 0.495298 0.711142
v -1.990795 0.475931 0.698475
v -1.823417 0.498294 0.663737
v -1.508449 0.584852 0.595116
v -1.113336 0.715970 0.507430
v -2.087767 0.485774 0.249412
v -2.015483 0.466807 0.256092
v -1.845144 0.490264 0.274411
v -1.524327 0.578983 0.310598
v -1.121755 0.712858 0.356911
v -1.980258 0.525509 -0.185535
v -1.912479 0.504877 -0.160631
v -1.754493 0.523768 -0.092332
v -1.458080 0.603468 0.042582
v -1.086713 0.725810 0.215053
v -1.751284 0.610137 -0.563325
v -1.693099 0.585959 -0.522591
v -1.561425 0.595125 -0.410881
v -1.316986 0.655616 -0.190213
v -1.012019 0.753417 0.091854
v -1.413935 0.734819 -0.854184
v -1.369885 0.705417 -0.801263
v -1.276976 0.700256 -0.656130
v -1.109111 0.732445 -0.369440
v -0.902033 0.794067 -0.002948
vn -0.6830 0.2232 -0.6954
vn -0.6763 0.4267 -0.6005
vn -0.4819 0.4978 -0.7211
vn -0.4579 0.3056 -0.8348
vn -0.5569 0.7679 -0.3164
vn -0.4547 0.8054 -0.3801
vn 0.0888 0.8744 0.4771
vn -0.0651 0.8168 0.5732
vn 0.6145 0.1478 0.7750
vn 0.3637 0.0553 0.9299
vn 0.6642 -0.0547 0.7455
vn 0.4227 -0.1434 0.8948
vn -0.8598 0.1588 -0.4853
vn -0.8286 0.3714 -0.4188
vn -0.6369 0.7388 -0.2204
vn 0.2093 0.9195 0.3326
vn 0.8116 0.2205 0.5410
vn 0.8538 0.0146 0.5204
vn -0.9663 0.1195 -0.2282
vn -0.9205 0.3375 -0.1969
vn -0.6852 0.7209 -0.1036
vn 0.2822 0.9465 0.1564
vn 0.9303 0.2643 0.2543
vn 0.9679 0.0568 0.2448
vn -0.9927 0.1087 0.0525
vn -0.9436 0.3279 0.0453
vn -0.6978 0.7159 0.0239
vn 0.3012 0.9529 -0.0360
vn 0.9596 0.2754 -0.0585
vn 0.9961 0.0679 -0.0561
vn -0.9375 0.1284 0.3235
vn -0.8962 0.3447 0.2795
vn -0.6731 0.7247 0.1473
vn 0.2642 0.9385 -0.2221
vn 0.8979 0.2527 -0.3604
vn 0.9368 0.0466 -0.3468
vn 0.4977 0.6595 -0.5633
vn 0.3432 0.8035 -0.4864
vn 0.4566 0.8446 -0.2795
vn 0.6286 0.7072 -0.3235
vn -0.0199 0.9664 -0.2562
vn 0.0400 0.9883 -0.1473
vn -0.7211 0.5750 0.3864
vn -0.8111 0.5411 0.2221
vn -0.7011 -0.3384 0.6276
vn -0.8465 -0.3920 0.3604
vn -0.6017 -0.5226 0.6041
vn -0.7419 -0.5739 0.3468
vn 0.3002 0.5876 -0.7514
vn 0.1724 0.7414 -0.6485
vn -0.1100 0.9335 -0.3412
vn -0.5859 0.6257 0.5151
vn -0.4816 -0.2575 0.8377
vn -0.3902 -0.4452 0.8059
vn 0.0590 0.4984 -0.8649
vn -0.0357 0.6645 -0.7464
vn -0.2196 0.8930 -0.3928
vn -0.4206 0.6867 0.5929
vn -0.2127 -0.1581 0.9642
vn -0.1317 -0.3496 0.9276
vn -0.2039 0.4003 -0.8934
vn -0.2625 0.5796 -0.7714
vn -0.3391 0.8484 -0.4064
vn -0.2399 0.7529 0.6129
vn 0.0807 -0.0495 0.9955
vn 0.1502 -0.2447 0.9579
vn 0.3737 0.6137 0.6954
vn 0.2362 0.7639 0.6005
vn 0.0424 0.6915 0.7211
vn 0.1491 0.5299 0.8348
vn -0.0764 0.9456 0.3164
vn -0.1784 0.9076 0.3801
vn -0.6361 0.6064 -0.4771
vn -0.4818 0.6628 -0.5732
vn -0.5629 -0.2873 -0.7750
vn -0.3123 -0.1945 -0.9299
vn -0.4690 -0.4736 -0.7455
vn -0.2278 -0.3839 -0.8948
vn 0.5498 0.6799 0.4853
vn 0.3879 0.8211 0.4188
vn 0.0033 0.9754 0.2204
vn -0.7570 0.5624 -0.3326
vn -0.7599 -0.3603 -0.5410
vn -0.6581 -0.5442 -0.5204
vn 0.6563 0.7192 0.2282
vn 0.4798 0.8550 0.1969
vn 0.0517 0.9933 0.1036
vn -0.8300 0.5354 -0.1564
vn -0.8786 -0.4042 -0.2543
vn -0.7722 -0.5864 -0.2448
vn 0.6834 0.7282 -0.0525
vn 0.5036 0.8628 -0.0453
vn 0.0645 0.9976 -0.0239
vn -0.8485 0.5279 0.0360
vn -0.9080 -0.4149 0.0585
vn -0.8009 -0.5962 0.0561
vn -0.8070 0.1774 0.5633
vn -0.7833 0.3872 0.4864
vn -0.6134 0.7471 0.2562
vn 0.1738 0.9058 -0.3864
vn 0.7527 0.1989 -0.6276
vn 0.7969 -0.0057 -0.6041
vn -0.6102 0.2511 0.7514
vn -0.6132 0.4511 0.6485
vn -0.5235 0.7807 0.3412
vn 0.0381 0.8563 -0.5151
vn 0.5333 0.1176 -0.8377
vn 0.5860 -0.0844 -0.8059
vn -0.3690 0.3402 0.8649
vn -0.4051 0.5280 0.7464
vn -0.4139 0.8212 0.3928
vn -0.1271 0.7952 -0.5929
vn 0.2644 0.0182 -0.9642
vn 0.3275 -0.1799 -0.9276
vn -0.1055 0.4366 0.8934
vn -0.1775 0.6110 0.7714
vn -0.2942 0.8650 0.4064
vn -0.3074 0.7279 -0.6129
vn -0.0291 -0.0900 -0.9955
vn 0.0450 -0.2836 -0.9579
vn -0.5726 -0.2642 -0.7761
vn -0.6414 -0.0529 -0.7654
vn -0.3936 0.0383 -0.9185
vn -0.3215 -0.1712 -0.9313
vn -0.6663 0.0678 -0.7426
vn -0.4259 0.1560 -0.8912
vn -0.6765 0.1423 -0.7225
vn -0.4426 0.2281 -0.8672
vn -0.6804 0.1832 -0.7095
vn -0.4507 0.2674 -0.8517
vn -0.7699 -0.3372 -0.5418
vn -0.8361 -0.1244 -0.5343
vn -0.8552 -0.0013 -0.5183
vn -0.8603 0.0753 -0.5042
vn -0.8608 0.1175 -0.4951
vn -0.8887 -0.3811 -0.2548
vn -0.9533 -0.1677 -0.2512
vn -0.9689 -0.0433 -0.2437
vn -0.9709 0.0344 -0.2371
vn -0.9694 0.0774 -0.2328
vn -0.9182 -0.3919 0.0585
vn -0.9822 -0.1789 0.0577
vn -0.9969 -0.0544 0.0560
vn -0.9982 0.0234 0.0545
vn -0.9964 0.0664 0.0535
vn -0.8565 -0.3690 0.3609
vn -0.9213 -0.1567 0.3560
vn -0.9379 -0.0332 0.3454
vn -0.9408 0.0439 0.3361
vn -0.9400 0.0865 0.3301
vn 0.7428 0.2219 -0.6317
vn 0.6574 0.4280 -0.6202
vn 0.7976 0.4874 -0.3554
vn 0.5337 0.7906 -0.3002
vn 0.5944 0.5337 -0.6015
vn 0.7340 0.5847 -0.3454
vn 0.5501 0.5957 -0.5853
vn 0.6861 0.6452 -0.3361
vn 0.5242 0.6284 -0.5747
vn 0.6578 0.6771 -0.3301
vn 0.5253 0.1415 -0.8390
vn 0.4411 0.3476 -0.8274
vn 0.3838 0.4566 -0.8026
vn 0.3451 0.5208 -0.7808
vn 0.3228 0.5549 -0.7667
vn 0.2561 0.0420 -0.9657
vn 0.1756 0.2495 -0.9523
vn 0.1262 0.3615 -0.9238
vn 0.0945 0.4282 -0.8987
vn 0.0767 0.4640 -0.8825
vn -0.0378 -0.0665 -0.9971
vn -0.1140 0.1420 -0.9833
vn -0.1546 0.2569 -0.9540
vn -0.1787 0.3263 -0.9282
vn -0.1916 0.3639 -0.9115
vn 0.6068 0.1717 0.7761
vn 0.5217 0.3769 0.7654
vn 0.2741 0.2851 0.9185
vn 0.3556 0.0790 0.9313
vn 0.4621 0.4848 0.7426
vn 0.2220 0.3955 0.8912
vn 0.4214 0.5481 0.7225
vn 0.1879 0.4611 0.8672
vn 0.3977 0.5817 0.7095
vn 0.1685 0.4962 0.8517
vn 0.8041 0.2445 0.5418
vn 0.7160 0.4492 0.5343
vn 0.6505 0.5552 0.5183
vn 0.6045 0.6167 0.5042
vn 0.5775 0.6491 0.4951
vn 0.9230 0.2885 0.2548
vn 0.8332 0.4926 0.2512
vn 0.7642 0.5972 0.2437
vn 0.7151 0.6575 0.2371
vn 0.6861 0.6892 0.2328
vn 0.9526 0.2994 -0.0547
vn 0.8620 0.5036 -0.0573
vn 0.7927 0.6070 -0.0560
vn 0.7431 0.6670 -0.0545
vn 0.7137 0.6984 -0.0535
vn -0.7109 -0.3153 0.6287
vn -0.7778 -0.1033 0.6200
vn -0.7986 0.0189 0.6015
vn -0.8053 0.0947 0.5853
vn -0.8069 0.1365 0.5747
vn -0.4911 -0.2342 0.8390
vn -0.5612 -0.0228 0.8274
vn -0.5885 0.0973 0.8026
vn -0.6008 0.1712 0.7808
vn -0.6061 0.2116 0.7667
vn -0.2219 -0.1347 0.9657
vn -0.2957 0.0753 0.9523
vn -0.3310 0.1925 0.9238
vn -0.3503 0.2638 0.8987
vn -0.3600 0.3026 0.8825
vn 0.0720 -0.0259 0.9971
vn -0.0057 0.1820 0.9833
vn -0.0496 0.2957 0.9540
vn -0.0765 0.3641 0.9282
vn -0.0911 0.4010 0.9115
vn -0.1648 -0.8232 -0.5432
vn 0.0104 -0.7577 -0.6525
vn -0.0819 -0.6362 -0.7672
vn -0.1536 -0.8315 -0.5338
vn 0.0186 -0.7671 -0.6412
vn -0.2537 -0.7476 -0.6138
vn -0.0556 -0.6736 -0.7370
vn -0.4229 -0.5459 -0.7233
vn -0.1891 -0.4588 -0.8682
vn -0.4497 -0.7741 -0.4457
vn -0.3019 -0.8749 -0.3787
vn -0.2883 -0.8823 -0.3722
vn -0.4088 -0.8060 -0.4281
vn -0.6063 -0.6145 -0.5048
vn -0.5474 -0.8102 -0.2096
vn -0.3850 -0.9056 -0.1781
vn -0.3699 -0.9124 -0.1750
vn -0.5027 -0.8407 -0.2013
vn -0.7170 -0.6554 -0.2374
vn -0.5726 -0.8184 0.0482
vn -0.4067 -0.9126 0.0410
vn -0.3913 -0.9194 0.0403
vn -0.5270 -0.8486 0.0463
vn -0.7449 -0.6649 0.0545
vn -0.5226 -0.7991 0.2973
vn -0.3644 -0.8962 0.2529
vn -0.3498 -0.9033 0.2485
vn -0.4790 -0.8301 0.2856
vn -0.6879 -0.6431 0.3365
vn 0.7966 -0.3123 -0.5175
vn 0.7574 -0.4824 -0.4400
vn 0.8597 -0.4438 -0.2529
vn 0.9166 -0.2671 -0.2973
vn 0.7526 -0.4966 -0.4324
vn 0.8531 -0.4587 -0.2485
vn 0.7883 -0.3625 -0.4972
vn 0.9037 -0.3190 -0.2856
vn 0.8049 -0.0930 -0.5860
vn 0.9408 -0.0513 -0.3351
vn 0.6157 -0.3803 -0.6901
vn 0.6035 -0.5403 -0.5865
vn 0.6013 -0.5535 -0.5763
vn 0.6145 -0.4278 -0.6629
vn 0.6004 -0.1685 -0.7817
vn 0.3942 -0.4622 -0.7944
vn 0.4152 -0.6098 -0.6750
vn 0.4164 -0.6218 -0.6633
vn 0.4018 -0.5064 -0.7630
vn 0.3496 -0.2612 -0.8997
vn 0.1521 -0.5506 -0.8208
vn 0.2094 -0.6849 -0.6979
vn 0.2141 -0.6956 -0.6858
vn 0.1692 -0.5913 -0.7885
vn 0.0755 -0.3616 -0.9293
vn 0.6827 -0.3544 0.6389
vn 0.6606 -0.5182 0.5432
vn 0.4848 -0.5823 0.6525
vn 0.4759 -0.4300 0.7672
vn 0.6575 -0.5317 0.5338
vn 0.4848 -0.5948 0.6412
vn 0.6789 -0.4029 0.6138
vn 0.4803 -0.4755 0.7370
vn 0.6763 -0.1396 0.7233
vn 0.4421 -0.2255 0.8682
vn 0.8450 -0.2956 0.4457
vn 0.7983 -0.4682 0.3787
vn 0.7928 -0.4827 0.3721
vn 0.8347 -0.3464 0.4281
vn 0.8602 -0.0725 0.5048
vn 0.9428 -0.2594 0.2095
vn 0.8814 -0.4375 0.1781
vn 0.8744 -0.4525 0.1750
vn 0.9286 -0.3117 0.2013
vn 0.9709 -0.0316 0.2374
vn 0.9025 -0.4288 -0.0410
vn 0.8952 -0.4439 -0.0403
vn 0.9522 -0.3019 -0.0463
vn 0.9983 -0.0216 -0.0541
vn -0.4020 -0.7554 0.5175
vn -0.2617 -0.8590 0.4400
vn -0.2488 -0.8667 0.4324
vn -0.3631 -0.7880 0.4972
vn -0.5518 -0.5935 0.5859
vn -0.2204 -0.6893 0.6901
vn -0.1070 -0.8029 0.5865
vn -0.0968 -0.8115 0.5763
vn -0.1886 -0.7246 0.6629
vn -0.3465 -0.5185 0.7817
vn 0.0011 -0.6075 0.7944
vn 0.0812 -0.7333 0.6750
vn 0.0881 -0.7431 0.6633
vn 0.0242 -0.6460 0.7630
vn -0.0957 -0.4258 0.8997
vn 0.2425 -0.5171 0.8208
vn 0.2863 -0.6565 0.6979
vn 0.2897 -0.6677 0.6858
vn 0.2560 -0.5592 0.7885
vn 0.1778 -0.3238 0.9293
vn 0.6209 0.2754 -0.7339
vn 0.3180 0.6720 -0.6688
vn 0.5239 0.7981 -0.2977
vn 0.8581 0.3652 -0.3610
vn -0.1115 0.8654 -0.4884
vn 0.0290 0.9892 -0.1434
vn -0.3343 0.8644 -0.3756
vn -0.2262 0.9729 -0.0485
vn -0.4174 0.8434 -0.3383
vn -0.3180 0.9480 -0.0118
vn -0.4350 0.8410 -0.3218
vn -0.3394 0.9406 -0.0030
vn 0.0479 0.0431 -0.9979
vn -0.0987 0.2454 -0.9644
vn -0.3049 0.3613 -0.8812
vn -0.4135 0.3742 -0.8301
vn -0.4536 0.3634 -0.8138
vn -0.4693 0.4068 -0.7837
vn -0.6438 -0.2676 -0.7169
vn -0.4892 -0.4550 -0.7441
vn -0.2848 -0.5700 -0.7707
vn -0.1734 -0.5859 -0.7916
vn -0.1342 -0.5782 -0.8048
vn -0.1513 -0.5318 -0.8332
vn -0.9034 -0.4179 -0.0957
vn -0.4990 -0.8516 -0.1609
vn -0.0568 -0.9681 -0.2442
vn 0.1240 -0.9477 -0.2939
vn 0.1854 -0.9293 -0.3193
vn 0.1942 -0.9211 -0.3375
vn -0.8373 -0.4117 0.3597
vn -0.3705 -0.8932 0.2547
vn 0.0861 -0.9911 0.1019
vn 0.2635 -0.9641 0.0337
vn 0.3262 -0.9453 0.0084
vn 0.3413 -0.9399 0.0022
vn -0.5999 -0.3057 0.7394
vn -0.2103 -0.7449 0.6332
vn 0.1928 -0.8758 0.4425
vn 0.3618 -0.8599 0.3602
vn 0.4236 -0.8413 0.3359
vn 0.4411 -0.8298 0.3418
vn -0.0200 -0.0371 0.9991
vn 0.1322 -0.2253 0.9653
vn 0.3162 -0.3479 0.8826
vn 0.4165 -0.3679 0.8314
vn 0.4544 -0.3606 0.8145
vn 0.4553 -0.3076 0.8355
vn 0.6641 0.2708 0.6969
vn 0.5127 0.4714 0.7175
vn 0.2915 0.5817 0.7594
vn 0.1745 0.5915 0.7872
vn 0.1342 0.5806 0.8031
vn 0.0994 0.6170 0.7807
vn 0.9187 0.3855 0.0854
vn 0.6106 0.7802 0.1361
vn 0.1494 0.9619 0.2292
vn -0.0935 0.9534 0.2869
vn -0.1792 0.9314 0.3167
vn -0.2031 0.9267 0.3162
vn 0.5709 -0.6769 -0.4646
vn 0.5881 -0.6226 -0.5162
vn 0.7579 -0.6236 -0.1917
vn 0.7178 -0.6751 -0.1703
vn 0.6489 -0.4838 -0.5873
vn 0.8433 -0.4799 -0.2421
vn 0.6896 -0.2884 -0.6643
vn 0.9168 -0.2666 -0.2974
vn 0.6960 -0.0388 -0.7170
vn 0.9390 0.0156 -0.3435
vn 0.1643 -0.5002 -0.8502
vn 0.0853 -0.4069 -0.9095
vn 0.0960 -0.3200 -0.9425
vn 0.0901 -0.2172 -0.9720
vn 0.0817 -0.1040 -0.9912
vn -0.6093 0.1516 -0.7783
vn -0.6788 0.1767 -0.7128
vn -0.6981 0.0770 -0.7119
vn -0.6957 -0.0265 -0.7179
vn -0.6863 -0.1286 -0.7158
vn -0.8165 0.5520 -0.1691
vn -0.8664 0.4825 -0.1287
vn -0.9459 0.3049 -0.1108
vn -0.9876 0.1119 -0.1102
vn -0.9904 -0.0948 -0.1010
vn -0.8031 0.5547 0.2174
vn -0.8885 0.3686 0.2735
vn -0.9333 0.1699 0.3164
vn -0.9366 -0.0482 0.3470
vn -0.5689 0.6436 0.5121
vn -0.6269 0.5710 0.5300
vn -0.6844 0.4015 0.6085
vn -0.7005 0.2180 0.6796
vn -0.6909 0.0159 0.7228
vn 0.0098 0.3804 0.9248
vn -0.0873 0.3954 0.9144
vn -0.0942 0.3001 0.9492
vn -0.0798 0.2011 0.9763
vn -0.0652 0.1010 0.9927
vn 0.7064 -0.2998 0.6412
vn 0.6751 -0.1889 0.7131
vn 0.6969 -0.0979 0.7104
vn 0.7022 0.0091 0.7119
vn 0.6983 0.1239 0.7050
vn 0.7909 -0.5956 0.1405
vn 0.8321 -0.5325 0.1551
vn 0.9121 -0.3865 0.1368
vn 0.9755 -0.1827 0.1223
vn 0.9926 0.0708 0.0989
vn -0.4354 -0.8251 -0.3601
vn -0.6397 -0.7202 -0.2684
vn -0.4968 -0.8178 0.2905
vn -0.2513 -0.9430 0.2180
vn -0.8018 -0.5886 -0.1030
vn -0.6949 -0.6347 0.3379
vn -0.7102 -0.6993 -0.0815
vn -0.5998 -0.7348 0.3168
vn -0.3635 -0.8990 -0.2443
vn -0.2146 -0.9547 0.2063
vn -0.1697 -0.9283 -0.3309
vn -0.0013 -0.9910 0.1336
vn -0.4606 -0.2950 -0.8372
vn -0.5621 -0.2645 -0.7836
vn -0.7077 -0.2658 -0.6546
vn -0.6932 -0.3788 -0.6132
vn -0.4692 -0.4866 -0.7369
vn -0.3418 -0.5087 -0.7902
vn -0.2686 0.2420 -0.9324
vn -0.2204 0.2439 -0.9444
vn -0.2073 0.2559 -0.9442
vn -0.2993 0.2591 -0.9183
vn -0.3856 0.2298 -0.8936
vn -0.4051 0.1835 -0.8957
vn 0.0691 0.6568 -0.7509
vn 0.2547 0.6039 -0.7553
vn 0.3891 0.5802 -0.7155
vn 0.2379 0.7062 -0.6669
vn -0.1508 0.7995 -0.5815
vn -0.3196 0.7711 -0.5507
vn 0.3994 0.8782 -0.2632
vn 0.5826 0.7502 -0.3126
vn 0.6687 0.6650 -0.3324
vn 0.4877 0.8241 -0.2880
vn 0.0399 0.9883 -0.1473
vn -0.1643 0.9837 -0.0724
vn 0.4721 0.8057 0.3577
vn 0.6223 0.7398 0.2559
vn 0.7027 0.6961 0.1471
vn 0.5448 0.8196 0.1774
vn 0.1835 0.9230 0.3382
vn 0.0364 0.9027 0.4288
vn 0.3619 0.4750 0.8021
vn 0.4065 0.4756 0.7801
vn 0.4154 0.4860 0.7689
vn 0.3280 0.4910 0.8071
vn 0.2483 0.4641 0.8503
vn 0.2386 0.4214 0.8750
vn 0.1995 -0.0510 0.9786
vn 0.0848 -0.0254 0.9961
vn -0.1087 -0.0444 0.9931
vn -0.1141 -0.1648 0.9797
vn 0.1457 -0.2594 0.9547
vn 0.2794 -0.2791 0.9187
vn -0.0377 -0.6780 0.7341
vn -0.2619 -0.5806 0.7709
vn -0.5025 -0.4779 0.7205
vn -0.4361 -0.5980 0.6725
vn -0.0492 -0.7828 0.6203
vn 0.1573 -0.8074 0.5686
vn 0.1763 0.9177 0.3561
vn 0.0946 0.9598 0.2644
vn -0.0282 0.9920 -0.1230
vn 0.0122 0.9904 -0.1375
vn -0.1498 0.9841 0.0952
vn -0.1959 0.9788 -0.0603
vn -0.8823 0.0044 -0.4706
vn -0.8893 -0.2807 0.3610
vn -0.3905 -0.8271 -0.4043
vn -0.1481 -0.9716 0.1844
vn 0.2767 0.4863 0.8288
vn 0.1782 0.7061 0.6853
vn -0.1359 0.9521 0.2741
vn -0.5701 0.6043 -0.5566
vn -0.5028 -0.1191 -0.8562
vn 0.1968 -0.1101 0.9742
vn 0.1415 0.2501 0.9578
vn -0.1764 0.8837 0.4335
vn -0.3859 0.8203 -0.4221
vn -0.3491 0.4692 -0.8111
vn -0.0599 -0.6576 0.7510
vn -0.1087 -0.3834 0.9171
vn -0.3687 0.7458 0.5549
vn -0.2494 0.9249 -0.2869
vn -0.1137 0.8110 -0.5739
vn -0.3288 -0.9128 0.2422
vn -0.4907 -0.8221 0.2888
vn -0.8003 0.5595 0.2157
vn -0.1280 0.9880 -0.0862
vn 0.1143 0.9783 -0.1730
vn -0.4650 -0.8073 -0.3634
vn -0.6309 -0.5764 -0.5193
vn -0.6981 0.6240 -0.3511
vn -0.0893 0.9841 0.1535
vn 0.2063 0.9293 0.3064
vn -0.4548 -0.3510 -0.8185
vn -0.5177 0.0065 -0.8555
vn -0.4849 0.7697 -0.4153
vn -0.1000 0.9260 0.3641
vn 0.2040 0.6736 0.7104
vn -0.3521 0.2539 -0.9009
vn -0.3559 0.5088 -0.7839
vn -0.3588 0.8697 -0.3390
vn -0.1385 0.7638 0.6304
vn 0.1640 0.1273 0.9782
vn -0.1672 0.7907 -0.5890
vn -0.1758 0.8598 -0.4794
vn -0.2591 0.9437 -0.2056
vn -0.3825 0.1891 0.9044
vn 0.0251 -0.6735 0.7388
vn -0.6544 0.5441 -0.5251
vn -0.4762 -0.4598 -0.7495
vn -0.2348 -0.3697 -0.8990
vn -0.4846 0.6062 -0.6306
vn -0.2727 -0.7280 -0.6290
vn -0.0707 -0.6523 -0.7546
vn -0.5493 -0.3162 -0.7735
vn -0.3003 -0.2239 -0.9272
vn -0.5582 0.7653 -0.3206
vn -0.4556 0.8028 -0.3846
vn -0.3467 0.9380 -0.0000
vn -0.7876 0.4957 -0.3661
vn -0.6664 -0.5313 -0.5231
vn -0.4316 -0.7883 -0.4386
vn -0.7462 -0.3894 -0.5400
vn -0.6393 0.7359 -0.2232
vn -0.8679 0.4660 -0.1721
vn -0.7814 -0.5738 -0.2454
vn -0.5281 -0.8239 -0.2054
vn -0.8650 -0.4333 -0.2529
vn -0.6885 0.7177 -0.1042
vn -0.8882 0.4577 0.0397
vn -0.8103 -0.5833 0.0573
vn -0.5531 -0.8317 0.0484
vn -0.8942 -0.4437 0.0596
vn -0.7014 0.7124 0.0253
vn -0.8469 0.4723 0.2444
vn -0.7513 -0.5606 0.3484
vn -0.5042 -0.8125 0.2925
vn -0.8330 -0.4208 0.3593
vn -0.6766 0.7212 0.1491
vn 0.2369 0.8735 -0.4252
vn 0.7953 0.0101 -0.6061
vn 0.9352 0.0628 -0.3484
vn 0.3362 0.9095 -0.2444
vn 0.7939 -0.3338 -0.5082
vn 0.9115 -0.2893 -0.2925
vn 0.7623 0.1686 -0.6249
vn 0.9064 0.2221 -0.3593
vn -0.0152 0.9660 -0.2582
vn 0.0449 0.9878 -0.1490
vn 0.0876 0.8191 -0.5669
vn 0.5833 -0.0694 -0.8093
vn 0.6158 -0.4011 -0.6781
vn 0.5435 0.0873 -0.8349
vn -0.1068 0.9327 -0.3445
vn -0.0944 0.7519 -0.6525
vn 0.3229 -0.1657 -0.9318
vn 0.3972 -0.4820 -0.7810
vn 0.2742 -0.0123 -0.9616
vn -0.2184 0.8914 -0.3971
vn -0.2928 0.6778 -0.6745
vn 0.0386 -0.2696 -0.9622
vn 0.1586 -0.5687 -0.8071
vn -0.0191 -0.1202 -0.9926
vn -0.3396 0.8460 -0.4109
vn 0.1432 0.8389 0.5251
vn 0.6608 -0.0396 0.7495
vn 0.4188 -0.1281 0.8990
vn -0.0261 0.7756 0.6306
vn 0.6806 -0.3757 0.6290
vn 0.4779 -0.4495 0.7546
vn 0.6229 0.1171 0.7735
vn 0.3738 0.0252 0.9272
vn -0.0737 0.9443 0.3206
vn -0.1760 0.9062 0.3846
vn 0.2759 0.8887 0.3661
vn 0.8518 0.0298 0.5231
vn 0.8405 -0.3181 0.4386
vn 0.8201 0.1895 0.5400
vn 0.0070 0.9748 0.2232
vn 0.3562 0.9184 0.1721
vn 0.9667 0.0723 0.2454
vn 0.9370 -0.2824 0.2054
vn 0.9389 0.2334 0.2529
vn 0.0563 0.9930 0.1042
vn 0.3771 0.9253 -0.0397
vn 0.9948 0.0839 -0.0573
vn 0.9611 -0.2721 -0.0484
vn 0.9678 0.2445 -0.0596
vn 0.0695 0.9973 -0.0253
vn -0.7481 0.5095 0.4252
vn -0.6107 -0.5095 0.6061
vn -0.3860 -0.7699 0.5082
vn -0.6887 -0.3677 0.6249
vn -0.6167 0.7437 0.2582
vn -0.5993 0.5653 0.5669
vn -0.3980 -0.4321 0.8093
vn -0.2069 -0.7052 0.6781
vn -0.4696 -0.2871 0.8349
vn -0.5254 0.7780 0.3445
vn -0.4172 0.6325 0.6525
vn -0.1375 -0.3358 0.9318
vn 0.0117 -0.6244 0.7810
vn -0.2003 -0.1876 0.9616
vn -0.4138 0.8192 0.3971
vn -0.2183 0.7053 0.6745
vn 0.1460 -0.2298 0.9622
vn 0.2494 -0.5351 0.8071
vn 0.0927 -0.0789 0.9926
vn -0.2922 0.8636 0.4109
vn -0.6298 0.6248 -0.4615
vn -0.5438 0.7863 -0.2933
vn -0.4491 0.8210 -0.3524
vn -0.4803 0.6794 -0.5547
vn -0.4530 0.8790 -0.1484
vn -0.4051 0.8967 -0.1784
vn -0.4438 0.8859 -0.1348
vn -0.4003 0.9019 -0.1621
vn -0.4932 0.8443 -0.2097
vn -0.4254 0.8692 -0.2522
vn -0.7465 0.5825 -0.3217
vn -0.6179 0.7593 -0.2043
vn -0.4904 0.8653 -0.1034
vn -0.4778 0.8734 -0.0939
vn -0.5460 0.8249 -0.1461
vn -0.8170 0.5564 -0.1514
vn -0.6627 0.7427 -0.0960
vn -0.5131 0.8570 -0.0486
vn -0.4984 0.8658 -0.0441
vn -0.5781 0.8131 -0.0687
vn -0.8352 0.5489 0.0346
vn -0.6744 0.7380 0.0222
vn -0.5191 0.8546 0.0112
vn -0.5039 0.8637 0.0102
vn -0.5865 0.8098 0.0158
vn -0.7990 0.5616 0.2150
vn -0.6515 0.7462 0.1366
vn -0.5076 0.8588 0.0691
vn -0.4934 0.8675 0.0628
vn -0.5703 0.8156 0.0977
vn 0.1540 0.9145 -0.3741
vn -0.0459 0.9703 -0.2375
vn 0.0096 0.9906 -0.1366
vn 0.2416 0.9463 -0.2150
vn -0.2011 0.9722 -0.1202
vn -0.1729 0.9825 -0.0691
vn -0.2150 0.9705 -0.1092
vn -0.1894 0.9799 -0.0628
vn -0.1371 0.9759 -0.1699
vn -0.0972 0.9905 -0.0977
vn 0.0226 0.8667 -0.4983
vn -0.1295 0.9398 -0.3163
vn -0.2434 0.9566 -0.1600
vn -0.2534 0.9564 -0.1454
vn -0.1969 0.9540 -0.2262
vn -0.1371 0.8077 -0.5734
vn -0.2311 0.9022 -0.3641
vn -0.2948 0.9377 -0.1842
vn -0.3000 0.9391 -0.1673
vn -0.2695 0.9272 -0.2603
vn -0.3113 0.7425 -0.5931
vn -0.3418 0.8609 -0.3767
vn -0.3508 0.9168 -0.1907
vn -0.3510 0.9202 -0.1732
vn -0.3486 0.8977 -0.2694
vn 0.0721 0.8842 0.4615
vn -0.0983 0.9510 0.2933
vn -0.1928 0.9158 0.3524
vn -0.0770 0.8285 0.5547
vn -0.2275 0.9624 0.1484
vn -0.2754 0.9446 0.1784
vn -0.2390 0.9616 0.1348
vn -0.2825 0.9455 0.1621
vn -0.1745 0.9621 0.2097
vn -0.2421 0.9369 0.2522
vn 0.1883 0.9279 0.3217
vn -0.0245 0.9786 0.2043
vn -0.1902 0.9763 0.1034
vn -0.2051 0.9742 0.0939
vn -0.1217 0.9818 0.1461
vn 0.2588 0.9540 0.1514
vn 0.0204 0.9952 0.0960
vn -0.1675 0.9847 0.0486
vn -0.1845 0.9818 0.0441
vn -0.0897 0.9936 0.0687
vn 0.2775 0.9601 -0.0346
vn 0.0323 0.9992 -0.0222
vn -0.1615 0.9868 -0.0112
vn -0.1790 0.9838 -0.0102
vn -0.0811 0.9966 -0.0158
vn -0.7117 0.5945 0.3741
vn -0.5961 0.7669 0.2375
vn -0.4795 0.8693 0.1202
vn -0.4679 0.8770 0.1092
vn -0.5305 0.8305 0.1699
vn -0.5808 0.6437 0.4983
vn -0.5128 0.7981 0.3163
vn -0.4373 0.8850 0.1600
vn -0.4295 0.8913 0.1454
vn -0.4709 0.8527 0.2262
vn -0.4211 0.7027 0.5734
vn -0.4112 0.8357 0.3641
vn -0.3859 0.9040 0.1842
vn -0.3828 0.9085 0.1673
vn -0.3983 0.8795 0.2603
vn -0.2464 0.7665 0.5931
vn -0.3002 0.8763 0.3767
vn -0.3298 0.9246 0.1907
vn -0.3319 0.9273 0.1732
vn -0.3190 0.9087 0.2694
vn 0.3101 -0.7372 0.6003
vn 0.4809 -0.6736 0.5613
vn 0.3501 -0.9087 0.2272
vn 0.4148 -0.8847 0.2126
vn 0.3502 -0.9326 0.0873
vn 0.3750 -0.9234 0.0817
vn 0.3483 -0.9368 0.0319
vn 0.3573 -0.9335 0.0298
vn 0.3467 -0.9380 -0.0000
vn 0.1336 -0.8032 0.5805
vn 0.2833 -0.9336 0.2195
vn 0.3245 -0.9421 0.0843
vn 0.3389 -0.9403 0.0308
vn -0.0283 -0.8631 0.5043
vn 0.2221 -0.9562 0.1907
vn 0.3010 -0.9508 0.0732
vn 0.3303 -0.9435 0.0267
vn -0.1613 -0.9115 0.3784
vn 0.1717 -0.9747 0.1432
vn 0.2816 -0.9579 0.0550
vn 0.3232 -0.9461 0.0201
vn -0.2497 -0.9436 0.2175
vn 0.1381 -0.9870 0.0824
vn 0.2688 -0.9627 0.0316
vn 0.3185 -0.9479 0.0116
vn 0.9672 -0.2493 -0.0482
vn 0.8401 -0.5414 -0.0353
vn 0.8033 -0.5544 -0.2175
vn 0.5507 -0.8346 -0.0134
vn 0.5370 -0.8396 -0.0824
vn 0.4272 -0.9041 -0.0051
vn 0.4219 -0.9061 -0.0316
vn 0.3764 -0.9265 -0.0019
vn 0.3745 -0.9272 -0.0116
vn 0.8217 -0.5489 0.1531
vn 0.5435 -0.8374 0.0579
vn 0.4244 -0.9052 0.0222
vn 0.3754 -0.9268 0.0081
vn 0.7503 -0.5753 0.3257
vn 0.5165 -0.8474 0.1232
vn 0.4140 -0.9090 0.0473
vn 0.3716 -0.9282 0.0173
vn 0.6320 -0.6183 0.4673
vn 0.4719 -0.8637 0.1769
vn 0.3969 -0.9153 0.0679
vn 0.3653 -0.9305 0.0248
vn 0.2439 -0.7617 -0.6003
vn 0.0728 -0.8244 -0.5613
vn 0.3250 -0.9180 -0.2272
vn 0.2603 -0.9418 -0.2126
vn 0.3405 -0.9362 -0.0873
vn 0.3157 -0.9454 -0.0817
vn 0.3447 -0.9382 -0.0319
vn 0.3356 -0.9415 -0.0298
vn 0.4209 -0.6971 -0.5805
vn 0.3919 -0.8934 -0.2195
vn 0.3662 -0.9267 -0.0843
vn 0.3541 -0.9347 -0.0308
vn 0.5828 -0.6372 -0.5043
vn 0.4532 -0.8708 -0.1907
vn 0.3897 -0.9180 -0.0732
vn 0.3627 -0.9315 -0.0267
vn 0.7153 -0.5875 -0.3785
vn 0.5035 -0.8520 -0.1432
vn 0.4091 -0.9108 -0.0550
vn 0.3698 -0.9289 -0.0201
vn -0.2861 -0.9576 0.0353
vn 0.1244 -0.9921 0.0134
vn 0.2635 -0.9646 0.0051
vn 0.3166 -0.9486 0.0019
vn -0.2673 -0.9514 -0.1531
vn 0.1317 -0.9896 -0.0579
vn 0.2663 -0.9636 -0.0222
vn 0.3176 -0.9482 -0.0081
vn -0.1958 -0.9250 -0.3257
vn 0.1587 -0.9796 -0.1232
vn 0.2767 -0.9598 -0.0473
vn 0.3214 -0.9468 -0.0173
vn -0.2881 -0.7133 -0.6389
vn -0.0780 -0.8807 -0.4673
vn 0.2032 -0.9630 -0.1769
vn 0.2938 -0.9535 -0.0679
vn 0.3277 -0.9445 -0.0248
vn -0.5751 0.2625 -0.7748
vn -0.6846 0.2951 -0.6665
vn -0.5831 0.4606 -0.6692
vn -0.4689 0.3741 -0.8001
vn -0.6427 0.5862 -0.4934
vn -0.5080 0.7859 -0.3527
vn -0.4831 0.6445 -0.5926
vn -0.3336 0.9426 0.0169
vn 0.0153 0.8466 0.5320
vn -0.3391 0.9405 0.0206
vn 0.4621 0.4847 0.7427
vn 0.4942 0.1035 0.8631
vn 0.2221 0.3954 0.8913
vn 0.6564 -0.0138 0.7543
vn 0.5484 -0.0971 0.8305
vn 0.4122 -0.1035 0.9052
vn -0.7793 0.1882 -0.5978
vn -0.8540 0.2336 -0.4650
vn -0.7592 0.3967 -0.5160
vn -0.7676 0.5408 -0.3439
vn -0.6005 0.7521 -0.2717
vn -0.3294 0.9441 0.0118
vn 0.1543 0.8990 0.4098
vn 0.6506 0.5550 0.5184
vn 0.7218 0.1873 0.6663
vn 0.8483 0.0565 0.5265
vn 0.7674 -0.0170 0.6409
vn -0.9226 0.1358 -0.3612
vn -0.9559 0.1959 -0.2186
vn -0.8827 0.3516 -0.3117
vn -0.8431 0.5130 -0.1617
vn -0.6653 0.7284 -0.1640
vn -0.3268 0.9451 0.0056
vn 0.2522 0.9355 0.2476
vn 0.7643 0.5971 0.2437
vn 0.8816 0.2463 0.4027
vn 0.9638 0.0992 0.2476
vn 0.9211 0.0394 0.3874
vn -0.9899 0.1104 -0.0890
vn -0.9814 0.1855 0.0503
vn -0.9410 0.3295 -0.0768
vn -0.8623 0.5050 0.0373
vn -0.6962 0.7167 -0.0404
vn -0.3261 0.9453 -0.0011
vn 0.2987 0.9524 0.0610
vn 0.7928 0.6069 -0.0561
vn 0.9566 0.2741 0.0992
vn 0.9923 0.1104 -0.0569
vn 0.9932 0.0664 0.0956
vn -0.9749 0.1147 0.1908
vn -0.9285 0.2042 0.3101
vn -0.9284 0.3330 0.1648
vn -0.8235 0.5187 0.2297
vn -0.6900 0.7186 0.0869
vn -0.3272 0.9449 -0.0080
vn 0.2898 0.9481 -0.1310
vn 0.7341 0.5846 -0.3454
vn 0.9396 0.2681 -0.2126
vn 0.9322 0.0887 -0.3508
vn 0.9770 0.0613 -0.2045
vn 0.5723 0.6866 -0.4484
vn 0.4469 0.7133 -0.5399
vn 0.4079 0.8268 -0.3873
vn 0.5725 0.7590 -0.3101
vn 0.1949 0.8957 -0.3996
vn 0.0142 0.9789 -0.2040
vn 0.2882 0.9296 -0.2297
vn -0.3625 0.9319 0.0139
vn -0.7724 0.5555 0.3079
vn -0.3660 0.9306 0.0080
vn -0.7987 0.0187 0.6014
vn -0.7839 -0.3689 0.4995
vn -0.9379 -0.0333 0.3454
vn -0.6241 -0.4870 0.6109
vn -0.6815 -0.5517 0.4808
vn -0.7658 -0.5389 0.3508
vn 0.4058 0.6262 -0.6657
vn 0.2575 0.6444 -0.7200
vn 0.2638 0.7748 -0.5746
vn 0.0545 0.8447 -0.5325
vn -0.0619 0.9511 -0.3025
vn -0.3577 0.9337 0.0184
vn -0.6582 0.5987 0.4564
vn -0.5885 0.0971 0.8026
vn -0.5992 -0.3009 0.7419
vn -0.4103 -0.4086 0.8153
vn -0.5034 -0.4867 0.7139
vn 0.1837 0.5447 -0.8183
vn 0.0265 0.5590 -0.8287
vn 0.0719 0.7044 -0.7061
vn -0.1165 0.7815 -0.6129
vn -0.1630 0.9140 -0.3715
vn -0.3519 0.9358 0.0211
vn -0.5061 0.6552 0.5609
vn -0.3309 0.1923 0.9239
vn -0.3518 -0.2096 0.9123
vn -0.1486 -0.3119 0.9384
vn -0.2654 -0.3992 0.8776
vn -0.0714 0.4498 -0.8903
vn -0.2254 0.4649 -0.8562
vn -0.1482 0.6225 -0.7685
vn -0.3028 0.7118 -0.6338
vn -0.2788 0.8709 -0.4046
vn -0.3455 0.9382 0.0218
vn -0.3310 0.7196 0.6104
vn -0.0494 0.2956 0.9540
vn -0.0672 -0.1042 0.9923
vn 0.1368 -0.2058 0.9690
vn 0.0081 -0.2977 0.9546
vn -0.3335 0.3518 -0.8747
vn -0.3745 0.5377 -0.7554
vn -0.3981 0.8265 -0.3981
vn -0.1506 0.7853 0.6005
vn 0.2252 0.0041 0.9743
vn 0.2893 -0.1929 0.9376
vn 0.2661 0.5734 0.7748
vn 0.3281 0.6694 0.6665
vn 0.1434 0.7291 0.6692
vn 0.1129 0.5891 0.8001
vn 0.1070 0.8632 0.4934
vn -0.1252 0.9273 0.3527
vn -0.0522 0.8038 0.5926
vn -0.3596 0.9329 -0.0169
vn -0.5623 0.6332 -0.5320
vn -0.3541 0.9350 -0.0206
vn -0.6662 0.0677 -0.7427
vn -0.4428 -0.2428 -0.8631
vn -0.4259 0.1559 -0.8913
vn -0.4897 -0.4374 -0.7543
vn -0.3535 -0.4304 -0.8305
vn -0.2458 -0.3467 -0.9052
vn 0.4696 0.6498 0.5978
vn 0.4968 0.7328 0.4650
vn 0.3187 0.7951 0.5160
vn 0.2314 0.9101 0.3439
vn -0.0330 0.9618 0.2717
vn -0.3638 0.9314 -0.0118
vn -0.7019 0.5826 -0.4098
vn -0.8552 -0.0015 -0.5184
vn -0.6701 -0.3271 -0.6663
vn -0.6812 -0.5088 -0.5265
vn -0.5719 -0.5120 -0.6409
vn 0.6125 0.7031 0.3612
vn 0.5987 0.7705 0.2186
vn 0.4419 0.8412 0.3117
vn 0.3068 0.9379 0.1617
vn 0.0317 0.9860 0.1640
vn -0.3664 0.9304 -0.0056
vn -0.8000 0.5466 -0.2476
vn -0.9689 -0.0435 -0.2437
vn -0.8299 -0.3862 -0.4027
vn -0.7966 -0.5514 -0.2476
vn -0.7253 -0.5691 -0.3874
vn 0.6802 0.7276 0.0890
vn 0.6249 0.7791 -0.0503
vn 0.5006 0.8623 0.0768
vn 0.3267 0.9444 -0.0372
vn 0.0628 0.9972 0.0404
vn -0.3671 0.9302 0.0011
vn -0.8463 0.5292 -0.0610
vn -0.9969 -0.0546 0.0561
vn -0.9049 -0.4139 -0.0992
vn -0.8255 -0.5615 0.0569
vn -0.7977 -0.5955 -0.0956
vn 0.6659 0.7212 -0.1908
vn 0.4887 0.8567 -0.1648
vn 0.0568 0.9946 -0.0869
vn -0.8367 0.5317 0.1310
vn -0.8881 -0.4074 0.2126
vn -0.7820 -0.5888 0.2045
vn -0.8813 0.1493 0.4484
vn -0.8034 0.2512 0.5399
vn -0.8476 0.3628 0.3873
vn -0.7306 0.5536 0.3996
vn -0.6474 0.7343 0.2040
vn -0.3307 0.9436 -0.0139
vn 0.2255 0.9243 -0.3079
vn 0.5946 0.5336 -0.6014
vn 0.8353 0.2296 -0.4995
vn 0.7909 0.0359 -0.6109
vn 0.8765 0.0242 -0.4808
vn -0.7156 0.2118 0.6657
vn -0.6147 0.3220 0.7200
vn -0.7042 0.4170 0.5746
vn -0.5907 0.6062 0.5325
vn -0.5716 0.7627 0.3025
vn -0.3355 0.9418 -0.0184
vn 0.1106 0.8829 -0.4564
vn 0.3839 0.4565 -0.8026
vn 0.6508 0.1611 -0.7419
vn 0.5774 -0.0436 -0.8153
vn 0.6989 -0.0423 -0.7139
vn -0.4938 0.2943 0.8183
vn -0.3837 0.4074 0.8287
vn -0.5128 0.4883 0.7061
vn -0.4198 0.6694 0.6129
vn -0.4706 0.8003 0.3715
vn -0.3413 0.9397 -0.0211
vn -0.0417 0.8269 -0.5609
vn 0.1263 0.3612 -0.9239
vn 0.4036 0.0696 -0.9123
vn 0.3158 -0.1403 -0.9384
vn 0.4612 -0.1306 -0.8776
vn -0.2383 0.3881 0.8903
vn -0.1311 0.4997 0.8562
vn -0.2923 0.5692 0.7685
vn -0.2329 0.7376 0.6338
vn -0.3546 0.8429 0.4046
vn -0.3477 0.9374 -0.0218
vn -0.2165 0.7619 -0.6104
vn -0.1547 0.2567 -0.9540
vn 0.1188 -0.0355 -0.9923
vn 0.0300 -0.2453 -0.9690
vn 0.1874 -0.2314 -0.9546
vn 0.0245 0.4841 0.8747
vn -0.0652 0.6520 0.7554
vn -0.2351 0.8867 0.3981
vn -0.3963 0.6945 -0.6005
vn -0.1737 -0.1434 -0.9743
vn -0.0943 -0.3347 -0.9376
vn -0.4522 -0.2196 -0.8644
vn -0.6160 -0.1432 -0.7746
vn -0.5226 -0.0093 -0.8525
vn -0.3653 -0.0507 -0.9295
vn -0.6566 0.0145 -0.7541
vn -0.5510 0.1099 -0.8272
vn -0.4124 0.1042 -0.9050
vn -0.6726 0.1099 -0.7318
vn -0.5644 0.1832 -0.8049
vn -0.4356 0.1968 -0.8783
vn -0.6790 0.1663 -0.7151
vn -0.5703 0.2234 -0.7905
vn -0.4475 0.2511 -0.8583
vn -0.6815 0.1976 -0.7046
vn -0.4534 0.2811 -0.8458
vn -0.6800 -0.3039 -0.6673
vn -0.8130 -0.2158 -0.5408
vn -0.7474 -0.0918 -0.6580
vn -0.8484 -0.0558 -0.5264
vn -0.7691 0.0302 -0.6384
vn -0.8587 0.0419 -0.5108
vn -0.7765 0.1059 -0.6211
vn -0.8608 0.1000 -0.4990
vn -0.7786 0.1475 -0.6099
vn -0.8607 0.1324 -0.4917
vn -0.8399 -0.3631 -0.4033
vn -0.9316 -0.2596 -0.2543
vn -0.9052 -0.1499 -0.3977
vn -0.9639 -0.0985 -0.2475
vn -0.9222 -0.0259 -0.3858
vn -0.9707 0.0005 -0.2402
vn -0.9255 0.0513 -0.3753
vn -0.9703 0.0596 -0.2346
vn -0.9249 0.0940 -0.3685
vn -0.9685 0.0925 -0.2312
vn -0.9151 -0.3908 -0.0994
vn -0.9609 -0.2707 0.0584
vn -0.9792 -0.1775 -0.0980
vn -0.9923 -0.1096 0.0569
vn -0.9941 -0.0529 -0.0951
vn -0.9984 -0.0106 0.0552
vn -0.9954 0.0250 -0.0925
vn -0.9974 0.0486 0.0539
vn -0.9935 0.0681 -0.0908
vn -0.9952 0.0816 0.0532
vn -0.8983 -0.3844 0.2129
vn -0.8993 -0.2480 0.3602
vn -0.9625 -0.1719 0.2100
vn -0.9323 -0.0879 0.3507
vn -0.9779 -0.0478 0.2037
vn -0.9402 0.0103 0.3404
vn -0.9797 0.0297 0.1983
vn -0.9405 0.0689 0.3326
vn -0.9782 0.0726 0.1947
vn -0.9393 0.1016 0.3278
vn 0.8093 0.2435 -0.5345
vn 0.6963 0.3455 -0.6291
vn 0.7367 0.4614 -0.4943
vn 0.8035 0.4770 -0.3562
vn 0.6237 0.4877 -0.6109
vn 0.6739 0.5627 -0.4787
vn 0.7654 0.5395 -0.3507
vn 0.5699 0.5691 -0.5928
vn 0.6276 0.6238 -0.4658
vn 0.7075 0.6193 -0.3404
vn 0.5351 0.6150 -0.5792
vn 0.6003 0.6560 -0.4575
vn 0.6697 0.6640 -0.3326
vn 0.5148 0.6397 -0.5708
vn 0.6475 0.6880 -0.3278
vn 0.6430 0.1851 -0.7432
vn 0.4797 0.2620 -0.8374
vn 0.5573 0.3904 -0.7328
vn 0.4099 0.4093 -0.8151
vn 0.4965 0.4980 -0.7109
vn 0.3622 0.4932 -0.7909
vn 0.4548 0.5610 -0.6917
vn 0.3321 0.5409 -0.7727
vn 0.4305 0.5944 -0.6792
vn 0.3147 0.5668 -0.7614
vn 0.3954 0.0935 -0.9137
vn 0.2110 0.1627 -0.9639
vn 0.3130 0.3003 -0.9010
vn 0.1484 0.3126 -0.9382
vn 0.2595 0.4108 -0.8740
vn 0.1084 0.3994 -0.9104
vn 0.2241 0.4762 -0.8503
vn 0.0841 0.4492 -0.8894
vn 0.2040 0.5112 -0.8349
vn 0.0704 0.4765 -0.8764
vn 0.1103 -0.0118 -0.9938
vn -0.0823 0.0541 -0.9951
vn 0.0320 0.1962 -0.9800
vn -0.1370 0.2065 -0.9688
vn -0.0131 0.3097 -0.9508
vn -0.1683 0.2962 -0.9402
vn -0.0410 0.3777 -0.9250
vn -0.1863 0.3484 -0.9187
vn -0.0564 0.4144 -0.9083
vn -0.1960 0.3770 -0.9052
vn -0.1826 -0.1199 -0.9758
vn -0.2567 0.0890 -0.9624
vn -0.2931 0.2053 -0.9338
vn -0.3134 0.2760 -0.9086
vn -0.3238 0.3145 -0.8923
vn 0.4863 0.1273 0.8644
vn 0.5611 0.2919 0.7746
vn 0.4030 0.3328 0.8525
vn 0.3105 0.1991 0.9295
vn 0.4894 0.4380 0.7541
vn 0.3471 0.4419 0.8272
vn 0.2455 0.3474 0.9050
vn 0.4395 0.5209 0.7318
vn 0.3095 0.5062 0.8049
vn 0.2029 0.4328 0.8783
vn 0.4076 0.5679 0.7151
vn 0.2879 0.5406 0.7905
vn 0.1766 0.4818 0.8583
vn 0.3892 0.5933 0.7046
vn 0.1616 0.5084 0.8458
vn 0.7142 0.2114 0.6673
vn 0.7579 0.3648 0.5408
vn 0.6274 0.4163 0.6580
vn 0.6808 0.5094 0.5264
vn 0.5646 0.5232 0.6384
vn 0.6250 0.5903 0.5108
vn 0.5210 0.5854 0.6211
vn 0.5889 0.6358 0.4990
vn 0.4956 0.6184 0.6099
vn 0.5677 0.6603 0.4917
vn 0.8742 0.2704 0.4033
vn 0.8765 0.4087 0.2543
vn 0.7851 0.4748 0.3977
vn 0.7962 0.5521 0.2475
vn 0.7174 0.5801 0.3858
vn 0.7371 0.6317 0.2402
vn 0.6697 0.6409 0.3753
vn 0.6983 0.6762 0.2346
vn 0.6414 0.6729 0.3685
vn 0.6756 0.7001 0.2312
vn 0.9493 0.2983 0.0994
vn 0.9046 0.4225 -0.0561
vn 0.8593 0.5020 0.0980
vn 0.8251 0.5621 -0.0569
vn 0.7895 0.6063 0.0951
vn 0.7653 0.6413 -0.0552
vn 0.7399 0.6663 0.0925
vn 0.7260 0.6855 -0.0539
vn 0.7105 0.6978 0.0908
vn 0.7029 0.7093 -0.0532
vn 0.9405 0.2920 -0.1735
vn 0.8407 0.4998 -0.2082
vn 0.7739 0.5996 -0.2037
vn 0.7249 0.6597 -0.1983
vn 0.6958 0.6913 -0.1947
vn -0.7938 -0.3458 0.5003
vn -0.7540 -0.1942 0.6275
vn -0.8594 -0.1338 0.4934
vn -0.7910 -0.0352 0.6109
vn -0.8779 -0.0109 0.4787
vn -0.8030 0.0617 0.5928
vn -0.8824 0.0657 0.4658
vn -0.8064 0.1192 0.5792
vn -0.8826 0.1079 0.4575
vn -0.8071 0.1512 0.5708
vn -0.6088 -0.2776 0.7432
vn -0.5348 -0.1129 0.8374
vn -0.6772 -0.0659 0.7328
vn -0.5776 0.0443 0.8151
vn -0.7011 0.0554 0.7109
vn -0.5959 0.1391 0.7909
vn -0.7103 0.1303 0.6917
vn -0.6040 0.1949 0.7727
vn -0.7136 0.1715 0.6792
vn -0.6077 0.2259 0.7614
vn -0.3612 -0.1862 0.9137
vn -0.2661 -0.0136 0.9639
vn -0.4331 0.0246 0.9010
vn -0.3160 0.1410 0.9382
vn -0.4643 0.1433 0.8740
vn -0.3421 0.2329 0.9104
vn -0.4799 0.2160 0.8503
vn -0.3561 0.2866 0.8894
vn -0.4874 0.2557 0.8349
vn -0.3633 0.3162 0.8764
vn -0.0761 -0.0807 0.9938
vn 0.0273 0.0946 0.9951
vn -0.1519 0.1283 0.9800
vn -0.0303 0.2459 0.9688
vn -0.1914 0.2437 0.9508
vn -0.0648 0.3345 0.9402
vn -0.2145 0.3136 0.9250
vn -0.0851 0.3858 0.9187
vn -0.2267 0.3515 0.9083
vn -0.0963 0.4139 0.9052
vn 0.2167 0.0277 0.9758
vn 0.1372 0.2346 0.9624
vn 0.0891 0.3465 0.9338
vn 0.0586 0.4135 0.9086
vn 0.0415 0.4495 0.8923
vn -0.0810 -0.7917 -0.6056
vn -0.0347 -0.7016 -0.7117
vn -0.1404 -0.8410 -0.5225
vn -0.0713 -0.8005 -0.5950
vn 0.0282 -0.7780 -0.6277
vn -0.1931 -0.8011 -0.5665
vn -0.1589 -0.7120 -0.6840
vn -0.0103 -0.7327 -0.6804
vn -0.3327 -0.6641 -0.6695
vn -0.3109 -0.5040 -0.8058
vn -0.1165 -0.5834 -0.8038
vn -0.5072 -0.4051 -0.7607
vn -0.2612 -0.3138 -0.9129
vn -0.3756 -0.8295 -0.4133
vn -0.2394 -0.8514 -0.4667
vn -0.2721 -0.8907 -0.3642
vn -0.2269 -0.8592 -0.4586
vn -0.3361 -0.8550 -0.3950
vn -0.3381 -0.7794 -0.5274
vn -0.5021 -0.7278 -0.4671
vn -0.5227 -0.5833 -0.6218
vn -0.7003 -0.4771 -0.5310
vn -0.5072 -0.7955 -0.3317
vn -0.4663 -0.8630 -0.1943
vn -0.3507 -0.8931 -0.2819
vn -0.3520 -0.9202 -0.1713
vn -0.3363 -0.9001 -0.2769
vn -0.4228 -0.8870 -0.1857
vn -0.4640 -0.8266 -0.3186
vn -0.6046 -0.7657 -0.2196
vn -0.6715 -0.6387 -0.3757
vn -0.8168 -0.5201 -0.2497
vn -0.5695 -0.8179 -0.0817
vn -0.4898 -0.8707 0.0447
vn -0.4039 -0.9122 -0.0695
vn -0.3730 -0.9270 0.0394
vn -0.3885 -0.9189 -0.0683
vn -0.4454 -0.8943 0.0428
vn -0.5240 -0.8481 -0.0785
vn -0.6308 -0.7743 0.0505
vn -0.7418 -0.6642 -0.0926
vn -0.8459 -0.5303 0.0573
vn -0.5568 -0.8119 0.1754
vn -0.4436 -0.8527 0.2758
vn -0.3935 -0.9071 0.1492
vn -0.3324 -0.9112 0.2433
vn -0.3783 -0.9140 0.1466
vn -0.4012 -0.8772 0.2637
vn -0.5118 -0.8424 0.1685
vn -0.5782 -0.7541 0.3115
vn -0.7267 -0.6577 0.1985
vn -0.7856 -0.5076 0.3538
vn 0.8650 -0.2864 -0.4121
vn 0.7801 -0.4013 -0.4800
vn 0.8157 -0.4602 -0.3504
vn 0.8915 -0.3593 -0.2758
vn 0.7467 -0.5131 -0.4232
vn 0.8099 -0.4749 -0.3444
vn 0.8451 -0.4760 -0.2433
vn 0.7687 -0.4456 -0.4589
vn 0.8540 -0.3376 -0.3959
vn 0.8753 -0.4054 -0.2637
vn 0.8040 -0.2440 -0.5423
vn 0.8817 -0.0692 -0.4667
vn 0.9296 -0.1968 -0.3115
vn 0.7836 0.0680 -0.6175
vn 0.9384 0.0255 -0.3446
vn 0.7126 -0.3441 -0.6115
vn 0.6122 -0.4644 -0.6399
vn 0.6858 -0.5094 -0.5197
vn 0.5986 -0.5688 -0.5640
vn 0.6823 -0.5232 -0.5107
vn 0.6081 -0.5060 -0.6117
vn 0.7075 -0.3930 -0.5873
vn 0.6144 -0.3151 -0.7233
vn 0.7101 -0.1276 -0.6925
vn 0.5690 -0.0079 -0.8223
vn 0.5088 -0.4199 -0.7515
vn 0.4068 -0.5403 -0.7366
vn 0.5126 -0.5740 -0.6386
vn 0.4176 -0.6357 -0.6492
vn 0.5121 -0.5866 -0.6275
vn 0.4118 -0.5785 -0.7041
vn 0.5118 -0.4659 -0.7218
vn 0.3823 -0.4009 -0.8325
vn 0.4794 -0.2134 -0.8512
vn 0.3052 -0.1054 -0.9464
vn 0.2742 -0.5061 -0.8177
vn 0.1823 -0.6222 -0.7613
vn 0.3132 -0.6471 -0.6951
vn 0.2196 -0.7079 -0.6713
vn 0.3161 -0.6585 -0.6830
vn 0.1972 -0.6568 -0.7278
vn 0.2865 -0.5486 -0.7855
vn 0.1286 -0.4936 -0.8601
vn 0.2137 -0.3111 -0.9260
vn 0.0170 -0.2114 -0.9773
vn 0.0326 -0.5941 -0.8037
vn 0.1078 -0.7219 -0.6836
vn 0.1143 -0.7320 -0.6717
vn 0.0544 -0.6331 -0.7721
vn -0.0596 -0.4111 -0.9096
vn 0.5836 -0.3904 0.7120
vn 0.6745 -0.4403 0.5926
vn 0.5764 -0.5487 0.6056
vn 0.4827 -0.5104 0.7117
vn 0.6536 -0.5476 0.5225
vn 0.5748 -0.5618 0.5950
vn 0.4845 -0.6093 0.6277
vn 0.6677 -0.4829 0.5665
vn 0.5837 -0.4375 0.6840
vn 0.4844 -0.5499 0.6804
vn 0.6847 -0.2881 0.6695
vn 0.5640 -0.1806 0.8058
vn 0.4679 -0.3675 0.8038
vn 0.6488 0.0221 0.7607
vn 0.4025 -0.0685 0.9129
vn 0.7711 -0.3224 0.5491
vn 0.8248 -0.3858 0.4133
vn 0.7356 -0.4910 0.4667
vn 0.7860 -0.4996 0.3642
vn 0.7311 -0.5051 0.4586
vn 0.8114 -0.4308 0.3950
vn 0.7637 -0.3722 0.5274
vn 0.8548 -0.2263 0.4671
vn 0.7764 -0.1031 0.6218
vn 0.8423 0.0931 0.5310
vn 0.9026 -0.2744 0.3317
vn 0.9155 -0.3523 0.1943
vn 0.8472 -0.4503 0.2819
vn 0.8659 -0.4700 0.1713
vn 0.8408 -0.4651 0.2769
vn 0.8980 -0.3988 0.1857
vn 0.8900 -0.3261 0.3186
vn 0.9572 -0.1885 0.2196
vn 0.9255 -0.0485 0.3757
vn 0.9587 0.1361 0.2497
vn 0.9000 -0.4303 0.0695
vn 0.8862 -0.4616 -0.0394
vn 0.8927 -0.4454 0.0683
vn 0.9200 -0.3897 -0.0428
vn 0.9496 -0.3035 0.0785
vn 0.9827 -0.1780 -0.0505
vn 0.9955 -0.0222 0.0926
vn 0.9881 0.1436 -0.0549
vn 0.8889 -0.4332 -0.1492
vn 0.8818 -0.4483 -0.1466
vn 0.9367 -0.3070 -0.1685
vn 0.9800 -0.0329 -0.1963
vn -0.4708 -0.7801 0.4121
vn -0.3316 -0.8122 0.4800
vn -0.3203 -0.8801 0.3504
vn -0.2335 -0.8754 0.4232
vn -0.3064 -0.8874 0.3444
vn -0.2941 -0.8384 0.4589
vn -0.4292 -0.8119 0.3959
vn -0.4520 -0.7082 0.5423
vn -0.6293 -0.6217 0.4664
vn -0.6427 -0.4552 0.6162
vn -0.3175 -0.7248 0.6115
vn -0.1630 -0.7509 0.6399
vn -0.1897 -0.8330 0.5197
vn -0.0848 -0.8214 0.5640
vn -0.1780 -0.8411 0.5107
vn -0.1329 -0.7798 0.6117
vn -0.2819 -0.7587 0.5873
vn -0.2618 -0.6390 0.7233
vn -0.4564 -0.5588 0.6925
vn -0.4271 -0.3761 0.8223
vn -0.1134 -0.6499 0.7515
vn 0.0423 -0.6750 0.7366
vn -0.0161 -0.7694 0.6386
vn 0.0963 -0.7545 0.6492
vn -0.0075 -0.7786 0.6275
vn 0.0634 -0.7073 0.7041
vn -0.0858 -0.6868 0.7218
vn -0.0297 -0.5532 0.8325
vn -0.2254 -0.4739 0.8512
vn -0.1633 -0.2786 0.9464
vn 0.1209 -0.5628 0.8177
vn 0.2662 -0.5912 0.7613
vn 0.1829 -0.6953 0.6950
vn 0.2936 -0.6806 0.6713
vn 0.1881 -0.7058 0.6830
vn 0.2774 -0.6272 0.7278
vn 0.1392 -0.6030 0.7855
vn 0.2233 -0.4586 0.8601
vn 0.0400 -0.3753 0.9260
vn 0.1246 -0.1716 0.9773
vn 0.3616 -0.4725 0.8037
vn 0.3876 -0.6185 0.6836
vn 0.3892 -0.6303 0.6717
vn 0.3704 -0.5163 0.7721
vn 0.3127 -0.2735 0.9096
vn 0.7686 0.3319 -0.5469
vn 0.5084 0.4730 -0.7196
vn 0.4414 0.7574 -0.4813
vn 0.7360 0.5821 -0.3457
vn 0.0865 0.8097 -0.5805
vn -0.0341 0.9512 -0.3067
vn 0.2587 0.9405 -0.2204
vn -0.2480 0.8733 -0.4193
vn -0.2789 0.9395 -0.1988
vn -0.1283 0.9880 -0.0861
vn -0.3869 0.8528 -0.3508
vn -0.3683 0.9158 -0.1606
vn -0.2847 0.9583 -0.0252
vn -0.4328 0.8376 -0.3334
vn -0.3884 0.9093 -0.1493
vn -0.3345 0.9424 -0.0050
vn 0.3811 0.1805 -0.9068
vn -0.0060 0.1417 -0.9899
vn 0.1346 0.5088 -0.8503
vn -0.2102 0.3225 -0.9229
vn -0.2085 0.6866 -0.6964
vn -0.3711 0.3741 -0.8499
vn -0.3900 0.6996 -0.5987
vn -0.4391 0.3692 -0.8191
vn -0.4588 0.6834 -0.5678
vn -0.4606 0.3586 -0.8119
vn -0.4732 0.6947 -0.5418
vn -0.3253 -0.1189 -0.9381
vn -0.5828 -0.3609 -0.7281
vn -0.3315 -0.1017 -0.9380
vn -0.3805 -0.5294 -0.7582
vn -0.3455 -0.1089 -0.9321
vn -0.2166 -0.5845 -0.7819
vn -0.3428 -0.1197 -0.9317
vn -0.1480 -0.5825 -0.7993
vn -0.3397 -0.1235 -0.9324
vn -0.1279 -0.5749 -0.8081
vn -0.3634 -0.0545 -0.9300
vn -0.8365 -0.3696 -0.4046
vn -0.7496 -0.6512 -0.1183
vn -0.5345 -0.7155 -0.4498
vn -0.2411 -0.9483 -0.2064
vn -0.1669 -0.8522 -0.4959
vn 0.0566 -0.9604 -0.2728
vn -0.0002 -0.8477 -0.5305
vn 0.1634 -0.9369 -0.3091
vn 0.0559 -0.8319 -0.5521
vn 0.1961 -0.9250 -0.3255
vn 0.0547 -0.8127 -0.5801
vn -0.8909 -0.4270 0.1547
vn -0.6559 -0.6791 0.3297
vn -0.4358 -0.8975 0.0677
vn -0.0977 -0.9810 0.1673
vn 0.0248 -0.9982 -0.0539
vn 0.1971 -0.9786 0.0598
vn 0.2052 -0.9720 -0.1145
vn 0.3033 -0.9527 0.0178
vn 0.2676 -0.9532 -0.1405
vn 0.3378 -0.9412 0.0037
vn 0.2808 -0.9478 -0.1514
vn -0.7477 -0.3741 0.5486
vn -0.4472 -0.5395 0.7134
vn -0.3023 -0.8481 0.4351
vn 0.0253 -0.8498 0.5264
vn 0.1380 -0.9564 0.2573
vn 0.2976 -0.8713 0.3901
vn 0.3130 -0.9322 0.1820
vn 0.4008 -0.8491 0.3439
vn 0.3759 -0.9132 0.1573
vn 0.4353 -0.8366 0.3326
vn 0.3924 -0.9065 0.1558
vn -0.3572 -0.1924 0.9140
vn 0.0420 -0.1299 0.9906
vn -0.0666 -0.5426 0.8373
vn 0.2312 -0.3034 0.9244
vn 0.2573 -0.6954 0.6710
vn 0.3770 -0.3651 0.8512
vn 0.4072 -0.6971 0.5901
vn 0.4407 -0.3649 0.8202
vn 0.4627 -0.6815 0.5669
vn 0.4611 -0.3572 0.8122
vn 0.4778 -0.6563 0.5839
vn 0.3525 0.1316 0.9265
vn 0.6091 0.3690 0.7020
vn 0.3462 0.1488 0.9263
vn 0.3941 0.5459 0.7394
vn 0.3323 0.1416 0.9325
vn 0.2197 0.5925 0.7751
vn 0.3351 0.1308 0.9331
vn 0.1482 0.5863 0.7964
vn 0.3382 0.1270 0.9325
vn 0.1280 0.5762 0.8073
vn 0.3126 0.1954 0.9296
vn 0.8514 0.3543 0.3869
vn 0.8063 0.5831 0.0997
vn 0.5979 0.6801 0.4243
vn 0.3648 0.9125 0.1850
vn 0.2213 0.8455 0.4860
vn -0.0002 0.9649 0.2625
vn 0.0187 0.8506 0.5254
vn -0.1487 0.9408 0.3045
vn -0.0525 0.8336 0.5499
vn -0.1938 0.9259 0.3242
vn -0.0810 0.8397 0.5370
vn 0.9095 0.3840 -0.1593
vn 0.5798 0.8085 -0.1003
vn 0.0868 0.9959 0.0260
vn -0.1689 0.9802 0.1036
vn -0.2599 0.9558 0.1375
vn -0.2820 0.9486 0.1434
vn 0.6592 -0.6856 -0.3089
vn 0.5639 -0.6616 -0.4942
vn 0.6925 -0.6345 -0.3432
vn 0.7278 -0.6630 -0.1755
vn 0.6201 -0.5607 -0.5486
vn 0.7696 -0.4926 -0.4062
vn 0.7998 -0.5602 -0.2155
vn 0.6723 -0.3932 -0.6273
vn 0.8320 -0.2844 -0.4763
vn 0.8837 -0.3825 -0.2698
vn 0.6987 -0.1697 -0.6950
vn 0.8487 -0.0100 -0.5288
vn 0.9371 -0.1328 -0.3228
vn 0.6749 0.1064 -0.7302
vn 0.9168 0.1785 -0.3573
vn 0.4210 -0.6300 -0.6526
vn 0.0751 -0.4331 -0.8982
vn 0.4014 -0.5631 -0.7223
vn 0.0941 -0.3671 -0.9254
vn 0.4362 -0.4358 -0.7873
vn 0.0937 -0.2696 -0.9584
vn 0.4476 -0.2702 -0.8524
vn 0.0864 -0.1624 -0.9829
vn 0.4422 -0.0720 -0.8940
vn 0.0722 -0.0378 -0.9967
vn -0.2262 -0.2235 -0.9481
vn -0.6679 0.2102 -0.7140
vn -0.3340 -0.1272 -0.9340
vn -0.6920 0.1296 -0.7102
vn -0.3333 -0.1291 -0.9340
vn -0.6983 0.0244 -0.7154
vn -0.3316 -0.1282 -0.9347
vn -0.6919 -0.0765 -0.7180
vn -0.3299 -0.1251 -0.9357
vn -0.6740 -0.1897 -0.7140
vn -0.7878 0.4222 -0.4486
vn -0.8295 0.5401 -0.1423
vn -0.8358 0.3805 -0.3958
vn -0.9099 0.3982 -0.1158
vn -0.8908 0.2246 -0.3949
vn -0.9716 0.2090 -0.1104
vn -0.9113 0.0571 -0.4077
vn -0.9941 0.0125 -0.1073
vn -0.9067 -0.1159 -0.4057
vn -0.9687 -0.2296 -0.0941
vn -0.7919 0.6106 0.0026
vn -0.7571 0.6246 0.1913
vn -0.8459 0.5295 0.0639
vn -0.8503 0.4650 0.2466
vn -0.9332 0.3443 0.1031
vn -0.9159 0.2702 0.2967
vn -0.9815 0.1450 0.1252
vn -0.9406 0.0660 0.3331
vn -0.9868 -0.0721 0.1452
vn -0.9127 -0.1968 0.3582
vn -0.6634 0.6581 0.3560
vn -0.5948 0.6268 0.5033
vn -0.7369 0.5698 0.3638
vn -0.6615 0.4901 0.5677
vn -0.8132 0.3887 0.4332
vn -0.6963 0.3108 0.6469
vn -0.8474 0.1945 0.4940
vn -0.6989 0.1216 0.7048
vn -0.8457 -0.0200 0.5333
vn -0.6671 -0.1182 0.7355
vn -0.3591 0.5806 0.7307
vn -0.0810 0.4271 0.9006
vn -0.4259 0.5320 0.7319
vn -0.0951 0.3502 0.9318
vn -0.4556 0.3855 0.8024
vn -0.0877 0.2500 0.9643
vn -0.4491 0.2280 0.8639
vn -0.0725 0.1523 0.9857
vn -0.4321 0.0595 0.8999
vn -0.0517 0.0403 0.9979
vn 0.4441 0.0242 0.8957
vn 0.6624 -0.2160 0.7173
vn 0.3439 0.1233 0.9309
vn 0.6886 -0.1474 0.7100
vn 0.3446 0.1215 0.9308
vn 0.7009 -0.0452 0.7118
vn 0.3463 0.1223 0.9301
vn 0.7017 0.0650 0.7095
vn 0.3480 0.1254 0.9291
vn 0.6888 0.1901 0.6996
vn 0.7903 -0.4935 0.3632
vn 0.8029 -0.5733 0.1632
vn 0.8136 -0.4108 0.4115
vn 0.8721 -0.4676 0.1444
vn 0.8706 -0.2753 0.4078
vn 0.9477 -0.2914 0.1303
vn 0.9065 -0.1006 0.4100
vn 0.9919 -0.0614 0.1114
vn 0.9118 0.1015 0.3978
vn 0.9723 0.2163 0.0880
vn 0.7612 -0.6479 -0.0282
vn 0.8042 -0.5932 -0.0360
vn 0.8914 -0.4476 -0.0713
vn 0.9661 -0.2348 -0.1075
vn 0.9888 0.0417 -0.1434
vn -0.3479 -0.9357 -0.0592
vn -0.5173 -0.7904 -0.3282
vn -0.5812 -0.8134 0.0247
vn -0.3505 -0.9029 0.2487
vn -0.7530 -0.6326 -0.1812
vn -0.7582 -0.6381 0.1342
vn -0.6336 -0.7023 0.3247
vn -0.7876 -0.6126 -0.0659
vn -0.6595 -0.7397 0.1336
vn -0.6836 -0.6481 0.3356
vn -0.5594 -0.8154 -0.1492
vn -0.2885 -0.9575 -0.0058
vn -0.4326 -0.8593 0.2727
vn -0.2185 -0.9222 -0.3190
vn -0.0820 -0.9926 -0.0891
vn -0.0516 -0.9871 0.1514
vn -0.4817 -0.5926 -0.6456
vn -0.4962 -0.2897 -0.8185
vn -0.6405 -0.5243 -0.5611
vn -0.6433 -0.2503 -0.7235
vn -0.7984 -0.4668 -0.3803
vn -0.7292 -0.3111 -0.6095
vn -0.7340 -0.5871 -0.3414
vn -0.5971 -0.4480 -0.6654
vn -0.4318 -0.7467 -0.5059
vn -0.3760 -0.4869 -0.7884
vn -0.2623 -0.7691 -0.5828
vn -0.3841 -0.0083 -0.9232
vn -0.2457 0.2341 -0.9407
vn -0.4166 0.0018 -0.9091
vn -0.2022 0.2492 -0.9471
vn -0.5053 -0.0074 -0.8629
vn -0.2431 0.2617 -0.9340
vn -0.5497 -0.0780 -0.8317
vn -0.3523 0.2459 -0.9030
vn -0.4555 -0.1430 -0.8787
vn -0.4009 0.2183 -0.8897
vn -0.3921 -0.1761 -0.9029
vn -0.1162 0.4633 -0.8785
vn 0.1523 0.6309 -0.7607
vn 0.0137 0.4494 -0.8932
vn 0.3478 0.5757 -0.7400
vn 0.1182 0.4612 -0.8794
vn 0.3564 0.6283 -0.6915
vn -0.0061 0.5381 -0.8429
vn 0.0476 0.7752 -0.6300
vn -0.2739 0.5625 -0.7801
vn -0.2784 0.7890 -0.5478
vn -0.3787 0.5174 -0.7674
vn 0.2546 0.8001 -0.5432
vn 0.4898 0.8227 -0.2886
vn 0.4521 0.6986 -0.5546
vn 0.6541 0.6810 -0.3293
vn 0.5668 0.6346 -0.5254
vn 0.6176 0.7181 -0.3210
vn 0.3949 0.7862 -0.4754
vn 0.2762 0.9342 -0.2259
vn -0.0457 0.9306 -0.3632
vn -0.1175 0.9890 -0.0902
vn -0.2455 0.9186 -0.3095
vn 0.4715 0.8802 0.0535
vn 0.5446 0.7759 0.3183
vn 0.6395 0.7678 -0.0392
vn 0.6867 0.7010 0.1924
vn 0.7148 0.6893 -0.1183
vn 0.6582 0.7399 0.1388
vn 0.5379 0.8390 -0.0820
vn 0.3691 0.8940 0.2542
vn 0.1154 0.9901 0.0798
vn 0.0649 0.9158 0.3963
vn -0.0715 0.9830 0.1693
vn 0.4264 0.6639 0.6143
vn 0.3855 0.4674 0.7956
vn 0.5370 0.6428 0.5463
vn 0.4218 0.4798 0.7693
vn 0.6077 0.6421 0.4673
vn 0.3810 0.4923 0.7826
vn 0.4824 0.7186 0.5009
vn 0.2786 0.4790 0.8324
vn 0.2344 0.7504 0.6180
vn 0.2351 0.4533 0.8598
vn 0.1494 0.7126 0.6855
vn 0.2884 0.2403 0.9269
vn 0.1598 -0.0473 0.9860
vn 0.2536 0.2495 0.9346
vn -0.0169 -0.0188 0.9997
vn 0.1569 0.2374 0.9587
vn -0.1500 -0.0970 0.9839
vn 0.1089 0.1655 0.9802
vn -0.0012 -0.2278 0.9737
vn 0.2167 0.1055 0.9705
vn 0.2500 -0.2555 0.9339
vn 0.2837 0.0737 0.9561
vn 0.0874 -0.3822 0.9199
vn -0.1239 -0.6449 0.7541
vn -0.0941 -0.3224 0.9419
vn -0.4117 -0.5064 0.7577
vn -0.3350 -0.2954 0.8947
vn -0.5130 -0.5111 0.6897
vn -0.2997 -0.4265 0.8534
vn -0.2673 -0.7074 0.6543
vn 0.0506 -0.5684 0.8212
vn 0.1117 -0.8002 0.5893
vn 0.2317 -0.5865 0.7761
vn -0.1511 -0.8629 0.4823
vn -0.3942 -0.7443 0.5391
vn -0.6146 -0.5850 0.5292
vn -0.5296 -0.6917 0.4910
vn -0.1373 -0.9016 0.4103
vn 0.0775 -0.9337 0.3495
vn 0.0937 0.9911 0.0946
vn 0.1444 0.9449 0.2936
vn 0.0351 0.9975 0.0614
vn 0.0026 0.9910 -0.1341
vn 0.0047 0.9789 0.2045
vn -0.1700 0.9854 0.0129
vn -0.0846 0.9911 -0.1024
vn -0.5238 0.8386 -0.1492
vn -0.9630 -0.2385 -0.1254
vn -0.6381 0.7589 0.1300
vn -0.5915 -0.6324 -0.5002
vn -0.2563 -0.9626 -0.0880
vn -0.2885 -0.9295 0.2298
vn -0.3713 -0.8518 -0.3696
vn -0.1664 -0.9675 0.1905
vn 0.2455 0.7431 0.6225
vn 0.2498 0.6082 0.7535
vn 0.1465 0.8633 0.4830
vn 0.0485 0.8438 0.5344
vn -0.1373 0.9729 0.1859
vn -0.3761 0.9194 -0.1156
vn -0.7231 0.3523 -0.5942
vn -0.5745 0.1829 -0.7978
vn -0.4935 -0.5124 -0.7028
vn -0.4576 -0.2575 -0.8510
vn 0.2606 0.1914 0.9463
vn 0.2067 0.0486 0.9772
vn 0.1796 0.4998 0.8473
vn 0.0029 0.5902 0.8073
vn -0.1473 0.9229 0.3557
vn -0.3271 0.9442 -0.0382
vn -0.4638 0.7399 -0.4873
vn -0.3816 0.6469 -0.6602
vn -0.4417 0.2183 -0.8702
vn -0.3034 0.3213 -0.8971
vn 0.0860 -0.4037 0.9108
vn -0.0355 -0.5590 0.8284
vn 0.0496 -0.0484 0.9976
vn -0.2705 0.1247 0.9546
vn -0.2389 0.8281 0.5072
vn -0.3325 0.9430 0.0134
vn -0.3177 0.8777 -0.3589
vn -0.1829 0.8751 -0.4481
vn -0.2387 0.6599 -0.7124
vn -0.0212 0.7248 -0.6887
vn -0.2055 -0.8287 0.5206
vn -0.3565 -0.9001 0.2505
vn -0.3072 -0.6717 0.6741
vn -0.8452 -0.3948 0.3603
vn -0.5891 0.6389 0.4947
vn -0.3489 0.9371 0.0009
vn -0.1832 0.9630 -0.1975
vn -0.0040 0.9913 -0.1317
vn 0.0105 0.9192 -0.3937
vn 0.2695 0.9366 -0.2238
vn -0.4170 -0.9069 -0.0612
vn -0.5035 -0.7320 -0.4591
vn -0.6057 -0.7820 -0.1470
vn -0.8223 -0.0792 -0.5635
vn -0.8207 0.5533 -0.1424
vn -0.3446 0.9385 -0.0200
vn -0.0980 0.9945 0.0367
vn 0.0680 0.9678 0.2422
vn 0.1789 0.9814 0.0695
vn 0.3574 0.8647 0.3529
vn -0.4752 -0.6111 -0.6330
vn -0.4626 -0.1988 -0.8640
vn -0.5883 -0.2841 -0.7571
vn -0.5581 0.3828 -0.7362
vn -0.5749 0.7039 -0.4172
vn -0.3080 0.9513 0.0144
vn -0.0924 0.9609 0.2609
vn 0.0685 0.8133 0.5779
vn 0.2104 0.8259 0.5231
vn 0.3061 0.5465 0.7795
vn -0.4137 -0.0578 -0.9086
vn -0.3355 0.3918 -0.8567
vn -0.4398 0.2709 -0.8563
vn -0.3721 0.6884 -0.6226
vn -0.4167 0.8233 -0.3853
vn -0.2947 0.9494 0.1083
vn -0.1120 0.8699 0.4804
vn 0.0463 0.4124 0.9098
vn 0.1913 0.4523 0.8711
vn 0.2074 -0.0118 0.9782
vn -0.2675 0.5535 -0.7887
vn -0.1546 0.8344 -0.5290
vn -0.2658 0.7109 -0.6512
vn -0.2088 0.9000 -0.3827
vn -0.3059 0.9106 -0.2778
vn -0.3804 0.8917 0.2455
vn -0.2113 0.5414 0.8138
vn -0.0857 -0.4455 0.8912
vn 0.1076 -0.2902 0.9509
vn 0.0200 -0.7072 0.7068
vn -0.0718 0.9299 -0.3607
vn -0.0964 0.9489 -0.3006
vn -0.2228 0.9658 -0.1323
vn -0.6422 -0.1199 0.7571
vn -0.0600 -0.8900 0.4519
vn -0.5731 0.5736 -0.5853
vn -0.6618 0.0438 -0.7484
vn -0.3605 -0.4163 -0.8347
vn -0.4200 0.1329 -0.8977
vn -0.3154 -0.6828 -0.6590
vn -0.1759 -0.6915 -0.7007
vn -0.1037 -0.6034 -0.7907
vn -0.3419 -0.6519 -0.6768
vn -0.4298 -0.2718 -0.8610
vn -0.1245 -0.5706 -0.8117
vn -0.6832 0.3224 -0.6552
vn -0.5123 0.7772 -0.3653
vn -0.4723 0.3998 -0.7855
vn -0.4216 0.9009 -0.1029
vn -0.3887 0.9130 -0.1241
vn -0.7269 0.5178 -0.4511
vn -0.8522 -0.0265 -0.5225
vn -0.5796 -0.4988 -0.6444
vn -0.4820 -0.7460 -0.4596
vn -0.3590 -0.7608 -0.5406
vn -0.5133 -0.7167 -0.4721
vn -0.6563 -0.3560 -0.6652
vn -0.8500 0.2616 -0.4572
vn -0.6082 0.7421 -0.2817
vn -0.4469 0.8918 -0.0712
vn -0.8349 0.4783 -0.2725
vn -0.9670 -0.0689 -0.2453
vn -0.7341 -0.5565 -0.3891
vn -0.5831 -0.7833 -0.2154
vn -0.4883 -0.8095 -0.3260
vn -0.6172 -0.7551 -0.2211
vn -0.8163 -0.4153 -0.4015
vn -0.9507 0.2244 -0.2140
vn -0.6756 0.7174 -0.1699
vn -0.4626 0.8860 -0.0333
vn -0.8859 0.4591 -0.0671
vn -0.9952 -0.0795 0.0569
vn -0.8070 -0.5828 -0.0952
vn -0.6092 -0.7914 0.0506
vn -0.5500 -0.8314 -0.0794
vn -0.6437 -0.7635 0.0522
vn -0.8913 -0.4428 -0.0977
vn -0.9754 0.2144 0.0507
vn -0.7076 0.7054 -0.0415
vn -0.4674 0.8840 0.0079
vn -0.8751 0.4620 0.1442
vn -0.9357 -0.0577 0.3479
vn -0.7914 -0.5756 0.2060
vn -0.5579 -0.7713 0.3064
vn -0.5377 -0.8252 0.1731
vn -0.5908 -0.7430 0.3146
vn -0.8744 -0.4361 0.2128
vn -0.9236 0.2331 0.3044
vn -0.7009 0.7075 0.0902
vn -0.4600 0.8866 0.0481
vn 0.2936 0.8939 -0.3387
vn 0.6082 0.5132 -0.6056
vn 0.8750 0.0403 -0.4825
vn 0.7484 0.5647 -0.3479
vn 0.8022 -0.2698 -0.5326
vn 0.8609 -0.3083 -0.4047
vn 0.9254 -0.2231 -0.3064
vn 0.8057 -0.2278 -0.5467
vn 0.8444 0.1991 -0.4974
vn 0.9320 -0.1801 -0.3146
vn 0.4276 0.7330 -0.5290
vn 0.0283 0.9770 -0.2111
vn 0.5500 0.7777 -0.3044
vn -0.2472 0.9654 -0.0831
vn -0.2272 0.9727 -0.0481
vn 0.1674 0.8484 -0.5023
vn 0.3962 0.4350 -0.8086
vn 0.6970 -0.0269 -0.7166
vn 0.6157 -0.3402 -0.7107
vn 0.7113 -0.3653 -0.6005
vn 0.6142 -0.3000 -0.7299
vn 0.6608 0.1309 -0.7390
vn 0.2416 0.6651 -0.7066
vn -0.0501 0.9484 -0.3132
vn -0.2769 0.9546 -0.1100
vn -0.0003 0.7867 -0.6173
vn 0.1363 0.3389 -0.9309
vn 0.4577 -0.1160 -0.8815
vn 0.3867 -0.4249 -0.8185
vn 0.5103 -0.4404 -0.7387
vn 0.3787 -0.3870 -0.8407
vn 0.4135 0.0392 -0.9096
vn 0.0135 0.5808 -0.8140
vn -0.1551 0.9098 -0.3850
vn -0.3125 0.9414 -0.1267
vn -0.1928 0.7152 -0.6718
vn -0.1472 0.2340 -0.9610
vn 0.1818 -0.2173 -0.9590
vn 0.1367 -0.5157 -0.8458
vn 0.2788 -0.5251 -0.8041
vn 0.1220 -0.4805 -0.8685
vn 0.1286 -0.0659 -0.9895
vn -0.2345 0.4882 -0.8406
vn -0.2755 0.8651 -0.4192
vn -0.3511 0.9270 -0.1320
vn -0.3907 0.6410 -0.6607
vn -0.1012 -0.3205 -0.9418
vn 0.0413 -0.6112 -0.7904
vn -0.1628 -0.1731 -0.9713
vn -0.3989 0.8191 -0.4122
vn 0.0623 0.8084 0.5853
vn 0.4742 0.4636 0.7484
vn 0.5446 -0.0818 0.8347
vn 0.2327 0.3741 0.8977
vn 0.6837 -0.3136 0.6590
vn 0.5833 -0.4109 0.7007
vn 0.4712 -0.3909 0.7907
vn 0.6837 -0.2729 0.6768
vn 0.5033 0.0730 0.8610
vn 0.4657 -0.3525 0.8117
vn 0.3093 0.6892 0.6552
vn -0.1163 0.9236 0.3653
vn 0.0988 0.6109 0.7855
vn -0.2657 0.9586 0.1029
vn -0.2985 0.9463 0.1241
vn 0.2154 0.8661 0.4511
vn 0.6646 0.5342 0.5225
vn 0.7647 -0.0019 0.6444
vn 0.8513 -0.2532 0.4596
vn 0.7676 -0.3445 0.5406
vn 0.8560 -0.2106 0.4721
vn 0.7301 0.1565 0.6652
vn 0.4756 0.7516 0.4572
vn -0.0207 0.9593 0.2817
vn -0.2405 0.9680 0.0712
vn 0.3232 0.9063 0.2725
vn 0.7793 0.5766 0.2453
vn 0.9196 0.0547 0.3891
vn 0.9524 -0.2158 0.2154
vn 0.8974 -0.2973 0.3260
vn 0.9599 -0.1722 0.2211
vn 0.8902 0.2154 0.4015
vn 0.5762 0.7888 0.2140
vn 0.0466 0.9844 0.1699
vn -0.2248 0.9738 0.0333
vn 0.3744 0.9248 0.0671
vn 0.8077 0.5869 -0.0569
vn 0.9921 0.0821 0.0952
vn 0.9775 -0.2050 -0.0506
vn 0.9585 -0.2739 0.0794
vn 0.9855 -0.1613 -0.0522
vn 0.9650 0.2433 0.0977
vn 0.6015 0.7972 -0.0507
vn 0.0788 0.9960 0.0415
vn -0.2198 0.9755 -0.0079
vn 0.3643 0.9200 -0.1442
vn 0.9755 0.0774 -0.2060
vn 0.9451 -0.2772 -0.1731
vn 0.9478 0.2374 -0.2128
vn 0.0723 0.9933 -0.0902
vn -0.8044 0.4881 0.3387
vn -0.7958 -0.0058 0.6056
vn -0.6909 -0.5384 0.4825
vn -0.4340 -0.7266 0.5326
vn -0.4535 -0.7941 0.4047
vn -0.4639 -0.6970 0.5467
vn -0.7709 -0.3979 0.4974
vn -0.8015 0.2787 0.5290
vn -0.6570 0.7238 0.2111
vn -0.4401 0.8941 0.0831
vn -0.6789 0.5356 0.5023
vn -0.5839 0.0727 0.8086
vn -0.5119 -0.4737 0.7166
vn -0.2464 -0.6589 0.7107
vn -0.3028 -0.7401 0.6005
vn -0.2715 -0.6273 0.7299
vn -0.5871 -0.3304 0.7390
vn -0.6161 0.3481 0.7066
vn -0.5787 0.7530 0.3132
vn -0.4105 0.9052 0.1100
vn -0.5114 0.5978 0.6173
vn -0.3239 0.1688 0.9309
vn -0.2722 -0.3858 0.8815
vn -0.0174 -0.5742 0.8185
vn -0.1013 -0.6664 0.7387
vn -0.0360 -0.5403 0.8407
vn -0.3397 -0.2392 0.9096
vn -0.3879 0.4324 0.8140
vn -0.4739 0.7920 0.3850
vn -0.3749 0.9184 0.1267
vn -0.3186 0.6687 0.6718
vn -0.0404 0.2734 0.9610
vn 0.0033 -0.2833 0.9590
vn 0.2316 -0.4807 0.8458
vn 0.1298 -0.5802 0.8041
vn 0.2198 -0.4443 0.8685
vn -0.0548 -0.1336 0.9895
vn -0.1394 0.5234 0.8406
vn -0.3534 0.8363 0.4192
vn -0.3362 0.9325 0.1320
vn -0.1201 0.7410 0.6607
vn 0.2853 -0.1777 0.9418
vn 0.3661 -0.4911 0.7904
vn 0.2363 -0.0256 0.9713
vn -0.2297 0.8817 0.4122
vn -0.5583 0.6508 -0.5146
vn -0.6063 0.6809 -0.4108
vn -0.4985 0.8029 -0.3270
vn -0.4735 0.7295 -0.4936
vn -0.4839 0.8530 -0.1954
vn -0.4301 0.8875 -0.1655
vn -0.4209 0.8762 -0.2348
vn -0.4416 0.8875 -0.1316
vn -0.4230 0.8935 -0.1504
vn -0.3992 0.9031 -0.1582
vn -0.4595 0.8740 -0.1580
vn -0.4608 0.8561 -0.2340
vn -0.4085 0.8928 -0.1900
vn -0.5562 0.7690 -0.3150
vn -0.4545 0.8063 -0.3787
vn -0.6934 0.6018 -0.3964
vn -0.7102 0.6431 -0.2863
vn -0.5841 0.7716 -0.2519
vn -0.5332 0.8350 -0.1361
vn -0.4734 0.8716 -0.1274
vn -0.4748 0.8753 -0.0916
vn -0.4623 0.8791 -0.1157
vn -0.4993 0.8594 -0.1100
vn -0.5219 0.8338 -0.1800
vn -0.6358 0.7400 -0.2194
vn -0.7880 0.5672 -0.2394
vn -0.7730 0.6199 -0.1346
vn -0.6442 0.7496 -0.1520
vn -0.5631 0.8239 -0.0640
vn -0.5037 0.8604 -0.0769
vn -0.4949 0.8679 -0.0431
vn -0.4899 0.8690 -0.0698
vn -0.5234 0.8505 -0.0517
vn -0.5648 0.8180 -0.1087
vn -0.6839 0.7222 -0.1032
vn -0.8329 0.5502 -0.0593
vn -0.7893 0.6133 0.0310
vn -0.6729 0.7388 -0.0375
vn -0.5710 0.8208 0.0148
vn -0.5183 0.8550 -0.0190
vn -0.5002 0.8658 0.0099
vn -0.5031 0.8641 -0.0172
vn -0.5298 0.8480 0.0119
vn -0.5854 0.8103 -0.0268
vn -0.6965 0.7172 0.0238
vn -0.8237 0.5526 0.1266
vn -0.7571 0.6247 0.1913
vn -0.6672 0.7405 0.0806
vn -0.5558 0.8263 0.0910
vn -0.5155 0.8559 0.0408
vn -0.4900 0.8696 0.0613
vn -0.5006 0.8649 0.0370
vn -0.5176 0.8524 0.0736
vn -0.5815 0.8115 0.0576
vn -0.6720 0.7259 0.1468
vn 0.2040 0.9325 -0.2980
vn 0.0911 0.9386 -0.3327
vn -0.0143 0.9818 -0.1892
vn 0.1689 0.9669 -0.1913
vn -0.1523 0.9756 -0.1582
vn -0.1850 0.9781 -0.0958
vn -0.1152 0.9892 -0.0910
vn -0.2183 0.9701 -0.1066
vn -0.2003 0.9759 -0.0870
vn -0.1933 0.9792 -0.0613
vn -0.1912 0.9732 -0.1280
vn -0.1143 0.9842 -0.1354
vn -0.1612 0.9842 -0.0736
vn -0.0214 0.9667 -0.2552
vn 0.0384 0.9884 -0.1468
vn 0.0928 0.8923 -0.4417
vn -0.0260 0.8960 -0.4432
vn -0.0849 0.9561 -0.2804
vn -0.2080 0.9552 -0.2107
vn -0.2208 0.9649 -0.1419
vn -0.2558 0.9563 -0.1419
vn -0.2329 0.9639 -0.1289
vn -0.2363 0.9566 -0.1704
vn -0.1650 0.9657 -0.2005
vn -0.1112 0.9339 -0.3398
vn -0.0546 0.8383 -0.5425
vn -0.1683 0.8434 -0.5102
vn -0.1786 0.9217 -0.3444
vn -0.2756 0.9302 -0.2425
vn -0.2682 0.9475 -0.1742
vn -0.3013 0.9394 -0.1633
vn -0.2759 0.9481 -0.1582
vn -0.2909 0.9364 -0.1961
vn -0.2319 0.9411 -0.2462
vn -0.2203 0.8936 -0.3911
vn -0.2234 0.7755 -0.5905
vn -0.3234 0.7854 -0.5277
vn -0.2860 0.8818 -0.3750
vn -0.3494 0.9027 -0.2510
vn -0.3225 0.9273 -0.1898
vn -0.3510 0.9210 -0.1690
vn -0.3253 0.9298 -0.1724
vn -0.3506 0.9143 -0.2030
vn -0.3087 0.9126 -0.2681
vn -0.3392 0.8492 -0.4047
vn -0.3975 0.7102 -0.5811
vn -0.3966 0.8405 -0.3691
vn -0.3785 0.9065 -0.1869
vn -0.3761 0.9109 -0.1698
vn -0.3878 0.8831 -0.2641
vn 0.0008 0.8574 0.5146
vn 0.0178 0.9115 0.4108
vn -0.1435 0.9341 0.3270
vn -0.1147 0.8621 0.4936
vn -0.1871 0.9627 0.1954
vn -0.2504 0.9539 0.1655
vn -0.2501 0.9393 0.2348
vn -0.2417 0.9614 0.1316
vn -0.2598 0.9539 0.1504
vn -0.2841 0.9456 0.1582
vn -0.2194 0.9628 0.1580
vn -0.2068 0.9500 0.2340
vn -0.2703 0.9438 0.1900
vn -0.0776 0.9459 0.3150
vn -0.1791 0.9080 0.3787
vn 0.1353 0.9081 0.3964
vn 0.1213 0.9504 0.2863
vn -0.0581 0.9660 0.2519
vn -0.1380 0.9810 0.1361
vn -0.2072 0.9700 0.1274
vn -0.2086 0.9737 0.0916
vn -0.2206 0.9685 0.1157
vn -0.1796 0.9776 0.1100
vn -0.1458 0.9728 0.1800
vn 0.0017 0.9756 0.2194
vn 0.2297 0.9434 0.2394
vn 0.1841 0.9737 0.1346
vn 0.0018 0.9884 0.1520
vn -0.1081 0.9921 0.0640
vn -0.1769 0.9812 0.0769
vn -0.1885 0.9811 0.0431
vn -0.1930 0.9787 0.0698
vn -0.1555 0.9865 0.0517
vn -0.1029 0.9887 0.1087
vn 0.0498 0.9934 0.1032
vn 0.2749 0.9596 0.0593
vn 0.2007 0.9792 -0.0310
vn 0.0307 0.9988 0.0375
vn -0.1001 0.9949 -0.0148
vn -0.1623 0.9866 0.0190
vn -0.1831 0.9830 -0.0099
vn -0.1798 0.9836 0.0172
vn -0.1490 0.9888 -0.0119
vn -0.0823 0.9962 0.0268
vn 0.0627 0.9978 -0.0238
vn 0.2663 0.9555 -0.1266
vn 0.0252 0.9964 -0.0806
vn -0.1650 0.9854 -0.0408
vn -0.1822 0.9826 -0.0370
vn -0.0860 0.9946 -0.0576
vn -0.7614 0.5757 0.2980
vn -0.6796 0.6538 0.3327
vn -0.6277 0.7551 0.1892
vn -0.5188 0.8401 0.1582
vn -0.4955 0.8633 0.0958
vn -0.4651 0.8788 0.1066
vn -0.4825 0.8716 0.0870
vn -0.4877 0.8636 0.1280
vn -0.5532 0.8220 0.1354
vn -0.6124 0.7483 0.2552
vn -0.6508 0.6175 0.4417
vn -0.5630 0.6975 0.4432
vn -0.5573 0.7815 0.2804
vn -0.4632 0.8608 0.2107
vn -0.4598 0.8766 0.1419
vn -0.4276 0.8928 0.1419
vn -0.4500 0.8837 0.1289
vn -0.4427 0.8803 0.1704
vn -0.5027 0.8409 0.2005
vn -0.5229 0.7817 0.3398
vn -0.5037 0.6723 0.5425
vn -0.4207 0.7501 0.5102
vn -0.4637 0.8163 0.3444
vn -0.3956 0.8858 0.2425
vn -0.4125 0.8942 0.1742
vn -0.3821 0.9096 0.1633
vn -0.4070 0.8996 0.1582
vn -0.3880 0.9006 0.1961
vn -0.4358 0.8657 0.2462
vn -0.4138 0.8220 0.3911
vn -0.3346 0.7344 0.5905
vn -0.2652 0.8070 0.5277
vn -0.3562 0.8558 0.3750
vn -0.3217 0.9130 0.2510
vn -0.3581 0.9142 0.1898
vn -0.3323 0.9279 0.1690
vn -0.3576 0.9178 0.1724
vn -0.3282 0.9225 0.2030
vn -0.3590 0.8940 0.2681
vn -0.2946 0.8657 0.4047
vn -0.1599 0.7980 0.5811
vn -0.2454 0.8964 0.3691
vn -0.3020 0.9348 0.1869
vn -0.3067 0.9366 0.1698
vn -0.2797 0.9230 0.2641
vn 0.3972 -0.7047 0.5879
vn 0.4806 -0.4799 0.7340
vn 0.3420 -0.8616 0.3752
vn 0.3831 -0.8965 0.2226
vn 0.4488 -0.8219 0.3509
vn 0.3510 -0.9258 0.1401
vn 0.3629 -0.9279 0.0855
vn 0.3909 -0.9111 0.1311
vn 0.3492 -0.9355 0.0542
vn 0.3530 -0.9351 0.0316
vn 0.3646 -0.9298 0.0507
vn 0.3474 -0.9376 0.0137
vn 0.3513 -0.9362 0.0129
vn 0.0264 -0.6496 0.7598
vn 0.2211 -0.7706 0.5978
vn 0.2317 -0.9027 0.3626
vn 0.3164 -0.9213 0.2262
vn 0.3098 -0.9411 0.1353
vn 0.3372 -0.9374 0.0868
vn 0.3332 -0.9414 0.0523
vn 0.3435 -0.9386 0.0321
vn 0.3434 -0.9391 0.0132
vn -0.1855 -0.7279 0.6602
vn 0.0500 -0.8343 0.5491
vn 0.1306 -0.9401 0.3150
vn 0.2517 -0.9453 0.2076
vn 0.2720 -0.9551 0.1176
vn 0.3124 -0.9466 0.0797
vn 0.3186 -0.9468 0.0455
vn 0.3343 -0.9420 0.0295
vn 0.3397 -0.9405 0.0115
vn -0.0994 -0.8890 0.4470
vn 0.0473 -0.9705 0.2365
vn 0.1951 -0.9661 0.1691
vn 0.2410 -0.9665 0.0883
vn 0.2907 -0.9546 0.0649
vn 0.3066 -0.9512 0.0341
vn 0.3263 -0.9450 0.0240
vn 0.3366 -0.9416 0.0087
vn -0.4747 -0.8329 0.2845
vn -0.2117 -0.9297 0.3014
vn -0.0080 -0.9907 0.1360
vn 0.1525 -0.9817 0.1141
vn 0.2203 -0.9741 0.0508
vn 0.2743 -0.9606 0.0438
vn 0.2986 -0.9542 0.0196
vn 0.3202 -0.9472 0.0162
vn 0.3346 -0.9424 0.0050
vn 0.9510 -0.2546 -0.1754
vn 0.9506 -0.3069 -0.0461
vn 0.8283 -0.5453 -0.1283
vn 0.9023 -0.3240 -0.2845
vn 0.6731 -0.7392 -0.0221
vn 0.5464 -0.8361 -0.0486
vn 0.6504 -0.7474 -0.1360
vn 0.4746 -0.8801 -0.0083
vn 0.4255 -0.9047 -0.0187
vn 0.4662 -0.8832 -0.0508
vn 0.3970 -0.9178 -0.0032
vn 0.3762 -0.9265 -0.0069
vn 0.3937 -0.9190 -0.0196
vn 0.3595 -0.9331 -0.0008
vn 0.3587 -0.9334 -0.0050
vn 0.9645 -0.2509 0.0817
vn 0.9271 -0.3167 0.2005
vn 0.8379 -0.5426 0.0597
vn 0.6615 -0.7439 0.0956
vn 0.5497 -0.8350 0.0226
vn 0.4702 -0.8818 0.0357
vn 0.4268 -0.9043 0.0087
vn 0.3953 -0.9185 0.0138
vn 0.3766 -0.9264 0.0032
vn 0.3590 -0.9333 0.0035
vn 0.8336 -0.3512 0.4263
vn 0.7923 -0.5599 0.2424
vn 0.6168 -0.7604 0.2034
vn 0.5324 -0.8415 0.0916
vn 0.4535 -0.8880 0.0759
vn 0.4201 -0.9068 0.0352
vn 0.3888 -0.9208 0.0294
vn 0.3742 -0.9273 0.0130
vn 0.3574 -0.9339 0.0074
vn 0.6964 -0.5949 0.4014
vn 0.5431 -0.7872 0.2921
vn 0.4962 -0.8548 0.1519
vn 0.4261 -0.8981 0.1091
vn 0.4062 -0.9119 0.0583
vn 0.3782 -0.9248 0.0422
vn 0.3690 -0.9292 0.0216
vn 0.3548 -0.9349 0.0107
vn 0.5596 -0.6447 0.5208
vn 0.4446 -0.8737 0.1972
vn 0.3865 -0.9192 0.0757
vn 0.3617 -0.9319 0.0280
vn 0.1565 -0.7936 -0.5879
vn -0.0530 -0.6771 -0.7340
vn 0.3005 -0.8769 -0.3752
vn 0.2920 -0.9302 -0.2226
vn 0.1936 -0.9162 -0.3509
vn 0.3355 -0.9316 -0.1401
vn 0.3278 -0.9409 -0.0855
vn 0.2956 -0.9463 -0.1311
vn 0.3432 -0.9377 -0.0542
vn 0.3400 -0.9399 -0.0316
vn 0.3277 -0.9434 -0.0507
vn 0.3459 -0.9382 -0.0137
vn 0.3420 -0.9396 -0.0129
vn 0.4024 -0.5106 -0.7598
vn 0.3332 -0.7291 -0.5978
vn 0.4111 -0.8364 -0.3626
vn 0.3588 -0.9056 -0.2262
vn 0.3767 -0.9164 -0.1353
vn 0.3535 -0.9314 -0.0868
vn 0.3591 -0.9318 -0.0523
vn 0.3495 -0.9364 -0.0321
vn 0.3499 -0.9367 -0.0132
vn 0.6143 -0.4323 -0.6602
vn 0.5046 -0.6662 -0.5491
vn 0.5122 -0.7990 -0.3150
vn 0.4236 -0.8817 -0.2076
vn 0.4145 -0.9024 -0.1176
vn 0.3784 -0.9222 -0.0797
vn 0.3737 -0.9264 -0.0455
vn 0.3587 -0.9330 -0.0295
vn 0.3536 -0.9353 -0.0115
vn 0.6537 -0.6107 -0.4470
vn 0.5952 -0.7680 -0.2365
vn 0.4801 -0.8608 -0.1691
vn 0.4455 -0.8909 -0.0883
vn 0.4000 -0.9142 -0.0649
vn 0.3857 -0.9220 -0.0341
vn 0.3667 -0.9300 -0.0240
vn 0.3567 -0.9342 -0.0087
vn 0.7654 -0.5686 -0.3014
vn 0.5226 -0.8449 -0.1141
vn 0.4164 -0.9081 -0.0438
vn 0.3728 -0.9278 -0.0162
vn -0.2746 -0.9530 0.1283
vn -0.0306 -0.9993 0.0221
vn 0.1287 -0.9905 0.0486
vn 0.2119 -0.9773 0.0083
vn 0.2651 -0.9640 0.0187
vn 0.2953 -0.9554 0.0032
vn 0.3168 -0.9485 0.0069
vn 0.3338 -0.9427 0.0008
vn -0.4983 -0.8435 -0.2005
vn -0.2836 -0.9571 -0.0597
vn -0.0187 -0.9952 -0.0956
vn 0.1255 -0.9918 -0.0226
vn 0.2163 -0.9757 -0.0357
vn 0.2639 -0.9645 -0.0087
vn 0.2971 -0.9548 -0.0138
vn 0.3164 -0.9486 -0.0032
vn 0.3343 -0.9425 -0.0035
vn -0.4048 -0.8089 -0.4263
vn -0.2378 -0.9406 -0.2424
vn 0.0259 -0.9787 -0.2034
vn 0.1429 -0.9855 -0.0916
vn 0.2330 -0.9695 -0.0759
vn 0.2706 -0.9621 -0.0352
vn 0.3035 -0.9524 -0.0294
vn 0.3188 -0.9477 -0.0130
vn 0.3359 -0.9419 -0.0074
vn -0.3760 -0.7464 -0.5491
vn -0.2504 -0.7508 -0.6113
vn -0.1421 -0.9048 -0.4014
vn 0.0994 -0.9512 -0.2921
vn 0.1790 -0.9721 -0.1519
vn 0.2604 -0.9593 -0.1091
vn 0.2845 -0.9569 -0.0583
vn 0.3141 -0.9484 -0.0422
vn 0.3239 -0.9458 -0.0216
vn 0.3385 -0.9409 -0.0107
vn -0.1894 -0.6761 -0.7120
vn -0.0058 -0.8536 -0.5208
vn 0.2305 -0.9529 -0.1972
vn 0.3042 -0.9496 -0.0757
vn 0.3313 -0.9431 -0.0280
vn -0.2260 -0.7731 -0.5926
vn 0.9383 -0.3428 -0.0447
vn 0.2573 -0.5632 0.7853
vn -0.3593 -0.7910 0.4951
vn 0.6785 -0.4075 0.6113
vn 0.1708 -0.5951 -0.7853
vn 0.7874 -0.3672 -0.4951
vn -0.5225 -0.8514 0.0461
vn -0.5812 0.3328 -0.7426
vn -0.5662 0.6140 -0.5499
vn -0.3361 0.9416 0.0192
vn 0.3471 0.4417 0.8273
vn 0.5393 -0.0567 0.8402
vn -0.7768 0.2617 -0.5728
vn -0.7107 0.5615 -0.4238
vn -0.3313 0.9434 0.0145
vn 0.5646 0.5230 0.6385
vn 0.7608 0.0245 0.6485
vn -0.9141 0.2115 -0.3461
vn -0.8120 0.5246 -0.2559
vn -0.3278 0.9447 0.0088
vn 0.7176 0.5799 0.3858
vn 0.9164 0.0816 0.3919
vn -0.9786 0.1871 -0.0853
vn -0.8600 0.5063 -0.0631
vn -0.3263 0.9453 0.0023
vn 0.7896 0.6062 0.0950
vn 0.9894 0.1089 0.0965
vn -0.9644 0.1912 0.1829
vn -0.8500 0.5091 0.1355
vn -0.3262 0.9453 -0.0046
vn 0.7740 0.5995 -0.2038
vn 0.9729 0.1036 -0.2070
vn 0.5185 0.7392 -0.4298
vn 0.2481 0.9150 -0.3182
vn -0.3646 0.9311 0.0112
vn -0.8779 -0.0110 0.4787
vn -0.7048 -0.5165 0.4862
vn 0.3588 0.6814 -0.6379
vn 0.1295 0.8721 -0.4719
vn -0.3602 0.9327 0.0163
vn -0.7011 0.0552 0.7109
vn -0.5248 -0.4507 0.7221
vn 0.1460 0.6033 -0.7840
vn -0.0281 0.8143 -0.5798
vn -0.3549 0.9347 0.0200
vn -0.4642 0.1431 0.8741
vn -0.2840 -0.3621 0.8878
vn -0.0984 0.5124 -0.8531
vn -0.2088 0.7470 -0.6312
vn -0.3487 0.9370 0.0217
vn -0.1913 0.2436 0.9508
vn -0.0071 -0.2594 0.9658
vn -0.3496 0.4184 -0.8383
vn -0.3948 0.6773 -0.6208
vn -0.3422 0.9394 0.0217
vn 0.0893 0.3464 0.9338
vn 0.2774 -0.1535 0.9484
vn 0.2251 0.6308 0.7426
vn 0.0308 0.8346 0.5499
vn -0.3571 0.9339 -0.0192
vn -0.5509 0.1098 -0.8273
vn -0.3728 -0.3938 -0.8402
vn 0.4199 0.7040 0.5728
vn 0.1747 0.8887 0.4238
vn -0.3619 0.9321 -0.0145
vn -0.7690 0.0301 -0.6385
vn -0.5939 -0.4762 -0.6485
vn 0.5568 0.7552 0.3461
vn 0.2757 0.9266 0.2559
vn -0.3653 0.9308 -0.0088
vn -0.9222 -0.0262 -0.3858
vn -0.7492 -0.5340 -0.3919
vn 0.6217 0.7786 0.0853
vn 0.3240 0.9439 0.0631
vn -0.3669 0.9303 -0.0023
vn -0.9941 -0.0531 -0.0950
vn -0.8224 -0.5607 -0.0965
vn 0.6083 0.7724 -0.1829
vn 0.3146 0.9395 -0.1355
vn -0.3670 0.9302 0.0046
vn -0.9778 -0.0480 0.2038
vn -0.8064 -0.5540 0.2070
vn -0.8746 0.2243 0.4298
vn -0.7835 0.5337 0.3182
vn -0.3286 0.9444 -0.0112
vn 0.6741 0.5626 -0.4787
vn 0.8713 0.0661 -0.4862
vn -0.7157 0.2843 0.6379
vn -0.6655 0.5782 0.4719
vn -0.3330 0.9428 -0.0163
vn 0.4967 0.4979 -0.7109
vn 0.6917 -0.0011 -0.7221
vn -0.5032 0.3634 0.7840
vn -0.5082 0.6368 0.5798
vn -0.3383 0.9408 -0.0200
vn 0.2596 0.4106 -0.8741
vn 0.4512 -0.0903 -0.8878
vn -0.2585 0.4533 0.8531
vn -0.3272 0.7033 0.6312
vn -0.3444 0.9386 -0.0217
vn -0.0131 0.3095 -0.9508
vn 0.1740 -0.1924 -0.9658
vn -0.0065 0.5452 0.8383
vn -0.1406 0.7713 0.6208
vn -0.3509 0.9361 -0.0217
vn -0.2931 0.2051 -0.9338
vn -0.1109 -0.2970 -0.9484
vn -0.4958 -0.0989 -0.8628
vn -0.5395 0.0574 -0.8400
vn -0.5590 0.1514 -0.8153
vn -0.5680 0.2068 -0.7967
vn -0.5721 0.2374 -0.7850
vn -0.7232 -0.1827 -0.6660
vn -0.7610 -0.0237 -0.6483
vn -0.7739 0.0729 -0.6291
vn -0.7779 0.1303 -0.6147
vn -0.7790 0.1621 -0.6057
vn -0.8830 -0.2416 -0.4025
vn -0.9165 -0.0809 -0.3918
vn -0.9248 0.0176 -0.3802
vn -0.9253 0.0763 -0.3714
vn -0.9242 0.1090 -0.3660
vn -0.9579 -0.2694 -0.0992
vn -0.9894 -0.1082 -0.0966
vn -0.9956 -0.0090 -0.0937
vn -0.9945 0.0502 -0.0915
vn -0.9924 0.0833 -0.0902
vn -0.9410 -0.2634 0.2125
vn -0.9729 -0.1028 0.2069
vn -0.9796 -0.0041 0.2008
vn -0.9790 0.0548 0.1962
vn -0.9772 0.0877 0.1934
vn 0.7512 0.4130 -0.5149
vn 0.7044 0.5171 -0.4862
vn 0.6483 0.5976 -0.4718
vn 0.6118 0.6428 -0.4611
vn 0.5904 0.6671 -0.4543
vn 0.5972 0.3053 -0.7417
vn 0.5244 0.4513 -0.7220
vn 0.4734 0.5339 -0.7006
vn 0.4407 0.5807 -0.6845
vn 0.4218 0.6059 -0.6745
vn 0.3500 0.2141 -0.9120
vn 0.2837 0.3627 -0.8877
vn 0.2397 0.4480 -0.8613
vn 0.2124 0.4968 -0.8415
vn 0.1967 0.5233 -0.8291
vn 0.0655 0.1088 -0.9919
vn 0.0068 0.2600 -0.9656
vn -0.0289 0.3483 -0.9369
vn -0.0500 0.3993 -0.9155
vn -0.0618 0.4272 -0.9020
vn -0.2267 0.0006 -0.9740
vn -0.2776 0.1542 -0.9483
vn -0.3047 0.2453 -0.9203
vn -0.3195 0.2986 -0.8993
vn -0.3273 0.3279 -0.8862
vn 0.4409 0.2473 0.8628
vn 0.3725 0.3944 0.8400
vn 0.3262 0.4785 0.8153
vn 0.2970 0.5264 0.7967
vn 0.2802 0.5525 0.7850
vn 0.6682 0.3316 0.6660
vn 0.5935 0.4769 0.6483
vn 0.5404 0.5587 0.6291
vn 0.5062 0.6049 0.6147
vn 0.4863 0.6298 0.6057
vn 0.8278 0.3907 0.4025
vn 0.7488 0.5346 0.3918
vn 0.6910 0.6148 0.3802
vn 0.6533 0.6597 0.3714
vn 0.6312 0.6839 0.3660
vn 0.9029 0.4183 0.0992
vn 0.8220 0.5613 0.0966
vn 0.7621 0.6406 0.0937
vn 0.7228 0.6849 0.0915
vn 0.6997 0.7087 0.0902
vn 0.8690 0.4565 -0.1909
vn 0.8060 0.5546 -0.2069
vn 0.7468 0.6340 -0.2008
vn 0.7080 0.6784 -0.1962
vn 0.6853 0.7022 -0.1934
vn -0.8367 -0.2249 0.4993
vn -0.8714 -0.0653 0.4862
vn -0.8811 0.0323 0.4718
vn -0.8828 0.0904 0.4611
vn -0.8823 0.1228 0.4543
vn -0.6522 -0.1564 0.7417
vn -0.6919 0.0018 0.7220
vn -0.7068 0.0977 0.7006
vn -0.7124 0.1545 0.6845
vn -0.7145 0.1860 0.6745
vn -0.4051 -0.0650 0.9120
vn -0.4514 0.0910 0.8877
vn -0.4735 0.1844 0.8613
vn -0.4844 0.2393 0.8415
vn -0.4898 0.2696 0.8291
vn -0.1206 0.0401 0.9919
vn -0.1743 0.1931 0.9656
vn -0.2046 0.2833 0.9369
vn -0.2217 0.3358 0.9155
vn -0.2309 0.3647 0.9020
vn 0.1719 0.1479 0.9740
vn 0.1106 0.2976 0.9483
vn 0.0719 0.3846 0.9203
vn 0.0486 0.4346 0.8993
vn 0.0354 0.4620 0.8862
vn -0.1345 -0.7387 -0.6605
vn -0.0598 -0.8107 -0.5825
vn -0.1057 -0.7682 -0.6314
vn -0.2292 -0.6253 -0.7460
vn -0.3893 -0.3613 -0.8473
vn -0.3074 -0.8039 -0.5092
vn -0.2121 -0.8681 -0.4489
vn -0.2710 -0.8305 -0.4868
vn -0.4249 -0.6988 -0.5754
vn -0.6123 -0.4443 -0.6540
vn -0.4289 -0.8494 -0.3076
vn -0.3191 -0.9081 -0.2711
vn -0.3871 -0.8739 -0.2940
vn -0.5624 -0.7502 -0.3476
vn -0.7689 -0.5025 -0.3952
vn -0.4868 -0.8702 -0.0758
vn -0.3702 -0.9265 -0.0668
vn -0.4425 -0.8938 -0.0725
vn -0.6276 -0.7738 -0.0857
vn -0.8427 -0.5295 -0.0974
vn -0.4753 -0.8646 0.1627
vn -0.3603 -0.9217 0.1435
vn -0.4315 -0.8886 0.1555
vn -0.6141 -0.7676 0.1837
vn -0.8265 -0.5229 0.2087
vn 0.8436 -0.3772 -0.3822
vn 0.8028 -0.4919 -0.3371
vn 0.8294 -0.4226 -0.3654
vn 0.8755 -0.2170 -0.4317
vn 0.8628 0.0461 -0.5034
vn 0.7021 -0.4308 -0.5670
vn 0.6778 -0.5392 -0.4999
vn 0.6940 -0.4738 -0.5420
vn 0.7159 -0.2772 -0.6408
vn 0.6843 0.0349 -0.7284
vn 0.5131 -0.5012 -0.6968
vn 0.5112 -0.6013 -0.6141
vn 0.5134 -0.5411 -0.6660
vn 0.5024 -0.3567 -0.7876
vn 0.4417 -0.0550 -0.8955
vn 0.2956 -0.5810 -0.7583
vn 0.3195 -0.6716 -0.6685
vn 0.3054 -0.6174 -0.7249
vn 0.2566 -0.4470 -0.8570
vn 0.1623 -0.1580 -0.9740
vn 0.0714 -0.6626 -0.7456
vn 0.1218 -0.7435 -0.6575
vn 0.0912 -0.6954 -0.7128
vn 0.0035 -0.5393 -0.8421
vn -0.1250 -0.2636 -0.9565
vn 0.5826 -0.4737 0.6605
vn 0.5726 -0.5769 0.5825
vn 0.5799 -0.5148 0.6314
vn 0.5807 -0.3260 0.7460
vn 0.5307 -0.0213 0.8473
vn 0.7563 -0.4107 0.5092
vn 0.7256 -0.5215 0.4489
vn 0.7459 -0.4546 0.4868
vn 0.7772 -0.2545 0.5754
vn 0.7541 0.0607 0.6540
vn 0.8782 -0.3662 0.3076
vn 0.8330 -0.4823 0.2711
vn 0.8624 -0.4121 0.2940
vn 0.9151 -0.2042 0.3476
vn 0.9109 0.1184 0.3952
vn 0.9358 -0.3444 0.0758
vn 0.8838 -0.4630 0.0668
vn 0.9174 -0.3912 0.0725
vn 0.9800 -0.1796 0.0857
vn 0.9845 0.1459 0.0974
vn 0.9234 -0.3477 -0.1627
vn 0.8732 -0.4659 -0.1435
vn 0.9057 -0.3944 -0.1555
vn 0.9657 -0.1837 -0.1837
vn 0.9788 0.0890 -0.1842
vn -0.3955 -0.8352 0.3822
vn -0.2899 -0.8957 0.3371
vn -0.3552 -0.8604 0.3654
vn -0.5239 -0.7343 0.4317
vn -0.7241 -0.4850 0.4904
vn -0.2532 -0.7838 0.5670
vn -0.1642 -0.8504 0.4999
vn -0.2191 -0.8113 0.5420
vn -0.3635 -0.6762 0.6408
vn -0.5425 -0.4185 0.7284
vn -0.0638 -0.7144 0.6968
vn 0.0027 -0.7892 0.6141
vn -0.0381 -0.7449 0.6660
vn -0.1497 -0.5977 0.7876
vn -0.2997 -0.3291 0.8955
vn 0.1534 -0.6336 0.7583
vn 0.1941 -0.7179 0.6685
vn 0.1695 -0.6677 0.7249
vn 0.0958 -0.5064 0.8570
vn -0.0205 -0.2256 0.9740
vn 0.3766 -0.5498 0.7456
vn 0.3910 -0.6441 0.6575
vn 0.3830 -0.5876 0.7128
vn 0.3481 -0.4119 0.8421
vn 0.2664 -0.1189 0.9565
vn 0.6482 0.5447 -0.5321
vn 0.1857 0.8997 -0.3950
vn -0.1847 0.9528 -0.2409
vn -0.3356 0.9258 -0.1740
vn -0.3847 0.9100 -0.1545
vn 0.2889 0.3426 -0.8939
vn -0.0504 0.6297 -0.7752
vn -0.3190 0.7021 -0.6366
vn -0.4335 0.6916 -0.5778
vn -0.4715 0.6776 -0.5644
vn -0.3247 -0.1109 -0.9393
vn -0.3415 -0.1020 -0.9343
vn -0.3448 -0.1155 -0.9315
vn -0.3410 -0.1222 -0.9321
vn -0.3391 -0.1244 -0.9325
vn -0.7216 -0.5484 -0.4226
vn -0.3278 -0.8169 -0.4745
vn -0.0628 -0.8551 -0.5147
vn 0.0361 -0.8389 -0.5430
vn 0.0652 -0.8274 -0.5579
vn -0.7158 -0.6865 0.1278
vn -0.1622 -0.9868 -0.0007
vn 0.1379 -0.9863 -0.0903
vn 0.2450 -0.9607 -0.1305
vn 0.2789 -0.9491 -0.1461
vn -0.5738 -0.6340 0.5184
vn -0.0407 -0.9419 0.3335
vn 0.2470 -0.9460 0.2100
vn 0.3528 -0.9209 0.1660
vn 0.3877 -0.9089 0.1534
vn -0.2421 -0.3712 0.8964
vn 0.1168 -0.6526 0.7487
vn 0.3495 -0.7027 0.6197
vn 0.4423 -0.6888 0.5744
vn 0.4731 -0.6766 0.5643
vn 0.3531 0.1396 0.9251
vn 0.3362 0.1485 0.9300
vn 0.3330 0.1351 0.9332
vn 0.3369 0.1284 0.9327
vn 0.3388 0.1262 0.9324
vn 0.7585 0.5162 0.3978
vn 0.3977 0.7953 0.4575
vn 0.0970 0.8559 0.5079
vn -0.0274 0.8416 0.5393
vn -0.0640 0.8282 0.5568
vn 0.7894 0.5968 -0.1438
vn 0.3163 0.9480 -0.0358
vn -0.0709 0.9949 0.0721
vn -0.2272 0.9659 0.1244
vn -0.2759 0.9502 0.1447
vn 0.6644 -0.6737 -0.3236
vn 0.7312 -0.5718 -0.3722
vn 0.8043 -0.3973 -0.4419
vn 0.8485 -0.1544 -0.5062
vn 0.8265 0.1489 -0.5429
vn 0.3838 -0.6001 -0.7018
vn 0.4223 -0.5056 -0.7523
vn 0.4439 -0.3571 -0.8218
vn 0.4478 -0.1753 -0.8768
vn 0.4248 0.0435 -0.9043
vn -0.3372 -0.1254 -0.9330
vn -0.3337 -0.1284 -0.9339
vn -0.3324 -0.1290 -0.9343
vn -0.3308 -0.1268 -0.9351
vn -0.3280 -0.1229 -0.9366
vn -0.8086 0.4314 -0.4002
vn -0.8675 0.3069 -0.3914
vn -0.9047 0.1407 -0.4021
vn -0.9122 -0.0269 -0.4090
vn -0.8880 -0.2242 -0.4015
vn -0.8054 0.5919 0.0300
vn -0.8934 0.4409 0.0867
vn -0.9625 0.2456 0.1151
vn -0.9900 0.0412 0.1350
vn -0.9636 -0.2180 0.1546
vn -0.6896 0.6347 0.3486
vn -0.7803 0.4827 0.3977
vn -0.8350 0.2927 0.4660
vn -0.8513 0.0924 0.5164
vn -0.8214 -0.1654 0.5458
vn -0.4065 0.5800 0.7060
vn -0.4468 0.4624 0.7658
vn -0.4546 0.3070 0.8361
vn -0.4418 0.1470 0.8850
vn -0.4111 -0.0479 0.9103
vn 0.3407 0.1251 0.9318
vn 0.3442 0.1222 0.9309
vn 0.3455 0.1215 0.9305
vn 0.3471 0.1237 0.9296
vn 0.3498 0.1276 0.9281
vn 0.7902 -0.4499 0.4161
vn 0.8437 -0.3499 0.4071
vn 0.8917 -0.1916 0.4100
vn 0.9140 -0.0030 0.4057
vn 0.8951 0.2173 0.3894
vn 0.7735 -0.6334 -0.0235
vn 0.8470 -0.5290 -0.0536
vn 0.9326 -0.3499 -0.0891
vn 0.9866 -0.1033 -0.1263
vn 0.9671 0.2009 -0.1561
vn -0.4429 -0.8961 -0.0280
vn -0.7065 -0.7023 0.0876
vn -0.7423 -0.6528 0.1513
vn -0.4985 -0.8635 0.0769
vn -0.1320 -0.9886 -0.0725
vn -0.5424 -0.5713 -0.6160
vn -0.7417 -0.4769 -0.4717
vn -0.7975 -0.5052 -0.3299
vn -0.6025 -0.6841 -0.4111
vn -0.3068 -0.7567 -0.5773
vn -0.3922 -0.0126 -0.9198
vn -0.4572 0.0055 -0.8894
vn -0.5431 -0.0365 -0.8389
vn -0.5153 -0.1195 -0.8486
vn -0.4095 -0.1452 -0.9007
vn -0.0600 0.4507 -0.8906
vn 0.0850 0.4466 -0.8907
vn 0.0897 0.4963 -0.8635
vn -0.1441 0.5637 -0.8133
vn -0.3528 0.5468 -0.7593
vn 0.3482 0.7553 -0.5552
vn 0.5383 0.6432 -0.5445
vn 0.5231 0.6872 -0.5040
vn 0.1848 0.8851 -0.4271
vn -0.1981 0.9275 -0.3170
vn 0.5550 0.8318 0.0137
vn 0.7042 0.7045 -0.0883
vn 0.6632 0.7390 -0.1188
vn 0.3372 0.9414 -0.0080
vn -0.0310 0.9893 0.1428
vn 0.4785 0.6497 0.5907
vn 0.5906 0.6334 0.5000
vn 0.5728 0.6748 0.4654
vn 0.3552 0.7482 0.5603
vn 0.1618 0.7370 0.6562
vn 0.2804 0.2360 0.9304
vn 0.2096 0.2519 0.9448
vn 0.1151 0.2068 0.9716
vn 0.1497 0.1263 0.9806
vn 0.2662 0.1045 0.9582
vn 0.0202 -0.3634 0.9314
vn -0.2326 -0.2887 0.9287
vn -0.3628 -0.3446 0.8658
vn -0.1461 -0.5154 0.8444
vn 0.1928 -0.5720 0.7973
vn -0.2473 -0.8238 0.5100
vn -0.5399 -0.6407 0.5459
vn -0.6119 -0.6046 0.5099
vn -0.3592 -0.8120 0.4600
vn 0.0281 -0.9294 0.3679
vn 0.0734 0.9950 0.0681
vn -0.0356 0.9983 0.0451
vn -0.6266 0.7772 -0.0585
vn -0.4385 -0.8890 -0.1316
vn -0.2644 -0.9617 -0.0720
vn 0.2095 0.8169 0.5373
vn 0.0348 0.9269 0.3736
vn -0.4318 0.8896 -0.1488
vn -0.6341 -0.2193 -0.7415
vn -0.4510 -0.5966 -0.6639
vn 0.2511 0.3433 0.9050
vn 0.0408 0.7333 0.6787
vn -0.3440 0.9358 -0.0765
vn -0.4784 0.4659 -0.7443
vn -0.4000 0.0598 -0.9145
vn 0.1109 -0.2609 0.9590
vn -0.0873 0.3957 0.9142
vn -0.3236 0.9462 -0.0053
vn -0.2845 0.7748 -0.5645
vn -0.1760 0.5399 -0.8231
vn -0.2040 -0.7857 0.5840
vn -0.5589 -0.1907 0.8070
vn -0.3448 0.9386 0.0127
vn -0.0849 0.9487 -0.3044
vn 0.1382 0.8618 -0.4881
vn -0.4596 -0.8801 -0.1190
vn -0.9244 -0.3258 -0.1984
vn -0.3533 0.9355 -0.0107
vn 0.0464 0.9973 0.0570
vn 0.3418 0.9370 0.0719
vn -0.4986 -0.4861 -0.7177
vn -0.6787 0.1771 -0.7127
vn -0.3262 0.9452 -0.0126
vn 0.0719 0.9066 0.4159
vn 0.3389 0.7302 0.5933
vn -0.4078 0.0997 -0.9076
vn -0.4598 0.5483 -0.6985
vn -0.2961 0.9536 0.0554
vn 0.0625 0.6658 0.7435
vn 0.2649 0.3056 0.9146
vn -0.2476 0.6480 -0.7203
vn -0.2881 0.8076 -0.5146
vn -0.3141 0.9331 0.1751
vn -0.0011 0.0146 0.9999
vn 0.1229 -0.3844 0.9149
vn -0.0710 0.9416 -0.3292
vn -0.1407 0.9595 -0.2441
vn -0.5116 0.8197 0.2577
vn -0.1790 -0.7932 0.5821
vn -0.0765 -0.8922 0.4451
vn -0.5458 0.0864 -0.8335
vn -0.2140 -0.6445 -0.7341
vn -0.2377 -0.6127 -0.7537
vn -0.5820 0.3586 -0.7298
vn -0.4306 0.8870 -0.1668
vn -0.7654 0.0056 -0.6435
vn -0.4060 -0.7172 -0.5664
vn -0.4350 -0.6872 -0.5818
vn -0.7741 0.2883 -0.5636
vn -0.4746 0.8707 -0.1289
vn -0.9199 -0.0515 -0.3887
vn -0.5415 -0.7681 -0.3417
vn -0.5744 -0.7395 -0.3510
vn -0.9096 0.2387 -0.3401
vn -0.5056 0.8592 -0.0779
vn -0.9924 -0.0783 -0.0953
vn -0.6059 -0.7911 -0.0834
vn -0.6406 -0.7631 -0.0854
vn -0.9732 0.2147 -0.0828
vn -0.5201 0.8539 -0.0190
vn -0.9759 -0.0726 0.2056
vn -0.5930 -0.7845 0.1813
vn -0.6268 -0.7565 0.1863
vn -0.9588 0.2193 0.1803
vn -0.5167 0.8552 0.0412
vn 0.6881 0.5424 -0.4820
vn 0.8724 -0.2429 -0.4242
vn 0.8777 -0.2005 -0.4353
vn 0.4980 0.7578 -0.4216
vn -0.1837 0.9782 -0.0964
vn 0.5098 0.4769 -0.7160
vn 0.7157 -0.3027 -0.6295
vn 0.7169 -0.2614 -0.6463
vn 0.3419 0.7007 -0.6262
vn -0.2192 0.9651 -0.1434
vn 0.2708 0.3886 -0.8807
vn 0.5052 -0.3813 -0.7742
vn 0.5006 -0.3421 -0.7952
vn 0.1320 0.6237 -0.7704
vn -0.2671 0.9474 -0.1764
vn -0.0044 0.2869 -0.9580
vn 0.2627 -0.4701 -0.8426
vn 0.2513 -0.4335 -0.8654
vn -0.1091 0.5341 -0.8384
vn -0.3223 0.9270 -0.1919
vn -0.2865 0.1822 -0.9406
vn 0.0138 -0.5603 -0.8282
vn -0.0041 -0.5264 -0.8502
vn -0.3557 0.4422 -0.8234
vn -0.3788 0.9061 -0.1882
vn 0.3584 0.4206 0.8335
vn 0.5817 -0.3504 0.7341
vn 0.5790 -0.3109 0.7537
vn 0.2089 0.6509 0.7298
vn -0.2497 0.9538 0.1668
vn 0.5778 0.5020 0.6435
vn 0.7749 -0.2808 0.5664
vn 0.7774 -0.2391 0.5818
vn 0.4006 0.7224 0.5636
vn -0.2057 0.9701 0.1289
vn 0.7323 0.5592 0.3887
vn 0.9109 -0.2314 0.3417
vn 0.9173 -0.1881 0.3510
vn 0.5357 0.7729 0.3401
vn -0.1747 0.9815 0.0779
vn 0.8047 0.5859 0.0953
vn 0.9748 -0.2069 0.0834
vn 0.9829 -0.1631 0.0854
vn 0.5996 0.7960 0.0828
vn -0.1602 0.9869 0.0190
vn 0.7886 0.5796 -0.2056
vn 0.9607 -0.2103 -0.1813
vn 0.9682 -0.1670 -0.1863
vn 0.5857 0.7902 -0.1803
vn -0.1636 0.9857 -0.0412
vn -0.8755 -0.0355 0.4820
vn -0.5047 -0.7519 0.4242
vn -0.5363 -0.7231 0.4353
vn -0.8711 0.2517 0.4216
vn -0.4966 0.8626 0.0964
vn -0.6974 0.0307 0.7160
vn -0.3468 -0.6954 0.6295
vn -0.3746 -0.6648 0.6463
vn -0.7154 0.3100 0.6262
vn -0.4611 0.8757 0.1434
vn -0.4584 0.1191 0.8807
vn -0.1358 -0.6182 0.7742
vn -0.1578 -0.5855 0.7952
vn -0.5059 0.3879 0.7704
vn -0.4132 0.8934 0.1764
vn -0.1832 0.2208 0.9580
vn 0.1062 -0.5279 0.8426
vn 0.0911 -0.4927 0.8654
vn -0.2645 0.4766 0.8384
vn -0.3580 0.9138 0.1919
vn 0.0991 0.3247 0.9406
vn 0.3539 -0.4346 0.8282
vn 0.3454 -0.3972 0.8502
vn -0.0174 0.5673 0.8234
vn -0.3016 0.9347 0.1882
vn -0.5428 0.7040 -0.4580
vn -0.4538 0.8641 -0.2179
vn -0.4213 0.8950 -0.1468
vn -0.4351 0.8830 -0.1763
vn -0.5076 0.7867 -0.3514
vn -0.6629 0.6603 -0.3528
vn -0.5108 0.8432 -0.1678
vn -0.4597 0.8809 -0.1130
vn -0.4812 0.8661 -0.1357
vn -0.5995 0.7533 -0.2705
vn -0.7472 0.6296 -0.2130
vn -0.5507 0.8285 -0.1012
vn -0.4866 0.8710 -0.0682
vn -0.5135 0.8542 -0.0819
vn -0.6641 0.7296 -0.1633
vn -0.7873 0.6144 -0.0525
vn -0.5699 0.8213 -0.0249
vn -0.4995 0.8662 -0.0168
vn -0.5290 0.8484 -0.0202
vn -0.6948 0.7180 -0.0403
vn -0.7791 0.6167 0.1128
vn -0.5662 0.8225 0.0537
vn -0.4970 0.8670 0.0362
vn -0.5261 0.8493 0.0434
vn -0.6889 0.7197 0.0865
vn 0.1354 0.9547 -0.2650
vn -0.1311 0.9833 -0.1261
vn -0.2040 0.9753 -0.0849
vn -0.1741 0.9794 -0.1020
vn 0.0128 0.9790 -0.2034
vn 0.0366 0.9189 -0.3929
vn -0.1782 0.9661 -0.1868
vn -0.2357 0.9636 -0.1258
vn -0.2122 0.9655 -0.1511
vn -0.0633 0.9515 -0.3012
vn -0.0947 0.8707 -0.4826
vn -0.2406 0.9431 -0.2293
vn -0.2778 0.9482 -0.1544
vn -0.2627 0.9469 -0.1855
vn -0.1639 0.9145 -0.3700
vn -0.2452 0.8147 -0.5254
vn -0.3122 0.9166 -0.2498
vn -0.3259 0.9303 -0.1682
vn -0.3205 0.9255 -0.2020
vn -0.2792 0.8716 -0.4028
vn -0.4000 0.7568 -0.5170
vn -0.3859 0.8892 -0.2459
vn -0.3756 0.9119 -0.1657
vn -0.3801 0.9033 -0.1990
vn -0.3980 0.8272 -0.3966
vn -0.0456 0.8878 0.4580
vn -0.2173 0.9515 0.2179
vn -0.2620 0.9538 0.1468
vn -0.2437 0.9537 0.1763
vn -0.1261 0.9277 0.3514
vn 0.0741 0.9327 0.3528
vn -0.1604 0.9727 0.1678
vn -0.2237 0.9681 0.1130
vn -0.1978 0.9708 0.1357
vn -0.0345 0.9621 0.2705
vn 0.1581 0.9642 0.2130
vn -0.1205 0.9875 0.1012
vn -0.1968 0.9781 0.0682
vn -0.1655 0.9828 0.0819
vn 0.0300 0.9861 0.1633
vn 0.1985 0.9787 0.0525
vn -0.1013 0.9945 0.0249
vn -0.1839 0.9828 0.0168
vn -0.1500 0.9885 0.0202
vn 0.0609 0.9973 0.0403
vn 0.1908 0.9751 -0.1128
vn -0.1048 0.9930 -0.0537
vn -0.1863 0.9818 -0.0362
vn -0.1528 0.9873 -0.0434
vn 0.0552 0.9947 -0.0865
vn -0.7238 0.6371 0.2650
vn -0.5399 0.8322 0.1261
vn -0.4793 0.8735 0.0849
vn -0.5048 0.8572 0.1020
vn -0.6464 0.7354 0.2034
vn -0.6254 0.6742 0.3929
vn -0.4929 0.8498 0.1868
vn -0.4476 0.8853 0.1258
vn -0.4667 0.8714 0.1511
vn -0.5707 0.7639 0.3012
vn -0.4943 0.7230 0.4826
vn -0.4306 0.8729 0.2294
vn -0.4056 0.9009 0.1544
vn -0.4163 0.8901 0.1855
vn -0.4702 0.8013 0.3700
vn -0.3436 0.7783 0.5254
vn -0.3590 0.8993 0.2498
vn -0.3574 0.9187 0.1682
vn -0.3584 0.9114 0.2020
vn -0.3548 0.8437 0.4028
vn -0.1883 0.8350 0.5170
vn -0.2852 0.9264 0.2459
vn -0.3077 0.9369 0.1657
vn -0.2987 0.9334 0.1990
vn -0.2356 0.8872 0.3966
vn 0.3712 -0.5205 0.7689
vn 0.3965 -0.8413 0.3675
vn 0.3713 -0.9183 0.1373
vn 0.3570 -0.9326 0.0531
vn 0.3504 -0.9364 0.0188
vn 0.1409 -0.6068 0.7823
vn 0.2864 -0.8823 0.3735
vn 0.3302 -0.9336 0.1394
vn 0.3411 -0.9385 0.0539
vn 0.3448 -0.9385 0.0191
vn -0.0832 -0.6902 0.7188
vn 0.1794 -0.9221 0.3429
vn 0.2903 -0.9483 0.1280
vn 0.3257 -0.9442 0.0495
vn 0.3393 -0.9405 0.0176
vn -0.2784 -0.7618 0.5849
vn 0.0861 -0.9564 0.2792
vn 0.2554 -0.9612 0.1042
vn 0.3122 -0.9492 0.0403
vn 0.3346 -0.9423 0.0143
vn -0.4251 -0.8148 0.3942
vn 0.0158 -0.9820 0.1884
vn 0.2292 -0.9708 0.0704
vn 0.3020 -0.9529 0.0272
vn 0.3310 -0.9436 0.0096
vn 0.9351 -0.3121 -0.1678
vn 0.6660 -0.7417 -0.0802
vn 0.4720 -0.8811 -0.0300
vn 0.3960 -0.9182 -0.0116
vn 0.3642 -0.9313 -0.0041
vn 0.9480 -0.3085 0.0782
vn 0.6716 -0.7399 0.0373
vn 0.4740 -0.8804 0.0139
vn 0.3968 -0.9179 0.0054
vn 0.3646 -0.9312 0.0019
vn 0.8887 -0.3310 0.3173
vn 0.6430 -0.7507 0.1514
vn 0.4633 -0.8844 0.0565
vn 0.3926 -0.9194 0.0219
vn 0.3631 -0.9317 0.0078
vn 0.7629 -0.3769 0.5253
vn 0.5832 -0.7726 0.2508
vn 0.4410 -0.8926 0.0936
vn 0.3840 -0.9226 0.0362
vn 0.3600 -0.9328 0.0128
vn 0.5836 -0.4420 0.6812
vn 0.4979 -0.8038 0.3256
vn 0.4092 -0.9043 0.1216
vn 0.3717 -0.9272 0.0470
vn 0.3556 -0.9345 0.0166
vn 0.0565 -0.6368 -0.7689
vn 0.2460 -0.8969 -0.3675
vn 0.3151 -0.9391 -0.1373
vn 0.3353 -0.9406 -0.0531
vn 0.3428 -0.9392 -0.0188
vn 0.2876 -0.5526 -0.7823
vn 0.3563 -0.8565 -0.3735
vn 0.3563 -0.9239 -0.1394
vn 0.3512 -0.9347 -0.0539
vn 0.3484 -0.9371 -0.0191
vn 0.5120 -0.4702 -0.7188
vn 0.4634 -0.8171 -0.3429
vn 0.3963 -0.9092 -0.1280
vn 0.3667 -0.9290 -0.0495
vn 0.3539 -0.9351 -0.0176
vn 0.7069 -0.3976 -0.5849
vn 0.5566 -0.7825 -0.2792
vn 0.4311 -0.8963 -0.1042
vn 0.3801 -0.9241 -0.0403
vn 0.3587 -0.9334 -0.0143
vn 0.8528 -0.3425 -0.3942
vn 0.6266 -0.7562 -0.1884
vn 0.4573 -0.8865 -0.0704
vn 0.3903 -0.9203 -0.0272
vn 0.3622 -0.9320 -0.0096
vn -0.5074 -0.8452 0.1678
vn -0.0235 -0.9965 0.0802
vn 0.2145 -0.9763 0.0300
vn 0.2963 -0.9550 0.0116
vn 0.3290 -0.9443 0.0041
vn -0.5195 -0.8509 -0.0782
vn -0.0290 -0.9989 -0.0373
vn 0.2125 -0.9771 -0.0139
vn 0.2956 -0.9553 -0.0054
vn 0.3287 -0.9444 -0.0019
vn -0.4598 -0.8294 -0.3173
vn -0.0002 -0.9885 -0.1514
vn 0.2232 -0.9731 -0.0565
vn 0.2997 -0.9538 -0.0219
vn 0.3301 -0.9439 -0.0078
vn -0.3344 -0.7825 -0.5253
vn 0.0594 -0.9662 -0.2508
vn 0.2455 -0.9649 -0.0936
vn 0.3083 -0.9506 -0.0362
vn 0.3332 -0.9428 -0.0128
vn -0.1559 -0.7153 -0.6812
vn 0.1445 -0.9344 -0.3256
vn 0.2772 -0.9531 -0.1216
vn 0.3206 -0.9460 -0.0470
vn 0.3376 -0.9412 -0.0166
s 1
f 43//81 865//903 2484//2522 864//902
f 865//903 44//82 866//904 2484//2522
f 2484//2522 866//904 45//83 867//905
f 864//902 2484//2522 867//905 46//84
f 44//82 868//906 2485//2523 866//904
f 868//906 47//85 869//907 2485//2523
f 2485//2523 869//907 48//86 870//908
f 866//904 2485//2523 870//908 45//83
f 47//85 871//909 2486//2524 869//907
f 871//909 49//87 872//910 2486//2524
f 2486//2524 872//910 50//88 873//911
f 869//907 2486//2524 873//911 48//86
f 49//87 874//912 2487//2525 872//910
f 874//912 51//89 875//913 2487//2525
f 2487//2525 875//913 52//90 876//914
f 872//910 2487//2525 876//914 50//88
f 51//89 877//915 2488//2526 875//913
f 877//915 53//91 878//916 2488//2526
f 2488//2526 878//916 54//92 879//917
f 875//913 2488//2526 879//917 52//90
f 55//93 881//919 2489//2527 880//918
f 881//919 56//94 882//920 2489//2527
f 2489//2527 882//920 44//82 865//903
f 880//918 2489//2527 865//903 43//81
f 56//94 883//921 2490//2528 882//920
f 883//921 57//95 884//922 2490//2528
f 2490//2528 884//922 47//85 868//906
f 882//920 2490//2528 868//906 44//82
f 57//95 885//923 2491//2529 884//922
f 885//923 58//96 886//924 2491//2529
f 2491//2529 886//924 49//87 871//909
f 884//922 2491//2529 871//909 47//85
f 58//96 887//925 2492//2530 886//924
f 887//925 59//97 888//926 2492//2530
f 2492//2530 888//926 51//89 874//912
f 886//924 2492//2530 874//912 49//87
f 59//97 889//927 2493//2531 888//926
f 889//927 60//98 890//928 2493//2531
f 2493//2531 890//928 53//91 877//915
f 888//926 2493//2531 877//915 51//89
f 61//99 892//930 2494//2532 891//929
f 892//930 62//100 893//931 2494//2532
f 2494//2532 893//931 56//94 881//919
f 891//929 2494//2532 881//919 55//93
f 62//100 894//932 2495//2533 893//931
f 894//932 63//101 895//933 2495//2533
f 2495//2533 895//933 57//95 883//921
f 893//931 2495//2533 883//921 56//94
f 63//101 896//934 2496//2534 895//933
f 896//934 64//102 897//935 2496//2534
f 2496//2534 897//935 58//96 885//923
f 895//933 2496//2534 885//923 57//95
f 64//102 898//936 2497//2535 897//935
f 898//936 65//103 899//937 2497//2535
f 2497//2535 899//937 59//97 887//925
f 897//935 2497//2535 887//925 58//96
f 65//103 900//938 2498//2536 899//937
f 900//938 66//104 901//939 2498//2536
f 2498//2536 901//939 60//98 889//927
f 899//937 2498//2536 889//927 59//97
f 67//105 903//941 2499//2537 902//940
f 903//941 68//106 904//942 2499//2537
f 2499//2537 904//942 62//100 892//930
f 902//940 2499//2537 892//930 61//99
f 68//106 905//943 2500//2538 904//942
f 905//943 69//107 906//944 2500//2538
f 2500//2538 906//944 63//101 894//932
f 904//942 2500//2538 894//932 62//100
f 69//107 907//945 2501//2539 906//944
f 907//945 70//108 908//946 2501//2539
f 2501//2539 908//946 64//102 896//934
f 906//944 2501//2539 896//934 63//101
f 70//108 909//947 2502//2540 908//946
f 909//947 71//109 910//948 2502//2540
f 2502//2540 910//948 65//103 898//936
f 908//946 2502//2540 898//936 64//102
f 71//109 911//949 2503//2541 910//948
f 911//949 72//110 912//950 2503//2541
f 2503//2541 912//950 66//104 900//938
f 910//948 2503//2541 900//938 65//103
f 73//111 914//952 2504//2542 913//951
f 914//952 74//112 915//953 2504//2542
f 2504//2542 915//953 68//106 903//941
f 913//951 2504//2542 903//941 67//105
f 74//112 916//954 2505//2543 915//953
f 916//954 75//113 917//955 2505//2543
f 2505//2543 917//955 69//107 905//943
f 915//953 2505//2543 905//943 68//106
f 75//113 918//956 2506//2544 917//955
f 918//956 76//114 919//957 2506//2544
f 2506//2544 919//957 70//108 907//945
f 917//955 2506//2544 907//945 69//107
f 76//114 920//958 2507//2545 919//957
f 920//958 77//115 921//959 2507//2545
f 2507//2545 921//959 71//109 909//947
f 919//957 2507//2545 909//947 70//108
f 77//115 922//960 2508//2546 921//959
f 922//960 78//116 923//961 2508//2546
f 2508//2546 923//961 72//110 911//949
f 921//959 2508//2546 911//949 71//109
f 79//117 925//963 2509//2547 924//962
f 925//963 80//118 926//964 2509//2547
f 2509//2547 926//964 81//119 927//965
f 924//962 2509//2547 927//965 82//120
f 80//118 928//966 2510//2548 926//964
f 928//966 83//121 929//967 2510//2548
f 2510//2548 929//967 84//122 930//968
f 926//964 2510//2548 930//968 81//119
f 83//121 931//969 2511//2549 929//967
f 931//969 85//123 932//970 2511//2549
f 2511//2549 932//970 86//124 933//971
f 929//967 2511//2549 933//971 84//122
f 85//123 934//972 2512//2550 932//970
f 934//972 87//125 935//973 2512//2550
f 2512//2550 935//973 88//126 936//974
f 932//970 2512//2550 936//974 86//124
f 87//125 937//975 2513//2551 935//973
f 937//975 89//127 938//976 2513//2551
f 2513//2551 938//976 90//128 939//977
f 935//973 2513//2551 939//977 88//126
f 91//129 941//979 2514//2552 940//978
f 941//979 92//130 942//980 2514//2552
f 2514//2552 942//980 80//118 925//963
f 940//978 2514//2552 925//963 79//117
f 92//130 943//981 2515//2553 942//980
f 943//981 93//131 944//982 2515//2553
f 2515//2553 944//982 83//121 928//966
f 942//980 2515//2553 928//966 80//118
f 93//131 945//983 2516//2554 944//982
f 945//983 94//132 946//984 2516//2554
f 2516//2554 946//984 85//123 931//969
f 944//982 2516//2554 931//969 83//121
f 94//132 947//985 2517//2555 946//984
f 947//985 95//133 948//986 2517//2555
f 2517//2555 948//986 87//125 934//972
f 946//984 2517//2555 934//972 85//123
f 95//133 949//987 2518//2556 948//986
f 949//987 96//134 950//988 2518//2556
f 2518//2556 950//988 89//127 937//975
f 948//986 2518//2556 937//975 87//125
f 97//135 952//990 2519//2557 951//989
f 952//990 98//136 953//991 2519//2557
f 2519//2557 953//991 92//130 941//979
f 951//989 2519//2557 941//979 91//129
f 98//136 954//992 2520//2558 953//991
f 954//992 99//137 955//993 2520//2558
f 2520//2558 955//993 93//131 943//981
f 953//991 2520//2558 943//981 92//130
f 99//137 956//994 2521//2559 955//993
f 956//994 100//138 957//995 2521//2559
f 2521//2559 957//995 94//132 945//983
f 955//993 2521//2559 945//983 93//131
f 100//138 958//996 2522//2560 957//995
f 958//996 101//139 959//997 2522//2560
f 2522//2560 959//997 95//133 947//985
f 957//995 2522//2560 947//985 94//132
f 101//139 960//998 2523//2561 959//997
f 960//998 102//140 961//999 2523//2561
f 2523//2561 961//999 96//134 949//987
f 959//997 2523//2561 949//987 95//133
f 103//141 963//1001 2524//2562 962//1000
f 963//1001 104//142 964//1002 2524//2562
f 2524//2562 964//1002 98//136 952//990
f 962//1000 2524//2562 952//990 97//135
f 104//142 965//1003 2525//2563 964//1002
f 965//1003 105//143 966//1004 2525//2563
f 2525//2563 966//1004 99//137 954//992
f 964//1002 2525//2563 954//992 98//136
f 105//143 967//1005 2526//2564 966//1004
f 967//1005 106//144 968//1006 2526//2564
f 2526//2564 968//1006 100//138 956//994
f 966//1004 2526//2564 956//994 99//137
f 106//144 969//1007 2527//2565 968//1006
f 969//1007 107//145 970//1008 2527//2565
f 2527//2565 970//1008 101//139 958//996
f 968//1006 2527//2565 958//996 100//138
f 107//145 971//1009 2528//2566 970//1008
f 971//1009 108//146 972//1010 2528//2566
f 2528//2566 972//1010 102//140 960//998
f 970//1008 2528//2566 960//998 101//139
f 46//84 867//905 2529//2567 973//1011
f 867//905 45//83 974//1012 2529//2567
f 2529//2567 974//1012 104//142 963//1001
f 973//1011 2529//2567 963//1001 103//141
f 45//83 870//908 2530//2568 974//1012
f 870//908 48//86 975//1013 2530//2568
f 2530//2568 975//1013 105//143 965//1003
f 974//1012 2530//2568 965//1003 104//142
f 48//86 873//911 2531//2569 975//1013
f 873//911 50//88 976//1014 2531//2569
f 2531//2569 976//1014 106//144 967//1005
f 975//1013 2531//2569 967//1005 105//143
f 50//88 876//914 2532//2570 976//1014
f 876//914 52//90 977//1015 2532//2570
f 2532//2570 977//1015 107//145 969//1007
f 976//1014 2532//2570 969//1007 106//144
f 52//90 879//917 2533//2571 977//1015
f 879//917 54//92 978//1016 2533//2571
f 2533//2571 978//1016 108//146 971//1009
f 977//1015 2533//2571 971//1009 107//145
f 109//147 980//1018 2534//2572 979//1017
f 980//1018 110//148 981//1019 2534//2572
f 2534//2572 981//1019 111//149 982//1020
f 979//1017 2534//2572 982//1020 112//150
f 110//148 983//1021 2535//2573 981//1019
f 983//1021 113//151 984//1022 2535//2573
f 2535//2573 984//1022 114//152 985//1023
f 981//1019 2535//2573 985//1023 111//149
f 113//151 986//1024 2536//2574 984//1022
f 986//1024 115//153 987//1025 2536//2574
f 2536//2574 987//1025 116//154 988//1026
f 984//1022 2536//2574 988//1026 114//152
f 115//153 989//1027 2537//2575 987//1025
f 989//1027 117//155 990//1028 2537//2575
f 2537//2575 990//1028 118//156 991//1029
f 987//1025 2537//2575 991//1029 116//154
f 117//155 992//1030 2538//2576 990//1028
f 992//1030 119//157 993//1031 2538//2576
f 2538//2576 993//1031 120//158 994//1032
f 990//1028 2538//2576 994//1032 118//156
f 121//159 996//1034 2539//2577 995//1033
f 996//1034 122//160 997//1035 2539//2577
f 2539//2577 997//1035 110//148 980//1018
f 995//1033 2539//2577 980//1018 109//147
f 122//160 998//1036 2540//2578 997//1035
f 998//1036 123//161 999//1037 2540//2578
f 2540//2578 999//1037 113//151 983//1021
f 997//1035 2540//2578 983//1021 110//148
f 123//161 1000//1038 2541//2579 999//1037
f 1000//1038 124//162 1001//1039 2541//2579
f 2541//2579 1001//1039 115//153 986//1024
f 999//1037 2541//2579 986//1024 113//151
f 124//162 1002//1040 2542//2580 1001//1039
f 1002//1040 125//163 1003//1041 2542//2580
f 2542//2580 1003//1041 117//155 989//1027
f 1001//1039 2542//2580 989//1027 115//153
f 125//163 1004//1042 2543//2581 1003//1041
f 1004//1042 126//164 1005//1043 2543//2581
f 2543//2581 1005//1043 119//157 992//1030
f 1003//1041 2543//2581 992//1030 117//155
f 127//165 1007//1045 2544//2582 1006//1044
f 1007//1045 128//166 1008//1046 2544//2582
f 2544//2582 1008//1046 122//160 996//1034
f 1006//1044 2544//2582 996//1034 121//159
f 128//166 1009//1047 2545//2583 1008//1046
f 1009//1047 129//167 1010//1048 2545//2583
f 2545//2583 1010//1048 123//161 998//1036
f 1008//1046 2545//2583 998//1036 122//160
f 129//167 1011//1049 2546//2584 1010//1048
f 1011//1049 130//168 1012//1050 2546//2584
f 2546//2584 1012//1050 124//162 1000//1038
f 1010//1048 2546//2584 1000//1038 123//161
f 130//168 1013//1051 2547//2585 1012//1050
f 1013//1051 131//169 1014//1052 2547//2585
f 2547//2585 1014//1052 125//163 1002//1040
f 1012//1050 2547//2585 1002//1040 124//162
f 131//169 1015//1053 2548//2586 1014//1052
f 1015//1053 132//170 1016//1054 2548//2586
f 2548//2586 1016//1054 126//164 1004//1042
f 1014//1052 2548//2586 1004//1042 125//163
f 133//171 1018//1056 2549//2587 1017//1055
f 1018//1056 134//172 1019//1057 2549//2587
f 2549//2587 1019//1057 128//166 1007//1045
f 1017//1055 2549//2587 1007//1045 127//165
f 134//172 1020//1058 2550//2588 1019//1057
f 1020//1058 135//173 1021//1059 2550//2588
f 2550//2588 1021//1059 129//167 1009//1047
f 1019//1057 2550//2588 1009//1047 128//166
f 135//173 1022//1060 2551//2589 1021//1059
f 1022//1060 136//174 1023//1061 2551//2589
f 2551//2589 1023//1061 130//168 1011//1049
f 1021//1059 2551//2589 1011//1049 129//167
f 136//174 1024//1062 2552//2590 1023//1061
f 1024//1062 137//175 1025//1063 2552//2590
f 2552//2590 1025//1063 131//169 1013//1051
f 1023//1061 2552//2590 1013//1051 130//168
f 137//175 1026//1064 2553//2591 1025//1063
f 1026//1064 138//176 1027//1065 2553//2591
f 2553//2591 1027//1065 132//170 1015//1053
f 1025//1063 2553//2591 1015//1053 131//169
f 82//120 927//965 2554//2592 1028//1066
f 927//965 81//119 1029//1067 2554//2592
f 2554//2592 1029//1067 134//172 1018//1056
f 1028//1066 2554//2592 1018//1056 133//171
f 81//119 930//968 2555//2593 1029//1067
f 930//968 84//122 1030//1068 2555//2593
f 2555//2593 1030//1068 135//173 1020//1058
f 1029//1067 2555//2593 1020//1058 134//172
f 84//122 933//971 2556//2594 1030//1068
f 933//971 86//124 1031//1069 2556//2594
f 2556//2594 1031//1069 136//174 1022//1060
f 1030//1068 2556//2594 1022//1060 135//173
f 86//124 936//974 2557//2595 1031//1069
f 936//974 88//126 1032//1070 2557//2595
f 2557//2595 1032//1070 137//175 1024//1062
f 1031//1069 2557//2595 1024//1062 136//174
f 88//126 939//977 2558//2596 1032//1070
f 939//977 90//128 1033//1071 2558//2596
f 2558//2596 1033//1071 138//176 1026//1064
f 1032//1070 2558//2596 1026//1064 137//175
f 139//177 1035//1073 2559//2597 1034//1072
f 1035//1073 140//178 1036//1074 2559//2597
f 2559//2597 1036//1074 74//112 914//952
f 1034//1072 2559//2597 914//952 73//111
f 140//178 1037//1075 2560//2598 1036//1074
f 1037//1075 141//179 1038//1076 2560//2598
f 2560//2598 1038//1076 75//113 916//954
f 1036//1074 2560//2598 916//954 74//112
f 141//179 1039//1077 2561//2599 1038//1076
f 1039//1077 142//180 1040//1078 2561//2599
f 2561//2599 1040//1078 76//114 918//956
f 1038//1076 2561//2599 918//956 75//113
f 142//180 1041//1079 2562//2600 1040//1078
f 1041//1079 143//181 1042//1080 2562//2600
f 2562//2600 1042//1080 77//115 920//958
f 1040//1078 2562//2600 920//958 76//114
f 143//181 1043//1081 2563//2601 1042//1080
f 1043//1081 144//182 1044//1082 2563//2601
f 2563//2601 1044//1082 78//116 922//960
f 1042//1080 2563//2601 922//960 77//115
f 145//183 1046//1084 2564//2602 1045//1083
f 1046//1084 146//184 1047//1085 2564//2602
f 2564//2602 1047//1085 140//178 1035//1073
f 1045//1083 2564//2602 1035//1073 139//177
f 146//184 1048//1086 2565//2603 1047//1085
f 1048//1086 147//185 1049//1087 2565//2603
f 2565//2603 1049//1087 141//179 1037//1075
f 1047//1085 2565//2603 1037//1075 140//178
f 147//185 1050//1088 2566//2604 1049//1087
f 1050//1088 148//186 1051//1089 2566//2604
f 2566//2604 1051//1089 142//180 1039//1077
f 1049//1087 2566//2604 1039//1077 141//179
f 148//186 1052//1090 2567//2605 1051//1089
f 1052//1090 149//187 1053//1091 2567//2605
f 2567//2605 1053//1091 143//181 1041//1079
f 1051//1089 2567//2605 1041//1079 142//180
f 149//187 1054//1092 2568//2606 1053//1091
f 1054//1092 150//188 1055//1093 2568//2606
f 2568//2606 1055//1093 144//182 1043//1081
f 1053//1091 2568//2606 1043//1081 143//181
f 151//189 1057//1095 2569//2607 1056//1094
f 1057//1095 152//190 1058//1096 2569//2607
f 2569//2607 1058//1096 146//184 1046//1084
f 1056//1094 2569//2607 1046//1084 145//183
f 152//190 1059//1097 2570//2608 1058//1096
f 1059//1097 153//191 1060//1098 2570//2608
f 2570//2608 1060//1098 147//185 1048//1086
f 1058//1096 2570//2608 1048//1086 146//184
f 153//191 1061//1099 2571//2609 1060//1098
f 1061//1099 154//192 1062//1100 2571//2609
f 2571//2609 1062//1100 148//186 1050//1088
f 1060//1098 2571//2609 1050//1088 147//185
f 154//192 1063//1101 2572//2610 1062//1100
f 1063//1101 155//193 1064//1102 2572//2610
f 2572//2610 1064//1102 149//187 1052//1090
f 1062//1100 2572//2610 1052//1090 148//186
f 155//193 1065//1103 2573//2611 1064//1102
f 1065//1103 156//194 1066//1104 2573//2611
f 2573//2611 1066//1104 150//188 1054//1092
f 1064//1102 2573//2611 1054//1092 149//187
f 157//195 1068//1106 2574//2612 1067//1105
f 1068//1106 158//196 1069//1107 2574//2612
f 2574//2612 1069//1107 152//190 1057//1095
f 1067//1105 2574//2612 1057//1095 151//189
f 158//196 1070//1108 2575//2613 1069//1107
f 1070//1108 159//197 1071//1109 2575//2613
f 2575//2613 1071//1109 153//191 1059//1097
f 1069//1107 2575//2613 1059//1097 152//190
f 159//197 1072//1110 2576//2614 1071//1109
f 1072//1110 160//198 1073//1111 2576//2614
f 2576//2614 1073//1111 154//192 1061//1099
f 1071//1109 2576//2614 1061//1099 153//191
f 160//198 1074//1112 2577//2615 1073//1111
f 1074//1112 161//199 1075//1113 2577//2615
f 2577//2615 1075//1113 155//193 1063//1101
f 1073//1111 2577//2615 1063//1101 154//192
f 161//199 1076//1114 2578//2616 1075//1113
f 1076//1114 162//200 1077//1115 2578//2616
f 2578//2616 1077//1115 156//194 1065//1103
f 1075//1113 2578//2616 1065//1103 155//193
f 112//150 982//1020 2579//2617 1078//1116
f 982//1020 111//149 1079//1117 2579//2617
f 2579//2617 1079//1117 158//196 1068//1106
f 1078//1116 2579//2617 1068//1106 157//195
f 111//149 985//1023 2580//2618 1079//1117
f 985//1023 114//152 1080//1118 2580//2618
f 2580//2618 1080//1118 159//197 1070//1108
f 1079//1117 2580//2618 1070//1108 158//196
f 114//152 988//1026 2581//2619 1080//1118
f 988//1026 116//154 1081//1119 2581//2619
f 2581//2619 1081//1119 160//198 1072//1110
f 1080//1118 2581//2619 1072//1110 159//197
f 116//154 991//1029 2582//2620 1081//1119
f 991//1029 118//156 1082//1120 2582//2620
f 2582//2620 1082//1120 161//199 1074//1112
f 1081//1119 2582//2620 1074//1112 160//198
f 118//156 994//1032 2583//2621 1082//1120
f 994//1032 120//158 1083//1121 2583//2621
f 2583//2621 1083//1121 162//200 1076//1114
f 1082//1120 2583//2621 1076//1114 161//199
f 163//201 1085//1123 2584//2622 1084//1122
f 1085//1123 164//202 1086//1124 2584//2622
f 2584//2622 1086//1124 165//203 1087//1125
f 1084//1122 2584//2622 1087//1125 166//204
f 164//202 1088//1126 2585//2623 1086//1124
f 1088//1126 167//205 1089//1127 2585//2623
f 2585//2623 1089//1127 168//206 1090//1128
f 1086//1124 2585//2623 1090//1128 165//203
f 167//205 1091//1129 2586//2624 1089//1127
f 1091//1129 169//207 1092//1130 2586//2624
f 2586//2624 1092//1130 170//208 1093//1131
f 1089//1127 2586//2624 1093//1131 168//206
f 169//207 1094//1132 2587//2625 1092//1130
f 1094//1132 171//209 1095//1133 2587//2625
f 2587//2625 1095//1133 172//210 1096//1134
f 1092//1130 2587//2625 1096//1134 170//208
f 171//209 1097//1135 2588//2626 1095//1133
f 1097//1135 43//81 864//902 2588//2626
f 2588//2626 864//902 46//84 1098//1136
f 1095//1133 2588//2626 1098//1136 172//210
f 173//211 1100//1138 2589//2627 1099//1137
f 1100//1138 174//212 1101//1139 2589//2627
f 2589//2627 1101//1139 164//202 1085//1123
f 1099//1137 2589//2627 1085//1123 163//201
f 174//212 1102//1140 2590//2628 1101//1139
f 1102//1140 175//213 1103//1141 2590//2628
f 2590//2628 1103//1141 167//205 1088//1126
f 1101//1139 2590//2628 1088//1126 164//202
f 175//213 1104//1142 2591//2629 1103//1141
f 1104//1142 176//214 1105//1143 2591//2629
f 2591//2629 1105//1143 169//207 1091//1129
f 1103//1141 2591//2629 1091//1129 167//205
f 176//214 1106//1144 2592//2630 1105//1143
f 1106//1144 177//215 1107//1145 2592//2630
f 2592//2630 1107//1145 171//209 1094//1132
f 1105//1143 2592//2630 1094//1132 169//207
f 177//215 1108//1146 2593//2631 1107//1145
f 1108//1146 55//93 880//918 2593//2631
f 2593//2631 880//918 43//81 1097//1135
f 1107//1145 2593//2631 1097//1135 171//209
f 178//216 1110//1148 2594//2632 1109//1147
f 1110//1148 179//217 1111//1149 2594//2632
f 2594//2632 1111//1149 174//212 1100//1138
f 1109//1147 2594//2632 1100//1138 173//211
f 179//217 1112//1150 2595//2633 1111//1149
f 1112//1150 180//218 1113//1151 2595//2633
f 2595//2633 1113//1151 175//213 1102//1140
f 1111//1149 2595//2633 1102//1140 174//212
f 180//218 1114//1152 2596//2634 1113//1151
f 1114//1152 181//219 1115//1153 2596//2634
f 2596//2634 1115//1153 176//214 1104//1142
f 1113//1151 2596//2634 1104//1142 175//213
f 181//219 1116//1154 2597//2635 1115//1153
f 1116//1154 182//220 1117//1155 2597//2635
f 2597//2635 1117//1155 177//215 1106//1144
f 1115//1153 2597//2635 1106//1144 176//214
f 182//220 1118//1156 2598//2636 1117//1155
f 1118//1156 61//99 891//929 2598//2636
f 2598//2636 891//929 55//93 1108//1146
f 1117//1155 2598//2636 1108//1146 177//215
f 183//221 1120//1158 2599//2637 1119//1157
f 1120//1158 184//222 1121//1159 2599//2637
f 2599//2637 1121//1159 179//217 1110//1148
f 1119//1157 2599//2637 1110//1148 178//216
f 184//222 1122//1160 2600//2638 1121//1159
f 1122//1160 185//223 1123//1161 2600//2638
f 2600//2638 1123//1161 180//218 1112//1150
f 1121//1159 2600//2638 1112//1150 179//217
f 185//223 1124//1162 2601//2639 1123//1161
f 1124//1162 186//224 1125//1163 2601//2639
f 2601//2639 1125//1163 181//219 1114//1152
f 1123//1161 2601//2639 1114//1152 180//218
f 186//224 1126//1164 2602//2640 1125//1163
f 1126//1164 187//225 1127//1165 2602//2640
f 2602//2640 1127//1165 182//220 1116//1154
f 1125//1163 2602//2640 1116//1154 181//219
f 187//225 1128//1166 2603//2641 1127//1165
f 1128//1166 67//105 902//940 2603//2641
f 2603//2641 902//940 61//99 1118//1156
f 1127//1165 2603//2641 1118//1156 182//220
f 188//226 1130//1168 2604//2642 1129//1167
f 1130//1168 189//227 1131//1169 2604//2642
f 2604//2642 1131//1169 184//222 1120//1158
f 1129//1167 2604//2642 1120//1158 183//221
f 189//227 1132//1170 2605//2643 1131//1169
f 1132//1170 190//228 1133//1171 2605//2643
f 2605//2643 1133//1171 185//223 1122//1160
f 1131//1169 2605//2643 1122//1160 184//222
f 190//228 1134//1172 2606//2644 1133//1171
f 1134//1172 191//229 1135//1173 2606//2644
f 2606//2644 1135//1173 186//224 1124//1162
f 1133//1171 2606//2644 1124//1162 185//223
f 191//229 1136//1174 2607//2645 1135//1173
f 1136//1174 192//230 1137//1175 2607//2645
f 2607//2645 1137//1175 187//225 1126//1164
f 1135//1173 2607//2645 1126//1164 186//224
f 192//230 1138//1176 2608//2646 1137//1175
f 1138//1176 73//111 913//951 2608//2646
f 2608//2646 913//951 67//105 1128//1166
f 1137//1175 2608//2646 1128//1166 187//225
f 193//231 1140//1178 2609//2647 1139//1177
f 1140//1178 194//232 1141//1179 2609//2647
f 2609//2647 1141//1179 195//233 1142//1180
f 1139//1177 2609//2647 1142//1180 196//234
f 194//232 1143//1181 2610//2648 1141//1179
f 1143//1181 197//235 1144//1182 2610//2648
f 2610//2648 1144//1182 198//236 1145//1183
f 1141//1179 2610//2648 1145//1183 195//233
f 197//235 1146//1184 2611//2649 1144//1182
f 1146//1184 199//237 1147//1185 2611//2649
f 2611//2649 1147//1185 200//238 1148//1186
f 1144//1182 2611//2649 1148//1186 198//236
f 199//237 1149//1187 2612//2650 1147//1185
f 1149//1187 201//239 1150//1188 2612//2650
f 2612//2650 1150//1188 202//240 1151//1189
f 1147//1185 2612//2650 1151//1189 200//238
f 201//239 1152//1190 2613//2651 1150//1188
f 1152//1190 79//117 924//962 2613//2651
f 2613//2651 924//962 82//120 1153//1191
f 1150//1188 2613//2651 1153//1191 202//240
f 203//241 1155//1193 2614//2652 1154//1192
f 1155//1193 204//242 1156//1194 2614//2652
f 2614//2652 1156//1194 194//232 1140//1178
f 1154//1192 2614//2652 1140//1178 193//231
f 204//242 1157//1195 2615//2653 1156//1194
f 1157//1195 205//243 1158//1196 2615//2653
f 2615//2653 1158//1196 197//235 1143//1181
f 1156//1194 2615//2653 1143//1181 194//232
f 205//243 1159//1197 2616//2654 1158//1196
f 1159//1197 206//244 1160//1198 2616//2654
f 2616//2654 1160//1198 199//237 1146//1184
f 1158//1196 2616//2654 1146//1184 197//235
f 206//244 1161//1199 2617//2655 1160//1198
f 1161//1199 207//245 1162//1200 2617//2655
f 2617//2655 1162//1200 201//239 1149//1187
f 1160//1198 2617//2655 1149//1187 199//237
f 207//245 1163//1201 2618//2656 1162//1200
f 1163//1201 91//129 940//978 2618//2656
f 2618//2656 940//978 79//117 1152//1190
f 1162//1200 2618//2656 1152//1190 201//239
f 208//246 1165//1203 2619//2657 1164//1202
f 1165//1203 209//247 1166//1204 2619//2657
f 2619//2657 1166//1204 204//242 1155//1193
f 1164//1202 2619//2657 1155//1193 203//241
f 209//247 1167//1205 2620//2658 1166//1204
f 1167//1205 210//248 1168//1206 2620//2658
f 2620//2658 1168//1206 205//243 1157//1195
f 1166//1204 2620//2658 1157//1195 204//242
f 210//248 1169//1207 2621//2659 1168//1206
f 1169//1207 211//249 1170//1208 2621//2659
f 2621//2659 1170//1208 206//244 1159//1197
f 1168//1206 2621//2659 1159//1197 205//243
f 211//249 1171//1209 2622//2660 1170//1208
f 1171//1209 212//250 1172//1210 2622//2660
f 2622//2660 1172//1210 207//245 1161//1199
f 1170//1208 2622//2660 1161//1199 206//244
f 212//250 1173//1211 2623//2661 1172//1210
f 1173//1211 97//135 951//989 2623//2661
f 2623//2661 951//989 91//129 1163//1201
f 1172//1210 2623//2661 1163//1201 207//245
f 213//251 1175//1213 2624//2662 1174//1212
f 1175//1213 214//252 1176//1214 2624//2662
f 2624//2662 1176//1214 209//247 1165//1203
f 1174//1212 2624//2662 1165//1203 208//246
f 214//252 1177//1215 2625//2663 1176//1214
f 1177//1215 215//253 1178//1216 2625//2663
f 2625//2663 1178//1216 210//248 1167//1205
f 1176//1214 2625//2663 1167//1205 209//247
f 215//253 1179//1217 2626//2664 1178//1216
f 1179//1217 216//254 1180//1218 2626//2664
f 2626//2664 1180//1218 211//249 1169//1207
f 1178//1216 2626//2664 1169//1207 210//248
f 216//254 1181//1219 2627//2665 1180//1218
f 1181//1219 217//255 1182//1220 2627//2665
f 2627//2665 1182//1220 212//250 1171//1209
f 1180//1218 2627//2665 1171//1209 211//249
f 217//255 1183//1221 2628//2666 1182//1220
f 1183//1221 103//141 962//1000 2628//2666
f 2628//2666 962//1000 97//135 1173//1211
f 1182//1220 2628//2666 1173//1211 212//250
f 166//204 1087//1125 2629//2667 1184//1222
f 1087//1125 165//203 1185//1223 2629//2667
f 2629//2667 1185//1223 214//252 1175//1213
f 1184//1222 2629//2667 1175//1213 213//251
f 165//203 1090//1128 2630//2668 1185//1223
f 1090//1128 168//206 1186//1224 2630//2668
f 2630//2668 1186//1224 215//253 1177//1215
f 1185//1223 2630//2668 1177//1215 214//252
f 168//206 1093//1131 2631//2669 1186//1224
f 1093//1131 170//208 1187//1225 2631//2669
f 2631//2669 1187//1225 216//254 1179//1217
f 1186//1224 2631//2669 1179//1217 215//253
f 170//208 1096//1134 2632//2670 1187//1225
f 1096//1134 172//210 1188//1226 2632//2670
f 2632//2670 1188//1226 217//255 1181//1219
f 1187//1225 2632//2670 1181//1219 216//254
f 172//210 1098//1136 2633//2671 1188//1226
f 1098//1136 46//84 973//1011 2633//2671
f 2633//2671 973//1011 103//141 1183//1221
f 1188//1226 2633//2671 1183//1221 217//255
f 218//256 1190//1228 2634//2672 1189//1227
f 1190//1228 219//257 1191//1229 2634//2672
f 2634//2672 1191//1229 220//258 1192//1230
f 1189//1227 2634//2672 1192//1230 221//259
f 219//257 1193//1231 2635//2673 1191//1229
f 1193//1231 222//260 1194//1232 2635//2673
f 2635//2673 1194//1232 223//261 1195//1233
f 1191//1229 2635//2673 1195//1233 220//258
f 222//260 1196//1234 2636//2674 1194//1232
f 1196//1234 224//262 1197//1235 2636//2674
f 2636//2674 1197//1235 225//263 1198//1236
f 1194//1232 2636//2674 1198//1236 223//261
f 224//262 1199//1237 2637//2675 1197//1235
f 1199//1237 226//264 1200//1238 2637//2675
f 2637//2675 1200//1238 227//265 1201//1239
f 1197//1235 2637//2675 1201//1239 225//263
f 226//264 1202//1240 2638//2676 1200//1238
f 1202//1240 109//147 979//1017 2638//2676
f 2638//2676 979//1017 112//150 1203//1241
f 1200//1238 2638//2676 1203//1241 227//265
f 228//266 1205//1243 2639//2677 1204//1242
f 1205//1243 229//267 1206//1244 2639//2677
f 2639//2677 1206//1244 219//257 1190//1228
f 1204//1242 2639//2677 1190//1228 218//256
f 229//267 1207//1245 2640//2678 1206//1244
f 1207//1245 230//268 1208//1246 2640//2678
f 2640//2678 1208//1246 222//260 1193//1231
f 1206//1244 2640//2678 1193//1231 219//257
f 230//268 1209//1247 2641//2679 1208//1246
f 1209//1247 231//269 1210//1248 2641//2679
f 2641//2679 1210//1248 224//262 1196//1234
f 1208//1246 2641//2679 1196//1234 222//260
f 231//269 1211//1249 2642//2680 1210//1248
f 1211//1249 232//270 1212//1250 2642//2680
f 2642//2680 1212//1250 226//264 1199//1237
f 1210//1248 2642//2680 1199//1237 224//262
f 232//270 1213//1251 2643//2681 1212//1250
f 1213//1251 121//159 995//1033 2643//2681
f 2643//2681 995//1033 109//147 1202//1240
f 1212//1250 2643//2681 1202//1240 226//264
f 233//271 1215//1253 2644//2682 1214//1252
f 1215//1253 234//272 1216//1254 2644//2682
f 2644//2682 1216//1254 229//267 1205//1243
f 1214//1252 2644//2682 1205//1243 228//266
f 234//272 1217//1255 2645//2683 1216//1254
f 1217//1255 235//273 1218//1256 2645//2683
f 2645//2683 1218//1256 230//268 1207//1245
f 1216//1254 2645//2683 1207//1245 229//267
f 235//273 1219//1257 2646//2684 1218//1256
f 1219//1257 236//274 1220//1258 2646//2684
f 2646//2684 1220//1258 231//269 1209//1247
f 1218//1256 2646//2684 1209//1247 230//268
f 236//274 1221//1259 2647//2685 1220//1258
f 1221//1259 237//275 1222//1260 2647//2685
f 2647//2685 1222//1260 232//270 1211//1249
f 1220//1258 2647//2685 1211//1249 231//269
f 237//275 1223//1261 2648//2686 1222//1260
f 1223//1261 127//165 1006//1044 2648//2686
f 2648//2686 1006//1044 121//159 1213//1251
f 1222//1260 2648//2686 1213//1251 232//270
f 238//276 1225//1263 2649//2687 1224//1262
f 1225//1263 239//277 1226//1264 2649//2687
f 2649//2687 1226//1264 234//272 1215//1253
f 1224//1262 2649//2687 1215//1253 233//271
f 239//277 1227//1265 2650//2688 1226//1264
f 1227//1265 240//278 1228//1266 2650//2688
f 2650//2688 1228//1266 235//273 1217//1255
f 1226//1264 2650//2688 1217//1255 234//272
f 240//278 1229//1267 2651//2689 1228//1266
f 1229//1267 241//279 1230//1268 2651//2689
f 2651//2689 1230//1268 236//274 1219//1257
f 1228//1266 2651//2689 1219//1257 235//273
f 241//279 1231//1269 2652//2690 1230//1268
f 1231//1269 242//280 1232//1270 2652//2690
f 2652//2690 1232//1270 237//275 1221//1259
f 1230//1268 2652//2690 1221//1259 236//274
f 242//280 1233//1271 2653//2691 1232//1270
f 1233//1271 133//171 1017//1055 2653//2691
f 2653//2691 1017//1055 127//165 1223//1261
f 1232//1270 2653//2691 1223//1261 237//275
f 196//234 1142//1180 2654//2692 1234//1272
f 1142//1180 195//233 1235//1273 2654//2692
f 2654//2692 1235//1273 239//277 1225//1263
f 1234//1272 2654//2692 1225//1263 238//276
f 195//233 1145//1183 2655//2693 1235//1273
f 1145//1183 198//236 1236//1274 2655//2693
f 2655//2693 1236//1274 240//278 1227//1265
f 1235//1273 2655//2693 1227//1265 239//277
f 198//236 1148//1186 2656//2694 1236//1274
f 1148//1186 200//238 1237//1275 2656//2694
f 2656//2694 1237//1275 241//279 1229//1267
f 1236//1274 2656//2694 1229//1267 240//278
f 200//238 1151//1189 2657//2695 1237//1275
f 1151//1189 202//240 1238//1276 2657//2695
f 2657//2695 1238//1276 242//280 1231//1269
f 1237//1275 2657//2695 1231//1269 241//279
f 202//240 1153//1191 2658//2696 1238//1276
f 1153//1191 82//120 1028//1066 2658//2696
f 2658//2696 1028//1066 133//171 1233//1271
f 1238//1276 2658//2696 1233//1271 242//280
f 243//281 1240//1278 2659//2697 1239//1277
f 1240//1278 244//282 1241//1279 2659//2697
f 2659//2697 1241//1279 189//227 1130//1168
f 1239//1277 2659//2697 1130//1168 188//226
f 244//282 1242//1280 2660//2698 1241//1279
f 1242//1280 245//283 1243//1281 2660//2698
f 2660//2698 1243//1281 190//228 1132//1170
f 1241//1279 2660//2698 1132//1170 189//227
f 245//283 1244//1282 2661//2699 1243//1281
f 1244//1282 246//284 1245//1283 2661//2699
f 2661//2699 1245//1283 191//229 1134//1172
f 1243//1281 2661//2699 1134//1172 190//228
f 246//284 1246//1284 2662//2700 1245//1283
f 1246//1284 247//285 1247//1285 2662//2700
f 2662//2700 1247//1285 192//230 1136//1174
f 1245//1283 2662//2700 1136//1174 191//229
f 247//285 1248//1286 2663//2701 1247//1285
f 1248//1286 139//177 1034//1072 2663//2701
f 2663//2701 1034//1072 73//111 1138//1176
f 1247//1285 2663//2701 1138//1176 192//230
f 248//286 1250//1288 2664//2702 1249//1287
f 1250//1288 249//287 1251//1289 2664//2702
f 2664//2702 1251//1289 244//282 1240//1278
f 1249//1287 2664//2702 1240//1278 243//281
f 249//287 1252//1290 2665//2703 1251//1289
f 1252//1290 250//288 1253//1291 2665//2703
f 2665//2703 1253//1291 245//283 1242//1280
f 1251//1289 2665//2703 1242//1280 244//282
f 250//288 1254//1292 2666//2704 1253//1291
f 1254//1292 251//289 1255//1293 2666//2704
f 2666//2704 1255//1293 246//284 1244//1282
f 1253//1291 2666//2704 1244//1282 245//283
f 251//289 1256//1294 2667//2705 1255//1293
f 1256//1294 252//290 1257//1295 2667//2705
f 2667//2705 1257//1295 247//285 1246//1284
f 1255//1293 2667//2705 1246//1284 246//284
f 252//290 1258//1296 2668//2706 1257//1295
f 1258//1296 145//183 1045//1083 2668//2706
f 2668//2706 1045//1083 139//177 1248//1286
f 1257//1295 2668//2706 1248//1286 247//285
f 253//291 1260//1298 2669//2707 1259//1297
f 1260//1298 254//292 1261//1299 2669//2707
f 2669//2707 1261//1299 249//287 1250//1288
f 1259//1297 2669//2707 1250//1288 248//286
f 254//292 1262//1300 2670//2708 1261//1299
f 1262//1300 255//293 1263//1301 2670//2708
f 2670//2708 1263//1301 250//288 1252//1290
f 1261//1299 2670//2708 1252//1290 249//287
f 255//293 1264//1302 2671//2709 1263//1301
f 1264//1302 256//294 1265//1303 2671//2709
f 2671//2709 1265//1303 251//289 1254//1292
f 1263//1301 2671//2709 1254//1292 250//288
f 256//294 1266//1304 2672//2710 1265//1303
f 1266//1304 257//295 1267//1305 2672//2710
f 2672//2710 1267//1305 252//290 1256//1294
f 1265//1303 2672//2710 1256//1294 251//289
f 257//295 1268//1306 2673//2711 1267//1305
f 1268//1306 151//189 1056//1094 2673//2711
f 2673//2711 1056//1094 145//183 1258//1296
f 1267//1305 2673//2711 1258//1296 252//290
f 258//296 1270//1308 2674//2712 1269//1307
f 1270//1308 259//297 1271//1309 2674//2712
f 2674//2712 1271//1309 254//292 1260//1298
f 1269//1307 2674//2712 1260//1298 253//291
f 259//297 1272//1310 2675//2713 1271//1309
f 1272//1310 260//298 1273//1311 2675//2713
f 2675//2713 1273//1311 255//293 1262//1300
f 1271//1309 2675//2713 1262//1300 254//292
f 260//298 1274//1312 2676//2714 1273//1311
f 1274//1312 261//299 1275//1313 2676//2714
f 2676//2714 1275//1313 256//294 1264//1302
f 1273//1311 2676//2714 1264//1302 255//293
f 261//299 1276//1314 2677//2715 1275//1313
f 1276//1314 262//300 1277//1315 2677//2715
f 2677//2715 1277//1315 257//295 1266//1304
f 1275//1313 2677//2715 1266//1304 256//294
f 262//300 1278//1316 2678//2716 1277//1315
f 1278//1316 157//195 1067//1105 2678//2716
f 2678//2716 1067//1105 151//189 1268//1306
f 1277//1315 2678//2716 1268//1306 257//295
f 221//259 1192//1230 2679//2717 1279//1317
f 1192//1230 220//258 1280//1318 2679//2717
f 2679//2717 1280//1318 259//297 1270//1308
f 1279//1317 2679//2717 1270//1308 258//296
f 220//258 1195//1233 2680//2718 1280//1318
f 1195//1233 223//261 1281//1319 2680//2718
f 2680//2718 1281//1319 260//298 1272//1310
f 1280//1318 2680//2718 1272//1310 259//297
f 223//261 1198//1236 2681//2719 1281//1319
f 1198//1236 225//263 1282//1320 2681//2719
f 2681//2719 1282//1320 261//299 1274//1312
f 1281//1319 2681//2719 1274//1312 260//298
f 225//263 1201//1239 2682//2720 1282//1320
f 1201//1239 227//265 1283//1321 2682//2720
f 2682//2720 1283//1321 262//300 1276//1314
f 1282//1320 2682//2720 1276//1314 261//299
f 227//265 1203//1241 2683//2721 1283//1321
f 1203//1241 112//150 1078//1116 2683//2721
f 2683//2721 1078//1116 157//195 1278//1316
f 1283//1321 2683//2721 1278//1316 262//300
f 859//897 2476//2514 2684//2722 2471//2509
f 2476//2514 263//301 1284//1322 2684//2722
f 2684//2722 1284//1322 264//302 1285//1323
f 2471//2509 2684//2722 1285//1323 265//303
f 263//301 1286//1324 2685//2723 1284//1322
f 1286//1324 266//304 1287//1325 2685//2723
f 2685//2723 1287//1325 267//305 1288//1326
f 1284//1322 2685//2723 1288//1326 264//302
f 266//304 1289//1327 2686//2724 1287//1325
f 1289//1327 268//306 1290//1328 2686//2724
f 2686//2724 1290//1328 269//307 1291//1329
f 1287//1325 2686//2724 1291//1329 267//305
f 268//306 1292//1330 2687//2725 1290//1328
f 1292//1330 270//308 1293//1331 2687//2725
f 2687//2725 1293//1331 271//309 1294//1332
f 1290//1328 2687//2725 1294//1332 269//307
f 270//308 1295//1333 2688//2726 1293//1331
f 1295//1333 163//201 1084//1122 2688//2726
f 2688//2726 1084//1122 166//204 1296//1334
f 1293//1331 2688//2726 1296//1334 271//309
f 272//310 1297//1335 2689//2727 2461//2499
f 1297//1335 273//311 1298//1336 2689//2727
f 2689//2727 1298//1336 263//301 2476//2514
f 2461//2499 2689//2727 2476//2514 859//897
f 273//311 1299//1337 2690//2728 1298//1336
f 1299//1337 274//312 1300//1338 2690//2728
f 2690//2728 1300//1338 266//304 1286//1324
f 1298//1336 2690//2728 1286//1324 263//301
f 274//312 1301//1339 2691//2729 1300//1338
f 1301//1339 275//313 1302//1340 2691//2729
f 2691//2729 1302//1340 268//306 1289//1327
f 1300//1338 2691//2729 1289//1327 266//304
f 275//313 1303//1341 2692//2730 1302//1340
f 1303//1341 276//314 1304//1342 2692//2730
f 2692//2730 1304//1342 270//308 1292//1330
f 1302//1340 2692//2730 1292//1330 268//306
f 276//314 1305//1343 2693//2731 1304//1342
f 1305//1343 173//211 1099//1137 2693//2731
f 2693//2731 1099//1137 163//201 1295//1333
f 1304//1342 2693//2731 1295//1333 270//308
f 277//315 1307//1345 2694//2732 1306//1344
f 1307//1345 278//316 1308//1346 2694//2732
f 2694//2732 1308//1346 273//311 1297//1335
f 1306//1344 2694//2732 1297//1335 272//310
f 278//316 1309//1347 2695//2733 1308//1346
f 1309//1347 279//317 1310//1348 2695//2733
f 2695//2733 1310//1348 274//312 1299//1337
f 1308//1346 2695//2733 1299//1337 273//311
f 279//317 1311//1349 2696//2734 1310//1348
f 1311//1349 280//318 1312//1350 2696//2734
f 2696//2734 1312//1350 275//313 1301//1339
f 1310//1348 2696//2734 1301//1339 274//312
f 280//318 1313//1351 2697//2735 1312//1350
f 1313//1351 281//319 1314//1352 2697//2735
f 2697//2735 1314//1352 276//314 1303//1341
f 1312//1350 2697//2735 1303//1341 275//313
f 281//319 1315//1353 2698//2736 1314//1352
f 1315//1353 178//216 1109//1147 2698//2736
f 2698//2736 1109//1147 173//211 1305//1343
f 1314//1352 2698//2736 1305//1343 276//314
f 282//320 1317//1355 2699//2737 1316//1354
f 1317//1355 283//321 1318//1356 2699//2737
f 2699//2737 1318//1356 278//316 1307//1345
f 1316//1354 2699//2737 1307//1345 277//315
f 283//321 1319//1357 2700//2738 1318//1356
f 1319//1357 284//322 1320//1358 2700//2738
f 2700//2738 1320//1358 279//317 1309//1347
f 1318//1356 2700//2738 1309//1347 278//316
f 284//322 1321//1359 2701//2739 1320//1358
f 1321//1359 285//323 1322//1360 2701//2739
f 2701//2739 1322//1360 280//318 1311//1349
f 1320//1358 2701//2739 1311//1349 279//317
f 285//323 1323//1361 2702//2740 1322//1360
f 1323//1361 286//324 1324//1362 2702//2740
f 2702//2740 1324//1362 281//319 1313//1351
f 1322//1360 2702//2740 1313//1351 280//318
f 286//324 1325//1363 2703//2741 1324//1362
f 1325//1363 183//221 1119//1157 2703//2741
f 2703//2741 1119//1157 178//216 1315//1353
f 1324//1362 2703//2741 1315//1353 281//319
f 287//325 1327//1365 2704//2742 1326//1364
f 1327//1365 288//326 1328//1366 2704//2742
f 2704//2742 1328//1366 283//321 1317//1355
f 1326//1364 2704//2742 1317//1355 282//320
f 288//326 1329//1367 2705//2743 1328//1366
f 1329//1367 289//327 1330//1368 2705//2743
f 2705//2743 1330//1368 284//322 1319//1357
f 1328//1366 2705//2743 1319//1357 283//321
f 289//327 1331//1369 2706//2744 1330//1368
f 1331//1369 290//328 1332//1370 2706//2744
f 2706//2744 1332//1370 285//323 1321//1359
f 1330//1368 2706//2744 1321//1359 284//322
f 290//328 1333//1371 2707//2745 1332//1370
f 1333//1371 291//329 1334//1372 2707//2745
f 2707//2745 1334//1372 286//324 1323//1361
f 1332//1370 2707//2745 1323//1361 285//323
f 291//329 1335//1373 2708//2746 1334//1372
f 1335//1373 188//226 1129//1167 2708//2746
f 2708//2746 1129//1167 183//221 1325//1363
f 1334//1372 2708//2746 1325//1363 286//324
f 292//330 1337//1375 2709//2747 1336//1374
f 1337//1375 293//331 1338//1376 2709//2747
f 2709//2747 1338//1376 294//332 1339//1377
f 1336//1374 2709//2747 1339//1377 295//333
f 293//331 1340//1378 2710//2748 1338//1376
f 1340//1378 296//334 1341//1379 2710//2748
f 2710//2748 1341//1379 297//335 1342//1380
f 1338//1376 2710//2748 1342//1380 294//332
f 296//334 1343//1381 2711//2749 1341//1379
f 1343//1381 298//336 1344//1382 2711//2749
f 2711//2749 1344//1382 299//337 1345//1383
f 1341//1379 2711//2749 1345//1383 297//335
f 298//336 1346//1384 2712//2750 1344//1382
f 1346//1384 300//338 1347//1385 2712//2750
f 2712//2750 1347//1385 301//339 1348//1386
f 1344//1382 2712//2750 1348//1386 299//337
f 300//338 1349//1387 2713//2751 1347//1385
f 1349//1387 193//231 1139//1177 2713//2751
f 2713//2751 1139//1177 196//234 1350//1388
f 1347//1385 2713//2751 1350//1388 301//339
f 302//340 1352//1390 2714//2752 1351//1389
f 1352//1390 303//341 1353//1391 2714//2752
f 2714//2752 1353//1391 293//331 1337//1375
f 1351//1389 2714//2752 1337//1375 292//330
f 303//341 1354//1392 2715//2753 1353//1391
f 1354//1392 304//342 1355//1393 2715//2753
f 2715//2753 1355//1393 296//334 1340//1378
f 1353//1391 2715//2753 1340//1378 293//331
f 304//342 1356//1394 2716//2754 1355//1393
f 1356//1394 305//343 1357//1395 2716//2754
f 2716//2754 1357//1395 298//336 1343//1381
f 1355//1393 2716//2754 1343//1381 296//334
f 305//343 1358//1396 2717//2755 1357//1395
f 1358//1396 306//344 1359//1397 2717//2755
f 2717//2755 1359//1397 300//338 1346//1384
f 1357//1395 2717//2755 1346//1384 298//336
f 306//344 1360//1398 2718//2756 1359//1397
f 1360//1398 203//241 1154//1192 2718//2756
f 2718//2756 1154//1192 193//231 1349//1387
f 1359//1397 2718//2756 1349//1387 300//338
f 307//345 1362//1400 2719//2757 1361//1399
f 1362//1400 308//346 1363//1401 2719//2757
f 2719//2757 1363//1401 303//341 1352//1390
f 1361//1399 2719//2757 1352//1390 302//340
f 308//346 1364//1402 2720//2758 1363//1401
f 1364//1402 309//347 1365//1403 2720//2758
f 2720//2758 1365//1403 304//342 1354//1392
f 1363//1401 2720//2758 1354//1392 303//341
f 309//347 1366//1404 2721//2759 1365//1403
f 1366//1404 310//348 1367//1405 2721//2759
f 2721//2759 1367//1405 305//343 1356//1394
f 1365//1403 2721//2759 1356//1394 304//342
f 310//348 1368//1406 2722//2760 1367//1405
f 1368//1406 311//349 1369//1407 2722//2760
f 2722//2760 1369//1407 306//344 1358//1396
f 1367//1405 2722//2760 1358//1396 305//343
f 311//349 1370//1408 2723//2761 1369//1407
f 1370//1408 208//246 1164//1202 2723//2761
f 2723//2761 1164//1202 203//241 1360//1398
f 1369//1407 2723//2761 1360//1398 306//344
f 312//350 1372//1410 2724//2762 1371//1409
f 1372//1410 313//351 1373//1411 2724//2762
f 2724//2762 1373//1411 308//346 1362//1400
f 1371//1409 2724//2762 1362//1400 307//345
f 313//351 1374//1412 2725//2763 1373//1411
f 1374//1412 314//352 1375//1413 2725//2763
f 2725//2763 1375//1413 309//347 1364//1402
f 1373//1411 2725//2763 1364//1402 308//346
f 314//352 1376//1414 2726//2764 1375//1413
f 1376//1414 315//353 1377//1415 2726//2764
f 2726//2764 1377//1415 310//348 1366//1404
f 1375//1413 2726//2764 1366//1404 309//347
f 315//353 1378//1416 2727//2765 1377//1415
f 1378//1416 316//354 1379//1417 2727//2765
f 2727//2765 1379//1417 311//349 1368//1406
f 1377//1415 2727//2765 1368//1406 310//348
f 316//354 1380//1418 2728//2766 1379//1417
f 1380//1418 213//251 1174//1212 2728//2766
f 2728//2766 1174//1212 208//246 1370//1408
f 1379//1417 2728//2766 1370//1408 311//349
f 265//303 1285//1323 2729//2767 1381//1419
f 1285//1323 264//302 1382//1420 2729//2767
f 2729//2767 1382//1420 313//351 1372//1410
f 1381//1419 2729//2767 1372//1410 312//350
f 264//302 1288//1326 2730//2768 1382//1420
f 1288//1326 267//305 1383//1421 2730//2768
f 2730//2768 1383//1421 314//352 1374//1412
f 1382//1420 2730//2768 1374//1412 313//351
f 267//305 1291//1329 2731//2769 1383//1421
f 1291//1329 269//307 1384//1422 2731//2769
f 2731//2769 1384//1422 315//353 1376//1414
f 1383//1421 2731//2769 1376//1414 314//352
f 269//307 1294//1332 2732//2770 1384//1422
f 1294//1332 271//309 1385//1423 2732//2770
f 2732//2770 1385//1423 316//354 1378//1416
f 1384//1422 2732//2770 1378//1416 315//353
f 271//309 1296//1334 2733//2771 1385//1423
f 1296//1334 166//204 1184//1222 2733//2771
f 2733//2771 1184//1222 213//251 1380//1418
f 1385//1423 2733//2771 1380//1418 316//354
f 317//355 1387//1425 2734//2772 1386//1424
f 1387//1425 318//356 1388//1426 2734//2772
f 2734//2772 1388//1426 319//357 1389//1427
f 1386//1424 2734//2772 1389//1427 320//358
f 318//356 1390//1428 2735//2773 1388//1426
f 1390//1428 321//359 1391//1429 2735//2773
f 2735//2773 1391//1429 322//360 1392//1430
f 1388//1426 2735//2773 1392//1430 319//357
f 321//359 1393//1431 2736//2774 1391//1429
f 1393//1431 323//361 1394//1432 2736//2774
f 2736//2774 1394//1432 324//362 1395//1433
f 1391//1429 2736//2774 1395//1433 322//360
f 323//361 1396//1434 2737//2775 1394//1432
f 1396//1434 325//363 1397//1435 2737//2775
f 2737//2775 1397//1435 326//364 1398//1436
f 1394//1432 2737//2775 1398//1436 324//362
f 325//363 1399//1437 2738//2776 1397//1435
f 1399//1437 218//256 1189//1227 2738//2776
f 2738//2776 1189//1227 221//259 1400//1438
f 1397//1435 2738//2776 1400//1438 326//364
f 327//365 1402//1440 2739//2777 1401//1439
f 1402//1440 328//366 1403//1441 2739//2777
f 2739//2777 1403//1441 318//356 1387//1425
f 1401//1439 2739//2777 1387//1425 317//355
f 328//366 1404//1442 2740//2778 1403//1441
f 1404//1442 329//367 1405//1443 2740//2778
f 2740//2778 1405//1443 321//359 1390//1428
f 1403//1441 2740//2778 1390//1428 318//356
f 329//367 1406//1444 2741//2779 1405//1443
f 1406//1444 330//368 1407//1445 2741//2779
f 2741//2779 1407//1445 323//361 1393//1431
f 1405//1443 2741//2779 1393//1431 321//359
f 330//368 1408//1446 2742//2780 1407//1445
f 1408//1446 331//369 1409//1447 2742//2780
f 2742//2780 1409//1447 325//363 1396//1434
f 1407//1445 2742//2780 1396//1434 323//361
f 331//369 1410//1448 2743//2781 1409//1447
f 1410//1448 228//266 1204//1242 2743//2781
f 2743//2781 1204//1242 218//256 1399//1437
f 1409//1447 2743//2781 1399//1437 325//363
f 332//370 1412//1450 2744//2782 1411//1449
f 1412//1450 333//371 1413//1451 2744//2782
f 2744//2782 1413//1451 328//366 1402//1440
f 1411//1449 2744//2782 1402//1440 327//365
f 333//371 1414//1452 2745//2783 1413//1451
f 1414//1452 334//372 1415//1453 2745//2783
f 2745//2783 1415//1453 329//367 1404//1442
f 1413//1451 2745//2783 1404//1442 328//366
f 334//372 1416//1454 2746//2784 1415//1453
f 1416//1454 335//373 1417//1455 2746//2784
f 2746//2784 1417//1455 330//368 1406//1444
f 1415//1453 2746//2784 1406//1444 329//367
f 335//373 1418//1456 2747//2785 1417//1455
f 1418//1456 336//374 1419//1457 2747//2785
f 2747//2785 1419//1457 331//369 1408//1446
f 1417//1455 2747//2785 1408//1446 330//368
f 336//374 1420//1458 2748//2786 1419//1457
f 1420//1458 233//271 1214//1252 2748//2786
f 2748//2786 1214//1252 228//266 1410//1448
f 1419//1457 2748//2786 1410//1448 331//369
f 806//844 2477//2515 2749//2787 2361//2399
f 2477//2515 337//375 1421//1459 2749//2787
f 2749//2787 1421//1459 333//371 1412//1450
f 2361//2399 2749//2787 1412//1450 332//370
f 337//375 1422//1460 2750//2788 1421//1459
f 1422//1460 338//376 1423//1461 2750//2788
f 2750//2788 1423//1461 334//372 1414//1452
f 1421//1459 2750//2788 1414//1452 333//371
f 338//376 1424//1462 2751//2789 1423//1461
f 1424//1462 339//377 1425//1463 2751//2789
f 2751//2789 1425//1463 335//373 1416//1454
f 1423//1461 2751//2789 1416//1454 334//372
f 339//377 1426//1464 2752//2790 1425//1463
f 1426//1464 340//378 1427//1465 2752//2790
f 2752//2790 1427//1465 336//374 1418//1456
f 1425//1463 2752//2790 1418//1456 335//373
f 340//378 1428//1466 2753//2791 1427//1465
f 1428//1466 238//276 1224//1262 2753//2791
f 2753//2791 1224//1262 233//271 1420//1458
f 1427//1465 2753//2791 1420//1458 336//374
f 295//333 1339//1377 2754//2792 2346//2384
f 1339//1377 294//332 1429//1467 2754//2792
f 2754//2792 1429//1467 337//375 2477//2515
f 2346//2384 2754//2792 2477//2515 806//844
f 294//332 1342//1380 2755//2793 1429//1467
f 1342//1380 297//335 1430//1468 2755//2793
f 2755//2793 1430//1468 338//376 1422//1460
f 1429//1467 2755//2793 1422//1460 337//375
f 297//335 1345//1383 2756//2794 1430//1468
f 1345//1383 299//337 1431//1469 2756//2794
f 2756//2794 1431//1469 339//377 1424//1462
f 1430//1468 2756//2794 1424//1462 338//376
f 299//337 1348//1386 2757//2795 1431//1469
f 1348//1386 301//339 1432//1470 2757//2795
f 2757//2795 1432//1470 340//378 1426//1464
f 1431//1469 2757//2795 1426//1464 339//377
f 301//339 1350//1388 2758//2796 1432//1470
f 1350//1388 196//234 1234//1272 2758//2796
f 2758//2796 1234//1272 238//276 1428//1466
f 1432//1470 2758//2796 1428//1466 340//378
f 341//379 1434//1472 2759//2797 1433//1471
f 1434//1472 342//380 1435//1473 2759//2797
f 2759//2797 1435//1473 288//326 1327//1365
f 1433//1471 2759//2797 1327//1365 287//325
f 342//380 1436//1474 2760//2798 1435//1473
f 1436//1474 343//381 1437//1475 2760//2798
f 2760//2798 1437//1475 289//327 1329//1367
f 1435//1473 2760//2798 1329//1367 288//326
f 343//381 1438//1476 2761//2799 1437//1475
f 1438//1476 344//382 1439//1477 2761//2799
f 2761//2799 1439//1477 290//328 1331//1369
f 1437//1475 2761//2799 1331//1369 289//327
f 344//382 1440//1478 2762//2800 1439//1477
f 1440//1478 345//383 1441//1479 2762//2800
f 2762//2800 1441//1479 291//329 1333//1371
f 1439//1477 2762//2800 1333//1371 290//328
f 345//383 1442//1480 2763//2801 1441//1479
f 1442//1480 243//281 1239//1277 2763//2801
f 2763//2801 1239//1277 188//226 1335//1373
f 1441//1479 2763//2801 1335//1373 291//329
f 346//384 1444//1482 2764//2802 1443//1481
f 1444//1482 347//385 1445//1483 2764//2802
f 2764//2802 1445//1483 342//380 1434//1472
f 1443//1481 2764//2802 1434//1472 341//379
f 347//385 1446//1484 2765//2803 1445//1483
f 1446//1484 348//386 1447//1485 2765//2803
f 2765//2803 1447//1485 343//381 1436//1474
f 1445//1483 2765//2803 1436//1474 342//380
f 348//386 1448//1486 2766//2804 1447//1485
f 1448//1486 349//387 1449//1487 2766//2804
f 2766//2804 1449//1487 344//382 1438//1476
f 1447//1485 2766//2804 1438//1476 343//381
f 349//387 1450//1488 2767//2805 1449//1487
f 1450//1488 350//388 1451//1489 2767//2805
f 2767//2805 1451//1489 345//383 1440//1478
f 1449//1487 2767//2805 1440//1478 344//382
f 350//388 1452//1490 2768//2806 1451//1489
f 1452//1490 248//286 1249//1287 2768//2806
f 2768//2806 1249//1287 243//281 1442//1480
f 1451//1489 2768//2806 1442//1480 345//383
f 351//389 1454//1492 2769//2807 1453//1491
f 1454//1492 352//390 1455//1493 2769//2807
f 2769//2807 1455//1493 347//385 1444//1482
f 1453//1491 2769//2807 1444//1482 346//384
f 352//390 1456//1494 2770//2808 1455//1493
f 1456//1494 353//391 1457//1495 2770//2808
f 2770//2808 1457//1495 348//386 1446//1484
f 1455//1493 2770//2808 1446//1484 347//385
f 353//391 1458//1496 2771//2809 1457//1495
f 1458//1496 354//392 1459//1497 2771//2809
f 2771//2809 1459//1497 349//387 1448//1486
f 1457//1495 2771//2809 1448//1486 348//386
f 354//392 1460//1498 2772//2810 1459//1497
f 1460//1498 355//393 1461//1499 2772//2810
f 2772//2810 1461//1499 350//388 1450//1488
f 1459//1497 2772//2810 1450//1488 349//387
f 355//393 1462//1500 2773//2811 1461//1499
f 1462//1500 253//291 1259//1297 2773//2811
f 2773//2811 1259//1297 248//286 1452//1490
f 1461//1499 2773//2811 1452//1490 350//388
f 356//394 1464//1502 2774//2812 1463//1501
f 1464//1502 357//395 1465//1503 2774//2812
f 2774//2812 1465//1503 352//390 1454//1492
f 1463//1501 2774//2812 1454//1492 351//389
f 357//395 1466//1504 2775//2813 1465//1503
f 1466//1504 358//396 1467//1505 2775//2813
f 2775//2813 1467//1505 353//391 1456//1494
f 1465//1503 2775//2813 1456//1494 352//390
f 358//396 1468//1506 2776//2814 1467//1505
f 1468//1506 359//397 1469//1507 2776//2814
f 2776//2814 1469//1507 354//392 1458//1496
f 1467//1505 2776//2814 1458//1496 353//391
f 359//397 1470//1508 2777//2815 1469//1507
f 1470//1508 360//398 1471//1509 2777//2815
f 2777//2815 1471//1509 355//393 1460//1498
f 1469//1507 2777//2815 1460//1498 354//392
f 360//398 1472//1510 2778//2816 1471//1509
f 1472//1510 258//296 1269//1307 2778//2816
f 2778//2816 1269//1307 253//291 1462//1500
f 1471//1509 2778//2816 1462//1500 355//393
f 320//358 1389//1427 2779//2817 1473//1511
f 1389//1427 319//357 1474//1512 2779//2817
f 2779//2817 1474//1512 357//395 1464//1502
f 1473//1511 2779//2817 1464//1502 356//394
f 319//357 1392//1430 2780//2818 1474//1512
f 1392//1430 322//360 1475//1513 2780//2818
f 2780//2818 1475//1513 358//396 1466//1504
f 1474//1512 2780//2818 1466//1504 357//395
f 322//360 1395//1433 2781//2819 1475//1513
f 1395//1433 324//362 1476//1514 2781//2819
f 2781//2819 1476//1514 359//397 1468//1506
f 1475//1513 2781//2819 1468//1506 358//396
f 324//362 1398//1436 2782//2820 1476//1514
f 1398//1436 326//364 1477//1515 2782//2820
f 2782//2820 1477//1515 360//398 1470//1508
f 1476//1514 2782//2820 1470//1508 359//397
f 326//364 1400//1438 2783//2821 1477//1515
f 1400//1438 221//259 1279//1317 2783//2821
f 2783//2821 1279//1317 258//296 1472//1510
f 1477//1515 2783//2821 1472//1510 360//398
f 361//399 1479//1517 2784//2822 1478//1516
f 1479//1517 362//400 1480//1518 2784//2822
f 2784//2822 1480//1518 363//401 1481//1519
f 1478//1516 2784//2822 1481//1519 364//402
f 362//400 1482//1520 2785//2823 1480//1518
f 1482//1520 365//403 1483//1521 2785//2823
f 2785//2823 1483//1521 366//404 1484//1522
f 1480//1518 2785//2823 1484//1522 363//401
f 365//403 1485//1523 2786//2824 1483//1521
f 1485//1523 367//405 1486//1524 2786//2824
f 2786//2824 1486//1524 368//406 1487//1525
f 1483//1521 2786//2824 1487//1525 366//404
f 367//405 1488//1526 2787//2825 1486//1524
f 1488//1526 369//407 1489//1527 2787//2825
f 2787//2825 1489//1527 370//408 1490//1528
f 1486//1524 2787//2825 1490//1528 368//406
f 369//407 1491//1529 2788//2826 1489//1527
f 1491//1529 371//409 1492//1530 2788//2826
f 2788//2826 1492//1530 372//410 1493//1531
f 1489//1527 2788//2826 1493//1531 370//408
f 373//411 1495//1533 2789//2827 1494//1532
f 1495//1533 374//412 1496//1534 2789//2827
f 2789//2827 1496//1534 362//400 1479//1517
f 1494//1532 2789//2827 1479//1517 361//399
f 374//412 1497//1535 2790//2828 1496//1534
f 1497//1535 375//413 1498//1536 2790//2828
f 2790//2828 1498//1536 365//403 1482//1520
f 1496//1534 2790//2828 1482//1520 362//400
f 375//413 1499//1537 2791//2829 1498//1536
f 1499//1537 376//414 1500//1538 2791//2829
f 2791//2829 1500//1538 367//405 1485//1523
f 1498//1536 2791//2829 1485//1523 365//403
f 376//414 1501//1539 2792//2830 1500//1538
f 1501//1539 377//415 1502//1540 2792//2830
f 2792//2830 1502//1540 369//407 1488//1526
f 1500//1538 2792//2830 1488//1526 367//405
f 377//415 1503//1541 2793//2831 1502//1540
f 1503//1541 378//416 1504//1542 2793//2831
f 2793//2831 1504//1542 371//409 1491//1529
f 1502//1540 2793//2831 1491//1529 369//407
f 379//417 1506//1544 2794//2832 1505//1543
f 1506//1544 380//418 1507//1545 2794//2832
f 2794//2832 1507//1545 374//412 1495//1533
f 1505//1543 2794//2832 1495//1533 373//411
f 380//418 1508//1546 2795//2833 1507//1545
f 1508//1546 381//419 1509//1547 2795//2833
f 2795//2833 1509//1547 375//413 1497//1535
f 1507//1545 2795//2833 1497//1535 374//412
f 381//419 1510//1548 2796//2834 1509//1547
f 1510//1548 382//420 1511//1549 2796//2834
f 2796//2834 1511//1549 376//414 1499//1537
f 1509//1547 2796//2834 1499//1537 375//413
f 382//420 1512//1550 2797//2835 1511//1549
f 1512//1550 383//421 1513//1551 2797//2835
f 2797//2835 1513//1551 377//415 1501//1539
f 1511//1549 2797//2835 1501//1539 376//414
f 383//421 1514//1552 2798//2836 1513//1551
f 1514//1552 384//422 1515//1553 2798//2836
f 2798//2836 1515//1553 378//416 1503//1541
f 1513//1551 2798//2836 1503//1541 377//415
f 385//423 1517//1555 2799//2837 1516//1554
f 1517//1555 386//424 1518//1556 2799//2837
f 2799//2837 1518//1556 380//418 1506//1544
f 1516//1554 2799//2837 1506//1544 379//417
f 386//424 1519//1557 2800//2838 1518//1556
f 1519//1557 387//425 1520//1558 2800//2838
f 2800//2838 1520//1558 381//419 1508//1546
f 1518//1556 2800//2838 1508//1546 380//418
f 387//425 1521//1559 2801//2839 1520//1558
f 1521//1559 388//426 1522//1560 2801//2839
f 2801//2839 1522//1560 382//420 1510//1548
f 1520//1558 2801//2839 1510//1548 381//419
f 388//426 1523//1561 2802//2840 1522//1560
f 1523//1561 389//427 1524//1562 2802//2840
f 2802//2840 1524//1562 383//421 1512//1550
f 1522//1560 2802//2840 1512//1550 382//420
f 389//427 1525//1563 2803//2841 1524//1562
f 1525//1563 390//428 1526//1564 2803//2841
f 2803//2841 1526//1564 384//422 1514//1552
f 1524//1562 2803//2841 1514//1552 383//421
f 391//429 1528//1566 2804//2842 1527//1565
f 1528//1566 392//430 1529//1567 2804//2842
f 2804//2842 1529//1567 386//424 1517//1555
f 1527//1565 2804//2842 1517//1555 385//423
f 392//430 1530//1568 2805//2843 1529//1567
f 1530//1568 393//431 1531//1569 2805//2843
f 2805//2843 1531//1569 387//425 1519//1557
f 1529//1567 2805//2843 1519//1557 386//424
f 393//431 1532//1570 2806//2844 1531//1569
f 1532//1570 394//432 1533//1571 2806//2844
f 2806//2844 1533//1571 388//426 1521//1559
f 1531//1569 2806//2844 1521//1559 387//425
f 394//432 1534//1572 2807//2845 1533//1571
f 1534//1572 395//433 1535//1573 2807//2845
f 2807//2845 1535//1573 389//427 1523//1561
f 1533//1571 2807//2845 1523//1561 388//426
f 395//433 1536//1574 2808//2846 1535//1573
f 1536//1574 396//434 1537//1575 2808//2846
f 2808//2846 1537//1575 390//428 1525//1563
f 1535//1573 2808//2846 1525//1563 389//427
f 397//435 1539//1577 2809//2847 1538//1576
f 1539//1577 398//436 1540//1578 2809//2847
f 2809//2847 1540//1578 392//430 1528//1566
f 1538//1576 2809//2847 1528//1566 391//429
f 398//436 1541//1579 2810//2848 1540//1578
f 1541//1579 399//437 1542//1580 2810//2848
f 2810//2848 1542//1580 393//431 1530//1568
f 1540//1578 2810//2848 1530//1568 392//430
f 399//437 1543//1581 2811//2849 1542//1580
f 1543//1581 400//438 1544//1582 2811//2849
f 2811//2849 1544//1582 394//432 1532//1570
f 1542//1580 2811//2849 1532//1570 393//431
f 400//438 1545//1583 2812//2850 1544//1582
f 1545//1583 401//439 1546//1584 2812//2850
f 2812//2850 1546//1584 395//433 1534//1572
f 1544//1582 2812//2850 1534//1572 394//432
f 401//439 1547//1585 2813//2851 1546//1584
f 1547//1585 402//440 1548//1586 2813//2851
f 2813//2851 1548//1586 396//434 1536//1574
f 1546//1584 2813//2851 1536//1574 395//433
f 403//441 1550//1588 2814//2852 1549//1587
f 1550//1588 404//442 1551//1589 2814//2852
f 2814//2852 1551//1589 398//436 1539//1577
f 1549//1587 2814//2852 1539//1577 397//435
f 404//442 1552//1590 2815//2853 1551//1589
f 1552//1590 405//443 1553//1591 2815//2853
f 2815//2853 1553//1591 399//437 1541//1579
f 1551//1589 2815//2853 1541//1579 398//436
f 405//443 1554//1592 2816//2854 1553//1591
f 1554//1592 406//444 1555//1593 2816//2854
f 2816//2854 1555//1593 400//438 1543//1581
f 1553//1591 2816//2854 1543//1581 399//437
f 406//444 1556//1594 2817//2855 1555//1593
f 1556//1594 407//445 1557//1595 2817//2855
f 2817//2855 1557//1595 401//439 1545//1583
f 1555//1593 2817//2855 1545//1583 400//438
f 407//445 1558//1596 2818//2856 1557//1595
f 1558//1596 408//446 1559//1597 2818//2856
f 2818//2856 1559//1597 402//440 1547//1585
f 1557//1595 2818//2856 1547//1585 401//439
f 409//447 1561//1599 2819//2857 1560//1598
f 1561//1599 410//448 1562//1600 2819//2857
f 2819//2857 1562//1600 404//442 1550//1588
f 1560//1598 2819//2857 1550//1588 403//441
f 410//448 1563//1601 2820//2858 1562//1600
f 1563//1601 411//449 1564//1602 2820//2858
f 2820//2858 1564//1602 405//443 1552//1590
f 1562//1600 2820//2858 1552//1590 404//442
f 411//449 1565//1603 2821//2859 1564//1602
f 1565//1603 412//450 1566//1604 2821//2859
f 2821//2859 1566//1604 406//444 1554//1592
f 1564//1602 2821//2859 1554//1592 405//443
f 412//450 1567//1605 2822//2860 1566//1604
f 1567//1605 413//451 1568//1606 2822//2860
f 2822//2860 1568//1606 407//445 1556//1594
f 1566//1604 2822//2860 1556//1594 406//444
f 413//451 1569//1607 2823//2861 1568//1606
f 1569//1607 414//452 1570//1608 2823//2861
f 2823//2861 1570//1608 408//446 1558//1596
f 1568//1606 2823//2861 1558//1596 407//445
f 415//453 1572//1610 2824//2862 1571//1609
f 1572//1610 416//454 1573//1611 2824//2862
f 2824//2862 1573//1611 410//448 1561//1599
f 1571//1609 2824//2862 1561//1599 409//447
f 416//454 1574//1612 2825//2863 1573//1611
f 1574//1612 417//455 1575//1613 2825//2863
f 2825//2863 1575//1613 411//449 1563//1601
f 1573//1611 2825//2863 1563//1601 410//448
f 417//455 1576//1614 2826//2864 1575//1613
f 1576//1614 418//456 1577//1615 2826//2864
f 2826//2864 1577//1615 412//450 1565//1603
f 1575//1613 2826//2864 1565//1603 411//449
f 418//456 1578//1616 2827//2865 1577//1615
f 1578//1616 419//457 1579//1617 2827//2865
f 2827//2865 1579//1617 413//451 1567//1605
f 1577//1615 2827//2865 1567//1605 412//450
f 419//457 1580//1618 2828//2866 1579//1617
f 1580//1618 420//458 1581//1619 2828//2866
f 2828//2866 1581//1619 414//452 1569//1607
f 1579//1617 2828//2866 1569//1607 413//451
f 364//402 1481//1519 2829//2867 1582//1620
f 1481//1519 363//401 1583//1621 2829//2867
f 2829//2867 1583//1621 416//454 1572//1610
f 1582//1620 2829//2867 1572//1610 415//453
f 363//401 1484//1522 2830//2868 1583//1621
f 1484//1522 366//404 1584//1622 2830//2868
f 2830//2868 1584//1622 417//455 1574//1612
f 1583//1621 2830//2868 1574//1612 416//454
f 366//404 1487//1525 2831//2869 1584//1622
f 1487//1525 368//406 1585//1623 2831//2869
f 2831//2869 1585//1623 418//456 1576//1614
f 1584//1622 2831//2869 1576//1614 417//455
f 368//406 1490//1528 2832//2870 1585//1623
f 1490//1528 370//408 1586//1624 2832//2870
f 2832//2870 1586//1624 419//457 1578//1616
f 1585//1623 2832//2870 1578//1616 418//456
f 370//408 1493//1531 2833//2871 1586//1624
f 1493//1531 372//410 1587//1625 2833//2871
f 2833//2871 1587//1625 420//458 1580//1618
f 1586//1624 2833//2871 1580//1618 419//457
f 421//459 1589//1627 2834//2872 1588//1626
f 1589//1627 422//460 1590//1628 2834//2872
f 2834//2872 1590//1628 423//461 1591//1629
f 1588//1626 2834//2872 1591//1629 424//462
f 422//460 1592//1630 2835//2873 1590//1628
f 1592//1630 425//463 1593//1631 2835//2873
f 2835//2873 1593//1631 426//464 1594//1632
f 1590//1628 2835//2873 1594//1632 423//461
f 425//463 1595//1633 2836//2874 1593//1631
f 1595//1633 427//465 1596//1634 2836//2874
f 2836//2874 1596//1634 428//466 1597//1635
f 1593//1631 2836//2874 1597//1635 426//464
f 427//465 1598//1636 2837//2875 1596//1634
f 1598//1636 429//467 1599//1637 2837//2875
f 2837//2875 1599//1637 430//468 1600//1638
f 1596//1634 2837//2875 1600//1638 428//466
f 429//467 1601//1639 2838//2876 1599//1637
f 1601//1639 361//399 1478//1516 2838//2876
f 2838//2876 1478//1516 364//402 1602//1640
f 1599//1637 2838//2876 1602//1640 430//468
f 431//469 1604//1642 2839//2877 1603//1641
f 1604//1642 432//470 1605//1643 2839//2877
f 2839//2877 1605//1643 422//460 1589//1627
f 1603//1641 2839//2877 1589//1627 421//459
f 432//470 1606//1644 2840//2878 1605//1643
f 1606//1644 433//471 1607//1645 2840//2878
f 2840//2878 1607//1645 425//463 1592//1630
f 1605//1643 2840//2878 1592//1630 422//460
f 433//471 1608//1646 2841//2879 1607//1645
f 1608//1646 434//472 1609//1647 2841//2879
f 2841//2879 1609//1647 427//465 1595//1633
f 1607//1645 2841//2879 1595//1633 425//463
f 434//472 1610//1648 2842//2880 1609//1647
f 1610//1648 435//473 1611//1649 2842//2880
f 2842//2880 1611//1649 429//467 1598//1636
f 1609//1647 2842//2880 1598//1636 427//465
f 435//473 1612//1650 2843//2881 1611//1649
f 1612//1650 373//411 1494//1532 2843//2881
f 2843//2881 1494//1532 361//399 1601//1639
f 1611//1649 2843//2881 1601//1639 429//467
f 436//474 1614//1652 2844//2882 1613//1651
f 1614//1652 437//475 1615//1653 2844//2882
f 2844//2882 1615//1653 432//470 1604//1642
f 1613//1651 2844//2882 1604//1642 431//469
f 437//475 1616//1654 2845//2883 1615//1653
f 1616//1654 438//476 1617//1655 2845//2883
f 2845//2883 1617//1655 433//471 1606//1644
f 1615//1653 2845//2883 1606//1644 432//470
f 438//476 1618//1656 2846//2884 1617//1655
f 1618//1656 439//477 1619//1657 2846//2884
f 2846//2884 1619//1657 434//472 1608//1646
f 1617//1655 2846//2884 1608//1646 433//471
f 439//477 1620//1658 2847//2885 1619//1657
f 1620//1658 440//478 1621//1659 2847//2885
f 2847//2885 1621//1659 435//473 1610//1648
f 1619//1657 2847//2885 1610//1648 434//472
f 440//478 1622//1660 2848//2886 1621//1659
f 1622//1660 379//417 1505//1543 2848//2886
f 2848//2886 1505//1543 373//411 1612//1650
f 1621//1659 2848//2886 1612//1650 435//473
f 441//479 1624//1662 2849//2887 1623//1661
f 1624//1662 442//480 1625//1663 2849//2887
f 2849//2887 1625//1663 437//475 1614//1652
f 1623//1661 2849//2887 1614//1652 436//474
f 442//480 1626//1664 2850//2888 1625//1663
f 1626//1664 443//481 1627//1665 2850//2888
f 2850//2888 1627//1665 438//476 1616//1654
f 1625//1663 2850//2888 1616//1654 437//475
f 443//481 1628//1666 2851//2889 1627//1665
f 1628//1666 444//482 1629//1667 2851//2889
f 2851//2889 1629//1667 439//477 1618//1656
f 1627//1665 2851//2889 1618//1656 438//476
f 444//482 1630//1668 2852//2890 1629//1667
f 1630//1668 445//483 1631//1669 2852//2890
f 2852//2890 1631//1669 440//478 1620//1658
f 1629//1667 2852//2890 1620//1658 439//477
f 445//483 1632//1670 2853//2891 1631//1669
f 1632//1670 385//423 1516//1554 2853//2891
f 2853//2891 1516//1554 379//417 1622//1660
f 1631//1669 2853//2891 1622//1660 440//478
f 196//234 1634//1672 2854//2892 1633//1671
f 1634//1672 446//484 1635//1673 2854//2892
f 2854//2892 1635//1673 442//480 1624//1662
f 1633//1671 2854//2892 1624//1662 441//479
f 446//484 1636//1674 2855//2893 1635//1673
f 1636//1674 447//485 1637//1675 2855//2893
f 2855//2893 1637//1675 443//481 1626//1664
f 1635//1673 2855//2893 1626//1664 442//480
f 447//485 1638//1676 2856//2894 1637//1675
f 1638//1676 448//486 1639//1677 2856//2894
f 2856//2894 1639//1677 444//482 1628//1666
f 1637//1675 2856//2894 1628//1666 443//481
f 448//486 1640//1678 2857//2895 1639//1677
f 1640//1678 449//487 1641//1679 2857//2895
f 2857//2895 1641//1679 445//483 1630//1668
f 1639//1677 2857//2895 1630//1668 444//482
f 449//487 1642//1680 2858//2896 1641//1679
f 1642//1680 391//429 1527//1565 2858//2896
f 2858//2896 1527//1565 385//423 1632//1670
f 1641//1679 2858//2896 1632//1670 445//483
f 450//488 1644//1682 2859//2897 1643//1681
f 1644//1682 451//489 1645//1683 2859//2897
f 2859//2897 1645//1683 446//484 1634//1672
f 1643//1681 2859//2897 1634//1672 196//234
f 451//489 1646//1684 2860//2898 1645//1683
f 1646//1684 452//490 1647//1685 2860//2898
f 2860//2898 1647//1685 447//485 1636//1674
f 1645//1683 2860//2898 1636//1674 446//484
f 452//490 1648//1686 2861//2899 1647//1685
f 1648//1686 453//491 1649//1687 2861//2899
f 2861//2899 1649//1687 448//486 1638//1676
f 1647//1685 2861//2899 1638//1676 447//485
f 453//491 1650//1688 2862//2900 1649//1687
f 1650//1688 454//492 1651//1689 2862//2900
f 2862//2900 1651//1689 449//487 1640//1678
f 1649//1687 2862//2900 1640//1678 448//486
f 454//492 1652//1690 2863//2901 1651//1689
f 1652//1690 397//435 1538//1576 2863//2901
f 2863//2901 1538//1576 391//429 1642//1680
f 1651//1689 2863//2901 1642//1680 449//487
f 455//493 1654//1692 2864//2902 1653//1691
f 1654//1692 456//494 1655//1693 2864//2902
f 2864//2902 1655//1693 451//489 1644//1682
f 1653//1691 2864//2902 1644//1682 450//488
f 456//494 1656//1694 2865//2903 1655//1693
f 1656//1694 457//495 1657//1695 2865//2903
f 2865//2903 1657//1695 452//490 1646//1684
f 1655//1693 2865//2903 1646//1684 451//489
f 457//495 1658//1696 2866//2904 1657//1695
f 1658//1696 458//496 1659//1697 2866//2904
f 2866//2904 1659//1697 453//491 1648//1686
f 1657//1695 2866//2904 1648//1686 452//490
f 458//496 1660//1698 2867//2905 1659//1697
f 1660//1698 459//497 1661//1699 2867//2905
f 2867//2905 1661//1699 454//492 1650//1688
f 1659//1697 2867//2905 1650//1688 453//491
f 459//497 1662//1700 2868//2906 1661//1699
f 1662//1700 403//441 1549//1587 2868//2906
f 2868//2906 1549//1587 397//435 1652//1690
f 1661//1699 2868//2906 1652//1690 454//492
f 460//498 1664//1702 2869//2907 1663//1701
f 1664//1702 461//499 1665//1703 2869//2907
f 2869//2907 1665//1703 456//494 1654//1692
f 1663//1701 2869//2907 1654//1692 455//493
f 461//499 1666//1704 2870//2908 1665//1703
f 1666//1704 462//500 1667//1705 2870//2908
f 2870//2908 1667//1705 457//495 1656//1694
f 1665//1703 2870//2908 1656//1694 456//494
f 462//500 1668//1706 2871//2909 1667//1705
f 1668//1706 463//501 1669//1707 2871//2909
f 2871//2909 1669//1707 458//496 1658//1696
f 1667//1705 2871//2909 1658//1696 457//495
f 463//501 1670//1708 2872//2910 1669//1707
f 1670//1708 464//502 1671//1709 2872//2910
f 2872//2910 1671//1709 459//497 1660//1698
f 1669//1707 2872//2910 1660//1698 458//496
f 464//502 1672//1710 2873//2911 1671//1709
f 1672//1710 409//447 1560//1598 2873//2911
f 2873//2911 1560//1598 403//441 1662//1700
f 1671//1709 2873//2911 1662//1700 459//497
f 465//503 1674//1712 2874//2912 1673//1711
f 1674//1712 466//504 1675//1713 2874//2912
f 2874//2912 1675//1713 461//499 1664//1702
f 1673//1711 2874//2912 1664//1702 460//498
f 466//504 1676//1714 2875//2913 1675//1713
f 1676//1714 467//505 1677//1715 2875//2913
f 2875//2913 1677//1715 462//500 1666//1704
f 1675//1713 2875//2913 1666//1704 461//499
f 467//505 1678//1716 2876//2914 1677//1715
f 1678//1716 468//506 1679//1717 2876//2914
f 2876//2914 1679//1717 463//501 1668//1706
f 1677//1715 2876//2914 1668//1706 462//500
f 468//506 1680//1718 2877//2915 1679//1717
f 1680//1718 469//507 1681//1719 2877//2915
f 2877//2915 1681//1719 464//502 1670//1708
f 1679//1717 2877//2915 1670//1708 463//501
f 469//507 1682//1720 2878//2916 1681//1719
f 1682//1720 415//453 1571//1609 2878//2916
f 2878//2916 1571//1609 409//447 1672//1710
f 1681//1719 2878//2916 1672//1710 464//502
f 424//462 1591//1629 2879//2917 1683//1721
f 1591//1629 423//461 1684//1722 2879//2917
f 2879//2917 1684//1722 466//504 1674//1712
f 1683//1721 2879//2917 1674//1712 465//503
f 423//461 1594//1632 2880//2918 1684//1722
f 1594//1632 426//464 1685//1723 2880//2918
f 2880//2918 1685//1723 467//505 1676//1714
f 1684//1722 2880//2918 1676//1714 466//504
f 426//464 1597//1635 2881//2919 1685//1723
f 1597//1635 428//466 1686//1724 2881//2919
f 2881//2919 1686//1724 468//506 1678//1716
f 1685//1723 2881//2919 1678//1716 467//505
f 428//466 1600//1638 2882//2920 1686//1724
f 1600//1638 430//468 1687//1725 2882//2920
f 2882//2920 1687//1725 469//507 1680//1718
f 1686//1724 2882//2920 1680//1718 468//506
f 430//468 1602//1640 2883//2921 1687//1725
f 1602//1640 364//402 1582//1620 2883//2921
f 2883//2921 1582//1620 415//453 1682//1720
f 1687//1725 2883//2921 1682//1720 469//507
f 470//508 1689//1727 2884//2922 1688//1726
f 1689//1727 471//509 1690//1728 2884//2922
f 2884//2922 1690//1728 472//510 1691//1729
f 1688//1726 2884//2922 1691//1729 473//511
f 471//509 1692//1730 2885//2923 1690//1728
f 1692//1730 474//512 1693//1731 2885//2923
f 2885//2923 1693//1731 475//513 1694//1732
f 1690//1728 2885//2923 1694//1732 472//510
f 474//512 1695//1733 2886//2924 1693//1731
f 1695//1733 476//514 1696//1734 2886//2924
f 2886//2924 1696//1734 477//515 1697//1735
f 1693//1731 2886//2924 1697//1735 475//513
f 476//514 1698//1736 2887//2925 1696//1734
f 1698//1736 478//516 1699//1737 2887//2925
f 2887//2925 1699//1737 479//517 1700//1738
f 1696//1734 2887//2925 1700//1738 477//515
f 478//516 1701//1739 2888//2926 1699//1737
f 1701//1739 480//518 1702//1740 2888//2926
f 2888//2926 1702//1740 481//519 1703//1741
f 1699//1737 2888//2926 1703//1741 479//517
f 482//520 1705//1743 2889//2927 1704//1742
f 1705//1743 483//521 1706//1744 2889//2927
f 2889//2927 1706//1744 471//509 1689//1727
f 1704//1742 2889//2927 1689//1727 470//508
f 483//521 1707//1745 2890//2928 1706//1744
f 1707//1745 484//522 1708//1746 2890//2928
f 2890//2928 1708//1746 474//512 1692//1730
f 1706//1744 2890//2928 1692//1730 471//509
f 484//522 1709//1747 2891//2929 1708//1746
f 1709//1747 485//523 1710//1748 2891//2929
f 2891//2929 1710//1748 476//514 1695//1733
f 1708//1746 2891//2929 1695//1733 474//512
f 485//523 1711//1749 2892//2930 1710//1748
f 1711//1749 486//524 1712//1750 2892//2930
f 2892//2930 1712//1750 478//516 1698//1736
f 1710//1748 2892//2930 1698//1736 476//514
f 486//524 1713//1751 2893//2931 1712//1750
f 1713//1751 487//525 1714//1752 2893//2931
f 2893//2931 1714//1752 480//518 1701//1739
f 1712//1750 2893//2931 1701//1739 478//516
f 488//526 1716//1754 2894//2932 1715//1753
f 1716//1754 489//527 1717//1755 2894//2932
f 2894//2932 1717//1755 483//521 1705//1743
f 1715//1753 2894//2932 1705//1743 482//520
f 489//527 1718//1756 2895//2933 1717//1755
f 1718//1756 490//528 1719//1757 2895//2933
f 2895//2933 1719//1757 484//522 1707//1745
f 1717//1755 2895//2933 1707//1745 483//521
f 490//528 1720//1758 2896//2934 1719//1757
f 1720//1758 491//529 1721//1759 2896//2934
f 2896//2934 1721//1759 485//523 1709//1747
f 1719//1757 2896//2934 1709//1747 484//522
f 491//529 1722//1760 2897//2935 1721//1759
f 1722//1760 492//530 1723//1761 2897//2935
f 2897//2935 1723//1761 486//524 1711//1749
f 1721//1759 2897//2935 1711//1749 485//523
f 492//530 1724//1762 2898//2936 1723//1761
f 1724//1762 493//531 1725//1763 2898//2936
f 2898//2936 1725//1763 487//525 1713//1751
f 1723//1761 2898//2936 1713//1751 486//524
f 494//532 1727//1765 2899//2937 1726//1764
f 1727//1765 495//533 1728//1766 2899//2937
f 2899//2937 1728//1766 489//527 1716//1754
f 1726//1764 2899//2937 1716//1754 488//526
f 495//533 1729//1767 2900//2938 1728//1766
f 1729//1767 496//534 1730//1768 2900//2938
f 2900//2938 1730//1768 490//528 1718//1756
f 1728//1766 2900//2938 1718//1756 489//527
f 496//534 1731//1769 2901//2939 1730//1768
f 1731//1769 497//535 1732//1770 2901//2939
f 2901//2939 1732//1770 491//529 1720//1758
f 1730//1768 2901//2939 1720//1758 490//528
f 497//535 1733//1771 2902//2940 1732//1770
f 1733//1771 498//536 1734//1772 2902//2940
f 2902//2940 1734//1772 492//530 1722//1760
f 1732//1770 2902//2940 1722//1760 491//529
f 498//536 1735//1773 2903//2941 1734//1772
f 1735//1773 499//537 1736//1774 2903//2941
f 2903//2941 1736//1774 493//531 1724//1762
f 1734//1772 2903//2941 1724//1762 492//530
f 500//538 1738//1776 2904//2942 1737//1775
f 1738//1776 501//539 1739//1777 2904//2942
f 2904//2942 1739//1777 495//533 1727//1765
f 1737//1775 2904//2942 1727//1765 494//532
f 501//539 1740//1778 2905//2943 1739//1777
f 1740//1778 502//540 1741//1779 2905//2943
f 2905//2943 1741//1779 496//534 1729//1767
f 1739//1777 2905//2943 1729//1767 495//533
f 502//540 1742//1780 2906//2944 1741//1779
f 1742//1780 503//541 1743//1781 2906//2944
f 2906//2944 1743//1781 497//535 1731//1769
f 1741//1779 2906//2944 1731//1769 496//534
f 503//541 1744//1782 2907//2945 1743//1781
f 1744//1782 504//542 1745//1783 2907//2945
f 2907//2945 1745//1783 498//536 1733//1771
f 1743//1781 2907//2945 1733//1771 497//535
f 504//542 1746//1784 2908//2946 1745//1783
f 1746//1784 505//543 1747//1785 2908//2946
f 2908//2946 1747//1785 499//537 1735//1773
f 1745//1783 2908//2946 1735//1773 498//536
f 506//544 1749//1787 2909//2947 1748//1786
f 1749//1787 507//545 1750//1788 2909//2947
f 2909//2947 1750//1788 501//539 1738//1776
f 1748//1786 2909//2947 1738//1776 500//538
f 507//545 1751//1789 2910//2948 1750//1788
f 1751//1789 508//546 1752//1790 2910//2948
f 2910//2948 1752//1790 502//540 1740//1778
f 1750//1788 2910//2948 1740//1778 501//539
f 508//546 1753//1791 2911//2949 1752//1790
f 1753//1791 509//547 1754//1792 2911//2949
f 2911//2949 1754//1792 503//541 1742//1780
f 1752//1790 2911//2949 1742//1780 502//540
f 509//547 1755//1793 2912//2950 1754//1792
f 1755//1793 510//548 1756//1794 2912//2950
f 2912//2950 1756//1794 504//542 1744//1782
f 1754//1792 2912//2950 1744//1782 503//541
f 510//548 1757//1795 2913//2951 1756//1794
f 1757//1795 511//549 1758//1796 2913//2951
f 2913//2951 1758//1796 505//543 1746//1784
f 1756//1794 2913//2951 1746//1784 504//542
f 512//550 1760//1798 2914//2952 1759//1797
f 1760//1798 513//551 1761//1799 2914//2952
f 2914//2952 1761//1799 507//545 1749//1787
f 1759//1797 2914//2952 1749//1787 506//544
f 513//551 1762//1800 2915//2953 1761//1799
f 1762//1800 514//552 1763//1801 2915//2953
f 2915//2953 1763//1801 508//546 1751//1789
f 1761//1799 2915//2953 1751//1789 507//545
f 514//552 1764//1802 2916//2954 1763//1801
f 1764//1802 515//553 1765//1803 2916//2954
f 2916//2954 1765//1803 509//547 1753//1791
f 1763//1801 2916//2954 1753//1791 508//546
f 515//553 1766//1804 2917//2955 1765//1803
f 1766//1804 516//554 1767//1805 2917//2955
f 2917//2955 1767//1805 510//548 1755//1793
f 1765//1803 2917//2955 1755//1793 509//547
f 516//554 1768//1806 2918//2956 1767//1805
f 1768//1806 517//555 1769//1807 2918//2956
f 2918//2956 1769//1807 511//549 1757//1795
f 1767//1805 2918//2956 1757//1795 510//548
f 518//556 1771//1809 2919//2957 1770//1808
f 1771//1809 519//557 1772//1810 2919//2957
f 2919//2957 1772//1810 513//551 1760//1798
f 1770//1808 2919//2957 1760//1798 512//550
f 519//557 1773//1811 2920//2958 1772//1810
f 1773//1811 520//558 1774//1812 2920//2958
f 2920//2958 1774//1812 514//552 1762//1800
f 1772//1810 2920//2958 1762//1800 513//551
f 520//558 1775//1813 2921//2959 1774//1812
f 1775//1813 521//559 1776//1814 2921//2959
f 2921//2959 1776//1814 515//553 1764//1802
f 1774//1812 2921//2959 1764//1802 514//552
f 521//559 1777//1815 2922//2960 1776//1814
f 1777//1815 522//560 1778//1816 2922//2960
f 2922//2960 1778//1816 516//554 1766//1804
f 1776//1814 2922//2960 1766//1804 515//553
f 522//560 1779//1817 2923//2961 1778//1816
f 1779//1817 523//561 1780//1818 2923//2961
f 2923//2961 1780//1818 517//555 1768//1806
f 1778//1816 2923//2961 1768//1806 516//554
f 524//562 1782//1820 2924//2962 1781//1819
f 1782//1820 525//563 1783//1821 2924//2962
f 2924//2962 1783//1821 519//557 1771//1809
f 1781//1819 2924//2962 1771//1809 518//556
f 525//563 1784//1822 2925//2963 1783//1821
f 1784//1822 526//564 1785//1823 2925//2963
f 2925//2963 1785//1823 520//558 1773//1811
f 1783//1821 2925//2963 1773//1811 519//557
f 526//564 1786//1824 2926//2964 1785//1823
f 1786//1824 527//565 1787//1825 2926//2964
f 2926//2964 1787//1825 521//559 1775//1813
f 1785//1823 2926//2964 1775//1813 520//558
f 527//565 1788//1826 2927//2965 1787//1825
f 1788//1826 528//566 1789//1827 2927//2965
f 2927//2965 1789//1827 522//560 1777//1815
f 1787//1825 2927//2965 1777//1815 521//559
f 528//566 1790//1828 2928//2966 1789//1827
f 1790//1828 529//567 1791//1829 2928//2966
f 2928//2966 1791//1829 523//561 1779//1817
f 1789//1827 2928//2966 1779//1817 522//560
f 473//511 1691//1729 2929//2967 1792//1830
f 1691//1729 472//510 1793//1831 2929//2967
f 2929//2967 1793//1831 525//563 1782//1820
f 1792//1830 2929//2967 1782//1820 524//562
f 472//510 1694//1732 2930//2968 1793//1831
f 1694//1732 475//513 1794//1832 2930//2968
f 2930//2968 1794//1832 526//564 1784//1822
f 1793//1831 2930//2968 1784//1822 525//563
f 475//513 1697//1735 2931//2969 1794//1832
f 1697//1735 477//515 1795//1833 2931//2969
f 2931//2969 1795//1833 527//565 1786//1824
f 1794//1832 2931//2969 1786//1824 526//564
f 477//515 1700//1738 2932//2970 1795//1833
f 1700//1738 479//517 1796//1834 2932//2970
f 2932//2970 1796//1834 528//566 1788//1826
f 1795//1833 2932//2970 1788//1826 527//565
f 479//517 1703//1741 2933//2971 1796//1834
f 1703//1741 481//519 1797//1835 2933//2971
f 2933//2971 1797//1835 529//567 1790//1828
f 1796//1834 2933//2971 1790//1828 528//566
f 530//568 1799//1837 2934//2972 1798//1836
f 1799//1837 531//569 1800//1838 2934//2972
f 2934//2972 1800//1838 532//570 1801//1839
f 1798//1836 2934//2972 1801//1839 533//571
f 531//569 1802//1840 2935//2973 1800//1838
f 1802//1840 534//572 1803//1841 2935//2973
f 2935//2973 1803//1841 535//573 1804//1842
f 1800//1838 2935//2973 1804//1842 532//570
f 534//572 1805//1843 2936//2974 1803//1841
f 1805//1843 536//574 1806//1844 2936//2974
f 2936//2974 1806//1844 537//575 1807//1845
f 1803//1841 2936//2974 1807//1845 535//573
f 536//574 1808//1846 2937//2975 1806//1844
f 1808//1846 538//576 1809//1847 2937//2975
f 2937//2975 1809//1847 539//577 1810//1848
f 1806//1844 2937//2975 1810//1848 537//575
f 538//576 1811//1849 2938//2976 1809//1847
f 1811//1849 470//508 1688//1726 2938//2976
f 2938//2976 1688//1726 473//511 1812//1850
f 1809//1847 2938//2976 1812//1850 539//577
f 540//578 1814//1852 2939//2977 1813//1851
f 1814//1852 541//579 1815//1853 2939//2977
f 2939//2977 1815//1853 531//569 1799//1837
f 1813//1851 2939//2977 1799//1837 530//568
f 541//579 1816//1854 2940//2978 1815//1853
f 1816//1854 542//580 1817//1855 2940//2978
f 2940//2978 1817//1855 534//572 1802//1840
f 1815//1853 2940//2978 1802//1840 531//569
f 542//580 1818//1856 2941//2979 1817//1855
f 1818//1856 543//581 1819//1857 2941//2979
f 2941//2979 1819//1857 536//574 1805//1843
f 1817//1855 2941//2979 1805//1843 534//572
f 543//581 1820//1858 2942//2980 1819//1857
f 1820//1858 544//582 1821//1859 2942//2980
f 2942//2980 1821//1859 538//576 1808//1846
f 1819//1857 2942//2980 1808//1846 536//574
f 544//582 1822//1860 2943//2981 1821//1859
f 1822//1860 482//520 1704//1742 2943//2981
f 2943//2981 1704//1742 470//508 1811//1849
f 1821//1859 2943//2981 1811//1849 538//576
f 545//583 1824//1862 2944//2982 1823//1861
f 1824//1862 546//584 1825//1863 2944//2982
f 2944//2982 1825//1863 541//579 1814//1852
f 1823//1861 2944//2982 1814//1852 540//578
f 546//584 1826//1864 2945//2983 1825//1863
f 1826//1864 547//585 1827//1865 2945//2983
f 2945//2983 1827//1865 542//580 1816//1854
f 1825//1863 2945//2983 1816//1854 541//579
f 547//585 1828//1866 2946//2984 1827//1865
f 1828//1866 548//586 1829//1867 2946//2984
f 2946//2984 1829//1867 543//581 1818//1856
f 1827//1865 2946//2984 1818//1856 542//580
f 548//586 1830//1868 2947//2985 1829//1867
f 1830//1868 549//587 1831//1869 2947//2985
f 2947//2985 1831//1869 544//582 1820//1858
f 1829//1867 2947//2985 1820//1858 543//581
f 549//587 1832//1870 2948//2986 1831//1869
f 1832//1870 488//526 1715//1753 2948//2986
f 2948//2986 1715//1753 482//520 1822//1860
f 1831//1869 2948//2986 1822//1860 544//582
f 550//588 1834//1872 2949//2987 1833//1871
f 1834//1872 551//589 1835//1873 2949//2987
f 2949//2987 1835//1873 546//584 1824//1862
f 1833//1871 2949//2987 1824//1862 545//583
f 551//589 1836//1874 2950//2988 1835//1873
f 1836//1874 552//590 1837//1875 2950//2988
f 2950//2988 1837//1875 547//585 1826//1864
f 1835//1873 2950//2988 1826//1864 546//584
f 552//590 1838//1876 2951//2989 1837//1875
f 1838//1876 553//591 1839//1877 2951//2989
f 2951//2989 1839//1877 548//586 1828//1866
f 1837//1875 2951//2989 1828//1866 547//585
f 553//591 1840//1878 2952//2990 1839//1877
f 1840//1878 554//592 1841//1879 2952//2990
f 2952//2990 1841//1879 549//587 1830//1868
f 1839//1877 2952//2990 1830//1868 548//586
f 554//592 1842//1880 2953//2991 1841//1879
f 1842//1880 494//532 1726//1764 2953//2991
f 2953//2991 1726//1764 488//526 1832//1870
f 1841//1879 2953//2991 1832//1870 549//587
f 555//593 1844//1882 2954//2992 1843//1881
f 1844//1882 556//594 1845//1883 2954//2992
f 2954//2992 1845//1883 551//589 1834//1872
f 1843//1881 2954//2992 1834//1872 550//588
f 556//594 1846//1884 2955//2993 1845//1883
f 1846//1884 557//595 1847//1885 2955//2993
f 2955//2993 1847//1885 552//590 1836//1874
f 1845//1883 2955//2993 1836//1874 551//589
f 557//595 1848//1886 2956//2994 1847//1885
f 1848//1886 558//596 1849//1887 2956//2994
f 2956//2994 1849//1887 553//591 1838//1876
f 1847//1885 2956//2994 1838//1876 552//590
f 558//596 1850//1888 2957//2995 1849//1887
f 1850//1888 559//597 1851//1889 2957//2995
f 2957//2995 1851//1889 554//592 1840//1878
f 1849//1887 2957//2995 1840//1878 553//591
f 559//597 1852//1890 2958//2996 1851//1889
f 1852//1890 500//538 1737//1775 2958//2996
f 2958//2996 1737//1775 494//532 1842//1880
f 1851//1889 2958//2996 1842//1880 554//592
f 560//598 1854//1892 2959//2997 1853//1891
f 1854//1892 561//599 1855//1893 2959//2997
f 2959//2997 1855//1893 556//594 1844//1882
f 1853//1891 2959//2997 1844//1882 555//593
f 561//599 1856//1894 2960//2998 1855//1893
f 1856//1894 562//600 1857//1895 2960//2998
f 2960//2998 1857//1895 557//595 1846//1884
f 1855//1893 2960//2998 1846//1884 556//594
f 562//600 1858//1896 2961//2999 1857//1895
f 1858//1896 563//601 1859//1897 2961//2999
f 2961//2999 1859//1897 558//596 1848//1886
f 1857//1895 2961//2999 1848//1886 557//595
f 563//601 1860//1898 2962//3000 1859//1897
f 1860//1898 564//602 1861//1899 2962//3000
f 2962//3000 1861//1899 559//597 1850//1888
f 1859//1897 2962//3000 1850//1888 558//596
f 564//602 1862//1900 2963//3001 1861//1899
f 1862//1900 506//544 1748//1786 2963//3001
f 2963//3001 1748//1786 500//538 1852//1890
f 1861//1899 2963//3001 1852//1890 559//597
f 565//603 1864//1902 2964//3002 1863//1901
f 1864//1902 566//604 1865//1903 2964//3002
f 2964//3002 1865//1903 561//599 1854//1892
f 1863//1901 2964//3002 1854//1892 560//598
f 566//604 1866//1904 2965//3003 1865//1903
f 1866//1904 567//605 1867//1905 2965//3003
f 2965//3003 1867//1905 562//600 1856//1894
f 1865//1903 2965//3003 1856//1894 561//599
f 567//605 1868//1906 2966//3004 1867//1905
f 1868//1906 568//606 1869//1907 2966//3004
f 2966//3004 1869//1907 563//601 1858//1896
f 1867//1905 2966//3004 1858//1896 562//600
f 568//606 1870//1908 2967//3005 1869//1907
f 1870//1908 569//607 1871//1909 2967//3005
f 2967//3005 1871//1909 564//602 1860//1898
f 1869//1907 2967//3005 1860//1898 563//601
f 569//607 1872//1910 2968//3006 1871//1909
f 1872//1910 512//550 1759//1797 2968//3006
f 2968//3006 1759//1797 506//544 1862//1900
f 1871//1909 2968//3006 1862//1900 564//602
f 570//608 1874//1912 2969//3007 1873//1911
f 1874//1912 571//609 1875//1913 2969//3007
f 2969//3007 1875//1913 566//604 1864//1902
f 1873//1911 2969//3007 1864//1902 565//603
f 571//609 1876//1914 2970//3008 1875//1913
f 1876//1914 572//610 1877//1915 2970//3008
f 2970//3008 1877//1915 567//605 1866//1904
f 1875//1913 2970//3008 1866//1904 566//604
f 572//610 1878//1916 2971//3009 1877//1915
f 1878//1916 573//611 1879//1917 2971//3009
f 2971//3009 1879//1917 568//606 1868//1906
f 1877//1915 2971//3009 1868//1906 567//605
f 573//611 1880//1918 2972//3010 1879//1917
f 1880//1918 574//612 1881//1919 2972//3010
f 2972//3010 1881//1919 569//607 1870//1908
f 1879//1917 2972//3010 1870//1908 568//606
f 574//612 1882//1920 2973//3011 1881//1919
f 1882//1920 518//556 1770//1808 2973//3011
f 2973//3011 1770//1808 512//550 1872//1910
f 1881//1919 2973//3011 1872//1910 569//607
f 575//613 1884//1922 2974//3012 1883//1921
f 1884//1922 576//614 1885//1923 2974//3012
f 2974//3012 1885//1923 571//609 1874//1912
f 1883//1921 2974//3012 1874//1912 570//608
f 576//614 1886//1924 2975//3013 1885//1923
f 1886//1924 577//615 1887//1925 2975//3013
f 2975//3013 1887//1925 572//610 1876//1914
f 1885//1923 2975//3013 1876//1914 571//609
f 577//615 1888//1926 2976//3014 1887//1925
f 1888//1926 578//616 1889//1927 2976//3014
f 2976//3014 1889//1927 573//611 1878//1916
f 1887//1925 2976//3014 1878//1916 572//610
f 578//616 1890//1928 2977//3015 1889//1927
f 1890//1928 579//617 1891//1929 2977//3015
f 2977//3015 1891//1929 574//612 1880//1918
f 1889//1927 2977//3015 1880//1918 573//611
f 579//617 1892//1930 2978//3016 1891//1929
f 1892//1930 524//562 1781//1819 2978//3016
f 2978//3016 1781//1819 518//556 1882//1920
f 1891//1929 2978//3016 1882//1920 574//612
f 533//571 1801//1839 2979//3017 1893//1931
f 1801//1839 532//570 1894//1932 2979//3017
f 2979//3017 1894//1932 576//614 1884//1922
f 1893//1931 2979//3017 1884//1922 575//613
f 532//570 1804//1842 2980//3018 1894//1932
f 1804//1842 535//573 1895//1933 2980//3018
f 2980//3018 1895//1933 577//615 1886//1924
f 1894//1932 2980//3018 1886//1924 576//614
f 535//573 1807//1845 2981//3019 1895//1933
f 1807//1845 537//575 1896//1934 2981//3019
f 2981//3019 1896//1934 578//616 1888//1926
f 1895//1933 2981//3019 1888//1926 577//615
f 537//575 1810//1848 2982//3020 1896//1934
f 1810//1848 539//577 1897//1935 2982//3020
f 2982//3020 1897//1935 579//617 1890//1928
f 1896//1934 2982//3020 1890//1928 578//616
f 539//577 1812//1850 2983//3021 1897//1935
f 1812//1850 473//511 1792//1830 2983//3021
f 2983//3021 1792//1830 524//562 1892//1930
f 1897//1935 2983//3021 1892//1930 579//617
f 580//618 1899//1937 2984//3022 1898//1936
f 1899//1937 581//619 1900//1938 2984//3022
f 2984//3022 1900//1938 582//620 1901//1939
f 1898//1936 2984//3022 1901//1939 583//621
f 581//619 1902//1940 2985//3023 1900//1938
f 1902//1940 584//622 1903//1941 2985//3023
f 2985//3023 1903//1941 585//623 1904//1942
f 1900//1938 2985//3023 1904//1942 582//620
f 584//622 1905//1943 2986//3024 1903//1941
f 1905//1943 586//624 1906//1944 2986//3024
f 2986//3024 1906//1944 587//625 1907//1945
f 1903//1941 2986//3024 1907//1945 585//623
f 586//624 1908//1946 2987//3025 1906//1944
f 1908//1946 588//626 1909//1947 2987//3025
f 2987//3025 1909//1947 589//627 1910//1948
f 1906//1944 2987//3025 1910//1948 587//625
f 588//626 1911//1949 2988//3026 1909//1947
f 590//628 1912//1950 2988//3026 1911//1949
f 589//627 1909//1947 2988//3026 1912//1950
f 591//629 1914//1952 2989//3027 1913//1951
f 1914//1952 592//630 1915//1953 2989//3027
f 2989//3027 1915//1953 581//619 1899//1937
f 1913//1951 2989//3027 1899//1937 580//618
f 592//630 1916//1954 2990//3028 1915//1953
f 1916//1954 593//631 1917//1955 2990//3028
f 2990//3028 1917//1955 584//622 1902//1940
f 1915//1953 2990//3028 1902//1940 581//619
f 593//631 1918//1956 2991//3029 1917//1955
f 1918//1956 594//632 1919//1957 2991//3029
f 2991//3029 1919//1957 586//624 1905//1943
f 1917//1955 2991//3029 1905//1943 584//622
f 594//632 1920//1958 2992//3030 1919//1957
f 1920//1958 595//633 1921//1959 2992//3030
f 2992//3030 1921//1959 588//626 1908//1946
f 1919//1957 2992//3030 1908//1946 586//624
f 595//633 1922//1960 2993//3031 1921//1959
f 590//628 1911//1949 2993//3031 1922//1960
f 588//626 1921//1959 2993//3031 1911//1949
f 596//634 1924//1962 2994//3032 1923//1961
f 1924//1962 597//635 1925//1963 2994//3032
f 2994//3032 1925//1963 592//630 1914//1952
f 1923//1961 2994//3032 1914//1952 591//629
f 597//635 1926//1964 2995//3033 1925//1963
f 1926//1964 598//636 1927//1965 2995//3033
f 2995//3033 1927//1965 593//631 1916//1954
f 1925//1963 2995//3033 1916//1954 592//630
f 598//636 1928//1966 2996//3034 1927//1965
f 1928//1966 599//637 1929//1967 2996//3034
f 2996//3034 1929//1967 594//632 1918//1956
f 1927//1965 2996//3034 1918//1956 593//631
f 599//637 1930//1968 2997//3035 1929//1967
f 1930//1968 600//638 1931//1969 2997//3035
f 2997//3035 1931//1969 595//633 1920//1958
f 1929//1967 2997//3035 1920//1958 594//632
f 600//638 1932//1970 2998//3036 1931//1969
f 590//628 1922//1960 2998//3036 1932//1970
f 595//633 1931//1969 2998//3036 1922//1960
f 601//639 1934//1972 2999//3037 1933//1971
f 1934//1972 602//640 1935//1973 2999//3037
f 2999//3037 1935//1973 597//635 1924//1962
f 1933//1971 2999//3037 1924//1962 596//634
f 602//640 1936//1974 3000//3038 1935//1973
f 1936//1974 603//641 1937//1975 3000//3038
f 3000//3038 1937//1975 598//636 1926//1964
f 1935//1973 3000//3038 1926//1964 597//635
f 603//641 1938//1976 3001//3039 1937//1975
f 1938//1976 604//642 1939//1977 3001//3039
f 3001//3039 1939//1977 599//637 1928//1966
f 1937//1975 3001//3039 1928//1966 598//636
f 604//642 1940//1978 3002//3040 1939//1977
f 1940//1978 605//643 1941//1979 3002//3040
f 3002//3040 1941//1979 600//638 1930//1968
f 1939//1977 3002//3040 1930//1968 599//637
f 605//643 1942//1980 3003//3041 1941//1979
f 590//628 1932//1970 3003//3041 1942//1980
f 600//638 1941//1979 3003//3041 1932//1970
f 606//644 1944//1982 3004//3042 1943//1981
f 1944//1982 607//645 1945//1983 3004//3042
f 3004//3042 1945//1983 602//640 1934//1972
f 1943//1981 3004//3042 1934//1972 601//639
f 607//645 1946//1984 3005//3043 1945//1983
f 1946//1984 608//646 1947//1985 3005//3043
f 3005//3043 1947//1985 603//641 1936//1974
f 1945//1983 3005//3043 1936//1974 602//640
f 608//646 1948//1986 3006//3044 1947//1985
f 1948//1986 609//647 1949//1987 3006//3044
f 3006//3044 1949//1987 604//642 1938//1976
f 1947//1985 3006//3044 1938//1976 603//641
f 609//647 1950//1988 3007//3045 1949//1987
f 1950//1988 610//648 1951//1989 3007//3045
f 3007//3045 1951//1989 605//643 1940//1978
f 1949//1987 3007//3045 1940//1978 604//642
f 610//648 1952//1990 3008//3046 1951//1989
f 590//628 1942//1980 3008//3046 1952//1990
f 605//643 1951//1989 3008//3046 1942//1980
f 611//649 1954//1992 3009//3047 1953//1991
f 1954//1992 612//650 1955//1993 3009//3047
f 3009//3047 1955//1993 613//651 1956//1994
f 1953//1991 3009//3047 1956//1994 614//652
f 612//650 1957//1995 3010//3048 1955//1993
f 1957//1995 615//653 1958//1996 3010//3048
f 3010//3048 1958//1996 616//654 1959//1997
f 1955//1993 3010//3048 1959//1997 613//651
f 615//653 1960//1998 3011//3049 1958//1996
f 1960//1998 617//655 1961//1999 3011//3049
f 3011//3049 1961//1999 618//656 1962//2000
f 1958//1996 3011//3049 1962//2000 616//654
f 617//655 1963//2001 3012//3050 1961//1999
f 1963//2001 619//657 1964//2002 3012//3050
f 3012//3050 1964//2002 620//658 1965//2003
f 1961//1999 3012//3050 1965//2003 618//656
f 619//657 1966//2004 3013//3051 1964//2002
f 590//628 1967//2005 3013//3051 1966//2004
f 620//658 1964//2002 3013//3051 1967//2005
f 621//659 1969//2007 3014//3052 1968//2006
f 1969//2007 622//660 1970//2008 3014//3052
f 3014//3052 1970//2008 612//650 1954//1992
f 1968//2006 3014//3052 1954//1992 611//649
f 622//660 1971//2009 3015//3053 1970//2008
f 1971//2009 623//661 1972//2010 3015//3053
f 3015//3053 1972//2010 615//653 1957//1995
f 1970//2008 3015//3053 1957//1995 612//650
f 623//661 1973//2011 3016//3054 1972//2010
f 1973//2011 624//662 1974//2012 3016//3054
f 3016//3054 1974//2012 617//655 1960//1998
f 1972//2010 3016//3054 1960//1998 615//653
f 624//662 1975//2013 3017//3055 1974//2012
f 1975//2013 625//663 1976//2014 3017//3055
f 3017//3055 1976//2014 619//657 1963//2001
f 1974//2012 3017//3055 1963//2001 617//655
f 625//663 1977//2015 3018//3056 1976//2014
f 590//628 1966//2004 3018//3056 1977//2015
f 619//657 1976//2014 3018//3056 1966//2004
f 626//664 1979//2017 3019//3057 1978//2016
f 1979//2017 627//665 1980//2018 3019//3057
f 3019//3057 1980//2018 622//660 1969//2007
f 1978//2016 3019//3057 1969//2007 621//659
f 627//665 1981//2019 3020//3058 1980//2018
f 1981//2019 628//666 1982//2020 3020//3058
f 3020//3058 1982//2020 623//661 1971//2009
f 1980//2018 3020//3058 1971//2009 622//660
f 628//666 1983//2021 3021//3059 1982//2020
f 1983//2021 629//667 1984//2022 3021//3059
f 3021//3059 1984//2022 624//662 1973//2011
f 1982//2020 3021//3059 1973//2011 623//661
f 629//667 1985//2023 3022//3060 1984//2022
f 1985//2023 630//668 1986//2024 3022//3060
f 3022//3060 1986//2024 625//663 1975//2013
f 1984//2022 3022//3060 1975//2013 624//662
f 630//668 1987//2025 3023//3061 1986//2024
f 590//628 1977//2015 3023//3061 1987//2025
f 625//663 1986//2024 3023//3061 1977//2015
f 631//669 1989//2027 3024//3062 1988//2026
f 1989//2027 632//670 1990//2028 3024//3062
f 3024//3062 1990//2028 627//665 1979//2017
f 1988//2026 3024//3062 1979//2017 626//664
f 632//670 1991//2029 3025//3063 1990//2028
f 1991//2029 633//671 1992//2030 3025//3063
f 3025//3063 1992//2030 628//666 1981//2019
f 1990//2028 3025//3063 1981//2019 627//665
f 633//671 1993//2031 3026//3064 1992//2030
f 1993//2031 634//672 1994//2032 3026//3064
f 3026//3064 1994//2032 629//667 1983//2021
f 1992//2030 3026//3064 1983//2021 628//666
f 634//672 1995//2033 3027//3065 1994//2032
f 1995//2033 635//673 1996//2034 3027//3065
f 3027//3065 1996//2034 630//668 1985//2023
f 1994//2032 3027//3065 1985//2023 629//667
f 635//673 1997//2035 3028//3066 1996//2034
f 590//628 1987//2025 3028//3066 1997//2035
f 630//668 1996//2034 3028//3066 1987//2025
f 583//621 1901//1939 3029//3067 1998//2036
f 1901//1939 582//620 1999//2037 3029//3067
f 3029//3067 1999//2037 632//670 1989//2027
f 1998//2036 3029//3067 1989//2027 631//669
f 582//620 1904//1942 3030//3068 1999//2037
f 1904//1942 585//623 2000//2038 3030//3068
f 3030//3068 2000//2038 633//671 1991//2029
f 1999//2037 3030//3068 1991//2029 632//670
f 585//623 1907//1945 3031//3069 2000//2038
f 1907//1945 587//625 2001//2039 3031//3069
f 3031//3069 2001//2039 634//672 1993//2031
f 2000//2038 3031//3069 1993//2031 633//671
f 587//625 1910//1948 3032//3070 2001//2039
f 1910//1948 589//627 2002//2040 3032//3070
f 3032//3070 2002//2040 635//673 1995//2033
f 2001//2039 3032//3070 1995//2033 634//672
f 589//627 1912//1950 3033//3071 2002//2040
f 590//628 1997//2035 3033//3071 1912//1950
f 635//673 2002//2040 3033//3071 1997//2035
f 636//674 2004//2042 3034//3072 2003//2041
f 2004//2042 637//675 2005//2043 3034//3072
f 3034//3072 2005//2043 638//676 2006//2044
f 2003//2041 3034//3072 2006//2044 639//677
f 637//675 2007//2045 3035//3073 2005//2043
f 2007//2045 640//678 2008//2046 3035//3073
f 3035//3073 2008//2046 641//679 2009//2047
f 2005//2043 3035//3073 2009//2047 638//676
f 640//678 2010//2048 3036//3074 2008//2046
f 2010//2048 642//680 2011//2049 3036//3074
f 3036//3074 2011//2049 643//681 2012//2050
f 2008//2046 3036//3074 2012//2050 641//679
f 642//680 2013//2051 3037//3075 2011//2049
f 2013//2051 644//682 2014//2052 3037//3075
f 3037//3075 2014//2052 645//683 2015//2053
f 2011//2049 3037//3075 2015//2053 643//681
f 644//682 2016//2054 3038//3076 2014//2052
f 590//628 2017//2055 3038//3076 2016//2054
f 645//683 2014//2052 3038//3076 2017//2055
f 646//684 2019//2057 3039//3077 2018//2056
f 2019//2057 647//685 2020//2058 3039//3077
f 3039//3077 2020//2058 637//675 2004//2042
f 2018//2056 3039//3077 2004//2042 636//674
f 647//685 2021//2059 3040//3078 2020//2058
f 2021//2059 648//686 2022//2060 3040//3078
f 3040//3078 2022//2060 640//678 2007//2045
f 2020//2058 3040//3078 2007//2045 637//675
f 648//686 2023//2061 3041//3079 2022//2060
f 2023//2061 649//687 2024//2062 3041//3079
f 3041//3079 2024//2062 642//680 2010//2048
f 2022//2060 3041//3079 2010//2048 640//678
f 649//687 2025//2063 3042//3080 2024//2062
f 2025//2063 650//688 2026//2064 3042//3080
f 3042//3080 2026//2064 644//682 2013//2051
f 2024//2062 3042//3080 2013//2051 642//680
f 650//688 2027//2065 3043//3081 2026//2064
f 590//628 2016//2054 3043//3081 2027//2065
f 644//682 2026//2064 3043//3081 2016//2054
f 651//689 2029//2067 3044//3082 2028//2066
f 2029//2067 652//690 2030//2068 3044//3082
f 3044//3082 2030//2068 647//685 2019//2057
f 2028//2066 3044//3082 2019//2057 646//684
f 652//690 2031//2069 3045//3083 2030//2068
f 2031//2069 653//691 2032//2070 3045//3083
f 3045//3083 2032//2070 648//686 2021//2059
f 2030//2068 3045//3083 2021//2059 647//685
f 653//691 2033//2071 3046//3084 2032//2070
f 2033//2071 654//692 2034//2072 3046//3084
f 3046//3084 2034//2072 649//687 2023//2061
f 2032//2070 3046//3084 2023//2061 648//686
f 654//692 2035//2073 3047//3085 2034//2072
f 2035//2073 655//693 2036//2074 3047//3085
f 3047//3085 2036//2074 650//688 2025//2063
f 2034//2072 3047//3085 2025//2063 649//687
f 655//693 2037//2075 3048//3086 2036//2074
f 590//628 2027//2065 3048//3086 2037//2075
f 650//688 2036//2074 3048//3086 2027//2065
f 656//694 2039//2077 3049//3087 2038//2076
f 2039//2077 657//695 2040//2078 3049//3087
f 3049//3087 2040//2078 652//690 2029//2067
f 2038//2076 3049//3087 2029//2067 651//689
f 657//695 2041//2079 3050//3088 2040//2078
f 2041//2079 658//696 2042//2080 3050//3088
f 3050//3088 2042//2080 653//691 2031//2069
f 2040//2078 3050//3088 2031//2069 652//690
f 658//696 2043//2081 3051//3089 2042//2080
f 2043//2081 659//697 2044//2082 3051//3089
f 3051//3089 2044//2082 654//692 2033//2071
f 2042//2080 3051//3089 2033//2071 653//691
f 659//697 2045//2083 3052//3090 2044//2082
f 2045//2083 660//698 2046//2084 3052//3090
f 3052//3090 2046//2084 655//693 2035//2073
f 2044//2082 3052//3090 2035//2073 654//692
f 660//698 2047//2085 3053//3091 2046//2084
f 590//628 2037//2075 3053//3091 2047//2085
f 655//693 2046//2084 3053//3091 2037//2075
f 614//652 1956//1994 3054//3092 2048//2086
f 1956//1994 613//651 2049//2087 3054//3092
f 3054//3092 2049//2087 657//695 2039//2077
f 2048//2086 3054//3092 2039//2077 656//694
f 613//651 1959//1997 3055//3093 2049//2087
f 1959//1997 616//654 2050//2088 3055//3093
f 3055//3093 2050//2088 658//696 2041//2079
f 2049//2087 3055//3093 2041//2079 657//695
f 616//654 1962//2000 3056//3094 2050//2088
f 1962//2000 618//656 2051//2089 3056//3094
f 3056//3094 2051//2089 659//697 2043//2081
f 2050//2088 3056//3094 2043//2081 658//696
f 618//656 1965//2003 3057//3095 2051//2089
f 1965//2003 620//658 2052//2090 3057//3095
f 3057//3095 2052//2090 660//698 2045//2083
f 2051//2089 3057//3095 2045//2083 659//697
f 620//658 1967//2005 3058//3096 2052//2090
f 590//628 2047//2085 3058//3096 1967//2005
f 660//698 2052//2090 3058//3096 2047//2085
f 661//699 2054//2092 3059//3097 2053//2091
f 2054//2092 662//700 2055//2093 3059//3097
f 3059//3097 2055//2093 607//645 1944//1982
f 2053//2091 3059//3097 1944//1982 606//644
f 662//700 2056//2094 3060//3098 2055//2093
f 2056//2094 663//701 2057//2095 3060//3098
f 3060//3098 2057//2095 608//646 1946//1984
f 2055//2093 3060//3098 1946//1984 607//645
f 663//701 2058//2096 3061//3099 2057//2095
f 2058//2096 664//702 2059//2097 3061//3099
f 3061//3099 2059//2097 609//647 1948//1986
f 2057//2095 3061//3099 1948//1986 608//646
f 664//702 2060//2098 3062//3100 2059//2097
f 2060//2098 665//703 2061//2099 3062//3100
f 3062//3100 2061//2099 610//648 1950//1988
f 2059//2097 3062//3100 1950//1988 609//647
f 665//703 2062//2100 3063//3101 2061//2099
f 590//628 1952//1990 3063//3101 2062//2100
f 610//648 2061//2099 3063//3101 1952//1990
f 666//704 2064//2102 3064//3102 2063//2101
f 2064//2102 667//705 2065//2103 3064//3102
f 3064//3102 2065//2103 662//700 2054//2092
f 2063//2101 3064//3102 2054//2092 661//699
f 667//705 2066//2104 3065//3103 2065//2103
f 2066//2104 668//706 2067//2105 3065//3103
f 3065//3103 2067//2105 663//701 2056//2094
f 2065//2103 3065//3103 2056//2094 662//700
f 668//706 2068//2106 3066//3104 2067//2105
f 2068//2106 669//707 2069//2107 3066//3104
f 3066//3104 2069//2107 664//702 2058//2096
f 2067//2105 3066//3104 2058//2096 663//701
f 669//707 2070//2108 3067//3105 2069//2107
f 2070//2108 670//708 2071//2109 3067//3105
f 3067//3105 2071//2109 665//703 2060//2098
f 2069//2107 3067//3105 2060//2098 664//702
f 670//708 2072//2110 3068//3106 2071//2109
f 590//628 2062//2100 3068//3106 2072//2110
f 665//703 2071//2109 3068//3106 2062//2100
f 671//709 2074//2112 3069//3107 2073//2111
f 2074//2112 672//710 2075//2113 3069//3107
f 3069//3107 2075//2113 667//705 2064//2102
f 2073//2111 3069//3107 2064//2102 666//704
f 672//710 2076//2114 3070//3108 2075//2113
f 2076//2114 673//711 2077//2115 3070//3108
f 3070//3108 2077//2115 668//706 2066//2104
f 2075//2113 3070//3108 2066//2104 667//705
f 673//711 2078//2116 3071//3109 2077//2115
f 2078//2116 674//712 2079//2117 3071//3109
f 3071//3109 2079//2117 669//707 2068//2106
f 2077//2115 3071//3109 2068//2106 668//706
f 674//712 2080//2118 3072//3110 2079//2117
f 2080//2118 675//713 2081//2119 3072//3110
f 3072//3110 2081//2119 670//708 2070//2108
f 2079//2117 3072//3110 2070//2108 669//707
f 675//713 2082//2120 3073//3111 2081//2119
f 590//628 2072//2110 3073//3111 2082//2120
f 670//708 2081//2119 3073//3111 2072//2110
f 676//714 2084//2122 3074//3112 2083//2121
f 2084//2122 677//715 2085//2123 3074//3112
f 3074//3112 2085//2123 672//710 2074//2112
f 2083//2121 3074//3112 2074//2112 671//709
f 677//715 2086//2124 3075//3113 2085//2123
f 2086//2124 678//716 2087//2125 3075//3113
f 3075//3113 2087//2125 673//711 2076//2114
f 2085//2123 3075//3113 2076//2114 672//710
f 678//716 2088//2126 3076//3114 2087//2125
f 2088//2126 679//717 2089//2127 3076//3114
f 3076//3114 2089//2127 674//712 2078//2116
f 2087//2125 3076//3114 2078//2116 673//711
f 679//717 2090//2128 3077//3115 2089//2127
f 2090//2128 680//718 2091//2129 3077//3115
f 3077//3115 2091//2129 675//713 2080//2118
f 2089//2127 3077//3115 2080//2118 674//712
f 680//718 2092//2130 3078//3116 2091//2129
f 590//628 2082//2120 3078//3116 2092//2130
f 675//713 2091//2129 3078//3116 2082//2120
f 639//677 2006//2044 3079//3117 2093//2131
f 2006//2044 638//676 2094//2132 3079//3117
f 3079//3117 2094//2132 677//715 2084//2122
f 2093//2131 3079//3117 2084//2122 676//714
f 638//676 2009//2047 3080//3118 2094//2132
f 2009//2047 641//679 2095//2133 3080//3118
f 3080//3118 2095//2133 678//716 2086//2124
f 2094//2132 3080//3118 2086//2124 677//715
f 641//679 2012//2050 3081//3119 2095//2133
f 2012//2050 643//681 2096//2134 3081//3119
f 3081//3119 2096//2134 679//717 2088//2126
f 2095//2133 3081//3119 2088//2126 678//716
f 643//681 2015//2053 3082//3120 2096//2134
f 2015//2053 645//683 2097//2135 3082//3120
f 3082//3120 2097//2135 680//718 2090//2128
f 2096//2134 3082//3120 2090//2128 679//717
f 645//683 2017//2055 3083//3121 2097//2135
f 590//628 2092//2130 3083//3121 2017//2055
f 680//718 2097//2135 3083//3121 2092//2130
f 681//719 2099//2137 3084//3122 2098//2136
f 2099//2137 682//720 2100//2138 3084//3122
f 3084//3122 2100//2138 683//721 2101//2139
f 2098//2136 3084//3122 2101//2139 684//722
f 682//720 2102//2140 3085//3123 2100//2138
f 2102//2140 685//723 2103//2141 3085//3123
f 3085//3123 2103//2141 686//724 2104//2142
f 2100//2138 3085//3123 2104//2142 683//721
f 685//723 2105//2143 3086//3124 2103//2141
f 2105//2143 687//725 2106//2144 3086//3124
f 3086//3124 2106//2144 688//726 2107//2145
f 2103//2141 3086//3124 2107//2145 686//724
f 687//725 2108//2146 3087//3125 2106//2144
f 2108//2146 689//727 2109//2147 3087//3125
f 3087//3125 2109//2147 690//728 2110//2148
f 2106//2144 3087//3125 2110//2148 688//726
f 689//727 2111//2149 3088//3126 2109//2147
f 2111//2149 580//618 1898//1936 3088//3126
f 3088//3126 1898//1936 583//621 2112//2150
f 2109//2147 3088//3126 2112//2150 690//728
f 691//729 2114//2152 3089//3127 2113//2151
f 2114//2152 692//730 2115//2153 3089//3127
f 3089//3127 2115//2153 682//720 2099//2137
f 2113//2151 3089//3127 2099//2137 681//719
f 692//730 2116//2154 3090//3128 2115//2153
f 2116//2154 693//731 2117//2155 3090//3128
f 3090//3128 2117//2155 685//723 2102//2140
f 2115//2153 3090//3128 2102//2140 682//720
f 693//731 2118//2156 3091//3129 2117//2155
f 2118//2156 694//732 2119//2157 3091//3129
f 3091//3129 2119//2157 687//725 2105//2143
f 2117//2155 3091//3129 2105//2143 685//723
f 694//732 2120//2158 3092//3130 2119//2157
f 2120//2158 695//733 2121//2159 3092//3130
f 3092//3130 2121//2159 689//727 2108//2146
f 2119//2157 3092//3130 2108//2146 687//725
f 695//733 2122//2160 3093//3131 2121//2159
f 2122//2160 591//629 1913//1951 3093//3131
f 3093//3131 1913//1951 580//618 2111//2149
f 2121//2159 3093//3131 2111//2149 689//727
f 696//734 2124//2162 3094//3132 2123//2161
f 2124//2162 697//735 2125//2163 3094//3132
f 3094//3132 2125//2163 692//730 2114//2152
f 2123//2161 3094//3132 2114//2152 691//729
f 697//735 2126//2164 3095//3133 2125//2163
f 2126//2164 698//736 2127//2165 3095//3133
f 3095//3133 2127//2165 693//731 2116//2154
f 2125//2163 3095//3133 2116//2154 692//730
f 698//736 2128//2166 3096//3134 2127//2165
f 2128//2166 699//737 2129//2167 3096//3134
f 3096//3134 2129//2167 694//732 2118//2156
f 2127//2165 3096//3134 2118//2156 693//731
f 699//737 2130//2168 3097//3135 2129//2167
f 2130//2168 700//738 2131//2169 3097//3135
f 3097//3135 2131//2169 695//733 2120//2158
f 2129//2167 3097//3135 2120//2158 694//732
f 700//738 2132//2170 3098//3136 2131//2169
f 2132//2170 596//634 1923//1961 3098//3136
f 3098//3136 1923//1961 591//629 2122//2160
f 2131//2169 3098//3136 2122//2160 695//733
f 701//739 2134//2172 3099//3137 2133//2171
f 2134//2172 702//740 2135//2173 3099//3137
f 3099//3137 2135//2173 697//735 2124//2162
f 2133//2171 3099//3137 2124//2162 696//734
f 702//740 2136//2174 3100//3138 2135//2173
f 2136//2174 703//741 2137//2175 3100//3138
f 3100//3138 2137//2175 698//736 2126//2164
f 2135//2173 3100//3138 2126//2164 697//735
f 703//741 2138//2176 3101//3139 2137//2175
f 2138//2176 704//742 2139//2177 3101//3139
f 3101//3139 2139//2177 699//737 2128//2166
f 2137//2175 3101//3139 2128//2166 698//736
f 704//742 2140//2178 3102//3140 2139//2177
f 2140//2178 705//743 2141//2179 3102//3140
f 3102//3140 2141//2179 700//738 2130//2168
f 2139//2177 3102//3140 2130//2168 699//737
f 705//743 2142//2180 3103//3141 2141//2179
f 2142//2180 601//639 1933//1971 3103//3141
f 3103//3141 1933//1971 596//634 2132//2170
f 2141//2179 3103//3141 2132//2170 700//738
f 706//744 2144//2182 3104//3142 2143//2181
f 2144//2182 707//745 2145//2183 3104//3142
f 3104//3142 2145//2183 702//740 2134//2172
f 2143//2181 3104//3142 2134//2172 701//739
f 707//745 2146//2184 3105//3143 2145//2183
f 2146//2184 708//746 2147//2185 3105//3143
f 3105//3143 2147//2185 703//741 2136//2174
f 2145//2183 3105//3143 2136//2174 702//740
f 708//746 2148//2186 3106//3144 2147//2185
f 2148//2186 709//747 2149//2187 3106//3144
f 3106//3144 2149//2187 704//742 2138//2176
f 2147//2185 3106//3144 2138//2176 703//741
f 709//747 2150//2188 3107//3145 2149//2187
f 2150//2188 710//748 2151//2189 3107//3145
f 3107//3145 2151//2189 705//743 2140//2178
f 2149//2187 3107//3145 2140//2178 704//742
f 710//748 2152//2190 3108//3146 2151//2189
f 2152//2190 606//644 1943//1981 3108//3146
f 3108//3146 1943//1981 601//639 2142//2180
f 2151//2189 3108//3146 2142//2180 705//743
f 711//749 2154//2192 3109//3147 2153//2191
f 2154//2192 712//750 2155//2193 3109//3147
f 3109//3147 2155//2193 713//751 2156//2194
f 2153//2191 3109//3147 2156//2194 714//752
f 712//750 2157//2195 3110//3148 2155//2193
f 2157//2195 715//753 2158//2196 3110//3148
f 3110//3148 2158//2196 716//754 2159//2197
f 2155//2193 3110//3148 2159//2197 713//751
f 715//753 2160//2198 3111//3149 2158//2196
f 2160//2198 717//755 2161//2199 3111//3149
f 3111//3149 2161//2199 718//756 2162//2200
f 2158//2196 3111//3149 2162//2200 716//754
f 717//755 2163//2201 3112//3150 2161//2199
f 2163//2201 719//757 2164//2202 3112//3150
f 3112//3150 2164//2202 720//758 2165//2203
f 2161//2199 3112//3150 2165//2203 718//756
f 719//757 2166//2204 3113//3151 2164//2202
f 2166//2204 611//649 1953//1991 3113//3151
f 3113//3151 1953//1991 614//652 2167//2205
f 2164//2202 3113//3151 2167//2205 720//758
f 721//759 2169//2207 3114//3152 2168//2206
f 2169//2207 722//760 2170//2208 3114//3152
f 3114//3152 2170//2208 712//750 2154//2192
f 2168//2206 3114//3152 2154//2192 711//749
f 722//760 2171//2209 3115//3153 2170//2208
f 2171//2209 723//761 2172//2210 3115//3153
f 3115//3153 2172//2210 715//753 2157//2195
f 2170//2208 3115//3153 2157//2195 712//750
f 723//761 2173//2211 3116//3154 2172//2210
f 2173//2211 724//762 2174//2212 3116//3154
f 3116//3154 2174//2212 717//755 2160//2198
f 2172//2210 3116//3154 2160//2198 715//753
f 724//762 2175//2213 3117//3155 2174//2212
f 2175//2213 725//763 2176//2214 3117//3155
f 3117//3155 2176//2214 719//757 2163//2201
f 2174//2212 3117//3155 2163//2201 717//755
f 725//763 2177//2215 3118//3156 2176//2214
f 2177//2215 621//659 1968//2006 3118//3156
f 3118//3156 1968//2006 611//649 2166//2204
f 2176//2214 3118//3156 2166//2204 719//757
f 726//764 2179//2217 3119//3157 2178//2216
f 2179//2217 727//765 2180//2218 3119//3157
f 3119//3157 2180//2218 722//760 2169//2207
f 2178//2216 3119//3157 2169//2207 721//759
f 727//765 2181//2219 3120//3158 2180//2218
f 2181//2219 728//766 2182//2220 3120//3158
f 3120//3158 2182//2220 723//761 2171//2209
f 2180//2218 3120//3158 2171//2209 722//760
f 728//766 2183//2221 3121//3159 2182//2220
f 2183//2221 729//767 2184//2222 3121//3159
f 3121//3159 2184//2222 724//762 2173//2211
f 2182//2220 3121//3159 2173//2211 723//761
f 729//767 2185//2223 3122//3160 2184//2222
f 2185//2223 730//768 2186//2224 3122//3160
f 3122//3160 2186//2224 725//763 2175//2213
f 2184//2222 3122//3160 2175//2213 724//762
f 730//768 2187//2225 3123//3161 2186//2224
f 2187//2225 626//664 1978//2016 3123//3161
f 3123//3161 1978//2016 621//659 2177//2215
f 2186//2224 3123//3161 2177//2215 725//763
f 731//769 2189//2227 3124//3162 2188//2226
f 2189//2227 732//770 2190//2228 3124//3162
f 3124//3162 2190//2228 727//765 2179//2217
f 2188//2226 3124//3162 2179//2217 726//764
f 732//770 2191//2229 3125//3163 2190//2228
f 2191//2229 733//771 2192//2230 3125//3163
f 3125//3163 2192//2230 728//766 2181//2219
f 2190//2228 3125//3163 2181//2219 727//765
f 733//771 2193//2231 3126//3164 2192//2230
f 2193//2231 734//772 2194//2232 3126//3164
f 3126//3164 2194//2232 729//767 2183//2221
f 2192//2230 3126//3164 2183//2221 728//766
f 734//772 2195//2233 3127//3165 2194//2232
f 2195//2233 735//773 2196//2234 3127//3165
f 3127//3165 2196//2234 730//768 2185//2223
f 2194//2232 3127//3165 2185//2223 729//767
f 735//773 2197//2235 3128//3166 2196//2234
f 2197//2235 631//669 1988//2026 3128//3166
f 3128//3166 1988//2026 626//664 2187//2225
f 2196//2234 3128//3166 2187//2225 730//768
f 684//722 2101//2139 3129//3167 2198//2236
f 2101//2139 683//721 2199//2237 3129//3167
f 3129//3167 2199//2237 732//770 2189//2227
f 2198//2236 3129//3167 2189//2227 731//769
f 683//721 2104//2142 3130//3168 2199//2237
f 2104//2142 686//724 2200//2238 3130//3168
f 3130//3168 2200//2238 733//771 2191//2229
f 2199//2237 3130//3168 2191//2229 732//770
f 686//724 2107//2145 3131//3169 2200//2238
f 2107//2145 688//726 2201//2239 3131//3169
f 3131//3169 2201//2239 734//772 2193//2231
f 2200//2238 3131//3169 2193//2231 733//771
f 688//726 2110//2148 3132//3170 2201//2239
f 2110//2148 690//728 2202//2240 3132//3170
f 3132//3170 2202//2240 735//773 2195//2233
f 2201//2239 3132//3170 2195//2233 734//772
f 690//728 2112//2150 3133//3171 2202//2240
f 2112//2150 583//621 1998//2036 3133//3171
f 3133//3171 1998//2036 631//669 2197//2235
f 2202//2240 3133//3171 2197//2235 735//773
f 736//774 2204//2242 3134//3172 2203//2241
f 2204//2242 737//775 2205//2243 3134//3172
f 3134//3172 2205//2243 738//776 2206//2244
f 2203//2241 3134//3172 2206//2244 739//777
f 737//775 2207//2245 3135//3173 2205//2243
f 2207//2245 740//778 2208//2246 3135//3173
f 3135//3173 2208//2246 741//779 2209//2247
f 2205//2243 3135//3173 2209//2247 738//776
f 740//778 2210//2248 3136//3174 2208//2246
f 2210//2248 742//780 2211//2249 3136//3174
f 3136//3174 2211//2249 743//781 2212//2250
f 2208//2246 3136//3174 2212//2250 741//779
f 742//780 2213//2251 3137//3175 2211//2249
f 2213//2251 744//782 2214//2252 3137//3175
f 3137//3175 2214//2252 745//783 2215//2253
f 2211//2249 3137//3175 2215//2253 743//781
f 744//782 2216//2254 3138//3176 2214//2252
f 2216//2254 636//674 2003//2041 3138//3176
f 3138//3176 2003//2041 639//677 2217//2255
f 2214//2252 3138//3176 2217//2255 745//783
f 746//784 2219//2257 3139//3177 2218//2256
f 2219//2257 747//785 2220//2258 3139//3177
f 3139//3177 2220//2258 737//775 2204//2242
f 2218//2256 3139//3177 2204//2242 736//774
f 747//785 2221//2259 3140//3178 2220//2258
f 2221//2259 748//786 2222//2260 3140//3178
f 3140//3178 2222//2260 740//778 2207//2245
f 2220//2258 3140//3178 2207//2245 737//775
f 748//786 2223//2261 3141//3179 2222//2260
f 2223//2261 749//787 2224//2262 3141//3179
f 3141//3179 2224//2262 742//780 2210//2248
f 2222//2260 3141//3179 2210//2248 740//778
f 749//787 2225//2263 3142//3180 2224//2262
f 2225//2263 750//788 2226//2264 3142//3180
f 3142//3180 2226//2264 744//782 2213//2251
f 2224//2262 3142//3180 2213//2251 742//780
f 750//788 2227//2265 3143//3181 2226//2264
f 2227//2265 646//684 2018//2056 3143//3181
f 3143//3181 2018//2056 636//674 2216//2254
f 2226//2264 3143//3181 2216//2254 744//782
f 751//789 2229//2267 3144//3182 2228//2266
f 2229//2267 752//790 2230//2268 3144//3182
f 3144//3182 2230//2268 747//785 2219//2257
f 2228//2266 3144//3182 2219//2257 746//784
f 752//790 2231//2269 3145//3183 2230//2268
f 2231//2269 753//791 2232//2270 3145//3183
f 3145//3183 2232//2270 748//786 2221//2259
f 2230//2268 3145//3183 2221//2259 747//785
f 753//791 2233//2271 3146//3184 2232//2270
f 2233//2271 754//792 2234//2272 3146//3184
f 3146//3184 2234//2272 749//787 2223//2261
f 2232//2270 3146//3184 2223//2261 748//786
f 754//792 2235//2273 3147//3185 2234//2272
f 2235//2273 755//793 2236//2274 3147//3185
f 3147//3185 2236//2274 750//788 2225//2263
f 2234//2272 3147//3185 2225//2263 749//787
f 755//793 2237//2275 3148//3186 2236//2274
f 2237//2275 651//689 2028//2066 3148//3186
f 3148//3186 2028//2066 646//684 2227//2265
f 2236//2274 3148//3186 2227//2265 750//788
f 756//794 2239//2277 3149//3187 2238//2276
f 2239//2277 757//795 2240//2278 3149//3187
f 3149//3187 2240//2278 752//790 2229//2267
f 2238//2276 3149//3187 2229//2267 751//789
f 757//795 2241//2279 3150//3188 2240//2278
f 2241//2279 758//796 2242//2280 3150//3188
f 3150//3188 2242//2280 753//791 2231//2269
f 2240//2278 3150//3188 2231//2269 752//790
f 758//796 2243//2281 3151//3189 2242//2280
f 2243//2281 759//797 2244//2282 3151//3189
f 3151//3189 2244//2282 754//792 2233//2271
f 2242//2280 3151//3189 2233//2271 753//791
f 759//797 2245//2283 3152//3190 2244//2282
f 2245//2283 760//798 2246//2284 3152//3190
f 3152//3190 2246//2284 755//793 2235//2273
f 2244//2282 3152//3190 2235//2273 754//792
f 760//798 2247//2285 3153//3191 2246//2284
f 2247//2285 656//694 2038//2076 3153//3191
f 3153//3191 2038//2076 651//689 2237//2275
f 2246//2284 3153//3191 2237//2275 755//793
f 714//752 2156//2194 3154//3192 2248//2286
f 2156//2194 713//751 2249//2287 3154//3192
f 3154//3192 2249//2287 757//795 2239//2277
f 2248//2286 3154//3192 2239//2277 756//794
f 713//751 2159//2197 3155//3193 2249//2287
f 2159//2197 716//754 2250//2288 3155//3193
f 3155//3193 2250//2288 758//796 2241//2279
f 2249//2287 3155//3193 2241//2279 757//795
f 716//754 2162//2200 3156//3194 2250//2288
f 2162//2200 718//756 2251//2289 3156//3194
f 3156//3194 2251//2289 759//797 2243//2281
f 2250//2288 3156//3194 2243//2281 758//796
f 718//756 2165//2203 3157//3195 2251//2289
f 2165//2203 720//758 2252//2290 3157//3195
f 3157//3195 2252//2290 760//798 2245//2283
f 2251//2289 3157//3195 2245//2283 759//797
f 720//758 2167//2205 3158//3196 2252//2290
f 2167//2205 614//652 2048//2086 3158//3196
f 3158//3196 2048//2086 656//694 2247//2285
f 2252//2290 3158//3196 2247//2285 760//798
f 761//799 2254//2292 3159//3197 2253//2291
f 2254//2292 762//800 2255//2293 3159//3197
f 3159//3197 2255//2293 707//745 2144//2182
f 2253//2291 3159//3197 2144//2182 706//744
f 762//800 2256//2294 3160//3198 2255//2293
f 2256//2294 763//801 2257//2295 3160//3198
f 3160//3198 2257//2295 708//746 2146//2184
f 2255//2293 3160//3198 2146//2184 707//745
f 763//801 2258//2296 3161//3199 2257//2295
f 2258//2296 764//802 2259//2297 3161//3199
f 3161//3199 2259//2297 709//747 2148//2186
f 2257//2295 3161//3199 2148//2186 708//746
f 764//802 2260//2298 3162//3200 2259//2297
f 2260//2298 765//803 2261//2299 3162//3200
f 3162//3200 2261//2299 710//748 2150//2188
f 2259//2297 3162//3200 2150//2188 709//747
f 765//803 2262//2300 3163//3201 2261//2299
f 2262//2300 661//699 2053//2091 3163//3201
f 3163//3201 2053//2091 606//644 2152//2190
f 2261//2299 3163//3201 2152//2190 710//748
f 766//804 2264//2302 3164//3202 2263//2301
f 2264//2302 767//805 2265//2303 3164//3202
f 3164//3202 2265//2303 762//800 2254//2292
f 2263//2301 3164//3202 2254//2292 761//799
f 767//805 2266//2304 3165//3203 2265//2303
f 2266//2304 768//806 2267//2305 3165//3203
f 3165//3203 2267//2305 763//801 2256//2294
f 2265//2303 3165//3203 2256//2294 762//800
f 768//806 2268//2306 3166//3204 2267//2305
f 2268//2306 769//807 2269//2307 3166//3204
f 3166//3204 2269//2307 764//802 2258//2296
f 2267//2305 3166//3204 2258//2296 763//801
f 769//807 2270//2308 3167//3205 2269//2307
f 2270//2308 770//808 2271//2309 3167//3205
f 3167//3205 2271//2309 765//803 2260//2298
f 2269//2307 3167//3205 2260//2298 764//802
f 770//808 2272//2310 3168//3206 2271//2309
f 2272//2310 666//704 2063//2101 3168//3206
f 3168//3206 2063//2101 661//699 2262//2300
f 2271//2309 3168//3206 2262//2300 765//803
f 771//809 2274//2312 3169//3207 2273//2311
f 2274//2312 772//810 2275//2313 3169//3207
f 3169//3207 2275//2313 767//805 2264//2302
f 2273//2311 3169//3207 2264//2302 766//804
f 772//810 2276//2314 3170//3208 2275//2313
f 2276//2314 773//811 2277//2315 3170//3208
f 3170//3208 2277//2315 768//806 2266//2304
f 2275//2313 3170//3208 2266//2304 767//805
f 773//811 2278//2316 3171//3209 2277//2315
f 2278//2316 774//812 2279//2317 3171//3209
f 3171//3209 2279//2317 769//807 2268//2306
f 2277//2315 3171//3209 2268//2306 768//806
f 774//812 2280//2318 3172//3210 2279//2317
f 2280//2318 775//813 2281//2319 3172//3210
f 3172//3210 2281//2319 770//808 2270//2308
f 2279//2317 3172//3210 2270//2308 769//807
f 775//813 2282//2320 3173//3211 2281//2319
f 2282//2320 671//709 2073//2111 3173//3211
f 3173//3211 2073//2111 666//704 2272//2310
f 2281//2319 3173//3211 2272//2310 770//808
f 776//814 2284//2322 3174//3212 2283//2321
f 2284//2322 777//815 2285//2323 3174//3212
f 3174//3212 2285//2323 772//810 2274//2312
f 2283//2321 3174//3212 2274//2312 771//809
f 777//815 2286//2324 3175//3213 2285//2323
f 2286//2324 778//816 2287//2325 3175//3213
f 3175//3213 2287//2325 773//811 2276//2314
f 2285//2323 3175//3213 2276//2314 772//810
f 778//816 2288//2326 3176//3214 2287//2325
f 2288//2326 779//817 2289//2327 3176//3214
f 3176//3214 2289//2327 774//812 2278//2316
f 2287//2325 3176//3214 2278//2316 773//811
f 779//817 2290//2328 3177//3215 2289//2327
f 2290//2328 780//818 2291//2329 3177//3215
f 3177//3215 2291//2329 775//813 2280//2318
f 2289//2327 3177//3215 2280//2318 774//812
f 780//818 2292//2330 3178//3216 2291//2329
f 2292//2330 676//714 2083//2121 3178//3216
f 3178//3216 2083//2121 671//709 2282//2320
f 2291//2329 3178//3216 2282//2320 775//813
f 739//777 2206//2244 3179//3217 2293//2331
f 2206//2244 738//776 2294//2332 3179//3217
f 3179//3217 2294//2332 777//815 2284//2322
f 2293//2331 3179//3217 2284//2322 776//814
f 738//776 2209//2247 3180//3218 2294//2332
f 2209//2247 741//779 2295//2333 3180//3218
f 3180//3218 2295//2333 778//816 2286//2324
f 2294//2332 3180//3218 2286//2324 777//815
f 741//779 2212//2250 3181//3219 2295//2333
f 2212//2250 743//781 2296//2334 3181//3219
f 3181//3219 2296//2334 779//817 2288//2326
f 2295//2333 3181//3219 2288//2326 778//816
f 743//781 2215//2253 3182//3220 2296//2334
f 2215//2253 745//783 2297//2335 3182//3220
f 3182//3220 2297//2335 780//818 2290//2328
f 2296//2334 3182//3220 2290//2328 779//817
f 745//783 2217//2255 3183//3221 2297//2335
f 2217//2255 639//677 2093//2131 3183//3221
f 3183//3221 2093//2131 676//714 2292//2330
f 2297//2335 3183//3221 2292//2330 780//818
f 356//394 2478//2516 3184//3222 1473//1511
f 2478//2516 781//819 2298//2336 3184//3222
f 3184//3222 2298//2336 782//820 2299//2337
f 1473//1511 3184//3222 2299//2337 320//358
f 781//819 2300//2338 3185//3223 2298//2336
f 2300//2338 783//821 2301//2339 3185//3223
f 3185//3223 2301//2339 784//822 2302//2340
f 2298//2336 3185//3223 2302//2340 782//820
f 783//821 2303//2341 3186//3224 2301//2339
f 2303//2341 785//823 2304//2342 3186//3224
f 3186//3224 2304//2342 786//824 2305//2343
f 2301//2339 3186//3224 2305//2343 784//822
f 785//823 2306//2344 3187//3225 2304//2342
f 2306//2344 787//825 2307//2345 3187//3225
f 3187//3225 2307//2345 788//826 2308//2346
f 2304//2342 3187//3225 2308//2346 786//824
f 787//825 2309//2347 3188//3226 2307//2345
f 789//827 2310//2348 3188//3226 2309//2347
f 788//826 2307//2345 3188//3226 2310//2348
f 351//389 2311//2349 3189//3227 1463//1501
f 2311//2349 790//828 2312//2350 3189//3227
f 3189//3227 2312//2350 781//819 2478//2516
f 1463//1501 3189//3227 2478//2516 356//394
f 790//828 2313//2351 3190//3228 2312//2350
f 2313//2351 791//829 2314//2352 3190//3228
f 3190//3228 2314//2352 783//821 2300//2338
f 2312//2350 3190//3228 2300//2338 781//819
f 791//829 2315//2353 3191//3229 2314//2352
f 2315//2353 792//830 2316//2354 3191//3229
f 3191//3229 2316//2354 785//823 2303//2341
f 2314//2352 3191//3229 2303//2341 783//821
f 792//830 2317//2355 3192//3230 2316//2354
f 2317//2355 793//831 2318//2356 3192//3230
f 3192//3230 2318//2356 787//825 2306//2344
f 2316//2354 3192//3230 2306//2344 785//823
f 793//831 2319//2357 3193//3231 2318//2356
f 789//827 2309//2347 3193//3231 2319//2357
f 787//825 2318//2356 3193//3231 2309//2347
f 346//384 2320//2358 3194//3232 1453//1491
f 2320//2358 794//832 2321//2359 3194//3232
f 3194//3232 2321//2359 790//828 2311//2349
f 1453//1491 3194//3232 2311//2349 351//389
f 794//832 2322//2360 3195//3233 2321//2359
f 2322//2360 795//833 2323//2361 3195//3233
f 3195//3233 2323//2361 791//829 2313//2351
f 2321//2359 3195//3233 2313//2351 790//828
f 795//833 2324//2362 3196//3234 2323//2361
f 2324//2362 796//834 2325//2363 3196//3234
f 3196//3234 2325//2363 792//830 2315//2353
f 2323//2361 3196//3234 2315//2353 791//829
f 796//834 2326//2364 3197//3235 2325//2363
f 2326//2364 797//835 2327//2365 3197//3235
f 3197//3235 2327//2365 793//831 2317//2355
f 2325//2363 3197//3235 2317//2355 792//830
f 797//835 2328//2366 3198//3236 2327//2365
f 789//827 2319//2357 3198//3236 2328//2366
f 793//831 2327//2365 3198//3236 2319//2357
f 341//379 2479//2517 3199//3237 1443//1481
f 2479//2517 798//836 2329//2367 3199//3237
f 3199//3237 2329//2367 794//832 2320//2358
f 1443//1481 3199//3237 2320//2358 346//384
f 798//836 2330//2368 3200//3238 2329//2367
f 2330//2368 799//837 2331//2369 3200//3238
f 3200//3238 2331//2369 795//833 2322//2360
f 2329//2367 3200//3238 2322//2360 794//832
f 799//837 2332//2370 3201//3239 2331//2369
f 2332//2370 800//838 2333//2371 3201//3239
f 3201//3239 2333//2371 796//834 2324//2362
f 2331//2369 3201//3239 2324//2362 795//833
f 800//838 2334//2372 3202//3240 2333//2371
f 2334//2372 801//839 2335//2373 3202//3240
f 3202//3240 2335//2373 797//835 2326//2364
f 2333//2371 3202//3240 2326//2364 796//834
f 801//839 2336//2374 3203//3241 2335//2373
f 789//827 2328//2366 3203//3241 2336//2374
f 797//835 2335//2373 3203//3241 2328//2366
f 287//325 2337//2375 3204//3242 1433//1471
f 2337//2375 802//840 2338//2376 3204//3242
f 3204//3242 2338//2376 798//836 2479//2517
f 1433//1471 3204//3242 2479//2517 341//379
f 802//840 2339//2377 3205//3243 2338//2376
f 2339//2377 803//841 2340//2378 3205//3243
f 3205//3243 2340//2378 799//837 2330//2368
f 2338//2376 3205//3243 2330//2368 798//836
f 803//841 2341//2379 3206//3244 2340//2378
f 2341//2379 804//842 2342//2380 3206//3244
f 3206//3244 2342//2380 800//838 2332//2370
f 2340//2378 3206//3244 2332//2370 799//837
f 804//842 2343//2381 3207//3245 2342//2380
f 2343//2381 805//843 2344//2382 3207//3245
f 3207//3245 2344//2382 801//839 2334//2372
f 2342//2380 3207//3245 2334//2372 800//838
f 805//843 2345//2383 3208//3246 2344//2382
f 789//827 2336//2374 3208//3246 2345//2383
f 801//839 2344//2382 3208//3246 2336//2374
f 806//844 2347//2385 3209//3247 2346//2384
f 2347//2385 807//845 2348//2386 3209//3247
f 3209//3247 2348//2386 808//846 2349//2387
f 2346//2384 3209//3247 2349//2387 295//333
f 807//845 2350//2388 3210//3248 2348//2386
f 2350//2388 809//847 2351//2389 3210//3248
f 3210//3248 2351//2389 810//848 2352//2390
f 2348//2386 3210//3248 2352//2390 808//846
f 809//847 2353//2391 3211//3249 2351//2389
f 2353//2391 811//849 2354//2392 3211//3249
f 3211//3249 2354//2392 812//850 2355//2393
f 2351//2389 3211//3249 2355//2393 810//848
f 811//849 2356//2394 3212//3250 2354//2392
f 2356//2394 813//851 2357//2395 3212//3250
f 3212//3250 2357//2395 814//852 2358//2396
f 2354//2392 3212//3250 2358//2396 812//850
f 813//851 2359//2397 3213//3251 2357//2395
f 789//827 2360//2398 3213//3251 2359//2397
f 814//852 2357//2395 3213//3251 2360//2398
f 332//370 2362//2400 3214//3252 2361//2399
f 2362//2400 815//853 2363//2401 3214//3252
f 3214//3252 2363//2401 807//845 2347//2385
f 2361//2399 3214//3252 2347//2385 806//844
f 815//853 2364//2402 3215//3253 2363//2401
f 2364//2402 816//854 2365//2403 3215//3253
f 3215//3253 2365//2403 809//847 2350//2388
f 2363//2401 3215//3253 2350//2388 807//845
f 816//854 2366//2404 3216//3254 2365//2403
f 2366//2404 817//855 2367//2405 3216//3254
f 3216//3254 2367//2405 811//849 2353//2391
f 2365//2403 3216//3254 2353//2391 809//847
f 817//855 2368//2406 3217//3255 2367//2405
f 2368//2406 818//856 2369//2407 3217//3255
f 3217//3255 2369//2407 813//851 2356//2394
f 2367//2405 3217//3255 2356//2394 811//849
f 818//856 2370//2408 3218//3256 2369//2407
f 789//827 2359//2397 3218//3256 2370//2408
f 813//851 2369//2407 3218//3256 2359//2397
f 327//365 2371//2409 3219//3257 1411//1449
f 2371//2409 819//857 2372//2410 3219//3257
f 3219//3257 2372//2410 815//853 2362//2400
f 1411//1449 3219//3257 2362//2400 332//370
f 819//857 2373//2411 3220//3258 2372//2410
f 2373//2411 820//858 2374//2412 3220//3258
f 3220//3258 2374//2412 816//854 2364//2402
f 2372//2410 3220//3258 2364//2402 815//853
f 820//858 2375//2413 3221//3259 2374//2412
f 2375//2413 821//859 2376//2414 3221//3259
f 3221//3259 2376//2414 817//855 2366//2404
f 2374//2412 3221//3259 2366//2404 816//854
f 821//859 2377//2415 3222//3260 2376//2414
f 2377//2415 822//860 2378//2416 3222//3260
f 3222//3260 2378//2416 818//856 2368//2406
f 2376//2414 3222//3260 2368//2406 817//855
f 822//860 2379//2417 3223//3261 2378//2416
f 789//827 2370//2408 3223//3261 2379//2417
f 818//856 2378//2416 3223//3261 2370//2408
f 317//355 2480//2518 3224//3262 1401//1439
f 2480//2518 823//861 2380//2418 3224//3262
f 3224//3262 2380//2418 819//857 2371//2409
f 1401//1439 3224//3262 2371//2409 327//365
f 823//861 2381//2419 3225//3263 2380//2418
f 2381//2419 824//862 2382//2420 3225//3263
f 3225//3263 2382//2420 820//858 2373//2411
f 2380//2418 3225//3263 2373//2411 819//857
f 824//862 2383//2421 3226//3264 2382//2420
f 2383//2421 825//863 2384//2422 3226//3264
f 3226//3264 2384//2422 821//859 2375//2413
f 2382//2420 3226//3264 2375//2413 820//858
f 825//863 2385//2423 3227//3265 2384//2422
f 2385//2423 826//864 2386//2424 3227//3265
f 3227//3265 2386//2424 822//860 2377//2415
f 2384//2422 3227//3265 2377//2415 821//859
f 826//864 2387//2425 3228//3266 2386//2424
f 789//827 2379//2417 3228//3266 2387//2425
f 822//860 2386//2424 3228//3266 2379//2417
f 320//358 2299//2337 3229//3267 1386//1424
f 2299//2337 782//820 2388//2426 3229//3267
f 3229//3267 2388//2426 823//861 2480//2518
f 1386//1424 3229//3267 2480//2518 317//355
f 782//820 2302//2340 3230//3268 2388//2426
f 2302//2340 784//822 2389//2427 3230//3268
f 3230//3268 2389//2427 824//862 2381//2419
f 2388//2426 3230//3268 2381//2419 823//861
f 784//822 2305//2343 3231//3269 2389//2427
f 2305//2343 786//824 2390//2428 3231//3269
f 3231//3269 2390//2428 825//863 2383//2421
f 2389//2427 3231//3269 2383//2421 824//862
f 786//824 2308//2346 3232//3270 2390//2428
f 2308//2346 788//826 2391//2429 3232//3270
f 3232//3270 2391//2429 826//864 2385//2423
f 2390//2428 3232//3270 2385//2423 825//863
f 788//826 2310//2348 3233//3271 2391//2429
f 789//827 2387//2425 3233//3271 2310//2348
f 826//864 2391//2429 3233//3271 2387//2425
f 312//350 2481//2519 3234//3272 1381//1419
f 2481//2519 827//865 2392//2430 3234//3272
f 3234//3272 2392//2430 828//866 2393//2431
f 1381//1419 3234//3272 2393//2431 265//303
f 827//865 2394//2432 3235//3273 2392//2430
f 2394//2432 829//867 2395//2433 3235//3273
f 3235//3273 2395//2433 830//868 2396//2434
f 2392//2430 3235//3273 2396//2434 828//866
f 829//867 2397//2435 3236//3274 2395//2433
f 2397//2435 831//869 2398//2436 3236//3274
f 3236//3274 2398//2436 832//870 2399//2437
f 2395//2433 3236//3274 2399//2437 830//868
f 831//869 2400//2438 3237//3275 2398//2436
f 2400//2438 833//871 2401//2439 3237//3275
f 3237//3275 2401//2439 834//872 2402//2440
f 2398//2436 3237//3275 2402//2440 832//870
f 833//871 2403//2441 3238//3276 2401//2439
f 789//827 2404//2442 3238//3276 2403//2441
f 834//872 2401//2439 3238//3276 2404//2442
f 307//345 2405//2443 3239//3277 1371//1409
f 2405//2443 835//873 2406//2444 3239//3277
f 3239//3277 2406//2444 827//865 2481//2519
f 1371//1409 3239//3277 2481//2519 312//350
f 835//873 2407//2445 3240//3278 2406//2444
f 2407//2445 836//874 2408//2446 3240//3278
f 3240//3278 2408//2446 829//867 2394//2432
f 2406//2444 3240//3278 2394//2432 827//865
f 836//874 2409//2447 3241//3279 2408//2446
f 2409//2447 837//875 2410//2448 3241//3279
f 3241//3279 2410//2448 831//869 2397//2435
f 2408//2446 3241//3279 2397//2435 829//867
f 837//875 2411//2449 3242//3280 2410//2448
f 2411//2449 838//876 2412//2450 3242//3280
f 3242//3280 2412//2450 833//871 2400//2438
f 2410//2448 3242//3280 2400//2438 831//869
f 838//876 2413//2451 3243//3281 2412//2450
f 789//827 2403//2441 3243//3281 2413//2451
f 833//871 2412//2450 3243//3281 2403//2441
f 302//340 2414//2452 3244//3282 1361//1399
f 2414//2452 839//877 2415//2453 3244//3282
f 3244//3282 2415//2453 835//873 2405//2443
f 1361//1399 3244//3282 2405//2443 307//345
f 839//877 2416//2454 3245//3283 2415//2453
f 2416//2454 840//878 2417//2455 3245//3283
f 3245//3283 2417//2455 836//874 2407//2445
f 2415//2453 3245//3283 2407//2445 835//873
f 840//878 2418//2456 3246//3284 2417//2455
f 2418//2456 841//879 2419//2457 3246//3284
f 3246//3284 2419//2457 837//875 2409//2447
f 2417//2455 3246//3284 2409//2447 836//874
f 841//879 2420//2458 3247//3285 2419//2457
f 2420//2458 842//880 2421//2459 3247//3285
f 3247//3285 2421//2459 838//876 2411//2449
f 2419//2457 3247//3285 2411//2449 837//875
f 842//880 2422//2460 3248//3286 2421//2459
f 789//827 2413//2451 3248//3286 2422//2460
f 838//876 2421//2459 3248//3286 2413//2451
f 292//330 2482//2520 3249//3287 1351//1389
f 2482//2520 843//881 2423//2461 3249//3287
f 3249//3287 2423//2461 839//877 2414//2452
f 1351//1389 3249//3287 2414//2452 302//340
f 843//881 2424//2462 3250//3288 2423//2461
f 2424//2462 844//882 2425//2463 3250//3288
f 3250//3288 2425//2463 840//878 2416//2454
f 2423//2461 3250//3288 2416//2454 839//877
f 844//882 2426//2464 3251//3289 2425//2463
f 2426//2464 845//883 2427//2465 3251//3289
f 3251//3289 2427//2465 841//879 2418//2456
f 2425//2463 3251//3289 2418//2456 840//878
f 845//883 2428//2466 3252//3290 2427//2465
f 2428//2466 846//884 2429//2467 3252//3290
f 3252//3290 2429//2467 842//880 2420//2458
f 2427//2465 3252//3290 2420//2458 841//879
f 846//884 2430//2468 3253//3291 2429//2467
f 789//827 2422//2460 3253//3291 2430//2468
f 842//880 2429//2467 3253//3291 2422//2460
f 295//333 2349//2387 3254//3292 1336//1374
f 2349//2387 808//846 2431//2469 3254//3292
f 3254//3292 2431//2469 843//881 2482//2520
f 1336//1374 3254//3292 2482//2520 292//330
f 808//846 2352//2390 3255//3293 2431//2469
f 2352//2390 810//848 2432//2470 3255//3293
f 3255//3293 2432//2470 844//882 2424//2462
f 2431//2469 3255//3293 2424//2462 843//881
f 810//848 2355//2393 3256//3294 2432//2470
f 2355//2393 812//850 2433//2471 3256//3294
f 3256//3294 2433//2471 845//883 2426//2464
f 2432//2470 3256//3294 2426//2464 844//882
f 812//850 2358//2396 3257//3295 2433//2471
f 2358//2396 814//852 2434//2472 3257//3295
f 3257//3295 2434//2472 846//884 2428//2466
f 2433//2471 3257//3295 2428//2466 845//883
f 814//852 2360//2398 3258//3296 2434//2472
f 789//827 2430//2468 3258//3296 2360//2398
f 846//884 2434//2472 3258//3296 2430//2468
f 282//320 2483//2521 3259//3297 1326//1364
f 2483//2521 847//885 2435//2473 3259//3297
f 3259//3297 2435//2473 802//840 2337//2375
f 1326//1364 3259//3297 2337//2375 287//325
f 847//885 2436//2474 3260//3298 2435//2473
f 2436//2474 848//886 2437//2475 3260//3298
f 3260//3298 2437//2475 803//841 2339//2377
f 2435//2473 3260//3298 2339//2377 802//840
f 848//886 2438//2476 3261//3299 2437//2475
f 2438//2476 849//887 2439//2477 3261//3299
f 3261//3299 2439//2477 804//842 2341//2379
f 2437//2475 3261//3299 2341//2379 803//841
f 849//887 2440//2478 3262//3300 2439//2477
f 2440//2478 850//888 2441//2479 3262//3300
f 3262//3300 2441//2479 805//843 2343//2381
f 2439//2477 3262//3300 2343//2381 804//842
f 850//888 2442//2480 3263//3301 2441//2479
f 789//827 2345//2383 3263//3301 2442//2480
f 805//843 2441//2479 3263//3301 2345//2383
f 277//315 2443//2481 3264//3302 1316//1354
f 2443//2481 851//889 2444//2482 3264//3302
f 3264//3302 2444//2482 847//885 2483//2521
f 1316//1354 3264//3302 2483//2521 282//320
f 851//889 2445//2483 3265//3303 2444//2482
f 2445//2483 852//890 2446//2484 3265//3303
f 3265//3303 2446//2484 848//886 2436//2474
f 2444//2482 3265//3303 2436//2474 847//885
f 852//890 2447//2485 3266//3304 2446//2484
f 2447//2485 853//891 2448//2486 3266//3304
f 3266//3304 2448//2486 849//887 2438//2476
f 2446//2484 3266//3304 2438//2476 848//886
f 853//891 2449//2487 3267//3305 2448//2486
f 2449//2487 854//892 2450//2488 3267//3305
f 3267//3305 2450//2488 850//888 2440//2478
f 2448//2486 3267//3305 2440//2478 849//887
f 854//892 2451//2489 3268//3306 2450//2488
f 789//827 2442//2480 3268//3306 2451//2489
f 850//888 2450//2488 3268//3306 2442//2480
f 272//310 2452//2490 3269//3307 1306//1344
f 2452//2490 855//893 2453//2491 3269//3307
f 3269//3307 2453//2491 851//889 2443//2481
f 1306//1344 3269//3307 2443//2481 277//315
f 855//893 2454//2492 3270//3308 2453//2491
f 2454//2492 856//894 2455//2493 3270//3308
f 3270//3308 2455//2493 852//890 2445//2483
f 2453//2491 3270//3308 2445//2483 851//889
f 856//894 2456//2494 3271//3309 2455//2493
f 2456//2494 857//895 2457//2495 3271//3309
f 3271//3309 2457//2495 853//891 2447//2485
f 2455//2493 3271//3309 2447//2485 852//890
f 857//895 2458//2496 3272//3310 2457//2495
f 2458//2496 858//896 2459//2497 3272//3310
f 3272//3310 2459//2497 854//892 2449//2487
f 2457//2495 3272//3310 2449//2487 853//891
f 858//896 2460//2498 3273//3311 2459//2497
f 789//827 2451//2489 3273//3311 2460//2498
f 854//892 2459//2497 3273//3311 2451//2489
f 859//897 2462//2500 3274//3312 2461//2499
f 2462//2500 860//898 2463//2501 3274//3312
f 3274//3312 2463//2501 855//893 2452//2490
f 2461//2499 3274//3312 2452//2490 272//310
f 860//898 2464//2502 3275//3313 2463//2501
f 2464//2502 861//899 2465//2503 3275//3313
f 3275//3313 2465//2503 856//894 2454//2492
f 2463//2501 3275//3313 2454//2492 855//893
f 861//899 2466//2504 3276//3314 2465//2503
f 2466//2504 862//900 2467//2505 3276//3314
f 3276//3314 2467//2505 857//895 2456//2494
f 2465//2503 3276//3314 2456//2494 856//894
f 862//900 2468//2506 3277//3315 2467//2505
f 2468//2506 863//901 2469//2507 3277//3315
f 3277//3315 2469//2507 858//896 2458//2496
f 2467//2505 3277//3315 2458//2496 857//895
f 863//901 2470//2508 3278//3316 2469//2507
f 789//827 2460//2498 3278//3316 2470//2508
f 858//896 2469//2507 3278//3316 2460//2498
f 265//303 2393//2431 3279//3317 2471//2509
f 2393//2431 828//866 2472//2510 3279//3317
f 3279//3317 2472//2510 860//898 2462//2500
f 2471//2509 3279//3317 2462//2500 859//897
f 828//866 2396//2434 3280//3318 2472//2510
f 2396//2434 830//868 2473//2511 3280//3318
f 3280//3318 2473//2511 861//899 2464//2502
f 2472//2510 3280//3318 2464//2502 860//898
f 830//868 2399//2437 3281//3319 2473//2511
f 2399//2437 832//870 2474//2512 3281//3319
f 3281//3319 2474//2512 862//900 2466//2504
f 2473//2511 3281//3319 2466//2504 861//899
f 832//870 2402//2440 3282//3320 2474//2512
f 2402//2440 834//872 2475//2513 3282//3320
f 3282//3320 2475//2513 863//901 2468//2506
f 2474//2512 3282//3320 2468//2506 862//900
f 834//872 2404//2442 3283//3321 2475//2513
f 789//827 2470//2508 3283//3321 2404//2442
f 863//901 2475//2513 3283//3321 2470//2508
o Plane
v -18.544209 0.000000 10.000000
v 26.498625 0.000000 10.000000
v -18.544209 0.000000 -34.877304
v 26.498625 0.000000 -34.877304
vn -0.0000 1.0000 -0.0000
s 0
f 3284//3322 3285//3322 3287//3322 3286//3322
